1;arms_factory;2240.00;15.40;283.00;5.62;0
1;industrial_complex;2239.76;15.40;283.96;1.86;0
1;air_base;2239.08;15.46;284.68;1.85;0
1;anti_air_building;2238.14;15.40;284.99;2.16;0
1;synthetic_refinery;2237.17;15.46;284.82;4.89;0
1;fuel_silo;2236.40;15.46;284.20;4.50;0
1;radar_station;2236.02;15.46;283.28;2.09;0
1;rocket_site;2236.13;15.46;282.30;5.00;0
1;nuclear_reactor;2236.69;15.46;281.49;6.00;0
1;bunker;2237.58;15.46;281.04;6.10;0
1;supply_node;2238.57;15.46;281.08;0.31;0
2;arms_factory;2540.00;15.94;172.00;5.94;0
2;industrial_complex;2539.76;15.88;172.96;0.04;0
2;air_base;2539.08;15.88;173.68;4.92;0
2;anti_air_building;2538.14;15.88;173.99;5.97;0
2;synthetic_refinery;2537.17;15.82;173.82;3.93;0
2;fuel_silo;2536.40;15.76;173.20;1.68;0
2;radar_station;2536.02;15.82;172.28;2.55;0
2;rocket_site;2536.13;15.94;171.30;3.82;0
2;nuclear_reactor;2536.69;15.88;170.49;2.59;0
2;bunker;2537.58;15.88;170.04;0.27;0
2;supply_node;2538.57;15.88;170.08;3.48;0
3;arms_factory;2888.00;15.70;750.00;4.67;0
3;industrial_complex;2887.76;15.82;750.96;3.92;0
3;air_base;2887.08;15.70;751.68;1.02;0
3;anti_air_building;2886.14;15.82;751.99;2.65;0
3;synthetic_refinery;2885.17;15.88;751.82;3.73;0
3;fuel_silo;2884.40;15.94;751.20;4.77;0
3;radar_station;2884.02;16.00;750.28;3.19;0
3;rocket_site;2884.13;16.19;749.30;0.24;0
3;nuclear_reactor;2884.69;16.37;748.49;2.19;0
3;bunker;2885.58;16.19;748.04;1.44;0
3;supply_node;2886.57;16.06;748.08;3.08;0
4;arms_factory;2803.00;15.34;263.00;3.03;0
4;industrial_complex;2802.76;15.34;263.96;5.96;0
4;air_base;2802.08;15.27;264.68;1.76;0
4;anti_air_building;2801.14;15.27;264.99;2.58;0
4;synthetic_refinery;2800.17;15.27;264.82;0.05;0
4;fuel_silo;2799.40;15.27;264.20;6.02;0
4;radar_station;2799.02;15.27;263.28;1.97;0
4;rocket_site;2799.13;15.27;262.30;0.62;0
4;nuclear_reactor;2799.69;15.27;261.49;2.98;0
4;bunker;2800.58;15.27;261.04;0.15;0
4;supply_node;2801.57;15.27;261.08;3.34;0
5;arms_factory;2402.00;15.27;840.00;6.15;0
5;industrial_complex;2401.76;15.27;840.96;3.53;0
5;air_base;2401.08;15.27;841.68;4.42;0
5;anti_air_building;2400.14;15.27;841.99;1.53;0
5;synthetic_refinery;2399.17;15.27;841.82;3.30;0
5;fuel_silo;2398.40;15.27;841.20;1.51;0
5;radar_station;2398.02;15.27;840.28;5.46;0
5;rocket_site;2398.13;15.27;839.30;4.48;0
5;nuclear_reactor;2398.69;15.27;838.49;3.53;0
5;bunker;2399.58;15.27;838.04;0.61;0
5;supply_node;2400.57;15.27;838.08;4.43;0
6;arms_factory;2491.00;17.95;438.00;2.13;0
6;industrial_complex;2490.76;17.89;438.96;4.70;0
6;air_base;2490.08;17.83;439.68;5.76;0
6;anti_air_building;2489.14;17.95;439.99;2.45;0
6;synthetic_refinery;2488.17;18.19;439.82;4.13;0
6;fuel_silo;2487.40;17.95;439.20;5.52;0
6;radar_station;2487.02;17.89;438.28;4.43;0
6;rocket_site;2487.13;17.71;437.30;1.52;0
6;nuclear_reactor;2487.69;17.71;436.49;5.00;0
6;bunker;2488.58;17.77;436.04;0.95;0
6;supply_node;2489.57;17.77;436.08;3.85;0
7;arms_factory;2523.00;15.27;956.00;1.73;0
7;industrial_complex;2522.76;15.27;956.96;5.73;0
7;air_base;2522.08;15.27;957.68;0.60;0
7;anti_air_building;2521.14;15.27;957.99;4.00;0
7;synthetic_refinery;2520.17;15.27;957.82;1.63;0
7;fuel_silo;2519.40;15.27;957.20;3.38;0
7;radar_station;2519.02;15.27;956.28;1.58;0
7;rocket_site;2519.13;15.27;955.30;2.84;0
7;nuclear_reactor;2519.69;15.34;954.49;2.10;0
7;bunker;2520.58;15.27;954.04;3.35;0
7;supply_node;2521.57;15.27;954.08;2.89;0
8;arms_factory;2620.00;15.27;735.00;1.07;0
8;industrial_complex;2619.76;15.27;735.96;5.54;0
8;air_base;2619.08;15.27;736.68;2.55;0
8;anti_air_building;2618.14;15.27;736.99;2.96;0
8;synthetic_refinery;2617.17;15.27;736.82;1.01;0
8;fuel_silo;2616.40;15.27;736.20;2.32;0
8;radar_station;2616.02;15.27;735.28;4.18;0
8;rocket_site;2616.13;15.27;734.30;2.25;0
8;nuclear_reactor;2616.69;15.27;733.49;2.26;0
8;bunker;2617.58;15.27;733.04;4.19;0
8;supply_node;2618.57;15.27;733.08;5.65;0
9;arms_factory;2738.00;15.40;926.00;1.34;0
9;industrial_complex;2737.76;15.40;926.96;3.30;0
9;air_base;2737.08;15.40;927.68;5.41;0
9;anti_air_building;2736.14;15.46;927.99;2.82;0
9;synthetic_refinery;2735.17;15.46;927.82;5.70;0
9;fuel_silo;2734.40;15.46;927.20;0.85;0
9;radar_station;2734.02;15.46;926.28;4.23;0
9;rocket_site;2734.13;15.46;925.30;4.21;0
9;nuclear_reactor;2734.69;15.46;924.49;4.63;0
9;bunker;2735.58;15.46;924.04;3.41;0
9;supply_node;2736.57;15.40;924.08;5.89;0
10;arms_factory;2653.00;15.27;406.00;1.40;0
10;industrial_complex;2652.76;15.27;406.96;0.73;0
10;air_base;2652.08;15.27;407.68;1.34;0
10;anti_air_building;2651.14;15.27;407.99;6.25;0
10;synthetic_refinery;2650.17;15.27;407.82;5.32;0
10;fuel_silo;2649.40;15.27;407.20;5.19;0
10;radar_station;2649.02;15.27;406.28;3.71;0
10;rocket_site;2649.13;15.27;405.30;6.06;0
10;nuclear_reactor;2649.69;15.27;404.49;5.00;0
10;bunker;2650.58;15.27;404.04;0.50;0
10;supply_node;2651.57;15.27;404.08;5.36;0
11;arms_factory;2784.00;15.76;598.00;2.25;0
11;industrial_complex;2783.76;15.76;598.96;1.88;0
11;air_base;2783.08;15.76;599.68;4.52;0
11;anti_air_building;2782.14;15.76;599.99;4.84;0
11;synthetic_refinery;2781.17;15.70;599.82;0.23;0
11;fuel_silo;2780.40;15.70;599.20;0.88;0
11;radar_station;2780.02;15.76;598.28;5.09;0
11;rocket_site;2780.13;15.76;597.30;0.35;0
11;nuclear_reactor;2780.69;15.76;596.49;4.79;0
11;bunker;2781.58;15.76;596.04;3.53;0
11;supply_node;2782.57;15.76;596.08;3.43;0
12;arms_factory;2339.00;16.49;194.00;0.24;0
12;industrial_complex;2338.76;16.55;194.96;3.16;0
12;air_base;2338.08;16.61;195.68;1.99;0
12;anti_air_building;2337.14;16.55;195.99;0.24;0
12;synthetic_refinery;2336.17;16.61;195.82;1.49;0
12;fuel_silo;2335.40;16.49;195.20;1.98;0
12;radar_station;2335.02;16.37;194.28;2.56;0
12;rocket_site;2335.13;16.37;193.30;4.92;0
12;nuclear_reactor;2335.69;16.37;192.49;1.54;0
12;bunker;2336.58;16.43;192.04;1.20;0
12;supply_node;2337.57;16.55;192.08;5.26;0
13;arms_factory;2647.00;15.46;172.00;0.08;0
13;industrial_complex;2646.76;15.52;172.96;1.66;0
13;air_base;2646.08;15.52;173.68;2.88;0
13;anti_air_building;2645.14;15.52;173.99;3.42;0
13;synthetic_refinery;2644.17;15.52;173.82;2.37;0
13;fuel_silo;2643.40;15.52;173.20;3.78;0
13;radar_station;2643.02;15.46;172.28;4.69;0
13;rocket_site;2643.13;15.52;171.30;5.38;0
13;nuclear_reactor;2643.69;15.46;170.49;1.62;0
13;bunker;2644.58;15.52;170.04;2.96;0
13;supply_node;2645.57;15.46;170.08;0.61;0
14;arms_factory;2379.00;15.94;517.00;2.38;0
14;industrial_complex;2378.76;15.94;517.96;0.53;0
14;air_base;2378.08;15.88;518.68;2.19;0
14;anti_air_building;2377.14;15.88;518.99;3.47;0
14;synthetic_refinery;2376.17;15.82;518.82;3.24;0
14;fuel_silo;2375.40;15.82;518.20;0.12;0
14;radar_station;2375.02;15.82;517.28;2.99;0
14;rocket_site;2375.13;15.82;516.30;3.32;0
14;nuclear_reactor;2375.69;15.88;515.49;0.94;0
14;bunker;2376.58;15.88;515.04;3.46;0
14;supply_node;2377.57;15.88;515.08;1.22;0
15;arms_factory;2371.00;15.88;274.00;0.89;0
15;industrial_complex;2370.76;15.88;274.96;2.74;0
15;air_base;2370.08;15.82;275.68;1.50;0
15;anti_air_building;2369.14;15.82;275.99;0.03;0
15;synthetic_refinery;2368.17;15.82;275.82;4.46;0
15;fuel_silo;2367.40;15.88;275.20;2.60;0
15;radar_station;2367.02;15.94;274.28;3.27;0
15;rocket_site;2367.13;15.88;273.30;0.93;0
15;nuclear_reactor;2367.69;16.00;272.49;2.12;0
15;bunker;2368.58;15.94;272.04;4.88;0
15;supply_node;2369.57;15.88;272.08;0.38;0
16;arms_factory;2927.00;15.27;643.00;1.84;0
16;industrial_complex;2926.76;15.27;643.96;5.82;0
16;air_base;2926.08;15.27;644.68;0.67;0
16;anti_air_building;2925.14;15.27;644.99;2.18;0
16;synthetic_refinery;2924.17;15.27;644.82;4.90;0
16;fuel_silo;2923.40;15.27;644.20;5.86;0
16;radar_station;2923.02;15.27;643.28;1.20;0
16;rocket_site;2923.13;15.27;642.30;4.23;0
16;nuclear_reactor;2923.69;15.27;641.49;5.16;0
16;bunker;2924.58;15.27;641.04;5.55;0
16;supply_node;2925.57;15.27;641.08;1.59;0
17;arms_factory;2572.00;15.27;1068.00;0.59;0
17;industrial_complex;2571.76;15.27;1068.96;5.92;0
17;air_base;2571.08;15.27;1069.68;0.99;0
17;anti_air_building;2570.14;15.27;1069.99;5.28;0
17;synthetic_refinery;2569.17;15.27;1069.82;5.35;0
17;fuel_silo;2568.40;15.27;1069.20;2.45;0
17;radar_station;2568.02;15.27;1068.28;3.34;0
17;rocket_site;2568.13;15.27;1067.30;5.72;0
17;nuclear_reactor;2568.69;15.27;1066.49;4.17;0
17;bunker;2569.58;15.27;1066.04;2.69;0
17;supply_node;2570.57;15.27;1066.08;0.48;0
18;arms_factory;2524.00;15.40;835.00;0.56;0
18;industrial_complex;2523.76;15.34;835.96;4.58;0
18;air_base;2523.08;15.40;836.68;4.88;0
18;anti_air_building;2522.14;15.40;836.99;4.47;0
18;synthetic_refinery;2521.17;15.40;836.82;4.87;0
18;fuel_silo;2520.40;15.40;836.20;3.21;0
18;radar_station;2520.02;15.34;835.28;2.79;0
18;rocket_site;2520.13;15.34;834.30;3.37;0
18;nuclear_reactor;2520.69;15.27;833.49;0.91;0
18;bunker;2521.58;15.27;833.04;4.30;0
18;supply_node;2522.57;15.27;833.08;1.52;0
19;arms_factory;2366.00;15.27;1046.00;5.26;0
19;industrial_complex;2365.76;15.27;1046.96;2.68;0
19;air_base;2365.08;15.27;1047.68;5.59;0
19;anti_air_building;2364.14;15.27;1047.99;4.85;0
19;synthetic_refinery;2363.17;15.27;1047.82;0.92;0
19;fuel_silo;2362.40;15.27;1047.20;2.24;0
19;radar_station;2362.02;15.27;1046.28;2.68;0
19;rocket_site;2362.13;15.27;1045.30;1.53;0
19;nuclear_reactor;2362.69;15.27;1044.49;4.79;0
19;bunker;2363.58;15.27;1044.04;3.29;0
19;supply_node;2364.57;15.27;1044.08;6.00;0
20;arms_factory;2507.00;15.27;742.00;1.89;0
20;industrial_complex;2506.76;15.27;742.96;3.98;0
20;air_base;2506.08;15.27;743.68;2.46;0
20;anti_air_building;2505.14;15.27;743.99;3.65;0
20;synthetic_refinery;2504.17;15.27;743.82;4.82;0
20;fuel_silo;2503.40;15.27;743.20;1.81;0
20;radar_station;2503.02;15.27;742.28;4.79;0
20;rocket_site;2503.13;15.27;741.30;4.36;0
20;nuclear_reactor;2503.69;15.27;740.49;5.77;0
20;bunker;2504.58;15.27;740.04;1.82;0
20;supply_node;2505.57;15.27;740.08;5.71;0
21;arms_factory;2438.00;15.34;1166.00;2.05;0
21;industrial_complex;2437.76;15.27;1166.96;4.16;0
21;air_base;2437.08;15.27;1167.68;5.82;0
21;anti_air_building;2436.14;15.27;1167.99;5.89;0
21;synthetic_refinery;2435.17;15.27;1167.82;3.47;0
21;fuel_silo;2434.40;15.27;1167.20;3.66;0
21;radar_station;2434.02;15.27;1166.28;3.40;0
21;rocket_site;2434.13;15.27;1165.30;1.04;0
21;nuclear_reactor;2434.69;15.27;1164.49;2.92;0
21;bunker;2435.58;15.27;1164.04;2.50;0
21;supply_node;2436.57;15.27;1164.08;5.94;0
22;arms_factory;2728.00;15.40;541.00;0.35;0
22;industrial_complex;2727.76;15.40;541.96;2.45;0
22;air_base;2727.08;15.40;542.68;2.34;0
22;anti_air_building;2726.14;15.40;542.99;6.04;0
22;synthetic_refinery;2725.17;15.40;542.82;0.18;0
22;fuel_silo;2724.40;15.40;542.20;2.25;0
22;radar_station;2724.02;15.40;541.28;2.60;0
22;rocket_site;2724.13;15.40;540.30;1.43;0
22;nuclear_reactor;2724.69;15.40;539.49;5.27;0
22;bunker;2725.58;15.40;539.04;3.64;0
22;supply_node;2726.57;15.40;539.08;4.25;0
23;arms_factory;2353.00;15.70;916.00;2.45;0
23;industrial_complex;2352.76;15.70;916.96;0.94;0
23;air_base;2352.08;15.76;917.68;2.49;0
23;anti_air_building;2351.14;15.70;917.99;1.71;0
23;synthetic_refinery;2350.17;15.70;917.82;5.55;0
23;fuel_silo;2349.40;15.70;917.20;2.11;0
23;radar_station;2349.02;15.70;916.28;0.12;0
23;rocket_site;2349.13;15.70;915.30;0.41;0
23;nuclear_reactor;2349.69;15.64;914.49;6.10;0
23;bunker;2350.58;15.64;914.04;1.05;0
23;supply_node;2351.57;15.64;914.08;3.53;0
24;arms_factory;2479.00;15.34;273.00;3.35;0
24;industrial_complex;2478.76;15.34;273.96;5.94;0
24;air_base;2478.08;15.34;274.68;2.13;0
24;anti_air_building;2477.14;15.34;274.99;4.45;0
24;synthetic_refinery;2476.17;15.34;274.82;1.42;0
24;fuel_silo;2475.40;15.34;274.20;4.03;0
24;radar_station;2475.02;15.34;273.28;1.13;0
24;rocket_site;2475.13;15.34;272.30;5.31;0
24;nuclear_reactor;2475.69;15.40;271.49;4.55;0
24;bunker;2476.58;15.40;271.04;2.60;0
24;supply_node;2477.57;15.34;271.08;5.12;0
25;arms_factory;2324.00;15.34;651.00;0.10;0
25;industrial_complex;2323.76;15.34;651.96;1.92;0
25;air_base;2323.08;15.34;652.68;5.96;0
25;anti_air_building;2322.14;15.34;652.99;4.55;0
25;synthetic_refinery;2321.17;15.34;652.82;4.81;0
25;fuel_silo;2320.40;15.34;652.20;4.21;0
25;radar_station;2320.02;15.34;651.28;0.21;0
25;rocket_site;2320.13;15.34;650.30;2.00;0
25;nuclear_reactor;2320.69;15.40;649.49;3.93;0
25;bunker;2321.58;15.34;649.04;0.52;0
25;supply_node;2322.57;15.34;649.08;2.04;0
26;arms_factory;2796.00;15.34;454.00;1.42;0
26;industrial_complex;2795.76;15.34;454.96;2.74;0
26;air_base;2795.08;15.34;455.68;0.59;0
26;anti_air_building;2794.14;15.34;455.99;4.72;0
26;synthetic_refinery;2793.17;15.34;455.82;4.33;0
26;fuel_silo;2792.40;15.34;455.20;5.78;0
26;radar_station;2792.02;15.34;454.28;3.81;0
26;rocket_site;2792.13;15.34;453.30;1.88;0
26;nuclear_reactor;2792.69;15.34;452.49;2.23;0
26;bunker;2793.58;15.34;452.04;1.92;0
26;supply_node;2794.57;15.40;452.08;3.35;0
27;arms_factory;2274.00;15.58;306.00;4.25;0
27;industrial_complex;2273.76;15.58;306.96;5.20;0
27;air_base;2273.08;15.52;307.68;1.99;0
27;anti_air_building;2272.14;15.58;307.99;4.25;0
27;synthetic_refinery;2271.17;15.52;307.82;1.71;0
27;fuel_silo;2270.40;15.58;307.20;4.49;0
27;radar_station;2270.02;15.58;306.28;2.05;0
27;rocket_site;2270.13;15.58;305.30;1.65;0
27;nuclear_reactor;2270.69;15.58;304.49;2.62;0
27;bunker;2271.58;15.58;304.04;2.60;0
27;supply_node;2272.57;15.58;304.08;4.48;0
28;arms_factory;2762.00;15.40;127.00;5.95;0
28;industrial_complex;2761.76;15.40;127.96;2.02;0
28;air_base;2761.08;15.40;128.68;5.22;0
28;anti_air_building;2760.14;15.40;128.99;4.84;0
28;synthetic_refinery;2759.17;15.40;128.82;5.72;0
28;fuel_silo;2758.40;15.40;128.20;4.81;0
28;radar_station;2758.02;15.40;127.28;0.62;0
28;rocket_site;2758.13;15.40;126.30;2.06;0
28;nuclear_reactor;2758.69;15.40;125.49;5.72;0
28;bunker;2759.58;15.40;125.04;5.99;0
28;supply_node;2760.57;15.46;125.08;4.95;0
29;arms_factory;2284.00;15.70;558.00;2.37;0
29;industrial_complex;2283.76;15.64;558.96;1.29;0
29;air_base;2283.08;15.70;559.68;3.12;0
29;anti_air_building;2282.14;15.70;559.99;1.34;0
29;synthetic_refinery;2281.17;15.64;559.82;5.86;0
29;fuel_silo;2280.40;15.58;559.20;2.56;0
29;radar_station;2280.02;15.64;558.28;6.19;0
29;rocket_site;2280.13;15.64;557.30;3.31;0
29;nuclear_reactor;2280.69;15.70;556.49;1.11;0
29;bunker;2281.58;15.70;556.04;0.49;0
29;supply_node;2282.57;15.70;556.08;4.68;0
30;arms_factory;2660.00;15.27;585.00;1.54;0
30;industrial_complex;2659.76;15.27;585.96;1.46;0
30;air_base;2659.08;15.27;586.68;2.66;0
30;anti_air_building;2658.14;15.27;586.99;0.06;0
30;synthetic_refinery;2657.17;15.27;586.82;2.55;0
30;fuel_silo;2656.40;15.27;586.20;5.87;0
30;radar_station;2656.02;15.27;585.28;2.55;0
30;rocket_site;2656.13;15.27;584.30;3.77;0
30;nuclear_reactor;2656.69;15.27;583.49;3.22;0
30;bunker;2657.58;15.27;583.04;4.45;0
30;supply_node;2658.57;15.27;583.08;3.59;0
31;arms_factory;2200.00;16.25;157.00;2.37;0
31;industrial_complex;2199.76;16.19;157.96;0.28;0
31;air_base;2199.08;16.06;158.68;5.61;0
31;anti_air_building;2198.14;16.25;158.99;4.49;0
31;synthetic_refinery;2197.17;16.31;158.82;5.90;0
31;fuel_silo;2196.40;16.43;158.20;4.20;0
31;radar_station;2196.02;16.49;157.28;0.95;0
31;rocket_site;2196.13;16.61;156.30;1.99;0
31;nuclear_reactor;2196.69;16.73;155.49;5.10;0
31;bunker;2197.58;16.61;155.04;3.96;0
31;supply_node;2198.57;16.37;155.08;5.19;0
32;arms_factory;2479.00;15.27;1104.00;6.04;0
32;industrial_complex;2478.76;15.27;1104.96;4.09;0
32;air_base;2478.08;15.27;1105.68;0.66;0
32;anti_air_building;2477.14;15.27;1105.99;3.66;0
32;synthetic_refinery;2476.17;15.27;1105.82;5.35;0
32;fuel_silo;2475.40;15.27;1105.20;6.14;0
32;radar_station;2475.02;15.27;1104.28;0.78;0
32;rocket_site;2475.13;15.27;1103.30;4.81;0
32;nuclear_reactor;2475.69;15.27;1102.49;0.73;0
32;bunker;2476.58;15.27;1102.04;2.03;0
32;supply_node;2477.57;15.27;1102.08;3.24;0
33;arms_factory;2463.00;16.19;583.00;0.18;0
33;industrial_complex;2462.76;16.19;583.96;2.21;0
33;air_base;2462.08;16.13;584.68;0.42;0
33;anti_air_building;2461.14;16.13;584.99;0.88;0
33;synthetic_refinery;2460.17;16.13;584.82;4.63;0
33;fuel_silo;2459.40;16.06;584.20;2.82;0
33;radar_station;2459.02;16.06;583.28;4.70;0
33;rocket_site;2459.13;16.13;582.30;5.92;0
33;nuclear_reactor;2459.69;16.19;581.49;5.19;0
33;bunker;2460.58;16.19;581.04;6.12;0
33;supply_node;2461.57;16.19;581.08;5.04;0
34;arms_factory;2599.00;16.19;906.00;1.31;0
34;industrial_complex;2598.76;16.19;906.96;6.18;0
34;air_base;2598.08;16.19;907.68;5.19;0
34;anti_air_building;2597.14;16.19;907.99;4.03;0
34;synthetic_refinery;2596.17;16.25;907.82;1.02;0
34;fuel_silo;2595.40;16.19;907.20;2.75;0
34;radar_station;2595.02;16.19;906.28;3.76;0
34;rocket_site;2595.13;16.06;905.30;1.51;0
34;nuclear_reactor;2595.69;16.00;904.49;2.30;0
34;bunker;2596.58;16.13;904.04;0.76;0
34;supply_node;2597.57;16.13;904.08;2.99;0
35;arms_factory;2836.00;15.52;387.00;3.81;0
35;industrial_complex;2835.76;15.52;387.96;4.57;0
35;air_base;2835.08;15.46;388.68;1.23;0
35;anti_air_building;2834.14;15.52;388.99;6.14;0
35;synthetic_refinery;2833.17;15.64;388.82;2.25;0
35;fuel_silo;2832.40;15.70;388.20;2.34;0
35;radar_station;2832.02;15.76;387.28;2.37;0
35;rocket_site;2832.13;15.82;386.30;1.20;0
35;nuclear_reactor;2832.69;15.82;385.49;2.83;0
35;bunker;2833.58;15.76;385.04;2.83;0
35;supply_node;2834.57;15.70;385.08;5.40;0
36;arms_factory;2737.00;15.34;824.00;3.59;0
36;industrial_complex;2736.76;15.34;824.96;3.76;0
36;air_base;2736.08;15.34;825.68;5.55;0
36;anti_air_building;2735.14;15.34;825.99;6.17;0
36;synthetic_refinery;2734.17;15.34;825.82;6.25;0
36;fuel_silo;2733.40;15.34;825.20;0.35;0
36;radar_station;2733.02;15.34;824.28;3.74;0
36;rocket_site;2733.13;15.34;823.30;3.26;0
36;nuclear_reactor;2733.69;15.34;822.49;3.58;0
36;bunker;2734.58;15.34;822.04;1.75;0
36;supply_node;2735.57;15.34;822.08;3.33;0
37;arms_factory;2741.00;15.34;894.00;4.20;0
37;industrial_complex;2740.76;15.34;894.96;5.70;0
37;air_base;2740.08;15.34;895.68;0.25;0
37;anti_air_building;2739.14;15.34;895.99;4.63;0
37;synthetic_refinery;2738.17;15.34;895.82;5.88;0
37;fuel_silo;2737.40;15.34;895.20;3.18;0
37;radar_station;2737.02;15.34;894.28;4.59;0
37;rocket_site;2737.13;15.34;893.30;4.64;0
37;nuclear_reactor;2737.69;15.40;892.49;5.08;0
37;bunker;2738.58;15.34;892.04;0.57;0
37;supply_node;2739.57;15.34;892.08;2.25;0
38;arms_factory;2483.00;15.94;305.00;1.01;0
38;industrial_complex;2482.76;15.88;305.96;3.68;0
38;air_base;2482.08;15.94;306.68;4.64;0
38;anti_air_building;2481.14;15.94;306.99;6.18;0
38;synthetic_refinery;2480.17;15.94;306.82;1.93;0
38;fuel_silo;2479.40;15.94;306.20;3.69;0
38;radar_station;2479.02;15.94;305.28;0.26;0
38;rocket_site;2479.13;15.82;304.30;0.27;0
38;nuclear_reactor;2479.69;15.82;303.49;0.84;0
38;bunker;2480.58;15.82;303.04;0.98;0
38;supply_node;2481.57;15.76;303.08;1.75;0
39;arms_factory;2444.00;21.84;521.00;4.67;0
39;industrial_complex;2443.76;21.66;521.96;2.44;0
39;air_base;2443.08;21.60;522.68;5.76;0
39;anti_air_building;2442.14;20.93;522.99;4.19;0
39;synthetic_refinery;2441.17;20.26;522.82;1.82;0
39;fuel_silo;2440.40;20.14;522.20;4.42;0
39;radar_station;2440.02;20.20;521.28;2.36;0
39;rocket_site;2440.13;20.08;520.30;2.52;0
39;nuclear_reactor;2440.69;20.38;519.49;1.42;0
39;bunker;2441.58;20.81;519.04;5.13;0
39;supply_node;2442.57;21.17;519.08;6.28;0
40;arms_factory;2448.00;15.27;959.00;2.47;0
40;industrial_complex;2447.76;15.27;959.96;0.81;0
40;air_base;2447.08;15.27;960.68;4.35;0
40;anti_air_building;2446.14;15.27;960.99;1.22;0
40;synthetic_refinery;2445.17;15.27;960.82;2.80;0
40;fuel_silo;2444.40;15.27;960.20;4.32;0
40;radar_station;2444.02;15.27;959.28;2.61;0
40;rocket_site;2444.13;15.27;958.30;0.04;0
40;nuclear_reactor;2444.69;15.27;957.49;5.12;0
40;bunker;2445.58;15.27;957.04;1.26;0
40;supply_node;2446.57;15.27;957.08;2.78;0
41;arms_factory;2327.00;15.64;328.00;1.14;0
41;industrial_complex;2326.76;15.64;328.96;5.11;0
41;air_base;2326.08;15.70;329.68;4.08;0
41;anti_air_building;2325.14;15.70;329.99;0.71;0
41;synthetic_refinery;2324.17;15.70;329.82;0.53;0
41;fuel_silo;2323.40;15.76;329.20;0.01;0
41;radar_station;2323.02;15.70;328.28;0.83;0
41;rocket_site;2323.13;15.76;327.30;5.23;0
41;nuclear_reactor;2323.69;15.82;326.49;4.00;0
41;bunker;2324.58;15.76;326.04;0.20;0
41;supply_node;2325.57;15.70;326.08;0.90;0
42;arms_factory;2786.00;15.64;558.00;1.94;0
42;industrial_complex;2785.76;15.64;558.96;0.14;0
42;air_base;2785.08;15.58;559.68;3.19;0
42;anti_air_building;2784.14;15.64;559.99;3.84;0
42;synthetic_refinery;2783.17;15.64;559.82;5.22;0
42;fuel_silo;2782.40;15.64;559.20;3.47;0
42;radar_station;2782.02;15.64;558.28;5.60;0
42;rocket_site;2782.13;15.58;557.30;3.74;0
42;nuclear_reactor;2782.69;15.58;556.49;4.77;0
42;bunker;2783.58;15.58;556.04;5.45;0
42;supply_node;2784.57;15.58;556.08;3.80;0
43;arms_factory;2444.00;15.58;1047.00;0.41;0
43;industrial_complex;2443.76;15.58;1047.96;1.93;0
43;air_base;2443.08;15.52;1048.68;5.24;0
43;anti_air_building;2442.14;15.52;1048.99;5.08;0
43;synthetic_refinery;2441.17;15.46;1048.82;2.16;0
43;fuel_silo;2440.40;15.46;1048.20;2.96;0
43;radar_station;2440.02;15.52;1047.28;5.67;0
43;rocket_site;2440.13;15.52;1046.30;2.94;0
43;nuclear_reactor;2440.69;15.58;1045.49;0.72;0
43;bunker;2441.58;15.58;1045.04;4.64;0
43;supply_node;2442.57;15.64;1045.08;5.08;0
44;arms_factory;2312.00;15.52;586.00;4.77;0
44;industrial_complex;2311.76;15.58;586.96;1.66;0
44;air_base;2311.08;15.58;587.68;1.04;0
44;anti_air_building;2310.14;15.58;587.99;1.06;0
44;synthetic_refinery;2309.17;15.58;587.82;5.04;0
44;fuel_silo;2308.40;15.58;587.20;0.40;0
44;radar_station;2308.02;15.58;586.28;5.04;0
44;rocket_site;2308.13;15.58;585.30;0.67;0
44;nuclear_reactor;2308.69;15.58;584.49;0.72;0
44;bunker;2309.58;15.58;584.04;0.48;0
44;supply_node;2310.57;15.58;584.08;6.15;0
45;arms_factory;2612.00;15.27;306.00;2.83;0
45;industrial_complex;2611.76;15.27;306.96;3.97;0
45;air_base;2611.08;15.27;307.68;5.60;0
45;anti_air_building;2610.14;15.27;307.99;1.03;0
45;synthetic_refinery;2609.17;15.27;307.82;1.38;0
45;fuel_silo;2608.40;15.27;307.20;3.40;0
45;radar_station;2608.02;15.27;306.28;4.50;0
45;rocket_site;2608.13;15.27;305.30;2.97;0
45;nuclear_reactor;2608.69;15.27;304.49;0.11;0
45;bunker;2609.58;15.27;304.04;2.91;0
45;supply_node;2610.57;15.27;304.08;6.23;0
46;arms_factory;2704.00;15.40;674.00;4.24;0
46;industrial_complex;2703.76;15.40;674.96;2.51;0
46;air_base;2703.08;15.40;675.68;3.12;0
46;anti_air_building;2702.14;15.40;675.99;0.74;0
46;synthetic_refinery;2701.17;15.40;675.82;5.03;0
46;fuel_silo;2700.40;15.40;675.20;4.29;0
46;radar_station;2700.02;15.40;674.28;2.30;0
46;rocket_site;2700.13;15.40;673.30;2.90;0
46;nuclear_reactor;2700.69;15.40;672.49;4.82;0
46;bunker;2701.58;15.40;672.04;6.12;0
46;supply_node;2702.57;15.40;672.08;4.42;0
47;arms_factory;2705.00;15.40;453.00;2.75;0
47;industrial_complex;2704.76;15.34;453.96;3.41;0
47;air_base;2704.08;15.34;454.68;2.92;0
47;anti_air_building;2703.14;15.34;454.99;4.86;0
47;synthetic_refinery;2702.17;15.34;454.82;4.02;0
47;fuel_silo;2701.40;15.34;454.20;4.27;0
47;radar_station;2701.02;15.34;453.28;0.89;0
47;rocket_site;2701.13;15.34;452.30;3.54;0
47;nuclear_reactor;2701.69;15.34;451.49;0.31;0
47;bunker;2702.58;15.34;451.04;2.19;0
47;supply_node;2703.57;15.34;451.08;4.28;0
48;arms_factory;2322.00;15.70;247.00;2.61;0
48;industrial_complex;2321.76;15.70;247.96;0.78;0
48;air_base;2321.08;15.70;248.68;1.27;0
48;anti_air_building;2320.14;15.82;248.99;6.12;0
48;synthetic_refinery;2319.17;15.82;248.82;2.27;0
48;fuel_silo;2318.40;15.88;248.20;1.98;0
48;radar_station;2318.02;15.94;247.28;3.18;0
48;rocket_site;2318.13;16.06;246.30;5.80;0
48;nuclear_reactor;2318.69;16.06;245.49;2.72;0
48;bunker;2319.58;16.00;245.04;4.81;0
48;supply_node;2320.57;15.88;245.08;0.30;0
49;arms_factory;2740.00;15.64;50.00;4.77;0
49;industrial_complex;2739.76;15.64;50.96;4.25;0
49;air_base;2739.08;15.64;51.68;5.58;0
49;anti_air_building;2738.14;15.58;51.99;4.12;0
49;synthetic_refinery;2737.17;15.52;51.82;3.51;0
49;fuel_silo;2736.40;15.46;51.20;5.63;0
49;radar_station;2736.02;15.46;50.28;1.03;0
49;rocket_site;2736.13;15.52;49.30;3.71;0
49;nuclear_reactor;2736.69;15.46;48.49;6.11;0
49;bunker;2737.58;15.52;48.04;1.05;0
49;supply_node;2738.57;15.52;48.08;4.02;0
50;arms_factory;2283.00;15.27;973.00;0.08;0
50;industrial_complex;2282.76;15.27;973.96;3.88;0
50;air_base;2282.08;15.27;974.68;0.83;0
50;anti_air_building;2281.14;15.27;974.99;0.91;0
50;synthetic_refinery;2280.17;15.27;974.82;1.13;0
50;fuel_silo;2279.40;15.27;974.20;0.84;0
50;radar_station;2279.02;15.27;973.28;3.02;0
50;rocket_site;2279.13;15.27;972.30;1.31;0
50;nuclear_reactor;2279.69;15.27;971.49;2.82;0
50;bunker;2280.58;15.27;971.04;2.06;0
50;supply_node;2281.57;15.27;971.08;2.30;0
51;arms_factory;2891.00;15.40;594.00;0.40;0
51;industrial_complex;2890.76;15.40;594.96;5.14;0
51;air_base;2890.08;15.40;595.68;1.39;0
51;anti_air_building;2889.14;15.40;595.99;3.40;0
51;synthetic_refinery;2888.17;15.40;595.82;3.89;0
51;fuel_silo;2887.40;15.40;595.20;5.37;0
51;radar_station;2887.02;15.40;594.28;0.91;0
51;rocket_site;2887.13;15.40;593.30;5.80;0
51;nuclear_reactor;2887.69;15.40;592.49;2.01;0
51;bunker;2888.58;15.40;592.04;2.06;0
51;supply_node;2889.57;15.40;592.08;4.41;0
52;arms_factory;2429.00;15.27;865.00;1.24;0
52;industrial_complex;2428.76;15.27;865.96;2.79;0
52;air_base;2428.08;15.27;866.68;1.03;0
52;anti_air_building;2427.14;15.27;866.99;5.86;0
52;synthetic_refinery;2426.17;15.27;866.82;3.46;0
52;fuel_silo;2425.40;15.27;866.20;2.28;0
52;radar_station;2425.02;15.27;865.28;3.47;0
52;rocket_site;2425.13;15.27;864.30;6.04;0
52;nuclear_reactor;2425.69;15.27;863.49;4.43;0
52;bunker;2426.58;15.27;863.04;3.63;0
52;supply_node;2427.57;15.27;863.08;3.22;0
53;arms_factory;2469.00;15.27;1022.00;5.57;0
53;industrial_complex;2468.76;15.27;1022.96;4.68;0
53;air_base;2468.08;15.27;1023.68;0.79;0
53;anti_air_building;2467.14;15.34;1023.99;1.33;0
53;synthetic_refinery;2466.17;15.34;1023.82;0.31;0
53;fuel_silo;2465.40;15.34;1023.20;5.30;0
53;radar_station;2465.02;15.34;1022.28;0.66;0
53;rocket_site;2465.13;15.34;1021.30;0.90;0
53;nuclear_reactor;2465.69;15.34;1020.49;2.96;0
53;bunker;2466.58;15.34;1020.04;4.61;0
53;supply_node;2467.57;15.27;1020.08;4.65;0
54;arms_factory;2916.00;15.27;530.00;4.99;0
54;industrial_complex;2915.76;15.27;530.96;3.08;0
54;air_base;2915.08;15.27;531.68;1.13;0
54;anti_air_building;2914.14;15.27;531.99;2.53;0
54;synthetic_refinery;2913.17;15.27;531.82;5.27;0
54;fuel_silo;2912.40;15.27;531.20;1.09;0
54;radar_station;2912.02;15.27;530.28;4.45;0
54;rocket_site;2912.13;15.27;529.30;1.49;0
54;nuclear_reactor;2912.69;15.27;528.49;0.05;0
54;bunker;2913.58;15.27;528.04;6.11;0
54;supply_node;2914.57;15.27;528.08;5.91;0
55;arms_factory;2938.00;15.27;710.00;2.28;0
55;industrial_complex;2937.76;15.27;710.96;4.85;0
55;air_base;2937.08;15.27;711.68;0.31;0
55;anti_air_building;2936.14;15.27;711.99;3.60;0
55;synthetic_refinery;2935.17;15.27;711.82;3.67;0
55;fuel_silo;2934.40;15.27;711.20;2.19;0
55;radar_station;2934.02;15.27;710.28;5.31;0
55;rocket_site;2934.13;15.27;709.30;5.93;0
55;nuclear_reactor;2934.69;15.27;708.49;0.60;0
55;bunker;2935.58;15.27;708.04;5.32;0
55;supply_node;2936.57;15.27;708.08;2.22;0
56;arms_factory;2510.00;16.61;408.00;1.38;0
56;industrial_complex;2509.76;16.67;408.96;2.95;0
56;air_base;2509.08;16.73;409.68;3.89;0
56;anti_air_building;2508.14;16.85;409.99;1.42;0
56;synthetic_refinery;2507.17;16.73;409.82;0.95;0
56;fuel_silo;2506.40;16.67;409.20;1.65;0
56;radar_station;2506.02;16.67;408.28;4.67;0
56;rocket_site;2506.13;16.61;407.30;0.49;0
56;nuclear_reactor;2506.69;16.55;406.49;3.03;0
56;bunker;2507.58;16.67;406.04;4.29;0
56;supply_node;2508.57;16.85;406.08;2.44;0
57;arms_factory;2596.00;15.34;582.00;2.20;0
57;industrial_complex;2595.76;15.40;582.96;0.88;0
57;air_base;2595.08;15.40;583.68;1.06;0
57;anti_air_building;2594.14;15.40;583.99;4.50;0
57;synthetic_refinery;2593.17;15.40;583.82;2.32;0
57;fuel_silo;2592.40;15.46;583.20;1.14;0
57;radar_station;2592.02;15.46;582.28;3.55;0
57;rocket_site;2592.13;15.46;581.30;4.09;0
57;nuclear_reactor;2592.69;15.46;580.49;5.62;0
57;bunker;2593.58;15.40;580.04;3.71;0
57;supply_node;2594.57;15.40;580.08;5.52;0
58;arms_factory;2782.00;16.06;433.00;4.31;0
58;industrial_complex;2781.76;16.00;433.96;1.94;0
58;air_base;2781.08;15.88;434.68;5.50;0
58;anti_air_building;2780.14;15.82;434.99;4.91;0
58;synthetic_refinery;2779.17;15.82;434.82;2.73;0
58;fuel_silo;2778.40;15.70;434.20;1.64;0
58;radar_station;2778.02;15.70;433.28;4.84;0
58;rocket_site;2778.13;15.82;432.30;3.26;0
58;nuclear_reactor;2778.69;15.88;431.49;0.02;0
58;bunker;2779.58;16.00;431.04;5.43;0
58;supply_node;2780.57;16.00;431.08;5.68;0
59;arms_factory;2390.00;16.13;180.00;5.68;0
59;industrial_complex;2389.76;16.13;180.96;1.22;0
59;air_base;2389.08;16.06;181.68;2.78;0
59;anti_air_building;2388.14;16.00;181.99;4.50;0
59;synthetic_refinery;2387.17;15.94;181.82;3.55;0
59;fuel_silo;2386.40;15.94;181.20;3.82;0
59;radar_station;2386.02;15.94;180.28;4.68;0
59;rocket_site;2386.13;16.00;179.30;2.55;0
59;nuclear_reactor;2386.69;16.00;178.49;6.03;0
59;bunker;2387.58;16.06;178.04;2.57;0
59;supply_node;2388.57;16.06;178.08;5.81;0
60;arms_factory;2767.00;15.46;511.00;2.41;0
60;industrial_complex;2766.76;15.52;511.96;6.00;0
60;air_base;2766.08;15.52;512.68;5.05;0
60;anti_air_building;2765.14;15.52;512.99;0.41;0
60;synthetic_refinery;2764.17;15.58;512.82;0.93;0
60;fuel_silo;2763.40;15.64;512.20;3.45;0
60;radar_station;2763.02;15.58;511.28;4.32;0
60;rocket_site;2763.13;15.58;510.30;1.06;0
60;nuclear_reactor;2763.69;15.52;509.49;3.07;0
60;bunker;2764.58;15.52;509.04;1.43;0
60;supply_node;2765.57;15.46;509.08;2.25;0
61;arms_factory;2722.00;15.52;988.00;3.30;0
61;industrial_complex;2721.76;15.52;988.96;1.73;0
61;air_base;2721.08;15.58;989.68;4.89;0
61;anti_air_building;2720.14;15.58;989.99;1.62;0
61;synthetic_refinery;2719.17;15.58;989.82;4.96;0
61;fuel_silo;2718.40;15.64;989.20;4.68;0
61;radar_station;2718.02;15.64;988.28;3.56;0
61;rocket_site;2718.13;15.64;987.30;3.56;0
61;nuclear_reactor;2718.69;15.64;986.49;2.30;0
61;bunker;2719.58;15.58;986.04;4.19;0
61;supply_node;2720.57;15.52;986.08;1.95;0
62;arms_factory;2586.00;15.34;869.00;5.21;0
62;industrial_complex;2585.76;15.34;869.96;1.43;0
62;air_base;2585.08;15.34;870.68;0.27;0
62;anti_air_building;2584.14;15.34;870.99;0.60;0
62;synthetic_refinery;2583.17;15.34;870.82;0.51;0
62;fuel_silo;2582.40;15.34;870.20;5.81;0
62;radar_station;2582.02;15.34;869.28;1.76;0
62;rocket_site;2582.13;15.34;868.30;1.26;0
62;nuclear_reactor;2582.69;15.34;867.49;1.62;0
62;bunker;2583.58;15.34;867.04;1.31;0
62;supply_node;2584.57;15.34;867.08;1.95;0
63;arms_factory;2374.00;16.25;394.00;4.73;0
63;industrial_complex;2373.76;16.19;394.96;2.28;0
63;air_base;2373.08;16.13;395.68;3.04;0
63;anti_air_building;2372.14;16.06;395.99;3.23;0
63;synthetic_refinery;2371.17;16.06;395.82;0.03;0
63;fuel_silo;2370.40;16.06;395.20;0.85;0
63;radar_station;2370.02;16.06;394.28;4.95;0
63;rocket_site;2370.13;16.13;393.30;1.20;0
63;nuclear_reactor;2370.69;16.06;392.49;1.85;0
63;bunker;2371.58;16.13;392.04;4.65;0
63;supply_node;2372.57;16.13;392.08;3.60;0
64;arms_factory;2577.00;15.27;269.00;4.93;0
64;industrial_complex;2576.76;15.27;269.96;1.06;0
64;air_base;2576.08;15.27;270.68;5.08;0
64;anti_air_building;2575.14;15.27;270.99;5.06;0
64;synthetic_refinery;2574.17;15.27;270.82;1.58;0
64;fuel_silo;2573.40;15.27;270.20;3.11;0
64;radar_station;2573.02;15.27;269.28;0.35;0
64;rocket_site;2573.13;15.27;268.30;4.47;0
64;nuclear_reactor;2573.69;15.27;267.49;3.36;0
64;bunker;2574.58;15.27;267.04;5.26;0
64;supply_node;2575.57;15.27;267.08;3.42;0
65;arms_factory;2802.00;16.25;109.00;3.83;0
65;industrial_complex;2801.76;16.31;109.96;0.17;0
65;air_base;2801.08;16.31;110.68;1.22;0
65;anti_air_building;2800.14;16.31;110.99;5.79;0
65;synthetic_refinery;2799.17;16.37;110.82;2.29;0
65;fuel_silo;2798.40;16.31;110.20;4.64;0
65;radar_station;2798.02;16.31;109.28;3.39;0
65;rocket_site;2798.13;16.37;108.30;1.04;0
65;nuclear_reactor;2798.69;16.43;107.49;0.43;0
65;bunker;2799.58;16.43;107.04;1.66;0
65;supply_node;2800.57;16.43;107.08;0.19;0
66;arms_factory;2545.00;15.27;1030.00;0.27;0
66;industrial_complex;2544.76;15.27;1030.96;4.72;0
66;air_base;2544.08;15.27;1031.68;5.24;0
66;anti_air_building;2543.14;15.27;1031.99;6.17;0
66;synthetic_refinery;2542.17;15.27;1031.82;6.26;0
66;fuel_silo;2541.40;15.27;1031.20;3.15;0
66;radar_station;2541.02;15.27;1030.28;4.87;0
66;rocket_site;2541.13;15.27;1029.30;2.28;0
66;nuclear_reactor;2541.69;15.27;1028.49;4.61;0
66;bunker;2542.58;15.27;1028.04;1.32;0
66;supply_node;2543.57;15.27;1028.08;1.54;0
67;arms_factory;2338.00;15.27;1033.00;0.25;0
67;industrial_complex;2337.76;15.27;1033.96;3.94;0
67;air_base;2337.08;15.27;1034.68;4.41;0
67;anti_air_building;2336.14;15.27;1034.99;2.94;0
67;synthetic_refinery;2335.17;15.27;1034.82;0.68;0
67;fuel_silo;2334.40;15.27;1034.20;5.59;0
67;radar_station;2334.02;15.27;1033.28;4.49;0
67;rocket_site;2334.13;15.27;1032.30;5.13;0
67;nuclear_reactor;2334.69;15.27;1031.49;0.71;0
67;bunker;2335.58;15.27;1031.04;1.55;0
67;supply_node;2336.57;15.27;1031.08;6.03;0
68;arms_factory;2366.00;16.73;612.00;0.29;0
68;industrial_complex;2365.76;16.73;612.96;1.77;0
68;air_base;2365.08;16.67;613.68;5.20;0
68;anti_air_building;2364.14;16.67;613.99;0.30;0
68;synthetic_refinery;2363.17;16.49;613.82;0.53;0
68;fuel_silo;2362.40;16.43;613.20;4.90;0
68;radar_station;2362.02;16.49;612.28;1.97;0
68;rocket_site;2362.13;16.67;611.30;1.66;0
68;nuclear_reactor;2362.69;16.85;610.49;2.71;0
68;bunker;2363.58;16.85;610.04;5.19;0
68;supply_node;2364.57;16.73;610.08;3.30;0
69;arms_factory;2571.00;15.70;595.00;5.22;0
69;industrial_complex;2570.76;15.70;595.96;4.76;0
69;air_base;2570.08;15.70;596.68;6.24;0
69;anti_air_building;2569.14;15.70;596.99;0.13;0
69;synthetic_refinery;2568.17;15.76;596.82;5.23;0
69;fuel_silo;2567.40;15.76;596.20;2.30;0
69;radar_station;2567.02;15.76;595.28;0.47;0
69;rocket_site;2567.13;15.76;594.30;5.49;0
69;nuclear_reactor;2567.69;15.82;593.49;0.65;0
69;bunker;2568.58;15.82;593.04;6.09;0
69;supply_node;2569.57;15.82;593.08;3.01;0
70;arms_factory;2772.00;15.27;215.00;0.56;0
70;industrial_complex;2771.76;15.27;215.96;4.09;0
70;air_base;2771.08;15.27;216.68;1.72;0
70;anti_air_building;2770.14;15.27;216.99;5.38;0
70;synthetic_refinery;2769.17;15.27;216.82;5.13;0
70;fuel_silo;2768.40;15.27;216.20;0.13;0
70;radar_station;2768.02;15.27;215.28;5.11;0
70;rocket_site;2768.13;15.27;214.30;0.43;0
70;nuclear_reactor;2768.69;15.27;213.49;2.16;0
70;bunker;2769.58;15.27;213.04;4.56;0
70;supply_node;2770.57;15.27;213.08;3.60;0
71;arms_factory;2739.00;15.40;192.00;6.23;0
71;industrial_complex;2738.76;15.40;192.96;2.18;0
71;air_base;2738.08;15.40;193.68;0.05;0
71;anti_air_building;2737.14;15.40;193.99;5.84;0
71;synthetic_refinery;2736.17;15.40;193.82;3.15;0
71;fuel_silo;2735.40;15.40;193.20;5.57;0
71;radar_station;2735.02;15.46;192.28;2.82;0
71;rocket_site;2735.13;15.46;191.30;4.29;0
71;nuclear_reactor;2735.69;15.46;190.49;3.45;0
71;bunker;2736.58;15.46;190.04;4.35;0
71;supply_node;2737.57;15.46;190.08;2.83;0
72;arms_factory;2447.00;15.52;756.00;4.52;0
72;industrial_complex;2446.76;15.52;756.96;4.47;0
72;air_base;2446.08;15.52;757.68;3.46;0
72;anti_air_building;2445.14;15.52;757.99;2.24;0
72;synthetic_refinery;2444.17;15.46;757.82;2.94;0
72;fuel_silo;2443.40;15.52;757.20;0.53;0
72;radar_station;2443.02;15.52;756.28;2.31;0
72;rocket_site;2443.13;15.52;755.30;0.57;0
72;nuclear_reactor;2443.69;15.52;754.49;3.48;0
72;bunker;2444.58;15.58;754.04;2.31;0
72;supply_node;2445.57;15.58;754.08;2.45;0
73;arms_factory;2465.00;15.34;889.00;6.23;0
73;industrial_complex;2464.76;15.34;889.96;0.06;0
73;air_base;2464.08;15.34;890.68;6.21;0
73;anti_air_building;2463.14;15.34;890.99;3.62;0
73;synthetic_refinery;2462.17;15.34;890.82;5.92;0
73;fuel_silo;2461.40;15.34;890.20;2.43;0
73;radar_station;2461.02;15.34;889.28;4.34;0
73;rocket_site;2461.13;15.34;888.30;4.70;0
73;nuclear_reactor;2461.69;15.34;887.49;0.25;0
73;bunker;2462.58;15.34;887.04;5.65;0
73;supply_node;2463.57;15.34;887.08;2.49;0
74;arms_factory;2556.00;16.06;863.00;0.30;0
74;industrial_complex;2555.76;15.94;863.96;5.14;0
74;air_base;2555.08;15.88;864.68;1.27;0
74;anti_air_building;2554.14;15.88;864.99;6.07;0
74;synthetic_refinery;2553.17;15.82;864.82;4.49;0
74;fuel_silo;2552.40;15.70;864.20;1.85;0
74;radar_station;2552.02;15.76;863.28;1.11;0
74;rocket_site;2552.13;15.76;862.30;5.23;0
74;nuclear_reactor;2552.69;15.82;861.49;0.01;0
74;bunker;2553.58;15.88;861.04;4.97;0
74;supply_node;2554.57;15.94;861.08;1.58;0
75;arms_factory;2931.00;15.27;759.00;5.60;0
75;industrial_complex;2930.76;15.27;759.96;3.11;0
75;air_base;2930.08;15.27;760.68;3.26;0
75;anti_air_building;2929.14;15.27;760.99;4.64;0
75;synthetic_refinery;2928.17;15.27;760.82;4.90;0
75;fuel_silo;2927.40;15.27;760.20;1.81;0
75;radar_station;2927.02;15.27;759.28;5.92;0
75;rocket_site;2927.13;15.27;758.30;0.97;0
75;nuclear_reactor;2927.69;15.27;757.49;2.69;0
75;bunker;2928.58;15.27;757.04;6.15;0
75;supply_node;2929.57;15.27;757.08;2.33;0
76;arms_factory;2456.00;15.70;142.00;3.62;0
76;industrial_complex;2455.76;15.76;142.96;4.33;0
76;air_base;2455.08;15.76;143.68;3.98;0
76;anti_air_building;2454.14;15.76;143.99;2.96;0
76;synthetic_refinery;2453.17;15.88;143.82;2.45;0
76;fuel_silo;2452.40;15.88;143.20;5.75;0
76;radar_station;2452.02;15.88;142.28;3.93;0
76;rocket_site;2452.13;15.88;141.30;3.15;0
76;nuclear_reactor;2452.69;15.88;140.49;3.26;0
76;bunker;2453.58;15.76;140.04;3.73;0
76;supply_node;2454.57;15.70;140.08;2.23;0
77;arms_factory;2487.00;18.68;557.00;2.54;0
77;industrial_complex;2486.76;19.04;557.96;4.19;0
77;air_base;2486.08;18.74;558.68;2.08;0
77;anti_air_building;2485.14;18.98;558.99;1.01;0
77;synthetic_refinery;2484.17;18.68;558.82;2.07;0
77;fuel_silo;2483.40;18.62;558.20;1.07;0
77;radar_station;2483.02;18.98;557.28;4.97;0
77;rocket_site;2483.13;18.74;556.30;6.15;0
77;nuclear_reactor;2483.69;18.92;555.49;3.19;0
77;bunker;2484.58;19.16;555.04;3.29;0
77;supply_node;2485.57;19.10;555.08;4.27;0
78;arms_factory;2578.00;15.27;992.00;1.24;0
78;industrial_complex;2577.76;15.27;992.96;1.25;0
78;air_base;2577.08;15.27;993.68;0.81;0
78;anti_air_building;2576.14;15.27;993.99;0.78;0
78;synthetic_refinery;2575.17;15.27;993.82;0.65;0
78;fuel_silo;2574.40;15.27;993.20;0.77;0
78;radar_station;2574.02;15.27;992.28;3.99;0
78;rocket_site;2574.13;15.27;991.30;1.24;0
78;nuclear_reactor;2574.69;15.27;990.49;5.57;0
78;bunker;2575.58;15.27;990.04;6.06;0
78;supply_node;2576.57;15.27;990.08;4.45;0
79;arms_factory;2645.00;15.27;468.00;5.64;0
79;industrial_complex;2644.76;15.27;468.96;2.89;0
79;air_base;2644.08;15.27;469.68;2.84;0
79;anti_air_building;2643.14;15.27;469.99;5.26;0
79;synthetic_refinery;2642.17;15.27;469.82;4.76;0
79;fuel_silo;2641.40;15.27;469.20;2.42;0
79;radar_station;2641.02;15.27;468.28;1.64;0
79;rocket_site;2641.13;15.27;467.30;4.75;0
79;nuclear_reactor;2641.69;15.27;466.49;6.13;0
79;bunker;2642.58;15.27;466.04;0.42;0
79;supply_node;2643.57;15.27;466.08;5.68;0
80;arms_factory;2848.00;15.34;634.00;0.42;0
80;industrial_complex;2847.76;15.34;634.96;3.45;0
80;air_base;2847.08;15.34;635.68;3.50;0
80;anti_air_building;2846.14;15.34;635.99;4.08;0
80;synthetic_refinery;2845.17;15.34;635.82;4.80;0
80;fuel_silo;2844.40;15.34;635.20;5.70;0
80;radar_station;2844.02;15.34;634.28;3.54;0
80;rocket_site;2844.13;15.34;633.30;4.87;0
80;nuclear_reactor;2844.69;15.40;632.49;0.99;0
80;bunker;2845.58;15.34;632.04;4.15;0
80;supply_node;2846.57;15.34;632.08;2.79;0
81;arms_factory;2318.00;15.40;100.00;0.56;0
81;industrial_complex;2317.76;15.34;100.96;2.58;0
81;air_base;2317.08;15.40;101.68;4.87;0
81;anti_air_building;2316.14;15.46;101.99;4.62;0
81;synthetic_refinery;2315.17;15.46;101.82;0.57;0
81;fuel_silo;2314.40;15.46;101.20;4.58;0
81;radar_station;2314.02;15.46;100.28;2.19;0
81;rocket_site;2314.13;15.40;99.30;5.48;0
81;nuclear_reactor;2314.69;15.40;98.49;0.07;0
81;bunker;2315.58;15.34;98.04;6.13;0
81;supply_node;2316.57;15.34;98.08;2.87;0
82;arms_factory;2779.00;15.70;343.00;4.86;0
82;industrial_complex;2778.76;15.76;343.96;0.45;0
82;air_base;2778.08;15.70;344.68;1.37;0
82;anti_air_building;2777.14;15.70;344.99;4.10;0
82;synthetic_refinery;2776.17;15.76;344.82;2.71;0
82;fuel_silo;2775.40;15.82;344.20;4.44;0
82;radar_station;2775.02;15.82;343.28;2.41;0
82;rocket_site;2775.13;15.88;342.30;2.62;0
82;nuclear_reactor;2775.69;15.82;341.49;3.87;0
82;bunker;2776.58;15.82;341.04;0.74;0
82;supply_node;2777.57;15.82;341.08;3.28;0
83;arms_factory;2629.00;15.27;420.00;6.28;0
83;industrial_complex;2628.76;15.27;420.96;3.93;0
83;air_base;2628.08;15.27;421.68;2.59;0
83;anti_air_building;2627.14;15.27;421.99;0.41;0
83;synthetic_refinery;2626.17;15.27;421.82;5.05;0
83;fuel_silo;2625.40;15.27;421.20;5.58;0
83;radar_station;2625.02;15.27;420.28;5.12;0
83;rocket_site;2625.13;15.27;419.30;3.79;0
83;nuclear_reactor;2625.69;15.27;418.49;3.29;0
83;bunker;2626.58;15.27;418.04;3.40;0
83;supply_node;2627.57;15.27;418.08;3.11;0
84;arms_factory;2826.00;15.58;417.00;5.34;0
84;industrial_complex;2825.76;15.52;417.96;6.19;0
84;air_base;2825.08;15.52;418.68;1.46;0
84;anti_air_building;2824.14;15.58;418.99;1.25;0
84;synthetic_refinery;2823.17;15.52;418.82;4.44;0
84;fuel_silo;2822.40;15.52;418.20;4.20;0
84;radar_station;2822.02;15.52;417.28;6.20;0
84;rocket_site;2822.13;15.52;416.30;2.00;0
84;nuclear_reactor;2822.69;15.46;415.49;6.02;0
84;bunker;2823.58;15.52;415.04;4.86;0
84;supply_node;2824.57;15.52;415.08;1.73;0
85;arms_factory;2402.00;16.06;581.00;3.70;0
85;industrial_complex;2401.76;16.19;581.96;2.21;0
85;air_base;2401.08;16.19;582.68;4.75;0
85;anti_air_building;2400.14;16.19;582.99;1.05;0
85;synthetic_refinery;2399.17;16.31;582.82;0.99;0
85;fuel_silo;2398.40;16.43;582.20;1.42;0
85;radar_station;2398.02;16.43;581.28;2.18;0
85;rocket_site;2398.13;16.43;580.30;3.45;0
85;nuclear_reactor;2398.69;16.43;579.49;0.86;0
85;bunker;2399.58;16.31;579.04;1.58;0
85;supply_node;2400.57;16.31;579.08;0.15;0
86;arms_factory;2432.00;15.88;1024.00;3.50;0
86;industrial_complex;2431.76;15.88;1024.96;1.06;0
86;air_base;2431.08;15.82;1025.68;1.79;0
86;anti_air_building;2430.14;15.88;1025.99;1.15;0
86;synthetic_refinery;2429.17;15.88;1025.82;4.37;0
86;fuel_silo;2428.40;15.88;1025.20;4.83;0
86;radar_station;2428.02;15.94;1024.28;1.63;0
86;rocket_site;2428.13;15.94;1023.30;4.48;0
86;nuclear_reactor;2428.69;16.00;1022.49;3.34;0
86;bunker;2429.58;15.94;1022.04;1.26;0
86;supply_node;2430.57;15.94;1022.08;0.58;0
87;arms_factory;2819.00;15.27;302.00;1.98;0
87;industrial_complex;2818.76;15.27;302.96;0.24;0
87;air_base;2818.08;15.27;303.68;0.81;0
87;anti_air_building;2817.14;15.27;303.99;1.40;0
87;synthetic_refinery;2816.17;15.27;303.82;0.47;0
87;fuel_silo;2815.40;15.27;303.20;4.03;0
87;radar_station;2815.02;15.27;302.28;3.49;0
87;rocket_site;2815.13;15.27;301.30;3.83;0
87;nuclear_reactor;2815.69;15.27;300.49;4.84;0
87;bunker;2816.58;15.27;300.04;0.13;0
87;supply_node;2817.57;15.27;300.08;0.23;0
88;arms_factory;2529.00;20.02;495.00;5.83;0
88;industrial_complex;2528.76;20.20;495.96;1.78;0
88;air_base;2528.08;20.08;496.68;3.28;0
88;anti_air_building;2527.14;20.02;496.99;1.25;0
88;synthetic_refinery;2526.17;19.89;496.82;0.58;0
88;fuel_silo;2525.40;19.83;496.20;2.61;0
88;radar_station;2525.02;20.14;495.28;3.50;0
88;rocket_site;2525.13;20.26;494.30;1.30;0
88;nuclear_reactor;2525.69;20.26;493.49;4.16;0
88;bunker;2526.58;20.32;493.04;0.61;0
88;supply_node;2527.57;20.32;493.08;2.79;0
89;arms_factory;2695.00;15.40;600.00;4.49;0
89;industrial_complex;2694.76;15.40;600.96;3.92;0
89;air_base;2694.08;15.40;601.68;4.72;0
89;anti_air_building;2693.14;15.40;601.99;3.59;0
89;synthetic_refinery;2692.17;15.40;601.82;0.20;0
89;fuel_silo;2691.40;15.40;601.20;5.44;0
89;radar_station;2691.02;15.40;600.28;1.02;0
89;rocket_site;2691.13;15.34;599.30;5.90;0
89;nuclear_reactor;2691.69;15.40;598.49;0.66;0
89;bunker;2692.58;15.40;598.04;6.10;0
89;supply_node;2693.57;15.40;598.08;2.43;0
90;arms_factory;2523.00;15.34;737.00;1.13;0
90;industrial_complex;2522.76;15.34;737.96;1.60;0
90;air_base;2522.08;15.34;738.68;3.05;0
90;anti_air_building;2521.14;15.34;738.99;5.54;0
90;synthetic_refinery;2520.17;15.34;738.82;0.87;0
90;fuel_silo;2519.40;15.34;738.20;1.29;0
90;radar_station;2519.02;15.34;737.28;0.78;0
90;rocket_site;2519.13;15.34;736.30;6.22;0
90;nuclear_reactor;2519.69;15.34;735.49;6.24;0
90;bunker;2520.58;15.34;735.04;0.68;0
90;supply_node;2521.57;15.34;735.08;1.62;0
91;arms_factory;2235.00;15.27;248.00;1.23;0
91;industrial_complex;2234.76;15.27;248.96;5.08;0
91;air_base;2234.08;15.27;249.68;2.40;0
91;anti_air_building;2233.14;15.27;249.99;0.49;0
91;synthetic_refinery;2232.17;15.27;249.82;2.47;0
91;fuel_silo;2231.40;15.34;249.20;2.96;0
91;radar_station;2231.02;15.27;248.28;3.35;0
91;rocket_site;2231.13;15.27;247.30;4.57;0
91;nuclear_reactor;2231.69;15.27;246.49;3.51;0
91;bunker;2232.58;15.27;246.04;3.32;0
91;supply_node;2233.57;15.27;246.08;4.71;0
92;arms_factory;2552.00;15.46;831.00;1.04;0
92;industrial_complex;2551.76;15.52;831.96;2.94;0
92;air_base;2551.08;15.58;832.68;1.56;0
92;anti_air_building;2550.14;15.58;832.99;0.77;0
92;synthetic_refinery;2549.17;15.64;832.82;3.38;0
92;fuel_silo;2548.40;15.70;832.20;2.56;0
92;radar_station;2548.02;15.64;831.28;2.82;0
92;rocket_site;2548.13;15.64;830.30;3.03;0
92;nuclear_reactor;2548.69;15.58;829.49;5.06;0
92;bunker;2549.58;15.52;829.04;5.54;0
92;supply_node;2550.57;15.46;829.08;3.64;0
93;arms_factory;2325.00;15.27;1047.00;5.86;0
93;industrial_complex;2324.76;15.27;1047.96;4.86;0
93;air_base;2324.08;15.27;1048.68;2.91;0
93;anti_air_building;2323.14;15.27;1048.99;5.03;0
93;synthetic_refinery;2322.17;15.27;1048.82;4.01;0
93;fuel_silo;2321.40;15.27;1048.20;3.23;0
93;radar_station;2321.02;15.27;1047.28;1.75;0
93;rocket_site;2321.13;15.27;1046.30;2.23;0
93;nuclear_reactor;2321.69;15.27;1045.49;4.96;0
93;bunker;2322.58;15.27;1045.04;3.55;0
93;supply_node;2323.57;15.27;1045.08;3.69;0
94;arms_factory;2514.00;15.27;234.00;2.42;0
94;industrial_complex;2513.76;15.27;234.96;2.54;0
94;air_base;2513.08;15.27;235.68;2.83;0
94;anti_air_building;2512.14;15.27;235.99;5.20;0
94;synthetic_refinery;2511.17;15.27;235.82;0.70;0
94;fuel_silo;2510.40;15.27;235.20;5.42;0
94;radar_station;2510.02;15.27;234.28;1.64;0
94;rocket_site;2510.13;15.27;233.30;0.06;0
94;nuclear_reactor;2510.69;15.27;232.49;1.88;0
94;bunker;2511.58;15.27;232.04;6.14;0
94;supply_node;2512.57;15.27;232.08;1.59;0
95;arms_factory;2280.00;15.27;690.00;3.62;0
95;industrial_complex;2279.76;15.27;690.96;3.01;0
95;air_base;2279.08;15.27;691.68;4.32;0
95;anti_air_building;2278.14;15.27;691.99;3.75;0
95;synthetic_refinery;2277.17;15.27;691.82;1.63;0
95;fuel_silo;2276.40;15.27;691.20;4.81;0
95;radar_station;2276.02;15.27;690.28;5.04;0
95;rocket_site;2276.13;15.27;689.30;5.87;0
95;nuclear_reactor;2276.69;15.27;688.49;1.17;0
95;bunker;2277.58;15.27;688.04;2.62;0
95;supply_node;2278.57;15.27;688.08;5.42;0
96;arms_factory;2435.00;16.37;620.00;0.25;0
96;industrial_complex;2434.76;16.37;620.96;0.71;0
96;air_base;2434.08;16.25;621.68;4.87;0
96;anti_air_building;2433.14;16.31;621.99;6.19;0
96;synthetic_refinery;2432.17;16.31;621.82;3.39;0
96;fuel_silo;2431.40;16.19;621.20;4.82;0
96;radar_station;2431.02;16.25;620.28;3.41;0
96;rocket_site;2431.13;16.25;619.30;5.78;0
96;nuclear_reactor;2431.69;16.25;618.49;0.29;0
96;bunker;2432.58;16.31;618.04;2.47;0
96;supply_node;2433.57;16.31;618.08;2.59;0
97;arms_factory;2183.00;15.64;92.00;1.33;0
97;industrial_complex;2182.76;15.64;92.96;3.87;0
97;air_base;2182.08;15.64;93.68;0.38;0
97;anti_air_building;2181.14;15.64;93.99;4.73;0
97;synthetic_refinery;2180.17;15.58;93.82;0.99;0
97;fuel_silo;2179.40;15.52;93.20;5.86;0
97;radar_station;2179.02;15.52;92.28;3.59;0
97;rocket_site;2179.13;15.52;91.30;5.92;0
97;nuclear_reactor;2179.69;15.52;90.49;6.06;0
97;bunker;2180.58;15.52;90.04;5.56;0
97;supply_node;2181.57;15.58;90.08;1.49;0
98;arms_factory;2650.00;15.27;332.00;6.01;0
98;industrial_complex;2649.76;15.27;332.96;4.04;0
98;air_base;2649.08;15.27;333.68;1.69;0
98;anti_air_building;2648.14;15.27;333.99;4.55;0
98;synthetic_refinery;2647.17;15.27;333.82;5.50;0
98;fuel_silo;2646.40;15.27;333.20;0.52;0
98;radar_station;2646.02;15.27;332.28;5.98;0
98;rocket_site;2646.13;15.27;331.30;5.85;0
98;nuclear_reactor;2646.69;15.27;330.49;3.59;0
98;bunker;2647.58;15.27;330.04;5.16;0
98;supply_node;2648.57;15.27;330.08;6.23;0
99;arms_factory;2419.00;15.70;229.00;2.03;0
99;industrial_complex;2418.76;15.70;229.96;4.26;0
99;air_base;2418.08;15.70;230.68;0.29;0
99;anti_air_building;2417.14;15.82;230.99;5.79;0
99;synthetic_refinery;2416.17;15.82;230.82;3.54;0
99;fuel_silo;2415.40;15.82;230.20;5.12;0
99;radar_station;2415.02;15.82;229.28;5.18;0
99;rocket_site;2415.13;15.88;228.30;0.72;0
99;nuclear_reactor;2415.69;15.82;227.49;0.75;0
99;bunker;2416.58;15.82;227.04;1.34;0
99;supply_node;2417.57;15.76;227.08;0.66;0
100;arms_factory;2682.00;15.27;314.00;5.94;0
100;industrial_complex;2681.76;15.27;314.96;1.83;0
100;air_base;2681.08;15.27;315.68;3.24;0
100;anti_air_building;2680.14;15.27;315.99;2.11;0
100;synthetic_refinery;2679.17;15.27;315.82;0.04;0
100;fuel_silo;2678.40;15.27;315.20;4.95;0
100;radar_station;2678.02;15.27;314.28;4.45;0
100;rocket_site;2678.13;15.27;313.30;2.43;0
100;nuclear_reactor;2678.69;15.27;312.49;3.05;0
100;bunker;2679.58;15.27;312.04;3.22;0
100;supply_node;2680.57;15.27;312.08;2.04;0
101;arms_factory;2650.00;15.46;259.00;1.91;0
101;industrial_complex;2649.76;15.46;259.96;4.67;0
101;air_base;2649.08;15.40;260.68;4.27;0
101;anti_air_building;2648.14;15.46;260.99;5.95;0
101;synthetic_refinery;2647.17;15.46;260.82;3.77;0
101;fuel_silo;2646.40;15.40;260.20;0.39;0
101;radar_station;2646.02;15.46;259.28;3.31;0
101;rocket_site;2646.13;15.52;258.30;1.95;0
101;nuclear_reactor;2646.69;15.58;257.49;2.96;0
101;bunker;2647.58;15.58;257.04;2.08;0
101;supply_node;2648.57;15.64;257.08;2.78;0
102;arms_factory;2323.00;15.52;460.00;2.08;0
102;industrial_complex;2322.76;15.52;460.96;4.39;0
102;air_base;2322.08;15.52;461.68;0.95;0
102;anti_air_building;2321.14;15.52;461.99;3.79;0
102;synthetic_refinery;2320.17;15.52;461.82;5.20;0
102;fuel_silo;2319.40;15.52;461.20;4.35;0
102;radar_station;2319.02;15.52;460.28;2.49;0
102;rocket_site;2319.13;15.52;459.30;3.76;0
102;nuclear_reactor;2319.69;15.58;458.49;6.07;0
102;bunker;2320.58;15.58;458.04;0.71;0
102;supply_node;2321.57;15.58;458.08;5.31;0
103;arms_factory;2162.00;15.27;561.00;2.08;0
103;industrial_complex;2161.76;15.27;561.96;0.34;0
103;air_base;2161.08;15.27;562.68;3.24;0
103;anti_air_building;2160.14;15.27;562.99;4.34;0
103;synthetic_refinery;2159.17;15.27;562.82;2.01;0
103;fuel_silo;2158.40;15.27;562.20;2.13;0
103;radar_station;2158.02;15.27;561.28;1.91;0
103;rocket_site;2158.13;15.27;560.30;4.47;0
103;nuclear_reactor;2158.69;15.27;559.49;2.28;0
103;bunker;2159.58;15.27;559.04;2.01;0
103;supply_node;2160.57;15.27;559.08;1.78;0
104;arms_factory;2737.00;15.27;85.00;5.41;0
104;industrial_complex;2736.76;15.27;85.96;3.38;0
104;air_base;2736.08;15.27;86.68;4.83;0
104;anti_air_building;2735.14;15.27;86.99;6.14;0
104;synthetic_refinery;2734.17;15.27;86.82;4.00;0
104;fuel_silo;2733.40;15.27;86.20;6.05;0
104;radar_station;2733.02;15.27;85.28;3.03;0
104;rocket_site;2733.13;15.27;84.30;1.83;0
104;nuclear_reactor;2733.69;15.27;83.49;1.48;0
104;bunker;2734.58;15.27;83.04;5.38;0
104;supply_node;2735.57;15.27;83.08;4.64;0
105;arms_factory;2702.00;15.40;714.00;4.33;0
105;industrial_complex;2701.76;15.40;714.96;3.24;0
105;air_base;2701.08;15.40;715.68;2.75;0
105;anti_air_building;2700.14;15.40;715.99;6.10;0
105;synthetic_refinery;2699.17;15.40;715.82;3.35;0
105;fuel_silo;2698.40;15.34;715.20;0.08;0
105;radar_station;2698.02;15.34;714.28;5.70;0
105;rocket_site;2698.13;15.40;713.30;4.38;0
105;nuclear_reactor;2698.69;15.40;712.49;4.27;0
105;bunker;2699.58;15.40;712.04;3.60;0
105;supply_node;2700.57;15.40;712.08;5.97;0
106;arms_factory;2648.00;15.27;649.00;0.29;0
106;industrial_complex;2647.76;15.27;649.96;4.81;0
106;air_base;2647.08;15.27;650.68;4.12;0
106;anti_air_building;2646.14;15.27;650.99;4.30;0
106;synthetic_refinery;2645.17;15.27;650.82;3.99;0
106;fuel_silo;2644.40;15.27;650.20;1.42;0
106;radar_station;2644.02;15.27;649.28;1.82;0
106;rocket_site;2644.13;15.27;648.30;5.33;0
106;nuclear_reactor;2644.69;15.27;647.49;0.42;0
106;bunker;2645.58;15.27;647.04;5.21;0
106;supply_node;2646.57;15.27;647.08;1.43;0
107;arms_factory;2635.00;15.27;762.00;0.26;0
107;industrial_complex;2634.76;15.27;762.96;0.05;0
107;air_base;2634.08;15.27;763.68;2.50;0
107;anti_air_building;2633.14;15.27;763.99;4.16;0
107;synthetic_refinery;2632.17;15.27;763.82;3.55;0
107;fuel_silo;2631.40;15.27;763.20;1.69;0
107;radar_station;2631.02;15.27;762.28;3.03;0
107;rocket_site;2631.13;15.27;761.30;1.38;0
107;nuclear_reactor;2631.69;15.27;760.49;3.16;0
107;bunker;2632.58;15.27;760.04;2.13;0
107;supply_node;2633.57;15.27;760.08;0.36;0
108;arms_factory;2885.00;15.27;865.00;1.94;0
108;industrial_complex;2884.76;15.27;865.96;5.00;0
108;air_base;2884.08;15.27;866.68;4.08;0
108;anti_air_building;2883.14;15.27;866.99;0.57;0
108;synthetic_refinery;2882.17;15.27;866.82;3.70;0
108;fuel_silo;2881.40;15.27;866.20;5.36;0
108;radar_station;2881.02;15.27;865.28;1.98;0
108;rocket_site;2881.13;15.27;864.30;2.25;0
108;nuclear_reactor;2881.69;15.27;863.49;0.52;0
108;bunker;2882.58;15.27;863.04;1.57;0
108;supply_node;2883.57;15.27;863.08;4.42;0
109;arms_factory;2270.00;15.82;351.00;4.37;0
109;industrial_complex;2269.76;15.76;351.96;2.57;0
109;air_base;2269.08;15.70;352.68;6.18;0
109;anti_air_building;2268.14;15.70;352.99;3.83;0
109;synthetic_refinery;2267.17;15.70;352.82;1.48;0
109;fuel_silo;2266.40;15.64;352.20;2.92;0
109;radar_station;2266.02;15.64;351.28;2.40;0
109;rocket_site;2266.13;15.70;350.30;4.28;0
109;nuclear_reactor;2266.69;15.70;349.49;2.88;0
109;bunker;2267.58;15.76;349.04;0.86;0
109;supply_node;2268.57;15.82;349.08;2.30;0
110;arms_factory;2328.00;15.46;533.00;5.51;0
110;industrial_complex;2327.76;15.46;533.96;2.83;0
110;air_base;2327.08;15.46;534.68;0.52;0
110;anti_air_building;2326.14;15.52;534.99;2.07;0
110;synthetic_refinery;2325.17;15.52;534.82;0.65;0
110;fuel_silo;2324.40;15.52;534.20;0.87;0
110;radar_station;2324.02;15.46;533.28;3.12;0
110;rocket_site;2324.13;15.46;532.30;5.53;0
110;nuclear_reactor;2324.69;15.46;531.49;1.97;0
110;bunker;2325.58;15.46;531.04;2.07;0
110;supply_node;2326.57;15.52;531.08;1.83;0
111;arms_factory;2522.00;15.34;1159.00;5.29;0
111;industrial_complex;2521.76;15.34;1159.96;3.58;0
111;air_base;2521.08;15.34;1160.68;3.32;0
111;anti_air_building;2520.14;15.27;1160.99;0.94;0
111;synthetic_refinery;2519.17;15.27;1160.82;1.79;0
111;fuel_silo;2518.40;15.27;1160.20;5.91;0
111;radar_station;2518.02;15.27;1159.28;2.84;0
111;rocket_site;2518.13;15.27;1158.30;1.79;0
111;nuclear_reactor;2518.69;15.27;1157.49;2.58;0
111;bunker;2519.58;15.34;1157.04;1.01;0
111;supply_node;2520.57;15.34;1157.08;6.26;0
112;arms_factory;2409.00;17.22;380.00;3.73;0
112;industrial_complex;2408.76;17.28;380.96;5.59;0
112;air_base;2408.08;17.28;381.68;5.53;0
112;anti_air_building;2407.14;17.40;381.99;2.15;0
112;synthetic_refinery;2406.17;17.22;381.82;4.63;0
112;fuel_silo;2405.40;17.10;381.20;2.60;0
112;radar_station;2405.02;17.28;380.28;5.48;0
112;rocket_site;2405.13;17.34;379.30;3.16;0
112;nuclear_reactor;2405.69;17.28;378.49;4.25;0
112;bunker;2406.58;17.16;378.04;3.31;0
112;supply_node;2407.57;17.16;378.08;6.25;0
113;arms_factory;2696.00;15.40;772.00;4.70;0
113;industrial_complex;2695.76;15.40;772.96;1.36;0
113;air_base;2695.08;15.40;773.68;5.81;0
113;anti_air_building;2694.14;15.40;773.99;2.83;0
113;synthetic_refinery;2693.17;15.40;773.82;5.66;0
113;fuel_silo;2692.40;15.40;773.20;1.98;0
113;radar_station;2692.02;15.40;772.28;6.16;0
113;rocket_site;2692.13;15.40;771.30;2.96;0
113;nuclear_reactor;2692.69;15.40;770.49;0.32;0
113;bunker;2693.58;15.40;770.04;0.84;0
113;supply_node;2694.57;15.40;770.08;1.80;0
114;arms_factory;2536.00;16.00;187.00;5.27;0
114;industrial_complex;2535.76;15.94;187.96;1.16;0
114;air_base;2535.08;15.88;188.68;5.18;0
114;anti_air_building;2534.14;15.88;188.99;0.94;0
114;synthetic_refinery;2533.17;15.94;188.82;0.19;0
114;fuel_silo;2532.40;15.88;188.20;3.86;0
114;radar_station;2532.02;15.88;187.28;5.01;0
114;rocket_site;2532.13;15.82;186.30;3.27;0
114;nuclear_reactor;2532.69;15.88;185.49;5.48;0
114;bunker;2533.58;15.88;185.04;5.58;0
114;supply_node;2534.57;16.00;185.08;1.03;0
115;arms_factory;2584.00;15.46;890.00;1.97;0
115;industrial_complex;2583.76;15.40;890.96;0.46;0
115;air_base;2583.08;15.40;891.68;1.08;0
115;anti_air_building;2582.14;15.40;891.99;1.54;0
115;synthetic_refinery;2581.17;15.34;891.82;2.98;0
115;fuel_silo;2580.40;15.34;891.20;2.47;0
115;radar_station;2580.02;15.40;890.28;5.33;0
115;rocket_site;2580.13;15.40;889.30;5.22;0
115;nuclear_reactor;2580.69;15.40;888.49;3.31;0
115;bunker;2581.58;15.40;888.04;6.01;0
115;supply_node;2582.57;15.40;888.08;5.52;0
116;arms_factory;2597.00;15.15;1087.00;0.81;0
116;industrial_complex;2596.76;15.27;1087.96;4.28;0
116;air_base;2596.08;15.27;1088.68;4.69;0
116;anti_air_building;2595.14;15.27;1088.99;5.21;0
116;synthetic_refinery;2594.17;15.27;1088.82;5.93;0
116;fuel_silo;2593.40;15.27;1088.20;5.70;0
116;radar_station;2593.02;15.27;1087.28;5.64;0
116;rocket_site;2593.13;15.27;1086.30;4.16;0
116;nuclear_reactor;2593.69;15.27;1085.49;2.34;0
116;bunker;2594.58;15.27;1085.04;5.21;0
116;supply_node;2595.57;15.27;1085.08;3.83;0
117;arms_factory;2791.00;15.64;333.00;1.37;0
117;industrial_complex;2790.76;15.64;333.96;4.17;0
117;air_base;2790.08;15.64;334.68;0.30;0
117;anti_air_building;2789.14;15.58;334.99;0.85;0
117;synthetic_refinery;2788.17;15.58;334.82;3.31;0
117;fuel_silo;2787.40;15.52;334.20;2.79;0
117;radar_station;2787.02;15.58;333.28;5.04;0
117;rocket_site;2787.13;15.52;332.30;0.31;0
117;nuclear_reactor;2787.69;15.58;331.49;3.35;0
117;bunker;2788.58;15.58;331.04;3.62;0
117;supply_node;2789.57;15.58;331.08;6.14;0
118;arms_factory;2718.00;15.34;411.00;5.44;0
118;industrial_complex;2717.76;15.34;411.96;3.89;0
118;air_base;2717.08;15.34;412.68;3.63;0
118;anti_air_building;2716.14;15.34;412.99;4.50;0
118;synthetic_refinery;2715.17;15.34;412.82;0.28;0
118;fuel_silo;2714.40;15.27;412.20;2.84;0
118;radar_station;2714.02;15.34;411.28;0.46;0
118;rocket_site;2714.13;15.34;410.30;4.31;0
118;nuclear_reactor;2714.69;15.34;409.49;0.28;0
118;bunker;2715.58;15.34;409.04;5.33;0
118;supply_node;2716.57;15.34;409.08;4.15;0
119;arms_factory;2770.00;15.34;67.00;2.11;0
119;industrial_complex;2769.76;15.40;67.96;5.99;0
119;air_base;2769.08;15.40;68.68;4.83;0
119;anti_air_building;2768.14;15.46;68.99;1.02;0
119;synthetic_refinery;2767.17;15.46;68.82;4.83;0
119;fuel_silo;2766.40;15.46;68.20;5.45;0
119;radar_station;2766.02;15.46;67.28;3.84;0
119;rocket_site;2766.13;15.46;66.30;1.79;0
119;nuclear_reactor;2766.69;15.46;65.49;1.80;0
119;bunker;2767.58;15.40;65.04;1.98;0
119;supply_node;2768.57;15.40;65.08;3.27;0
120;arms_factory;2678.00;15.27;391.00;0.68;0
120;industrial_complex;2677.76;15.27;391.96;6.18;0
120;air_base;2677.08;15.27;392.68;0.19;0
120;anti_air_building;2676.14;15.27;392.99;4.20;0
120;synthetic_refinery;2675.17;15.27;392.82;2.96;0
120;fuel_silo;2674.40;15.27;392.20;2.42;0
120;radar_station;2674.02;15.27;391.28;3.13;0
120;rocket_site;2674.13;15.27;390.30;2.66;0
120;nuclear_reactor;2674.69;15.27;389.49;3.63;0
120;bunker;2675.58;15.27;389.04;0.18;0
120;supply_node;2676.57;15.27;389.08;3.06;0
121;arms_factory;2797.00;15.40;167.00;2.14;0
121;industrial_complex;2796.76;15.40;167.96;1.78;0
121;air_base;2796.08;15.40;168.68;4.16;0
121;anti_air_building;2795.14;15.46;168.99;0.47;0
121;synthetic_refinery;2794.17;15.46;168.82;3.76;0
121;fuel_silo;2793.40;15.46;168.20;2.72;0
121;radar_station;2793.02;15.46;167.28;2.38;0
121;rocket_site;2793.13;15.46;166.30;5.28;0
121;nuclear_reactor;2793.69;15.46;165.49;2.72;0
121;bunker;2794.58;15.46;165.04;1.04;0
121;supply_node;2795.57;15.46;165.08;2.92;0
122;arms_factory;2688.00;15.34;746.00;3.24;0
122;industrial_complex;2687.76;15.34;746.96;6.24;0
122;air_base;2687.08;15.34;747.68;1.52;0
122;anti_air_building;2686.14;15.34;747.99;2.35;0
122;synthetic_refinery;2685.17;15.34;747.82;1.81;0
122;fuel_silo;2684.40;15.34;747.20;1.44;0
122;radar_station;2684.02;15.34;746.28;0.35;0
122;rocket_site;2684.13;15.34;745.30;2.67;0
122;nuclear_reactor;2684.69;15.34;744.49;2.41;0
122;bunker;2685.58;15.34;744.04;0.35;0
122;supply_node;2686.57;15.34;744.08;2.93;0
123;arms_factory;2311.00;15.34;678.00;3.19;0
123;industrial_complex;2310.76;15.34;678.96;3.56;0
123;air_base;2310.08;15.34;679.68;5.21;0
123;anti_air_building;2309.14;15.34;679.99;5.44;0
123;synthetic_refinery;2308.17;15.34;679.82;0.12;0
123;fuel_silo;2307.40;15.34;679.20;5.46;0
123;radar_station;2307.02;15.34;678.28;3.81;0
123;rocket_site;2307.13;15.34;677.30;0.36;0
123;nuclear_reactor;2307.69;15.34;676.49;3.53;0
123;bunker;2308.58;15.34;676.04;4.94;0
123;supply_node;2309.57;15.34;676.08;2.07;0
124;arms_factory;2522.00;15.34;1099.00;5.07;0
124;industrial_complex;2521.76;15.34;1099.96;3.96;0
124;air_base;2521.08;15.34;1100.68;2.77;0
124;anti_air_building;2520.14;15.34;1100.99;5.64;0
124;synthetic_refinery;2519.17;15.34;1100.82;2.80;0
124;fuel_silo;2518.40;15.34;1100.20;5.44;0
124;radar_station;2518.02;15.34;1099.28;5.27;0
124;rocket_site;2518.13;15.40;1098.30;4.22;0
124;nuclear_reactor;2518.69;15.40;1097.49;1.59;0
124;bunker;2519.58;15.40;1097.04;2.74;0
124;supply_node;2520.57;15.34;1097.08;5.03;0
125;arms_factory;2272.00;16.31;122.00;1.58;0
125;industrial_complex;2271.76;16.25;122.96;6.22;0
125;air_base;2271.08;16.25;123.68;0.37;0
125;anti_air_building;2270.14;16.25;123.99;4.98;0
125;synthetic_refinery;2269.17;16.25;123.82;1.75;0
125;fuel_silo;2268.40;16.19;123.20;3.14;0
125;radar_station;2268.02;16.19;122.28;1.40;0
125;rocket_site;2268.13;16.19;121.30;3.60;0
125;nuclear_reactor;2268.69;16.06;120.49;2.91;0
125;bunker;2269.58;16.19;120.04;1.22;0
125;supply_node;2270.57;16.19;120.08;2.09;0
126;arms_factory;2978.00;15.34;725.00;1.52;0
126;industrial_complex;2977.76;15.40;725.96;2.36;0
126;air_base;2977.08;15.40;726.68;1.19;0
126;anti_air_building;2976.14;15.40;726.99;6.21;0
126;synthetic_refinery;2975.17;15.40;726.82;1.02;0
126;fuel_silo;2974.40;15.46;726.20;0.16;0
126;radar_station;2974.02;15.46;725.28;0.15;0
126;rocket_site;2974.13;15.40;724.30;3.82;0
126;nuclear_reactor;2974.69;15.40;723.49;2.52;0
126;bunker;2975.58;15.40;723.04;1.15;0
126;supply_node;2976.57;15.34;723.08;5.07;0
127;arms_factory;2359.00;15.46;656.00;2.53;0
127;industrial_complex;2358.76;15.46;656.96;4.32;0
127;air_base;2358.08;15.46;657.68;4.92;0
127;anti_air_building;2357.14;15.46;657.99;4.15;0
127;synthetic_refinery;2356.17;15.46;657.82;2.23;0
127;fuel_silo;2355.40;15.46;657.20;0.58;0
127;radar_station;2355.02;15.46;656.28;0.89;0
127;rocket_site;2355.13;15.46;655.30;5.80;0
127;nuclear_reactor;2355.69;15.46;654.49;3.91;0
127;bunker;2356.58;15.46;654.04;1.73;0
127;supply_node;2357.57;15.46;654.08;0.86;0
128;arms_factory;2452.00;19.23;457.00;5.50;0
128;industrial_complex;2451.76;18.92;457.96;2.49;0
128;air_base;2451.08;18.98;458.68;3.81;0
128;anti_air_building;2450.14;18.80;458.99;4.11;0
128;synthetic_refinery;2449.17;18.80;458.82;3.77;0
128;fuel_silo;2448.40;18.86;458.20;1.69;0
128;radar_station;2448.02;18.62;457.28;1.73;0
128;rocket_site;2448.13;18.37;456.30;6.22;0
128;nuclear_reactor;2448.69;18.44;455.49;1.34;0
128;bunker;2449.58;18.62;455.04;3.74;0
128;supply_node;2450.57;18.62;455.08;4.85;0
129;arms_factory;2684.00;15.88;889.00;3.83;0
129;industrial_complex;2683.76;15.88;889.96;5.91;0
129;air_base;2683.08;15.94;890.68;3.63;0
129;anti_air_building;2682.14;16.00;890.99;4.45;0
129;synthetic_refinery;2681.17;16.06;890.82;0.67;0
129;fuel_silo;2680.40;16.19;890.20;1.00;0
129;radar_station;2680.02;16.13;889.28;5.50;0
129;rocket_site;2680.13;16.19;888.30;1.11;0
129;nuclear_reactor;2680.69;16.06;887.49;0.51;0
129;bunker;2681.58;16.00;887.04;4.13;0
129;supply_node;2682.57;16.00;887.08;5.37;0
130;arms_factory;2587.00;15.52;161.00;3.56;0
130;industrial_complex;2586.76;15.52;161.96;1.41;0
130;air_base;2586.08;15.58;162.68;3.12;0
130;anti_air_building;2585.14;15.52;162.99;0.34;0
130;synthetic_refinery;2584.17;15.58;162.82;1.35;0
130;fuel_silo;2583.40;15.58;162.20;1.60;0
130;radar_station;2583.02;15.64;161.28;2.56;0
130;rocket_site;2583.13;15.58;160.30;0.34;0
130;nuclear_reactor;2583.69;15.58;159.49;5.26;0
130;bunker;2584.58;15.58;159.04;4.86;0
130;supply_node;2585.57;15.52;159.08;6.11;0
131;arms_factory;2779.00;15.27;694.00;3.99;0
131;industrial_complex;2778.76;15.27;694.96;1.56;0
131;air_base;2778.08;15.27;695.68;2.52;0
131;anti_air_building;2777.14;15.27;695.99;2.18;0
131;synthetic_refinery;2776.17;15.27;695.82;5.77;0
131;fuel_silo;2775.40;15.27;695.20;5.43;0
131;radar_station;2775.02;15.27;694.28;5.09;0
131;rocket_site;2775.13;15.27;693.30;4.42;0
131;nuclear_reactor;2775.69;15.27;692.49;1.92;0
131;bunker;2776.58;15.27;692.04;1.63;0
131;supply_node;2777.57;15.27;692.08;5.82;0
132;arms_factory;2495.00;15.34;915.00;3.45;0
132;industrial_complex;2494.76;15.34;915.96;4.04;0
132;air_base;2494.08;15.34;916.68;2.70;0
132;anti_air_building;2493.14;15.34;916.99;5.40;0
132;synthetic_refinery;2492.17;15.34;916.82;1.65;0
132;fuel_silo;2491.40;15.40;916.20;4.05;0
132;radar_station;2491.02;15.40;915.28;5.22;0
132;rocket_site;2491.13;15.40;914.30;2.41;0
132;nuclear_reactor;2491.69;15.40;913.49;1.21;0
132;bunker;2492.58;15.40;913.04;1.86;0
132;supply_node;2493.57;15.34;913.08;2.33;0
133;arms_factory;2357.00;16.00;410.00;3.32;0
133;industrial_complex;2356.76;15.94;410.96;5.62;0
133;air_base;2356.08;16.00;411.68;4.60;0
133;anti_air_building;2355.14;15.94;411.99;4.19;0
133;synthetic_refinery;2354.17;15.94;411.82;5.86;0
133;fuel_silo;2353.40;16.00;411.20;0.07;0
133;radar_station;2353.02;16.00;410.28;4.37;0
133;rocket_site;2353.13;16.00;409.30;6.26;0
133;nuclear_reactor;2353.69;16.00;408.49;5.29;0
133;bunker;2354.58;16.06;408.04;3.32;0
133;supply_node;2355.57;16.06;408.08;1.50;0
134;arms_factory;2471.00;17.22;383.00;2.48;0
134;industrial_complex;2470.76;17.16;383.96;3.76;0
134;air_base;2470.08;17.46;384.68;1.14;0
134;anti_air_building;2469.14;17.65;384.99;5.00;0
134;synthetic_refinery;2468.17;17.89;384.82;1.56;0
134;fuel_silo;2467.40;17.89;384.20;4.45;0
134;radar_station;2467.02;17.65;383.28;1.49;0
134;rocket_site;2467.13;17.34;382.30;1.79;0
134;nuclear_reactor;2467.69;17.10;381.49;4.89;0
134;bunker;2468.58;17.10;381.04;4.03;0
134;supply_node;2469.57;16.92;381.08;3.73;0
135;arms_factory;2718.00;15.46;329.00;1.72;0
135;industrial_complex;2717.76;15.40;329.96;2.65;0
135;air_base;2717.08;15.46;330.68;1.72;0
135;anti_air_building;2716.14;15.46;330.99;5.62;0
135;synthetic_refinery;2715.17;15.40;330.82;4.05;0
135;fuel_silo;2714.40;15.40;330.20;0.68;0
135;radar_station;2714.02;15.40;329.28;4.86;0
135;rocket_site;2714.13;15.34;328.30;2.29;0
135;nuclear_reactor;2714.69;15.34;327.49;3.25;0
135;bunker;2715.58;15.34;327.04;6.25;0
135;supply_node;2716.57;15.34;327.08;0.68;0
136;arms_factory;2579.00;15.52;620.00;4.85;0
136;industrial_complex;2578.76;15.52;620.96;5.90;0
136;air_base;2578.08;15.52;621.68;1.28;0
136;anti_air_building;2577.14;15.52;621.99;4.72;0
136;synthetic_refinery;2576.17;15.52;621.82;3.75;0
136;fuel_silo;2575.40;15.52;621.20;3.72;0
136;radar_station;2575.02;15.52;620.28;2.93;0
136;rocket_site;2575.13;15.52;619.30;3.30;0
136;nuclear_reactor;2575.69;15.52;618.49;4.81;0
136;bunker;2576.58;15.52;618.04;1.37;0
136;supply_node;2577.57;15.52;618.08;4.97;0
137;arms_factory;2609.00;15.27;342.00;2.26;0
137;industrial_complex;2608.76;15.27;342.96;1.88;0
137;air_base;2608.08;15.27;343.68;0.63;0
137;anti_air_building;2607.14;15.27;343.99;3.83;0
137;synthetic_refinery;2606.17;15.27;343.82;5.95;0
137;fuel_silo;2605.40;15.27;343.20;2.95;0
137;radar_station;2605.02;15.27;342.28;4.16;0
137;rocket_site;2605.13;15.27;341.30;4.95;0
137;nuclear_reactor;2605.69;15.27;340.49;4.35;0
137;bunker;2606.58;15.27;340.04;1.13;0
137;supply_node;2607.57;15.27;340.08;1.15;0
138;arms_factory;2652.00;15.64;184.00;3.39;0
138;industrial_complex;2651.76;15.58;184.96;2.03;0
138;air_base;2651.08;15.58;185.68;2.56;0
138;anti_air_building;2650.14;15.58;185.99;3.21;0
138;synthetic_refinery;2649.17;15.58;185.82;2.02;0
138;fuel_silo;2648.40;15.64;185.20;1.52;0
138;radar_station;2648.02;15.58;184.28;4.00;0
138;rocket_site;2648.13;15.58;183.30;0.43;0
138;nuclear_reactor;2648.69;15.58;182.49;3.52;0
138;bunker;2649.58;15.58;182.04;4.50;0
138;supply_node;2650.57;15.52;182.08;0.91;0
139;arms_factory;2926.00;15.27;687.00;3.65;0
139;industrial_complex;2925.76;15.27;687.96;5.12;0
139;air_base;2925.08;15.27;688.68;4.86;0
139;anti_air_building;2924.14;15.27;688.99;5.01;0
139;synthetic_refinery;2923.17;15.27;688.82;2.44;0
139;fuel_silo;2922.40;15.27;688.20;0.42;0
139;radar_station;2922.02;15.27;687.28;1.41;0
139;rocket_site;2922.13;15.27;686.30;4.30;0
139;nuclear_reactor;2922.69;15.27;685.49;5.99;0
139;bunker;2923.58;15.27;685.04;0.17;0
139;supply_node;2924.57;15.27;685.08;5.30;0
140;arms_factory;2843.00;15.34;849.00;2.13;0
140;industrial_complex;2842.76;15.34;849.96;2.95;0
140;air_base;2842.08;15.34;850.68;2.03;0
140;anti_air_building;2841.14;15.34;850.99;2.72;0
140;synthetic_refinery;2840.17;15.34;850.82;3.53;0
140;fuel_silo;2839.40;15.34;850.20;1.53;0
140;radar_station;2839.02;15.34;849.28;5.01;0
140;rocket_site;2839.13;15.34;848.30;3.17;0
140;nuclear_reactor;2839.69;15.34;847.49;0.56;0
140;bunker;2840.58;15.34;847.04;3.72;0
140;supply_node;2841.57;15.34;847.08;5.07;0
141;arms_factory;2641.00;15.94;230.00;2.82;0
141;industrial_complex;2640.76;15.94;230.96;6.27;0
141;air_base;2640.08;16.00;231.68;4.53;0
141;anti_air_building;2639.14;15.94;231.99;0.97;0
141;synthetic_refinery;2638.17;15.94;231.82;3.19;0
141;fuel_silo;2637.40;15.82;231.20;5.97;0
141;radar_station;2637.02;15.82;230.28;4.27;0
141;rocket_site;2637.13;15.88;229.30;5.22;0
141;nuclear_reactor;2637.69;15.82;228.49;0.35;0
141;bunker;2638.58;15.88;228.04;3.28;0
141;supply_node;2639.57;15.82;228.08;0.79;0
142;arms_factory;2766.00;15.27;267.00;3.95;0
142;industrial_complex;2765.76;15.27;267.96;6.03;0
142;air_base;2765.08;15.27;268.68;5.14;0
142;anti_air_building;2764.14;15.27;268.99;0.42;0
142;synthetic_refinery;2763.17;15.27;268.82;5.68;0
142;fuel_silo;2762.40;15.27;268.20;3.80;0
142;radar_station;2762.02;15.27;267.28;0.56;0
142;rocket_site;2762.13;15.27;266.30;4.30;0
142;nuclear_reactor;2762.69;15.27;265.49;6.07;0
142;bunker;2763.58;15.27;265.04;5.27;0
142;supply_node;2764.57;15.27;265.08;5.71;0
143;arms_factory;2266.00;15.76;492.00;4.10;0
143;industrial_complex;2265.76;15.82;492.96;2.14;0
143;air_base;2265.08;15.82;493.68;2.25;0
143;anti_air_building;2264.14;15.94;493.99;1.76;0
143;synthetic_refinery;2263.17;16.00;493.82;4.91;0
143;fuel_silo;2262.40;16.00;493.20;4.63;0
143;radar_station;2262.02;15.94;492.28;0.46;0
143;rocket_site;2262.13;15.94;491.30;5.07;0
143;nuclear_reactor;2262.69;15.88;490.49;0.64;0
143;bunker;2263.58;15.82;490.04;5.59;0
143;supply_node;2264.57;15.82;490.08;1.61;0
144;arms_factory;2455.00;15.27;1160.00;1.67;0
144;industrial_complex;2454.76;15.27;1160.96;0.22;0
144;air_base;2454.08;15.27;1161.68;4.50;0
144;anti_air_building;2453.14;15.27;1161.99;6.21;0
144;synthetic_refinery;2452.17;15.27;1161.82;4.49;0
144;fuel_silo;2451.40;15.27;1161.20;3.53;0
144;radar_station;2451.02;15.27;1160.28;4.45;0
144;rocket_site;2451.13;15.27;1159.30;4.36;0
144;nuclear_reactor;2451.69;15.27;1158.49;6.14;0
144;bunker;2452.58;15.27;1158.04;3.83;0
144;supply_node;2453.57;15.27;1158.08;5.99;0
145;arms_factory;2375.00;15.34;662.00;2.12;0
145;industrial_complex;2374.76;15.34;662.96;2.30;0
145;air_base;2374.08;15.34;663.68;5.38;0
145;anti_air_building;2373.14;15.34;663.99;1.00;0
145;synthetic_refinery;2372.17;15.34;663.82;3.18;0
145;fuel_silo;2371.40;15.34;663.20;6.10;0
145;radar_station;2371.02;15.34;662.28;5.14;0
145;rocket_site;2371.13;15.40;661.30;3.09;0
145;nuclear_reactor;2371.69;15.40;660.49;3.30;0
145;bunker;2372.58;15.40;660.04;0.70;0
145;supply_node;2373.57;15.40;660.08;2.00;0
146;arms_factory;2564.00;15.27;1045.00;5.56;0
146;industrial_complex;2563.76;15.27;1045.96;4.56;0
146;air_base;2563.08;15.27;1046.68;2.28;0
146;anti_air_building;2562.14;15.27;1046.99;4.21;0
146;synthetic_refinery;2561.17;15.27;1046.82;5.20;0
146;fuel_silo;2560.40;15.27;1046.20;2.98;0
146;radar_station;2560.02;15.27;1045.28;1.47;0
146;rocket_site;2560.13;15.27;1044.30;3.54;0
146;nuclear_reactor;2560.69;15.27;1043.49;1.26;0
146;bunker;2561.58;15.27;1043.04;1.52;0
146;supply_node;2562.57;15.27;1043.08;2.84;0
147;arms_factory;2535.00;15.46;770.00;5.62;0
147;industrial_complex;2534.76;15.46;770.96;2.08;0
147;air_base;2534.08;15.46;771.68;3.78;0
147;anti_air_building;2533.14;15.52;771.99;4.42;0
147;synthetic_refinery;2532.17;15.52;771.82;5.49;0
147;fuel_silo;2531.40;15.58;771.20;1.57;0
147;radar_station;2531.02;15.58;770.28;4.28;0
147;rocket_site;2531.13;15.58;769.30;4.73;0
147;nuclear_reactor;2531.69;15.58;768.49;3.33;0
147;bunker;2532.58;15.58;768.04;3.69;0
147;supply_node;2533.57;15.52;768.08;1.46;0
148;arms_factory;2893.00;15.27;833.00;4.17;0
148;industrial_complex;2892.76;15.27;833.96;0.11;0
148;air_base;2892.08;15.27;834.68;2.06;0
148;anti_air_building;2891.14;15.27;834.99;0.75;0
148;synthetic_refinery;2890.17;15.27;834.82;4.48;0
148;fuel_silo;2889.40;15.27;834.20;0.81;0
148;radar_station;2889.02;15.27;833.28;3.13;0
148;rocket_site;2889.13;15.27;832.30;3.76;0
148;nuclear_reactor;2889.69;15.27;831.49;4.93;0
148;bunker;2890.58;15.27;831.04;5.84;0
148;supply_node;2891.57;15.27;831.08;0.34;0
149;arms_factory;2462.00;15.52;281.00;3.85;0
149;industrial_complex;2461.76;15.52;281.96;3.69;0
149;air_base;2461.08;15.52;282.68;0.29;0
149;anti_air_building;2460.14;15.52;282.99;3.60;0
149;synthetic_refinery;2459.17;15.52;282.82;6.13;0
149;fuel_silo;2458.40;15.58;282.20;2.81;0
149;radar_station;2458.02;15.58;281.28;3.66;0
149;rocket_site;2458.13;15.58;280.30;6.17;0
149;nuclear_reactor;2458.69;15.58;279.49;6.25;0
149;bunker;2459.58;15.52;279.04;5.91;0
149;supply_node;2460.57;15.52;279.08;3.43;0
150;arms_factory;2794.00;15.27;936.00;0.94;0
150;industrial_complex;2793.76;15.27;936.96;0.68;0
150;air_base;2793.08;15.27;937.68;2.61;0
150;anti_air_building;2792.14;15.27;937.99;1.57;0
150;synthetic_refinery;2791.17;15.27;937.82;5.94;0
150;fuel_silo;2790.40;15.27;937.20;3.95;0
150;radar_station;2790.02;15.27;936.28;5.98;0
150;rocket_site;2790.13;15.27;935.30;1.46;0
150;nuclear_reactor;2790.69;15.27;934.49;5.60;0
150;bunker;2791.58;15.27;934.04;0.99;0
150;supply_node;2792.57;15.27;934.08;3.88;0
151;arms_factory;2502.00;15.27;717.00;1.30;0
151;industrial_complex;2501.76;15.27;717.96;0.65;0
151;air_base;2501.08;15.27;718.68;2.12;0
151;anti_air_building;2500.14;15.27;718.99;0.90;0
151;synthetic_refinery;2499.17;15.27;718.82;3.98;0
151;fuel_silo;2498.40;15.27;718.20;1.06;0
151;radar_station;2498.02;15.27;717.28;5.28;0
151;rocket_site;2498.13;15.27;716.30;4.31;0
151;nuclear_reactor;2498.69;15.27;715.49;4.30;0
151;bunker;2499.58;15.27;715.04;2.13;0
151;supply_node;2500.57;15.27;715.08;6.24;0
152;arms_factory;2621.00;15.27;356.00;5.82;0
152;industrial_complex;2620.76;15.27;356.96;1.27;0
152;air_base;2620.08;15.27;357.68;3.66;0
152;anti_air_building;2619.14;15.27;357.99;1.58;0
152;synthetic_refinery;2618.17;15.27;357.82;3.23;0
152;fuel_silo;2617.40;15.27;357.20;5.45;0
152;radar_station;2617.02;15.27;356.28;0.63;0
152;rocket_site;2617.13;15.27;355.30;5.53;0
152;nuclear_reactor;2617.69;15.27;354.49;6.11;0
152;bunker;2618.58;15.27;354.04;6.02;0
152;supply_node;2619.57;15.27;354.08;1.54;0
153;arms_factory;2772.00;15.40;172.00;1.67;0
153;industrial_complex;2771.76;15.40;172.96;2.48;0
153;air_base;2771.08;15.40;173.68;0.26;0
153;anti_air_building;2770.14;15.40;173.99;2.92;0
153;synthetic_refinery;2769.17;15.40;173.82;4.43;0
153;fuel_silo;2768.40;15.40;173.20;0.28;0
153;radar_station;2768.02;15.40;172.28;2.83;0
153;rocket_site;2768.13;15.40;171.30;5.11;0
153;nuclear_reactor;2768.69;15.40;170.49;3.50;0
153;bunker;2769.58;15.40;170.04;3.68;0
153;supply_node;2770.57;15.40;170.08;0.42;0
154;arms_factory;2535.00;15.52;119.00;3.33;0
154;industrial_complex;2534.76;15.58;119.96;4.88;0
154;air_base;2534.08;15.64;120.68;2.97;0
154;anti_air_building;2533.14;15.64;120.99;2.21;0
154;synthetic_refinery;2532.17;15.64;120.82;0.23;0
154;fuel_silo;2531.40;15.64;120.20;5.35;0
154;radar_station;2531.02;15.58;119.28;3.71;0
154;rocket_site;2531.13;15.64;118.30;4.36;0
154;nuclear_reactor;2531.69;15.58;117.49;2.71;0
154;bunker;2532.58;15.58;117.04;2.70;0
154;supply_node;2533.57;15.58;117.08;5.23;0
155;arms_factory;2929.00;15.27;661.00;3.04;0
155;industrial_complex;2928.76;15.27;661.96;2.01;0
155;air_base;2928.08;15.27;662.68;2.58;0
155;anti_air_building;2927.14;15.27;662.99;3.38;0
155;synthetic_refinery;2926.17;15.27;662.82;1.80;0
155;fuel_silo;2925.40;15.27;662.20;3.29;0
155;radar_station;2925.02;15.27;661.28;4.43;0
155;rocket_site;2925.13;15.27;660.30;4.45;0
155;nuclear_reactor;2925.69;15.27;659.49;0.66;0
155;bunker;2926.58;15.27;659.04;0.98;0
155;supply_node;2927.57;15.27;659.08;4.47;0
156;arms_factory;2415.00;15.27;689.00;3.63;0
156;industrial_complex;2414.76;15.27;689.96;0.89;0
156;air_base;2414.08;15.27;690.68;6.08;0
156;anti_air_building;2413.14;15.27;690.99;5.53;0
156;synthetic_refinery;2412.17;15.27;690.82;3.21;0
156;fuel_silo;2411.40;15.27;690.20;4.44;0
156;radar_station;2411.02;15.27;689.28;5.21;0
156;rocket_site;2411.13;15.27;688.30;0.50;0
156;nuclear_reactor;2411.69;15.27;687.49;3.02;0
156;bunker;2412.58;15.27;687.04;4.51;0
156;supply_node;2413.57;15.27;687.08;1.08;0
157;arms_factory;2748.00;15.34;311.00;0.76;0
157;industrial_complex;2747.76;15.34;311.96;2.41;0
157;air_base;2747.08;15.34;312.68;3.06;0
157;anti_air_building;2746.14;15.27;312.99;3.57;0
157;synthetic_refinery;2745.17;15.27;312.82;0.29;0
157;fuel_silo;2744.40;15.27;312.20;4.80;0
157;radar_station;2744.02;15.34;311.28;2.65;0
157;rocket_site;2744.13;15.34;310.30;5.79;0
157;nuclear_reactor;2744.69;15.34;309.49;5.56;0
157;bunker;2745.58;15.34;309.04;1.61;0
157;supply_node;2746.57;15.34;309.08;2.70;0
158;arms_factory;2867.00;15.27;695.00;4.82;0
158;industrial_complex;2866.76;15.27;695.96;3.74;0
158;air_base;2866.08;15.27;696.68;5.14;0
158;anti_air_building;2865.14;15.27;696.99;6.10;0
158;synthetic_refinery;2864.17;15.27;696.82;0.38;0
158;fuel_silo;2863.40;15.27;696.20;4.93;0
158;radar_station;2863.02;15.27;695.28;3.82;0
158;rocket_site;2863.13;15.27;694.30;1.21;0
158;nuclear_reactor;2863.69;15.27;693.49;0.79;0
158;bunker;2864.58;15.27;693.04;0.84;0
158;supply_node;2865.57;15.27;693.08;4.53;0
159;arms_factory;2422.00;15.58;972.00;4.97;0
159;industrial_complex;2421.76;15.64;972.96;0.02;0
159;air_base;2421.08;15.64;973.68;0.29;0
159;anti_air_building;2420.14;15.70;973.99;0.19;0
159;synthetic_refinery;2419.17;15.70;973.82;5.12;0
159;fuel_silo;2418.40;15.76;973.20;5.41;0
159;radar_station;2418.02;15.70;972.28;2.19;0
159;rocket_site;2418.13;15.76;971.30;3.94;0
159;nuclear_reactor;2418.69;15.82;970.49;4.99;0
159;bunker;2419.58;15.76;970.04;5.44;0
159;supply_node;2420.57;15.70;970.08;3.53;0
160;arms_factory;2294.00;16.79;319.00;5.33;0
160;industrial_complex;2293.76;16.73;319.96;4.79;0
160;air_base;2293.08;16.92;320.68;5.12;0
160;anti_air_building;2292.14;16.67;320.99;3.99;0
160;synthetic_refinery;2291.17;16.67;320.82;0.50;0
160;fuel_silo;2290.40;16.67;320.20;5.28;0
160;radar_station;2290.02;16.61;319.28;0.62;0
160;rocket_site;2290.13;16.49;318.30;3.52;0
160;nuclear_reactor;2290.69;16.43;317.49;2.31;0
160;bunker;2291.58;16.49;317.04;4.17;0
160;supply_node;2292.57;16.55;317.08;2.16;0
161;arms_factory;2451.00;16.49;336.00;4.83;0
161;industrial_complex;2450.76;16.43;336.96;1.14;0
161;air_base;2450.08;16.31;337.68;1.29;0
161;anti_air_building;2449.14;16.31;337.99;2.06;0
161;synthetic_refinery;2448.17;16.37;337.82;2.70;0
161;fuel_silo;2447.40;16.43;337.20;3.37;0
161;radar_station;2447.02;16.37;336.28;2.07;0
161;rocket_site;2447.13;16.31;335.30;2.27;0
161;nuclear_reactor;2447.69;16.37;334.49;4.42;0
161;bunker;2448.58;16.37;334.04;3.32;0
161;supply_node;2449.57;16.43;334.08;4.27;0
162;arms_factory;2372.00;15.27;733.00;2.82;0
162;industrial_complex;2371.76;15.27;733.96;0.49;0
162;air_base;2371.08;15.27;734.68;2.55;0
162;anti_air_building;2370.14;15.27;734.99;1.63;0
162;synthetic_refinery;2369.17;15.27;734.82;2.36;0
162;fuel_silo;2368.40;15.27;734.20;4.51;0
162;radar_station;2368.02;15.27;733.28;5.22;0
162;rocket_site;2368.13;15.27;732.30;4.88;0
162;nuclear_reactor;2368.69;15.27;731.49;4.88;0
162;bunker;2369.58;15.27;731.04;2.84;0
162;supply_node;2370.57;15.27;731.08;2.45;0
163;arms_factory;2232.00;15.52;269.00;1.99;0
163;industrial_complex;2231.76;15.58;269.96;2.87;0
163;air_base;2231.08;15.58;270.68;4.73;0
163;anti_air_building;2230.14;15.58;270.99;1.83;0
163;synthetic_refinery;2229.17;15.52;270.82;5.99;0
163;fuel_silo;2228.40;15.52;270.20;1.83;0
163;radar_station;2228.02;15.52;269.28;2.37;0
163;rocket_site;2228.13;15.52;268.30;1.68;0
163;nuclear_reactor;2228.69;15.52;267.49;1.65;0
163;bunker;2229.58;15.52;267.04;1.66;0
163;supply_node;2230.57;15.52;267.08;5.34;0
164;arms_factory;2631.00;15.52;896.00;1.77;0
164;industrial_complex;2630.76;15.52;896.96;2.00;0
164;air_base;2630.08;15.52;897.68;4.37;0
164;anti_air_building;2629.14;15.52;897.99;5.03;0
164;synthetic_refinery;2628.17;15.52;897.82;2.87;0
164;fuel_silo;2627.40;15.52;897.20;1.79;0
164;radar_station;2627.02;15.52;896.28;1.31;0
164;rocket_site;2627.13;15.46;895.30;5.44;0
164;nuclear_reactor;2627.69;15.46;894.49;1.33;0
164;bunker;2628.58;15.46;894.04;0.69;0
164;supply_node;2629.57;15.52;894.08;4.88;0
165;arms_factory;2540.00;17.16;897.00;4.55;0
165;industrial_complex;2539.76;17.10;897.96;3.11;0
165;air_base;2539.08;17.10;898.68;2.69;0
165;anti_air_building;2538.14;17.04;898.99;1.34;0
165;synthetic_refinery;2537.17;17.04;898.82;0.43;0
165;fuel_silo;2536.40;17.04;898.20;3.68;0
165;radar_station;2536.02;16.98;897.28;4.33;0
165;rocket_site;2536.13;16.79;896.30;0.18;0
165;nuclear_reactor;2536.69;16.79;895.49;5.29;0
165;bunker;2537.58;16.73;895.04;2.78;0
165;supply_node;2538.57;16.85;895.08;5.22;0
166;arms_factory;2519.00;15.27;814.00;3.81;0
166;industrial_complex;2518.76;15.27;814.96;5.23;0
166;air_base;2518.08;15.27;815.68;2.25;0
166;anti_air_building;2517.14;15.27;815.99;5.92;0
166;synthetic_refinery;2516.17;15.27;815.82;2.57;0
166;fuel_silo;2515.40;15.27;815.20;4.90;0
166;radar_station;2515.02;15.27;814.28;3.25;0
166;rocket_site;2515.13;15.27;813.30;5.24;0
166;nuclear_reactor;2515.69;15.27;812.49;5.45;0
166;bunker;2516.58;15.27;812.04;1.17;0
166;supply_node;2517.57;15.27;812.08;5.24;0
167;arms_factory;2727.00;15.27;1024.00;6.00;0
167;industrial_complex;2726.76;15.27;1024.96;6.10;0
167;air_base;2726.08;15.27;1025.68;2.35;0
167;anti_air_building;2725.14;15.27;1025.99;0.53;0
167;synthetic_refinery;2724.17;15.27;1025.82;0.56;0
167;fuel_silo;2723.40;15.27;1025.20;1.55;0
167;radar_station;2723.02;15.27;1024.28;5.37;0
167;rocket_site;2723.13;15.27;1023.30;1.97;0
167;nuclear_reactor;2723.69;15.27;1022.49;4.81;0
167;bunker;2724.58;15.27;1022.04;5.17;0
167;supply_node;2725.57;15.27;1022.08;4.02;0
168;arms_factory;2596.00;15.27;405.00;0.33;0
168;industrial_complex;2595.76;15.27;405.96;1.69;0
168;air_base;2595.08;15.27;406.68;1.24;0
168;anti_air_building;2594.14;15.27;406.99;3.54;0
168;synthetic_refinery;2593.17;15.27;406.82;5.76;0
168;fuel_silo;2592.40;15.27;406.20;4.76;0
168;radar_station;2592.02;15.27;405.28;2.75;0
168;rocket_site;2592.13;15.27;404.30;5.81;0
168;nuclear_reactor;2592.69;15.27;403.49;5.15;0
168;bunker;2593.58;15.27;403.04;3.95;0
168;supply_node;2594.57;15.27;403.08;2.32;0
169;arms_factory;2489.00;16.37;594.00;0.02;0
169;industrial_complex;2488.76;16.31;594.96;5.61;0
169;air_base;2488.08;16.31;595.68;0.88;0
169;anti_air_building;2487.14;16.31;595.99;6.11;0
169;synthetic_refinery;2486.17;16.37;595.82;2.92;0
169;fuel_silo;2485.40;16.43;595.20;5.64;0
169;radar_station;2485.02;16.49;594.28;5.94;0
169;rocket_site;2485.13;16.43;593.30;3.17;0
169;nuclear_reactor;2485.69;16.43;592.49;2.02;0
169;bunker;2486.58;16.37;592.04;0.96;0
169;supply_node;2487.57;16.49;592.08;6.03;0
170;arms_factory;2524.00;20.38;518.00;3.27;0
170;industrial_complex;2523.76;20.87;518.96;4.17;0
170;air_base;2523.08;20.56;519.68;2.52;0
170;anti_air_building;2522.14;20.75;519.99;4.98;0
170;synthetic_refinery;2521.17;20.87;519.82;3.18;0
170;fuel_silo;2520.40;20.93;519.20;1.59;0
170;radar_station;2520.02;21.41;518.28;2.78;0
170;rocket_site;2520.13;20.81;517.30;4.08;0
170;nuclear_reactor;2520.69;20.75;516.49;4.78;0
170;bunker;2521.58;20.75;516.04;5.83;0
170;supply_node;2522.57;21.11;516.08;5.23;0
171;arms_factory;2245.00;16.55;516.00;2.78;0
171;industrial_complex;2244.76;16.55;516.96;0.52;0
171;air_base;2244.08;16.31;517.68;0.95;0
171;anti_air_building;2243.14;16.37;517.99;3.34;0
171;synthetic_refinery;2242.17;16.37;517.82;6.10;0
171;fuel_silo;2241.40;16.37;517.20;3.59;0
171;radar_station;2241.02;16.43;516.28;5.93;0
171;rocket_site;2241.13;16.43;515.30;0.53;0
171;nuclear_reactor;2241.69;16.43;514.49;4.65;0
171;bunker;2242.58;16.43;514.04;5.75;0
171;supply_node;2243.57;16.43;514.08;0.16;0
172;arms_factory;2456.00;15.34;774.00;3.25;0
172;industrial_complex;2455.76;15.34;774.96;3.30;0
172;air_base;2455.08;15.34;775.68;1.47;0
172;anti_air_building;2454.14;15.34;775.99;2.84;0
172;synthetic_refinery;2453.17;15.34;775.82;2.17;0
172;fuel_silo;2452.40;15.34;775.20;5.67;0
172;radar_station;2452.02;15.40;774.28;2.48;0
172;rocket_site;2452.13;15.40;773.30;2.26;0
172;nuclear_reactor;2452.69;15.40;772.49;4.93;0
172;bunker;2453.58;15.40;772.04;6.04;0
172;supply_node;2454.57;15.34;772.08;6.07;0
173;arms_factory;2884.00;15.27;822.00;5.40;0
173;industrial_complex;2883.76;15.34;822.96;3.38;0
173;air_base;2883.08;15.34;823.68;3.13;0
173;anti_air_building;2882.14;15.34;823.99;4.91;0
173;synthetic_refinery;2881.17;15.34;823.82;2.58;0
173;fuel_silo;2880.40;15.34;823.20;5.86;0
173;radar_station;2880.02;15.34;822.28;4.60;0
173;rocket_site;2880.13;15.34;821.30;3.31;0
173;nuclear_reactor;2880.69;15.34;820.49;3.47;0
173;bunker;2881.58;15.34;820.04;4.25;0
173;supply_node;2882.57;15.34;820.08;0.77;0
174;arms_factory;2668.00;15.34;752.00;1.42;0
174;industrial_complex;2667.76;15.34;752.96;6.04;0
174;air_base;2667.08;15.34;753.68;2.45;0
174;anti_air_building;2666.14;15.34;753.99;4.48;0
174;synthetic_refinery;2665.17;15.34;753.82;2.64;0
174;fuel_silo;2664.40;15.34;753.20;6.23;0
174;radar_station;2664.02;15.34;752.28;3.04;0
174;rocket_site;2664.13;15.34;751.30;2.94;0
174;nuclear_reactor;2664.69;15.34;750.49;0.01;0
174;bunker;2665.58;15.34;750.04;4.25;0
174;supply_node;2666.57;15.34;750.08;1.58;0
175;arms_factory;2514.00;15.27;312.00;0.44;0
175;industrial_complex;2513.76;15.27;312.96;1.09;0
175;air_base;2513.08;15.27;313.68;1.88;0
175;anti_air_building;2512.14;15.27;313.99;3.37;0
175;synthetic_refinery;2511.17;15.27;313.82;5.54;0
175;fuel_silo;2510.40;15.27;313.20;2.59;0
175;radar_station;2510.02;15.27;312.28;4.55;0
175;rocket_site;2510.13;15.27;311.30;4.28;0
175;nuclear_reactor;2510.69;15.34;310.49;5.72;0
175;bunker;2511.58;15.34;310.04;0.67;0
175;supply_node;2512.57;15.27;310.08;0.80;0
176;arms_factory;2739.00;15.58;538.00;1.85;0
176;industrial_complex;2738.76;15.58;538.96;1.24;0
176;air_base;2738.08;15.52;539.68;5.31;0
176;anti_air_building;2737.14;15.52;539.99;0.56;0
176;synthetic_refinery;2736.17;15.52;539.82;4.63;0
176;fuel_silo;2735.40;15.52;539.20;5.63;0
176;radar_station;2735.02;15.52;538.28;2.58;0
176;rocket_site;2735.13;15.58;537.30;2.25;0
176;nuclear_reactor;2735.69;15.58;536.49;5.18;0
176;bunker;2736.58;15.64;536.04;5.03;0
176;supply_node;2737.57;15.70;536.08;1.54;0
177;arms_factory;2404.00;15.94;298.00;6.07;0
177;industrial_complex;2403.76;15.94;298.96;5.39;0
177;air_base;2403.08;15.94;299.68;2.48;0
177;anti_air_building;2402.14;16.00;299.99;2.99;0
177;synthetic_refinery;2401.17;16.00;299.82;1.39;0
177;fuel_silo;2400.40;16.06;299.20;3.31;0
177;radar_station;2400.02;16.06;298.28;5.38;0
177;rocket_site;2400.13;16.06;297.30;3.76;0
177;nuclear_reactor;2400.69;16.00;296.49;1.68;0
177;bunker;2401.58;16.06;296.04;5.35;0
177;supply_node;2402.57;16.00;296.08;1.00;0
178;arms_factory;2655.00;19.16;830.00;5.52;0
178;industrial_complex;2654.76;19.16;830.96;6.16;0
178;air_base;2654.08;19.04;831.68;4.60;0
178;anti_air_building;2653.14;19.23;831.99;1.45;0
178;synthetic_refinery;2652.17;18.74;831.82;2.84;0
178;fuel_silo;2651.40;18.74;831.20;4.00;0
178;radar_station;2651.02;18.50;830.28;5.71;0
178;rocket_site;2651.13;18.50;829.30;3.56;0
178;nuclear_reactor;2651.69;18.19;828.49;5.47;0
178;bunker;2652.58;18.25;828.04;2.69;0
178;supply_node;2653.57;18.44;828.08;0.35;0
179;arms_factory;2324.00;15.94;341.00;3.97;0
179;industrial_complex;2323.76;15.94;341.96;2.54;0
179;air_base;2323.08;15.94;342.68;4.60;0
179;anti_air_building;2322.14;15.94;342.99;2.65;0
179;synthetic_refinery;2321.17;15.94;342.82;0.94;0
179;fuel_silo;2320.40;16.00;342.20;3.12;0
179;radar_station;2320.02;15.94;341.28;3.58;0
179;rocket_site;2320.13;15.94;340.30;1.81;0
179;nuclear_reactor;2320.69;16.00;339.49;2.55;0
179;bunker;2321.58;16.00;339.04;1.62;0
179;supply_node;2322.57;16.00;339.08;2.50;0
180;arms_factory;2310.00;15.27;1014.00;6.06;0
180;industrial_complex;2309.76;15.27;1014.96;0.24;0
180;air_base;2309.08;15.27;1015.68;5.52;0
180;anti_air_building;2308.14;15.27;1015.99;3.86;0
180;synthetic_refinery;2307.17;15.27;1015.82;1.42;0
180;fuel_silo;2306.40;15.27;1015.20;3.41;0
180;radar_station;2306.02;15.27;1014.28;4.76;0
180;rocket_site;2306.13;15.27;1013.30;5.08;0
180;nuclear_reactor;2306.69;15.27;1012.49;1.92;0
180;bunker;2307.58;15.27;1012.04;3.62;0
180;supply_node;2308.57;15.27;1012.08;0.71;0
181;arms_factory;2805.00;15.40;479.00;5.90;0
181;industrial_complex;2804.76;15.40;479.96;1.46;0
181;air_base;2804.08;15.40;480.68;0.76;0
181;anti_air_building;2803.14;15.46;480.99;3.40;0
181;synthetic_refinery;2802.17;15.46;480.82;1.79;0
181;fuel_silo;2801.40;15.46;480.20;1.26;0
181;radar_station;2801.02;15.46;479.28;1.71;0
181;rocket_site;2801.13;15.40;478.30;5.53;0
181;nuclear_reactor;2801.69;15.40;477.49;1.01;0
181;bunker;2802.58;15.40;477.04;2.40;0
181;supply_node;2803.57;15.40;477.08;1.45;0
182;arms_factory;2402.00;17.28;534.00;5.02;0
182;industrial_complex;2401.76;17.10;534.96;4.97;0
182;air_base;2401.08;17.10;535.68;5.90;0
182;anti_air_building;2400.14;17.04;535.99;5.53;0
182;synthetic_refinery;2399.17;16.98;535.82;1.83;0
182;fuel_silo;2398.40;16.79;535.20;0.70;0
182;radar_station;2398.02;16.85;534.28;5.05;0
182;rocket_site;2398.13;16.79;533.30;5.56;0
182;nuclear_reactor;2398.69;16.79;532.49;0.56;0
182;bunker;2399.58;16.79;532.04;2.94;0
182;supply_node;2400.57;16.92;532.08;4.97;0
183;arms_factory;2673.00;15.34;504.00;3.09;0
183;industrial_complex;2672.76;15.34;504.96;3.65;0
183;air_base;2672.08;15.34;505.68;4.71;0
183;anti_air_building;2671.14;15.34;505.99;3.43;0
183;synthetic_refinery;2670.17;15.34;505.82;5.67;0
183;fuel_silo;2669.40;15.34;505.20;1.88;0
183;radar_station;2669.02;15.34;504.28;5.33;0
183;rocket_site;2669.13;15.34;503.30;3.93;0
183;nuclear_reactor;2669.69;15.27;502.49;4.46;0
183;bunker;2670.58;15.34;502.04;2.27;0
183;supply_node;2671.57;15.34;502.08;5.46;0
184;arms_factory;2383.00;16.79;371.00;5.10;0
184;industrial_complex;2382.76;16.98;371.96;5.75;0
184;air_base;2382.08;16.92;372.68;1.17;0
184;anti_air_building;2381.14;16.92;372.99;2.01;0
184;synthetic_refinery;2380.17;17.04;372.82;3.36;0
184;fuel_silo;2379.40;17.04;372.20;1.87;0
184;radar_station;2379.02;16.92;371.28;1.55;0
184;rocket_site;2379.13;16.79;370.30;1.86;0
184;nuclear_reactor;2379.69;16.73;369.49;1.77;0
184;bunker;2380.58;16.85;369.04;4.40;0
184;supply_node;2381.57;16.79;369.08;5.36;0
185;arms_factory;2639.00;15.27;439.00;3.41;0
185;industrial_complex;2638.76;15.27;439.96;1.88;0
185;air_base;2638.08;15.27;440.68;2.03;0
185;anti_air_building;2637.14;15.27;440.99;2.88;0
185;synthetic_refinery;2636.17;15.27;440.82;4.70;0
185;fuel_silo;2635.40;15.27;440.20;0.79;0
185;radar_station;2635.02;15.27;439.28;3.95;0
185;rocket_site;2635.13;15.27;438.30;5.23;0
185;nuclear_reactor;2635.69;15.27;437.49;5.45;0
185;bunker;2636.58;15.27;437.04;1.41;0
185;supply_node;2637.57;15.27;437.08;1.73;0
186;arms_factory;2637.00;15.40;586.00;5.44;0
186;industrial_complex;2636.76;15.40;586.96;4.66;0
186;air_base;2636.08;15.40;587.68;2.44;0
186;anti_air_building;2635.14;15.40;587.99;4.98;0
186;synthetic_refinery;2634.17;15.40;587.82;1.21;0
186;fuel_silo;2633.40;15.40;587.20;5.67;0
186;radar_station;2633.02;15.40;586.28;4.39;0
186;rocket_site;2633.13;15.40;585.30;5.47;0
186;nuclear_reactor;2633.69;15.40;584.49;0.35;0
186;bunker;2634.58;15.40;584.04;5.48;0
186;supply_node;2635.57;15.40;584.08;1.47;0
187;arms_factory;2518.00;15.27;1111.00;0.37;0
187;industrial_complex;2517.76;15.27;1111.96;5.51;0
187;air_base;2517.08;15.27;1112.68;0.51;0
187;anti_air_building;2516.14;15.27;1112.99;5.69;0
187;synthetic_refinery;2515.17;15.27;1112.82;4.66;0
187;fuel_silo;2514.40;15.27;1112.20;3.47;0
187;radar_station;2514.02;15.27;1111.28;1.70;0
187;rocket_site;2514.13;15.27;1110.30;3.56;0
187;nuclear_reactor;2514.69;15.34;1109.49;5.91;0
187;bunker;2515.58;15.27;1109.04;4.85;0
187;supply_node;2516.57;15.27;1109.08;1.53;0
188;arms_factory;2435.00;16.31;570.00;1.14;0
188;industrial_complex;2434.76;16.37;570.96;4.72;0
188;air_base;2434.08;16.37;571.68;5.43;0
188;anti_air_building;2433.14;16.31;571.99;0.33;0
188;synthetic_refinery;2432.17;16.37;571.82;6.05;0
188;fuel_silo;2431.40;16.37;571.20;6.22;0
188;radar_station;2431.02;16.43;570.28;5.50;0
188;rocket_site;2431.13;16.49;569.30;2.01;0
188;nuclear_reactor;2431.69;16.49;568.49;4.21;0
188;bunker;2432.58;16.49;568.04;2.23;0
188;supply_node;2433.57;16.43;568.08;0.54;0
189;arms_factory;2404.00;17.65;456.00;1.82;0
189;industrial_complex;2403.76;17.58;456.96;6.02;0
189;air_base;2403.08;17.65;457.68;4.94;0
189;anti_air_building;2402.14;17.65;457.99;3.00;0
189;synthetic_refinery;2401.17;17.58;457.82;1.66;0
189;fuel_silo;2400.40;17.71;457.20;3.15;0
189;radar_station;2400.02;17.52;456.28;3.28;0
189;rocket_site;2400.13;17.40;455.30;2.39;0
189;nuclear_reactor;2400.69;17.34;454.49;5.61;0
189;bunker;2401.58;17.46;454.04;1.56;0
189;supply_node;2402.57;17.40;454.08;3.45;0
190;arms_factory;2581.00;15.70;570.00;6.22;0
190;industrial_complex;2580.76;15.70;570.96;3.48;0
190;air_base;2580.08;15.64;571.68;0.49;0
190;anti_air_building;2579.14;15.70;571.99;5.97;0
190;synthetic_refinery;2578.17;15.64;571.82;3.36;0
190;fuel_silo;2577.40;15.70;571.20;4.23;0
190;radar_station;2577.02;15.64;570.28;2.36;0
190;rocket_site;2577.13;15.64;569.30;5.16;0
190;nuclear_reactor;2577.69;15.64;568.49;4.14;0
190;bunker;2578.58;15.64;568.04;0.86;0
190;supply_node;2579.57;15.70;568.08;0.11;0
191;arms_factory;2249.00;15.34;303.00;4.66;0
191;industrial_complex;2248.76;15.34;303.96;3.88;0
191;air_base;2248.08;15.34;304.68;0.27;0
191;anti_air_building;2247.14;15.34;304.99;2.28;0
191;synthetic_refinery;2246.17;15.34;304.82;1.67;0
191;fuel_silo;2245.40;15.27;304.20;0.07;0
191;radar_station;2245.02;15.34;303.28;5.40;0
191;rocket_site;2245.13;15.34;302.30;1.54;0
191;nuclear_reactor;2245.69;15.34;301.49;5.60;0
191;bunker;2246.58;15.34;301.04;4.06;0
191;supply_node;2247.57;15.34;301.08;6.18;0
192;arms_factory;2354.00;16.43;558.00;6.12;0
192;industrial_complex;2353.76;16.49;558.96;1.06;0
192;air_base;2353.08;16.49;559.68;1.41;0
192;anti_air_building;2352.14;16.43;559.99;2.74;0
192;synthetic_refinery;2351.17;16.37;559.82;1.30;0
192;fuel_silo;2350.40;16.43;559.20;0.52;0
192;radar_station;2350.02;16.37;558.28;3.95;0
192;rocket_site;2350.13;16.43;557.30;5.46;0
192;nuclear_reactor;2350.69;16.43;556.49;4.13;0
192;bunker;2351.58;16.49;556.04;0.25;0
192;supply_node;2352.57;16.43;556.08;1.69;0
193;arms_factory;2552.00;15.46;236.00;1.99;0
193;industrial_complex;2551.76;15.46;236.96;1.76;0
193;air_base;2551.08;15.46;237.68;3.00;0
193;anti_air_building;2550.14;15.46;237.99;0.51;0
193;synthetic_refinery;2549.17;15.46;237.82;2.87;0
193;fuel_silo;2548.40;15.46;237.20;0.08;0
193;radar_station;2548.02;15.46;236.28;2.03;0
193;rocket_site;2548.13;15.52;235.30;0.71;0
193;nuclear_reactor;2548.69;15.52;234.49;5.13;0
193;bunker;2549.58;15.52;234.04;0.70;0
193;supply_node;2550.57;15.52;234.08;4.99;0
194;arms_factory;2441.00;15.82;248.00;4.46;0
194;industrial_complex;2440.76;15.82;248.96;5.50;0
194;air_base;2440.08;15.82;249.68;2.22;0
194;anti_air_building;2439.14;15.76;249.99;1.12;0
194;synthetic_refinery;2438.17;15.76;249.82;1.57;0
194;fuel_silo;2437.40;15.76;249.20;1.65;0
194;radar_station;2437.02;15.76;248.28;4.17;0
194;rocket_site;2437.13;15.70;247.30;5.58;0
194;nuclear_reactor;2437.69;15.70;246.49;2.63;0
194;bunker;2438.58;15.70;246.04;0.16;0
194;supply_node;2439.57;15.70;246.08;0.28;0
195;arms_factory;2614.00;15.27;448.00;3.68;0
195;industrial_complex;2613.76;15.27;448.96;5.85;0
195;air_base;2613.08;15.27;449.68;3.36;0
195;anti_air_building;2612.14;15.27;449.99;0.57;0
195;synthetic_refinery;2611.17;15.27;449.82;3.54;0
195;fuel_silo;2610.40;15.27;449.20;3.18;0
195;radar_station;2610.02;15.27;448.28;2.10;0
195;rocket_site;2610.13;15.27;447.30;6.13;0
195;nuclear_reactor;2610.69;15.27;446.49;5.39;0
195;bunker;2611.58;15.27;446.04;3.36;0
195;supply_node;2612.57;15.27;446.08;2.59;0
196;arms_factory;2788.00;15.27;217.00;2.54;0
196;industrial_complex;2787.76;15.27;217.96;0.87;0
196;air_base;2787.08;15.27;218.68;0.03;0
196;anti_air_building;2786.14;15.27;218.99;1.98;0
196;synthetic_refinery;2785.17;15.27;218.82;6.11;0
196;fuel_silo;2784.40;15.27;218.20;6.13;0
196;radar_station;2784.02;15.27;217.28;5.27;0
196;rocket_site;2784.13;15.27;216.30;4.02;0
196;nuclear_reactor;2784.69;15.27;215.49;1.62;0
196;bunker;2785.58;15.27;215.04;2.85;0
196;supply_node;2786.57;15.27;215.08;4.08;0
197;arms_factory;2750.00;15.58;478.00;3.71;0
197;industrial_complex;2749.76;15.58;478.96;1.89;0
197;air_base;2749.08;15.58;479.68;5.67;0
197;anti_air_building;2748.14;15.64;479.99;2.87;0
197;synthetic_refinery;2747.17;15.70;479.82;2.71;0
197;fuel_silo;2746.40;15.76;479.20;2.74;0
197;radar_station;2746.02;15.76;478.28;5.11;0
197;rocket_site;2746.13;15.76;477.30;1.58;0
197;nuclear_reactor;2746.69;15.70;476.49;1.21;0
197;bunker;2747.58;15.70;476.04;2.55;0
197;supply_node;2748.57;15.70;476.08;2.11;0
198;arms_factory;2503.00;15.34;803.00;2.02;0
198;industrial_complex;2502.76;15.27;803.96;4.38;0
198;air_base;2502.08;15.27;804.68;3.53;0
198;anti_air_building;2501.14;15.27;804.99;2.66;0
198;synthetic_refinery;2500.17;15.27;804.82;5.40;0
198;fuel_silo;2499.40;15.15;804.20;2.12;0
198;radar_station;2499.02;15.15;803.28;0.27;0
198;rocket_site;2499.13;15.27;802.30;3.08;0
198;nuclear_reactor;2499.69;15.27;801.49;2.88;0
198;bunker;2500.58;15.27;801.04;1.80;0
198;supply_node;2501.57;15.27;801.08;4.59;0
199;arms_factory;2494.00;15.34;851.00;4.33;0
199;industrial_complex;2493.76;15.34;851.96;0.52;0
199;air_base;2493.08;15.40;852.68;1.20;0
199;anti_air_building;2492.14;15.40;852.99;5.15;0
199;synthetic_refinery;2491.17;15.40;852.82;3.87;0
199;fuel_silo;2490.40;15.46;852.20;5.59;0
199;radar_station;2490.02;15.40;851.28;0.01;0
199;rocket_site;2490.13;15.40;850.30;5.25;0
199;nuclear_reactor;2490.69;15.34;849.49;2.79;0
199;bunker;2491.58;15.34;849.04;1.28;0
199;supply_node;2492.57;15.34;849.08;1.33;0
200;arms_factory;2561.00;16.00;160.00;1.03;0
200;industrial_complex;2560.76;15.94;160.96;2.25;0
200;air_base;2560.08;16.00;161.68;1.27;0
200;anti_air_building;2559.14;15.94;161.99;2.24;0
200;synthetic_refinery;2558.17;16.00;161.82;4.27;0
200;fuel_silo;2557.40;15.94;161.20;5.96;0
200;radar_station;2557.02;15.88;160.28;5.28;0
200;rocket_site;2557.13;15.88;159.30;5.16;0
200;nuclear_reactor;2557.69;15.88;158.49;1.22;0
200;bunker;2558.58;15.82;158.04;3.10;0
200;supply_node;2559.57;15.82;158.08;4.81;0
201;arms_factory;2479.00;17.46;347.00;1.46;0
201;industrial_complex;2478.76;17.52;347.96;3.64;0
201;air_base;2478.08;17.52;348.68;5.19;0
201;anti_air_building;2477.14;17.46;348.99;5.10;0
201;synthetic_refinery;2476.17;17.52;348.82;2.96;0
201;fuel_silo;2475.40;17.65;348.20;2.49;0
201;radar_station;2475.02;17.65;347.28;5.22;0
201;rocket_site;2475.13;17.58;346.30;5.39;0
201;nuclear_reactor;2475.69;17.71;345.49;1.57;0
201;bunker;2476.58;17.71;345.04;2.00;0
201;supply_node;2477.57;17.58;345.08;3.42;0
202;arms_factory;2408.00;15.76;243.00;2.56;0
202;industrial_complex;2407.76;15.82;243.96;2.67;0
202;air_base;2407.08;15.88;244.68;3.04;0
202;anti_air_building;2406.14;15.88;244.99;6.00;0
202;synthetic_refinery;2405.17;15.94;244.82;2.69;0
202;fuel_silo;2404.40;15.94;244.20;2.27;0
202;radar_station;2404.02;15.88;243.28;0.76;0
202;rocket_site;2404.13;15.82;242.30;0.69;0
202;nuclear_reactor;2404.69;15.88;241.49;1.95;0
202;bunker;2405.58;15.88;241.04;5.33;0
202;supply_node;2406.57;15.82;241.08;2.36;0
203;arms_factory;2699.00;15.40;517.00;3.51;0
203;industrial_complex;2698.76;15.40;517.96;2.28;0
203;air_base;2698.08;15.40;518.68;4.65;0
203;anti_air_building;2697.14;15.40;518.99;5.66;0
203;synthetic_refinery;2696.17;15.40;518.82;5.66;0
203;fuel_silo;2695.40;15.40;518.20;4.19;0
203;radar_station;2695.02;15.40;517.28;6.21;0
203;rocket_site;2695.13;15.40;516.30;4.55;0
203;nuclear_reactor;2695.69;15.40;515.49;1.16;0
203;bunker;2696.58;15.40;515.04;0.23;0
203;supply_node;2697.57;15.40;515.08;2.69;0
204;arms_factory;2699.00;15.27;364.00;3.11;0
204;industrial_complex;2698.76;15.27;364.96;4.96;0
204;air_base;2698.08;15.27;365.68;1.20;0
204;anti_air_building;2697.14;15.27;365.99;1.01;0
204;synthetic_refinery;2696.17;15.27;365.82;1.40;0
204;fuel_silo;2695.40;15.27;365.20;1.55;0
204;radar_station;2695.02;15.27;364.28;5.39;0
204;rocket_site;2695.13;15.27;363.30;4.76;0
204;nuclear_reactor;2695.69;15.27;362.49;2.06;0
204;bunker;2696.58;15.27;362.04;1.17;0
204;supply_node;2697.57;15.27;362.08;4.29;0
205;arms_factory;2379.00;16.67;561.00;5.58;0
205;industrial_complex;2378.76;16.67;561.96;2.84;0
205;air_base;2378.08;16.73;562.68;1.45;0
205;anti_air_building;2377.14;16.73;562.99;6.26;0
205;synthetic_refinery;2376.17;16.79;562.82;4.75;0
205;fuel_silo;2375.40;16.79;562.20;4.29;0
205;radar_station;2375.02;16.79;561.28;5.56;0
205;rocket_site;2375.13;16.79;560.30;5.73;0
205;nuclear_reactor;2375.69;16.85;559.49;4.95;0
205;bunker;2376.58;16.67;559.04;3.02;0
205;supply_node;2377.57;16.67;559.08;5.10;0
206;arms_factory;2515.00;15.27;773.00;0.26;0
206;industrial_complex;2514.76;15.27;773.96;6.12;0
206;air_base;2514.08;15.27;774.68;2.86;0
206;anti_air_building;2513.14;15.27;774.99;3.83;0
206;synthetic_refinery;2512.17;15.27;774.82;5.24;0
206;fuel_silo;2511.40;15.27;774.20;0.72;0
206;radar_station;2511.02;15.27;773.28;1.53;0
206;rocket_site;2511.13;15.27;772.30;3.23;0
206;nuclear_reactor;2511.69;15.27;771.49;6.25;0
206;bunker;2512.58;15.27;771.04;3.99;0
206;supply_node;2513.57;15.27;771.08;5.10;0
207;arms_factory;2403.00;15.34;655.00;5.49;0
207;industrial_complex;2402.76;15.34;655.96;3.91;0
207;air_base;2402.08;15.34;656.68;1.79;0
207;anti_air_building;2401.14;15.34;656.99;3.14;0
207;synthetic_refinery;2400.17;15.34;656.82;2.54;0
207;fuel_silo;2399.40;15.34;656.20;6.25;0
207;radar_station;2399.02;15.34;655.28;4.88;0
207;rocket_site;2399.13;15.34;654.30;5.47;0
207;nuclear_reactor;2399.69;15.34;653.49;2.28;0
207;bunker;2400.58;15.34;653.04;0.83;0
207;supply_node;2401.57;15.34;653.08;3.67;0
208;arms_factory;2518.00;16.98;542.00;2.36;0
208;industrial_complex;2517.76;17.22;542.96;1.40;0
208;air_base;2517.08;17.16;543.68;5.94;0
208;anti_air_building;2516.14;17.16;543.99;1.69;0
208;synthetic_refinery;2515.17;17.16;543.82;3.03;0
208;fuel_silo;2514.40;17.28;543.20;2.00;0
208;radar_station;2514.02;17.40;542.28;0.36;0
208;rocket_site;2514.13;17.58;541.30;1.88;0
208;nuclear_reactor;2514.69;17.58;540.49;3.42;0
208;bunker;2515.58;17.46;540.04;1.46;0
208;supply_node;2516.57;17.28;540.08;3.34;0
209;arms_factory;2521.00;15.46;1014.00;5.03;0
209;industrial_complex;2520.76;15.46;1014.96;3.21;0
209;air_base;2520.08;15.46;1015.68;2.39;0
209;anti_air_building;2519.14;15.46;1015.99;1.90;0
209;synthetic_refinery;2518.17;15.46;1015.82;2.19;0
209;fuel_silo;2517.40;15.46;1015.20;1.49;0
209;radar_station;2517.02;15.58;1014.28;1.56;0
209;rocket_site;2517.13;15.64;1013.30;5.63;0
209;nuclear_reactor;2517.69;15.76;1012.49;3.20;0
209;bunker;2518.58;15.70;1012.04;4.20;0
209;supply_node;2519.57;15.64;1012.08;0.03;0
210;arms_factory;2805.00;15.46;503.00;5.99;0
210;industrial_complex;2804.76;15.46;503.96;4.81;0
210;air_base;2804.08;15.46;504.68;1.92;0
210;anti_air_building;2803.14;15.52;504.99;3.52;0
210;synthetic_refinery;2802.17;15.52;504.82;4.36;0
210;fuel_silo;2801.40;15.58;504.20;5.02;0
210;radar_station;2801.02;15.58;503.28;0.91;0
210;rocket_site;2801.13;15.52;502.30;5.56;0
210;nuclear_reactor;2801.69;15.58;501.49;3.35;0
210;bunker;2802.58;15.58;501.04;2.97;0
210;supply_node;2803.57;15.52;501.08;6.25;0
211;arms_factory;2789.00;15.76;766.00;3.05;0
211;industrial_complex;2788.76;15.70;766.96;6.13;0
211;air_base;2788.08;15.70;767.68;5.68;0
211;anti_air_building;2787.14;15.64;767.99;2.14;0
211;synthetic_refinery;2786.17;15.52;767.82;1.76;0
211;fuel_silo;2785.40;15.46;767.20;0.46;0
211;radar_station;2785.02;15.52;766.28;5.91;0
211;rocket_site;2785.13;15.46;765.30;3.76;0
211;nuclear_reactor;2785.69;15.46;764.49;2.24;0
211;bunker;2786.58;15.46;764.04;2.41;0
211;supply_node;2787.57;15.58;764.08;3.75;0
212;arms_factory;2696.00;15.40;824.00;0.77;0
212;industrial_complex;2695.76;15.40;824.96;1.47;0
212;air_base;2695.08;15.40;825.68;0.45;0
212;anti_air_building;2694.14;15.40;825.99;6.21;0
212;synthetic_refinery;2693.17;15.40;825.82;5.82;0
212;fuel_silo;2692.40;15.40;825.20;5.35;0
212;radar_station;2692.02;15.40;824.28;2.98;0
212;rocket_site;2692.13;15.40;823.30;1.16;0
212;nuclear_reactor;2692.69;15.40;822.49;1.08;0
212;bunker;2693.58;15.40;822.04;1.09;0
212;supply_node;2694.57;15.40;822.08;1.59;0
213;arms_factory;2446.00;15.27;1105.00;1.25;0
213;industrial_complex;2445.76;15.27;1105.96;4.78;0
213;air_base;2445.08;15.27;1106.68;3.38;0
213;anti_air_building;2444.14;15.27;1106.99;0.76;0
213;synthetic_refinery;2443.17;15.27;1106.82;3.03;0
213;fuel_silo;2442.40;15.27;1106.20;3.37;0
213;radar_station;2442.02;15.27;1105.28;3.75;0
213;rocket_site;2442.13;15.27;1104.30;2.43;0
213;nuclear_reactor;2442.69;15.27;1103.49;3.11;0
213;bunker;2443.58;15.27;1103.04;4.86;0
213;supply_node;2444.57;15.27;1103.08;3.83;0
214;arms_factory;2710.00;15.27;147.00;3.61;0
214;industrial_complex;2709.76;15.27;147.96;0.57;0
214;air_base;2709.08;15.27;148.68;1.66;0
214;anti_air_building;2708.14;15.27;148.99;5.96;0
214;synthetic_refinery;2707.17;15.27;148.82;1.30;0
214;fuel_silo;2706.40;15.27;148.20;4.84;0
214;radar_station;2706.02;15.27;147.28;3.59;0
214;rocket_site;2706.13;15.27;146.30;4.12;0
214;nuclear_reactor;2706.69;15.27;145.49;3.48;0
214;bunker;2707.58;15.27;145.04;5.88;0
214;supply_node;2708.57;15.27;145.08;0.03;0
215;arms_factory;2726.00;15.88;503.00;1.31;0
215;industrial_complex;2725.76;15.82;503.96;1.42;0
215;air_base;2725.08;15.88;504.68;5.22;0
215;anti_air_building;2724.14;15.82;504.99;4.17;0
215;synthetic_refinery;2723.17;15.76;504.82;1.15;0
215;fuel_silo;2722.40;15.76;504.20;4.58;0
215;radar_station;2722.02;15.76;503.28;1.61;0
215;rocket_site;2722.13;15.76;502.30;5.50;0
215;nuclear_reactor;2722.69;15.76;501.49;2.27;0
215;bunker;2723.58;15.76;501.04;0.45;0
215;supply_node;2724.57;15.82;501.08;4.53;0
216;arms_factory;2318.00;15.27;911.00;3.68;0
216;industrial_complex;2317.76;15.27;911.96;5.38;0
216;air_base;2317.08;15.27;912.68;5.60;0
216;anti_air_building;2316.14;15.34;912.99;4.68;0
216;synthetic_refinery;2315.17;15.34;912.82;0.11;0
216;fuel_silo;2314.40;15.34;912.20;3.67;0
216;radar_station;2314.02;15.27;911.28;2.54;0
216;rocket_site;2314.13;15.27;910.30;1.46;0
216;nuclear_reactor;2314.69;15.27;909.49;1.08;0
216;bunker;2315.58;15.27;909.04;3.19;0
216;supply_node;2316.57;15.27;909.08;5.33;0
217;arms_factory;2246.00;15.34;624.00;1.33;0
217;industrial_complex;2245.76;15.34;624.96;5.65;0
217;air_base;2245.08;15.34;625.68;3.54;0
217;anti_air_building;2244.14;15.34;625.99;5.59;0
217;synthetic_refinery;2243.17;15.34;625.82;4.58;0
217;fuel_silo;2242.40;15.34;625.20;1.31;0
217;radar_station;2242.02;15.40;624.28;1.21;0
217;rocket_site;2242.13;15.40;623.30;2.70;0
217;nuclear_reactor;2242.69;15.40;622.49;1.87;0
217;bunker;2243.58;15.40;622.04;3.00;0
217;supply_node;2244.57;15.40;622.08;1.69;0
218;arms_factory;2668.00;15.27;1001.00;4.39;0
218;industrial_complex;2667.76;15.27;1001.96;2.28;0
218;air_base;2667.08;15.27;1002.68;5.94;0
218;anti_air_building;2666.14;15.27;1002.99;4.30;0
218;synthetic_refinery;2665.17;15.27;1002.82;2.80;0
218;fuel_silo;2664.40;15.27;1002.20;0.89;0
218;radar_station;2664.02;15.27;1001.28;4.79;0
218;rocket_site;2664.13;15.27;1000.30;3.47;0
218;nuclear_reactor;2664.69;15.27;999.49;2.08;0
218;bunker;2665.58;15.27;999.04;1.73;0
218;supply_node;2666.57;15.27;999.08;2.78;0
219;arms_factory;2730.00;15.34;725.00;4.08;0
219;industrial_complex;2729.76;15.34;725.96;4.18;0
219;air_base;2729.08;15.34;726.68;4.57;0
219;anti_air_building;2728.14;15.34;726.99;0.52;0
219;synthetic_refinery;2727.17;15.34;726.82;4.14;0
219;fuel_silo;2726.40;15.34;726.20;1.98;0
219;radar_station;2726.02;15.34;725.28;3.45;0
219;rocket_site;2726.13;15.34;724.30;1.89;0
219;nuclear_reactor;2726.69;15.34;723.49;5.45;0
219;bunker;2727.58;15.34;723.04;6.06;0
219;supply_node;2728.57;15.34;723.08;2.02;0
220;arms_factory;2724.00;15.46;618.00;0.10;0
220;industrial_complex;2723.76;15.46;618.96;4.04;0
220;air_base;2723.08;15.46;619.68;0.62;0
220;anti_air_building;2722.14;15.46;619.99;4.18;0
220;synthetic_refinery;2721.17;15.46;619.82;3.72;0
220;fuel_silo;2720.40;15.46;619.20;0.78;0
220;radar_station;2720.02;15.46;618.28;1.55;0
220;rocket_site;2720.13;15.46;617.30;2.57;0
220;nuclear_reactor;2720.69;15.46;616.49;1.28;0
220;bunker;2721.58;15.46;616.04;1.64;0
220;supply_node;2722.57;15.46;616.08;0.43;0
221;arms_factory;2356.00;15.82;489.00;4.74;0
221;industrial_complex;2355.76;15.82;489.96;3.58;0
221;air_base;2355.08;15.76;490.68;5.84;0
221;anti_air_building;2354.14;15.76;490.99;5.35;0
221;synthetic_refinery;2353.17;15.76;490.82;3.73;0
221;fuel_silo;2352.40;15.70;490.20;0.61;0
221;radar_station;2352.02;15.70;489.28;0.20;0
221;rocket_site;2352.13;15.64;488.30;5.86;0
221;nuclear_reactor;2352.69;15.64;487.49;6.28;0
221;bunker;2353.58;15.70;487.04;3.45;0
221;supply_node;2354.57;15.76;487.08;3.18;0
222;arms_factory;2249.00;16.67;439.00;2.62;0
222;industrial_complex;2248.76;16.67;439.96;0.72;0
222;air_base;2248.08;16.61;440.68;2.46;0
222;anti_air_building;2247.14;16.67;440.99;3.59;0
222;synthetic_refinery;2246.17;16.67;440.82;0.56;0
222;fuel_silo;2245.40;16.79;440.20;3.36;0
222;radar_station;2245.02;16.73;439.28;3.80;0
222;rocket_site;2245.13;16.67;438.30;3.11;0
222;nuclear_reactor;2245.69;16.73;437.49;2.49;0
222;bunker;2246.58;16.61;437.04;0.75;0
222;supply_node;2247.57;16.61;437.08;3.84;0
223;arms_factory;2843.00;15.27;656.00;5.74;0
223;industrial_complex;2842.76;15.34;656.96;4.18;0
223;air_base;2842.08;15.27;657.68;2.18;0
223;anti_air_building;2841.14;15.27;657.99;4.63;0
223;synthetic_refinery;2840.17;15.34;657.82;1.25;0
223;fuel_silo;2839.40;15.34;657.20;5.79;0
223;radar_station;2839.02;15.34;656.28;5.51;0
223;rocket_site;2839.13;15.34;655.30;1.71;0
223;nuclear_reactor;2839.69;15.34;654.49;4.51;0
223;bunker;2840.58;15.27;654.04;0.61;0
223;supply_node;2841.57;15.34;654.08;0.88;0
224;arms_factory;2484.00;15.27;1123.00;3.46;0
224;industrial_complex;2483.76;15.27;1123.96;1.18;0
224;air_base;2483.08;15.27;1124.68;4.96;0
224;anti_air_building;2482.14;15.27;1124.99;4.95;0
224;synthetic_refinery;2481.17;15.27;1124.82;1.82;0
224;fuel_silo;2480.40;15.27;1124.20;4.65;0
224;radar_station;2480.02;15.27;1123.28;3.15;0
224;rocket_site;2480.13;15.27;1122.30;2.66;0
224;nuclear_reactor;2480.69;15.27;1121.49;2.08;0
224;bunker;2481.58;15.27;1121.04;3.14;0
224;supply_node;2482.57;15.27;1121.08;2.47;0
225;arms_factory;2687.00;15.27;428.00;5.22;0
225;industrial_complex;2686.76;15.27;428.96;0.58;0
225;air_base;2686.08;15.27;429.68;2.38;0
225;anti_air_building;2685.14;15.27;429.99;5.01;0
225;synthetic_refinery;2684.17;15.27;429.82;3.53;0
225;fuel_silo;2683.40;15.27;429.20;0.58;0
225;radar_station;2683.02;15.27;428.28;1.50;0
225;rocket_site;2683.13;15.27;427.30;4.84;0
225;nuclear_reactor;2683.69;15.27;426.49;1.16;0
225;bunker;2684.58;15.27;426.04;4.94;0
225;supply_node;2685.57;15.27;426.08;2.01;0
226;arms_factory;2316.00;15.94;191.00;3.97;0
226;industrial_complex;2315.76;16.00;191.96;0.31;0
226;air_base;2315.08;15.94;192.68;1.02;0
226;anti_air_building;2314.14;15.88;192.99;2.77;0
226;synthetic_refinery;2313.17;15.88;192.82;1.62;0
226;fuel_silo;2312.40;15.88;192.20;4.34;0
226;radar_station;2312.02;15.94;191.28;0.75;0
226;rocket_site;2312.13;16.00;190.30;6.04;0
226;nuclear_reactor;2312.69;16.00;189.49;1.44;0
226;bunker;2313.58;16.00;189.04;3.53;0
226;supply_node;2314.57;16.00;189.08;3.13;0
227;arms_factory;2537.00;15.34;991.00;4.52;0
227;industrial_complex;2536.76;15.40;991.96;4.62;0
227;air_base;2536.08;15.40;992.68;4.61;0
227;anti_air_building;2535.14;15.46;992.99;3.34;0
227;synthetic_refinery;2534.17;15.52;992.82;3.14;0
227;fuel_silo;2533.40;15.64;992.20;4.34;0
227;radar_station;2533.02;15.58;991.28;5.60;0
227;rocket_site;2533.13;15.58;990.30;5.15;0
227;nuclear_reactor;2533.69;15.52;989.49;3.54;0
227;bunker;2534.58;15.46;989.04;3.97;0
227;supply_node;2535.57;15.40;989.08;4.01;0
228;arms_factory;2545.00;15.27;979.00;4.19;0
228;industrial_complex;2544.76;15.27;979.96;2.87;0
228;air_base;2544.08;15.27;980.68;1.55;0
228;anti_air_building;2543.14;15.27;980.99;5.60;0
228;synthetic_refinery;2542.17;15.27;980.82;2.32;0
228;fuel_silo;2541.40;15.27;980.20;3.95;0
228;radar_station;2541.02;15.27;979.28;5.27;0
228;rocket_site;2541.13;15.27;978.30;3.31;0
228;nuclear_reactor;2541.69;15.27;977.49;5.22;0
228;bunker;2542.58;15.27;977.04;4.35;0
228;supply_node;2543.57;15.27;977.08;3.89;0
229;arms_factory;2820.00;15.27;836.00;3.86;0
229;industrial_complex;2819.76;15.27;836.96;3.63;0
229;air_base;2819.08;15.27;837.68;6.06;0
229;anti_air_building;2818.14;15.27;837.99;0.05;0
229;synthetic_refinery;2817.17;15.27;837.82;2.85;0
229;fuel_silo;2816.40;15.27;837.20;2.47;0
229;radar_station;2816.02;15.27;836.28;2.99;0
229;rocket_site;2816.13;15.27;835.30;1.16;0
229;nuclear_reactor;2816.69;15.27;834.49;0.38;0
229;bunker;2817.58;15.27;834.04;1.00;0
229;supply_node;2818.57;15.27;834.08;4.58;0
230;arms_factory;2596.00;15.27;768.00;0.98;0
230;industrial_complex;2595.76;15.34;768.96;0.01;0
230;air_base;2595.08;15.27;769.68;6.24;0
230;anti_air_building;2594.14;15.27;769.99;1.66;0
230;synthetic_refinery;2593.17;15.27;769.82;6.28;0
230;fuel_silo;2592.40;15.27;769.20;6.20;0
230;radar_station;2592.02;15.34;768.28;4.51;0
230;rocket_site;2592.13;15.27;767.30;1.87;0
230;nuclear_reactor;2592.69;15.27;766.49;4.45;0
230;bunker;2593.58;15.34;766.04;0.33;0
230;supply_node;2594.57;15.34;766.08;1.04;0
231;arms_factory;2768.00;15.76;630.00;5.84;0
231;industrial_complex;2767.76;15.76;630.96;4.27;0
231;air_base;2767.08;15.76;631.68;2.98;0
231;anti_air_building;2766.14;15.76;631.99;1.45;0
231;synthetic_refinery;2765.17;15.82;631.82;5.69;0
231;fuel_silo;2764.40;15.82;631.20;5.82;0
231;radar_station;2764.02;15.82;630.28;0.98;0
231;rocket_site;2764.13;15.82;629.30;5.38;0
231;nuclear_reactor;2764.69;15.88;628.49;5.67;0
231;bunker;2765.58;15.88;628.04;0.65;0
231;supply_node;2766.57;15.88;628.08;2.29;0
232;arms_factory;2587.00;15.34;439.00;5.37;0
232;industrial_complex;2586.76;15.34;439.96;6.04;0
232;air_base;2586.08;15.34;440.68;1.94;0
232;anti_air_building;2585.14;15.40;440.99;2.02;0
232;synthetic_refinery;2584.17;15.46;440.82;0.14;0
232;fuel_silo;2583.40;15.46;440.20;5.63;0
232;radar_station;2583.02;15.46;439.28;1.44;0
232;rocket_site;2583.13;15.46;438.30;3.73;0
232;nuclear_reactor;2583.69;15.40;437.49;0.86;0
232;bunker;2584.58;15.40;437.04;5.46;0
232;supply_node;2585.57;15.34;437.08;5.86;0
233;arms_factory;2438.00;15.64;198.00;4.57;0
233;industrial_complex;2437.76;15.64;198.96;1.64;0
233;air_base;2437.08;15.64;199.68;0.02;0
233;anti_air_building;2436.14;15.64;199.99;2.36;0
233;synthetic_refinery;2435.17;15.64;199.82;3.85;0
233;fuel_silo;2434.40;15.64;199.20;1.58;0
233;radar_station;2434.02;15.64;198.28;5.69;0
233;rocket_site;2434.13;15.64;197.30;3.93;0
233;nuclear_reactor;2434.69;15.64;196.49;0.21;0
233;bunker;2435.58;15.64;196.04;0.49;0
233;supply_node;2436.57;15.70;196.08;1.64;0
234;arms_factory;2660.00;15.27;361.00;3.64;0
234;industrial_complex;2659.76;15.27;361.96;4.27;0
234;air_base;2659.08;15.27;362.68;4.18;0
234;anti_air_building;2658.14;15.27;362.99;5.37;0
234;synthetic_refinery;2657.17;15.27;362.82;0.92;0
234;fuel_silo;2656.40;15.27;362.20;0.64;0
234;radar_station;2656.02;15.27;361.28;3.11;0
234;rocket_site;2656.13;15.27;360.30;2.99;0
234;nuclear_reactor;2656.69;15.27;359.49;0.56;0
234;bunker;2657.58;15.27;359.04;3.23;0
234;supply_node;2658.57;15.27;359.08;1.12;0
235;arms_factory;2487.00;16.00;131.00;3.72;0
235;industrial_complex;2486.76;16.00;131.96;1.62;0
235;air_base;2486.08;16.00;132.68;4.72;0
235;anti_air_building;2485.14;15.94;132.99;0.26;0
235;synthetic_refinery;2484.17;15.94;132.82;5.04;0
235;fuel_silo;2483.40;15.94;132.20;4.79;0
235;radar_station;2483.02;15.88;131.28;5.33;0
235;rocket_site;2483.13;15.88;130.30;5.90;0
235;nuclear_reactor;2483.69;15.76;129.49;6.15;0
235;bunker;2484.58;15.76;129.04;3.12;0
235;supply_node;2485.57;15.76;129.08;5.22;0
236;arms_factory;2639.00;15.27;369.00;1.99;0
236;industrial_complex;2638.76;15.27;369.96;1.07;0
236;air_base;2638.08;15.27;370.68;6.19;0
236;anti_air_building;2637.14;15.27;370.99;1.18;0
236;synthetic_refinery;2636.17;15.27;370.82;3.91;0
236;fuel_silo;2635.40;15.27;370.20;0.02;0
236;radar_station;2635.02;15.27;369.28;3.33;0
236;rocket_site;2635.13;15.27;368.30;2.02;0
236;nuclear_reactor;2635.69;15.27;367.49;5.48;0
236;bunker;2636.58;15.27;367.04;5.40;0
236;supply_node;2637.57;15.27;367.08;3.40;0
237;arms_factory;2885.00;15.34;656.00;2.45;0
237;industrial_complex;2884.76;15.34;656.96;4.35;0
237;air_base;2884.08;15.34;657.68;2.36;0
237;anti_air_building;2883.14;15.34;657.99;4.43;0
237;synthetic_refinery;2882.17;15.34;657.82;1.15;0
237;fuel_silo;2881.40;15.34;657.20;5.58;0
237;radar_station;2881.02;15.34;656.28;2.28;0
237;rocket_site;2881.13;15.34;655.30;6.04;0
237;nuclear_reactor;2881.69;15.34;654.49;3.20;0
237;bunker;2882.58;15.34;654.04;2.83;0
237;supply_node;2883.57;15.34;654.08;2.49;0
238;arms_factory;2299.00;15.27;693.00;0.39;0
238;industrial_complex;2298.76;15.27;693.96;0.86;0
238;air_base;2298.08;15.27;694.68;2.15;0
238;anti_air_building;2297.14;15.27;694.99;4.03;0
238;synthetic_refinery;2296.17;15.27;694.82;5.99;0
238;fuel_silo;2295.40;15.27;694.20;3.95;0
238;radar_station;2295.02;15.27;693.28;1.79;0
238;rocket_site;2295.13;15.27;692.30;5.10;0
238;nuclear_reactor;2295.69;15.27;691.49;2.67;0
238;bunker;2296.58;15.27;691.04;4.85;0
238;supply_node;2297.57;15.27;691.08;3.84;0
239;arms_factory;2510.00;15.64;670.00;2.57;0
239;industrial_complex;2509.76;15.64;670.96;5.93;0
239;air_base;2509.08;15.58;671.68;2.86;0
239;anti_air_building;2508.14;15.58;671.99;5.64;0
239;synthetic_refinery;2507.17;15.52;671.82;2.46;0
239;fuel_silo;2506.40;15.52;671.20;6.20;0
239;radar_station;2506.02;15.58;670.28;0.81;0
239;rocket_site;2506.13;15.64;669.30;1.65;0
239;nuclear_reactor;2506.69;15.70;668.49;4.37;0
239;bunker;2507.58;15.64;668.04;0.66;0
239;supply_node;2508.57;15.70;668.08;4.12;0
240;arms_factory;2881.00;15.27;853.00;1.64;0
240;industrial_complex;2880.76;15.27;853.96;0.35;0
240;air_base;2880.08;15.27;854.68;0.52;0
240;anti_air_building;2879.14;15.27;854.99;1.89;0
240;synthetic_refinery;2878.17;15.27;854.82;3.84;0
240;fuel_silo;2877.40;15.27;854.20;5.45;0
240;radar_station;2877.02;15.27;853.28;3.02;0
240;rocket_site;2877.13;15.27;852.30;5.85;0
240;nuclear_reactor;2877.69;15.27;851.49;0.16;0
240;bunker;2878.58;15.27;851.04;4.23;0
240;supply_node;2879.57;15.27;851.08;3.00;0
241;arms_factory;2636.00;15.40;871.00;4.51;0
241;industrial_complex;2635.76;15.40;871.96;0.55;0
241;air_base;2635.08;15.40;872.68;3.95;0
241;anti_air_building;2634.14;15.40;872.99;1.23;0
241;synthetic_refinery;2633.17;15.40;872.82;3.87;0
241;fuel_silo;2632.40;15.40;872.20;1.80;0
241;radar_station;2632.02;15.40;871.28;4.66;0
241;rocket_site;2632.13;15.40;870.30;0.55;0
241;nuclear_reactor;2632.69;15.40;869.49;3.53;0
241;bunker;2633.58;15.40;869.04;6.04;0
241;supply_node;2634.57;15.40;869.08;0.58;0
242;arms_factory;2599.00;15.34;459.00;2.60;0
242;industrial_complex;2598.76;15.34;459.96;5.94;0
242;air_base;2598.08;15.34;460.68;6.24;0
242;anti_air_building;2597.14;15.34;460.99;0.05;0
242;synthetic_refinery;2596.17;15.34;460.82;0.01;0
242;fuel_silo;2595.40;15.34;460.20;4.57;0
242;radar_station;2595.02;15.34;459.28;0.09;0
242;rocket_site;2595.13;15.34;458.30;1.15;0
242;nuclear_reactor;2595.69;15.34;457.49;5.01;0
242;bunker;2596.58;15.34;457.04;2.07;0
242;supply_node;2597.57;15.34;457.08;3.54;0
243;arms_factory;2405.00;18.37;507.00;1.46;0
243;industrial_complex;2404.76;18.56;507.96;0.89;0
243;air_base;2404.08;18.25;508.68;1.26;0
243;anti_air_building;2403.14;17.95;508.99;1.20;0
243;synthetic_refinery;2402.17;17.83;508.82;1.33;0
243;fuel_silo;2401.40;17.65;508.20;2.19;0
243;radar_station;2401.02;17.71;507.28;6.12;0
243;rocket_site;2401.13;17.77;506.30;3.73;0
243;nuclear_reactor;2401.69;17.77;505.49;1.10;0
243;bunker;2402.58;18.01;505.04;4.23;0
243;supply_node;2403.57;18.13;505.08;5.56;0
244;arms_factory;2703.00;15.40;563.00;5.88;0
244;industrial_complex;2702.76;15.40;563.96;4.93;0
244;air_base;2702.08;15.40;564.68;4.15;0
244;anti_air_building;2701.14;15.40;564.99;5.42;0
244;synthetic_refinery;2700.17;15.40;564.82;2.79;0
244;fuel_silo;2699.40;15.40;564.20;5.80;0
244;radar_station;2699.02;15.40;563.28;5.47;0
244;rocket_site;2699.13;15.40;562.30;4.30;0
244;nuclear_reactor;2699.69;15.34;561.49;3.95;0
244;bunker;2700.58;15.40;561.04;3.02;0
244;supply_node;2701.57;15.40;561.08;1.48;0
245;arms_factory;2507.00;15.34;1057.00;1.03;0
245;industrial_complex;2506.76;15.34;1057.96;2.40;0
245;air_base;2506.08;15.34;1058.68;1.26;0
245;anti_air_building;2505.14;15.34;1058.99;4.54;0
245;synthetic_refinery;2504.17;15.34;1058.82;0.80;0
245;fuel_silo;2503.40;15.40;1058.20;0.83;0
245;radar_station;2503.02;15.34;1057.28;1.27;0
245;rocket_site;2503.13;15.34;1056.30;6.27;0
245;nuclear_reactor;2503.69;15.34;1055.49;4.56;0
245;bunker;2504.58;15.34;1055.04;4.14;0
245;supply_node;2505.57;15.34;1055.08;4.79;0
246;arms_factory;2428.00;17.58;442.00;4.23;0
246;industrial_complex;2427.76;17.71;442.96;0.62;0
246;air_base;2427.08;17.71;443.68;1.98;0
246;anti_air_building;2426.14;17.77;443.99;3.48;0
246;synthetic_refinery;2425.17;17.65;443.82;0.80;0
246;fuel_silo;2424.40;17.65;443.20;2.29;0
246;radar_station;2424.02;17.40;442.28;2.47;0
246;rocket_site;2424.13;17.34;441.30;0.44;0
246;nuclear_reactor;2424.69;17.34;440.49;0.18;0
246;bunker;2425.58;17.40;440.04;4.30;0
246;supply_node;2426.57;17.46;440.08;5.66;0
247;arms_factory;2300.00;15.46;290.00;1.37;0
247;industrial_complex;2299.76;15.46;290.96;4.73;0
247;air_base;2299.08;15.46;291.68;3.74;0
247;anti_air_building;2298.14;15.46;291.99;3.05;0
247;synthetic_refinery;2297.17;15.46;291.82;1.80;0
247;fuel_silo;2296.40;15.46;291.20;3.85;0
247;radar_station;2296.02;15.40;290.28;6.17;0
247;rocket_site;2296.13;15.46;289.30;4.64;0
247;nuclear_reactor;2296.69;15.46;288.49;4.90;0
247;bunker;2297.58;15.40;288.04;4.29;0
247;supply_node;2298.57;15.46;288.08;4.38;0
248;arms_factory;2308.00;15.58;560.00;3.02;0
248;industrial_complex;2307.76;15.58;560.96;1.84;0
248;air_base;2307.08;15.58;561.68;1.29;0
248;anti_air_building;2306.14;15.58;561.99;0.66;0
248;synthetic_refinery;2305.17;15.58;561.82;1.28;0
248;fuel_silo;2304.40;15.58;561.20;4.14;0
248;radar_station;2304.02;15.58;560.28;2.11;0
248;rocket_site;2304.13;15.58;559.30;2.37;0
248;nuclear_reactor;2304.69;15.58;558.49;3.54;0
248;bunker;2305.58;15.58;558.04;0.03;0
248;supply_node;2306.57;15.52;558.08;3.88;0
249;arms_factory;2327.00;16.49;958.00;2.50;0
249;industrial_complex;2326.76;16.31;958.96;1.50;0
249;air_base;2326.08;16.31;959.68;2.77;0
249;anti_air_building;2325.14;16.31;959.99;4.88;0
249;synthetic_refinery;2324.17;16.13;959.82;4.24;0
249;fuel_silo;2323.40;16.06;959.20;2.02;0
249;radar_station;2323.02;16.00;958.28;2.73;0
249;rocket_site;2323.13;15.94;957.30;1.71;0
249;nuclear_reactor;2323.69;15.94;956.49;4.32;0
249;bunker;2324.58;16.06;956.04;0.53;0
249;supply_node;2325.57;16.13;956.08;4.54;0
250;arms_factory;2292.00;18.50;418.00;4.44;0
250;industrial_complex;2291.76;18.25;418.96;4.38;0
250;air_base;2291.08;17.95;419.68;2.84;0
250;anti_air_building;2290.14;17.95;419.99;0.80;0
250;synthetic_refinery;2289.17;17.83;419.82;0.42;0
250;fuel_silo;2288.40;17.65;419.20;2.53;0
250;radar_station;2288.02;17.77;418.28;4.75;0
250;rocket_site;2288.13;17.83;417.30;5.39;0
250;nuclear_reactor;2288.69;17.58;416.49;1.11;0
250;bunker;2289.58;17.77;416.04;3.11;0
250;supply_node;2290.57;18.19;416.08;5.23;0
251;arms_factory;2438.00;15.82;279.00;5.27;0
251;industrial_complex;2437.76;15.82;279.96;0.52;0
251;air_base;2437.08;15.88;280.68;0.53;0
251;anti_air_building;2436.14;15.88;280.99;3.46;0
251;synthetic_refinery;2435.17;15.94;280.82;4.25;0
251;fuel_silo;2434.40;15.94;280.20;6.16;0
251;radar_station;2434.02;15.94;279.28;0.10;0
251;rocket_site;2434.13;15.88;278.30;4.81;0
251;nuclear_reactor;2434.69;15.82;277.49;2.39;0
251;bunker;2435.58;15.82;277.04;2.67;0
251;supply_node;2436.57;15.82;277.08;5.56;0
252;arms_factory;2213.00;15.58;596.00;3.32;0
252;industrial_complex;2212.76;15.64;596.96;5.35;0
252;air_base;2212.08;15.64;597.68;1.55;0
252;anti_air_building;2211.14;15.64;597.99;0.45;0
252;synthetic_refinery;2210.17;15.58;597.82;3.54;0
252;fuel_silo;2209.40;15.58;597.20;3.05;0
252;radar_station;2209.02;15.58;596.28;0.60;0
252;rocket_site;2209.13;15.64;595.30;2.86;0
252;nuclear_reactor;2209.69;15.70;594.49;4.18;0
252;bunker;2210.58;15.70;594.04;4.32;0
252;supply_node;2211.57;15.70;594.08;5.63;0
253;arms_factory;2885.00;15.27;487.00;1.38;0
253;industrial_complex;2884.76;15.27;487.96;0.42;0
253;air_base;2884.08;15.27;488.68;3.99;0
253;anti_air_building;2883.14;15.27;488.99;1.46;0
253;synthetic_refinery;2882.17;15.27;488.82;0.23;0
253;fuel_silo;2881.40;15.27;488.20;4.37;0
253;radar_station;2881.02;15.27;487.28;3.72;0
253;rocket_site;2881.13;15.27;486.30;3.59;0
253;nuclear_reactor;2881.69;15.27;485.49;4.88;0
253;bunker;2882.58;15.27;485.04;5.32;0
253;supply_node;2883.57;15.27;485.08;1.59;0
254;arms_factory;2307.00;15.58;925.00;0.04;0
254;industrial_complex;2306.76;15.58;925.96;4.10;0
254;air_base;2306.08;15.58;926.68;3.74;0
254;anti_air_building;2305.14;15.58;926.99;1.79;0
254;synthetic_refinery;2304.17;15.58;926.82;1.08;0
254;fuel_silo;2303.40;15.52;926.20;2.44;0
254;radar_station;2303.02;15.52;925.28;3.65;0
254;rocket_site;2303.13;15.52;924.30;6.22;0
254;nuclear_reactor;2303.69;15.52;923.49;5.82;0
254;bunker;2304.58;15.58;923.04;3.71;0
254;supply_node;2305.57;15.58;923.08;5.56;0
255;arms_factory;2400.00;16.49;337.00;5.59;0
255;industrial_complex;2399.76;16.49;337.96;4.15;0
255;air_base;2399.08;16.43;338.68;5.92;0
255;anti_air_building;2398.14;16.43;338.99;3.41;0
255;synthetic_refinery;2397.17;16.43;338.82;5.88;0
255;fuel_silo;2396.40;16.43;338.20;2.32;0
255;radar_station;2396.02;16.43;337.28;1.45;0
255;rocket_site;2396.13;16.43;336.30;4.16;0
255;nuclear_reactor;2396.69;16.43;335.49;0.11;0
255;bunker;2397.58;16.37;335.04;0.32;0
255;supply_node;2398.57;16.37;335.08;5.49;0
256;arms_factory;2793.00;15.34;144.00;2.90;0
256;industrial_complex;2792.76;15.34;144.96;5.75;0
256;air_base;2792.08;15.34;145.68;1.56;0
256;anti_air_building;2791.14;15.34;145.99;2.72;0
256;synthetic_refinery;2790.17;15.34;145.82;3.71;0
256;fuel_silo;2789.40;15.34;145.20;1.13;0
256;radar_station;2789.02;15.34;144.28;6.26;0
256;rocket_site;2789.13;15.34;143.30;2.69;0
256;nuclear_reactor;2789.69;15.34;142.49;1.22;0
256;bunker;2790.58;15.40;142.04;4.23;0
256;supply_node;2791.57;15.40;142.08;4.09;0
257;arms_factory;2534.00;15.27;276.00;1.76;0
257;industrial_complex;2533.76;15.27;276.96;1.83;0
257;air_base;2533.08;15.27;277.68;4.28;0
257;anti_air_building;2532.14;15.27;277.99;2.58;0
257;synthetic_refinery;2531.17;15.27;277.82;3.74;0
257;fuel_silo;2530.40;15.27;277.20;3.19;0
257;radar_station;2530.02;15.27;276.28;4.18;0
257;rocket_site;2530.13;15.27;275.30;5.28;0
257;nuclear_reactor;2530.69;15.27;274.49;4.12;0
257;bunker;2531.58;15.27;274.04;1.48;0
257;supply_node;2532.57;15.27;274.08;1.83;0
258;arms_factory;2962.00;15.34;721.00;5.07;0
258;industrial_complex;2961.76;15.34;721.96;0.46;0
258;air_base;2961.08;15.34;722.68;0.33;0
258;anti_air_building;2960.14;15.34;722.99;0.15;0
258;synthetic_refinery;2959.17;15.34;722.82;1.93;0
258;fuel_silo;2958.40;15.34;722.20;5.23;0
258;radar_station;2958.02;15.34;721.28;2.37;0
258;rocket_site;2958.13;15.34;720.30;1.70;0
258;nuclear_reactor;2958.69;15.27;719.49;1.66;0
258;bunker;2959.58;15.27;719.04;2.24;0
258;supply_node;2960.57;15.34;719.08;1.38;0
259;arms_factory;2493.00;15.34;880.00;2.12;0
259;industrial_complex;2492.76;15.34;880.96;5.81;0
259;air_base;2492.08;15.34;881.68;0.17;0
259;anti_air_building;2491.14;15.34;881.99;2.77;0
259;synthetic_refinery;2490.17;15.34;881.82;5.02;0
259;fuel_silo;2489.40;15.34;881.20;3.75;0
259;radar_station;2489.02;15.34;880.28;3.31;0
259;rocket_site;2489.13;15.34;879.30;1.67;0
259;nuclear_reactor;2489.69;15.34;878.49;5.33;0
259;bunker;2490.58;15.34;878.04;3.78;0
259;supply_node;2491.57;15.34;878.08;3.13;0
260;arms_factory;2892.00;15.34;933.00;1.82;0
260;industrial_complex;2891.76;15.34;933.96;2.44;0
260;air_base;2891.08;15.40;934.68;0.62;0
260;anti_air_building;2890.14;15.46;934.99;5.81;0
260;synthetic_refinery;2889.17;15.46;934.82;2.66;0
260;fuel_silo;2888.40;15.52;934.20;5.43;0
260;radar_station;2888.02;15.46;933.28;4.21;0
260;rocket_site;2888.13;15.46;932.30;3.13;0
260;nuclear_reactor;2888.69;15.46;931.49;2.78;0
260;bunker;2889.58;15.40;931.04;2.87;0
260;supply_node;2890.57;15.40;931.08;4.89;0
261;arms_factory;2686.00;15.34;715.00;5.21;0
261;industrial_complex;2685.76;15.34;715.96;0.14;0
261;air_base;2685.08;15.34;716.68;5.99;0
261;anti_air_building;2684.14;15.34;716.99;2.32;0
261;synthetic_refinery;2683.17;15.34;716.82;3.12;0
261;fuel_silo;2682.40;15.34;716.20;2.22;0
261;radar_station;2682.02;15.34;715.28;1.95;0
261;rocket_site;2682.13;15.34;714.30;1.25;0
261;nuclear_reactor;2682.69;15.34;713.49;5.11;0
261;bunker;2683.58;15.34;713.04;3.83;0
261;supply_node;2684.57;15.34;713.08;5.53;0
262;arms_factory;2476.00;17.65;422.00;1.28;0
262;industrial_complex;2475.76;17.83;422.96;0.32;0
262;air_base;2475.08;17.65;423.68;0.34;0
262;anti_air_building;2474.14;17.83;423.99;2.22;0
262;synthetic_refinery;2473.17;18.07;423.82;2.33;0
262;fuel_silo;2472.40;18.37;423.20;5.80;0
262;radar_station;2472.02;18.07;422.28;5.79;0
262;rocket_site;2472.13;17.89;421.30;0.51;0
262;nuclear_reactor;2472.69;17.65;420.49;6.27;0
262;bunker;2473.58;17.46;420.04;3.24;0
262;supply_node;2474.57;17.28;420.08;1.48;0
263;arms_factory;2698.00;15.40;630.00;1.60;0
263;industrial_complex;2697.76;15.40;630.96;0.94;0
263;air_base;2697.08;15.40;631.68;4.94;0
263;anti_air_building;2696.14;15.40;631.99;5.49;0
263;synthetic_refinery;2695.17;15.40;631.82;3.52;0
263;fuel_silo;2694.40;15.40;631.20;5.58;0
263;radar_station;2694.02;15.40;630.28;2.33;0
263;rocket_site;2694.13;15.40;629.30;5.95;0
263;nuclear_reactor;2694.69;15.40;628.49;4.03;0
263;bunker;2695.58;15.40;628.04;1.02;0
263;supply_node;2696.57;15.40;628.08;5.87;0
264;arms_factory;2292.00;15.40;636.00;0.16;0
264;industrial_complex;2291.76;15.40;636.96;2.91;0
264;air_base;2291.08;15.40;637.68;2.18;0
264;anti_air_building;2290.14;15.40;637.99;2.62;0
264;synthetic_refinery;2289.17;15.40;637.82;3.70;0
264;fuel_silo;2288.40;15.40;637.20;2.27;0
264;radar_station;2288.02;15.40;636.28;0.67;0
264;rocket_site;2288.13;15.40;635.30;4.65;0
264;nuclear_reactor;2288.69;15.40;634.49;4.59;0
264;bunker;2289.58;15.40;634.04;2.70;0
264;supply_node;2290.57;15.40;634.08;1.40;0
265;arms_factory;2322.00;15.27;504.00;4.01;0
265;industrial_complex;2321.76;15.27;504.96;5.90;0
265;air_base;2321.08;15.27;505.68;3.71;0
265;anti_air_building;2320.14;15.27;505.99;0.17;0
265;synthetic_refinery;2319.17;15.34;505.82;3.19;0
265;fuel_silo;2318.40;15.34;505.20;5.15;0
265;radar_station;2318.02;15.34;504.28;0.35;0
265;rocket_site;2318.13;15.34;503.30;4.36;0
265;nuclear_reactor;2318.69;15.34;502.49;0.40;0
265;bunker;2319.58;15.34;502.04;0.76;0
265;supply_node;2320.57;15.27;502.08;2.57;0
266;arms_factory;2386.00;17.04;308.00;5.50;0
266;industrial_complex;2385.76;16.98;308.96;4.98;0
266;air_base;2385.08;16.98;309.68;2.84;0
266;anti_air_building;2384.14;16.92;309.99;2.13;0
266;synthetic_refinery;2383.17;16.92;309.82;4.04;0
266;fuel_silo;2382.40;16.73;309.20;1.04;0
266;radar_station;2382.02;16.73;308.28;3.29;0
266;rocket_site;2382.13;16.61;307.30;2.43;0
266;nuclear_reactor;2382.69;16.55;306.49;2.72;0
266;bunker;2383.58;16.61;306.04;1.77;0
266;supply_node;2384.57;16.67;306.08;1.92;0
267;arms_factory;2645.00;15.27;308.00;0.90;0
267;industrial_complex;2644.76;15.27;308.96;3.37;0
267;air_base;2644.08;15.27;309.68;3.10;0
267;anti_air_building;2643.14;15.27;309.99;3.22;0
267;synthetic_refinery;2642.17;15.27;309.82;5.26;0
267;fuel_silo;2641.40;15.27;309.20;5.69;0
267;radar_station;2641.02;15.27;308.28;3.57;0
267;rocket_site;2641.13;15.27;307.30;4.43;0
267;nuclear_reactor;2641.69;15.27;306.49;5.59;0
267;bunker;2642.58;15.27;306.04;0.78;0
267;supply_node;2643.57;15.27;306.08;4.01;0
268;arms_factory;2299.00;15.58;546.00;6.14;0
268;industrial_complex;2298.76;15.58;546.96;5.70;0
268;air_base;2298.08;15.58;547.68;2.29;0
268;anti_air_building;2297.14;15.58;547.99;5.31;0
268;synthetic_refinery;2296.17;15.64;547.82;1.12;0
268;fuel_silo;2295.40;15.64;547.20;1.86;0
268;radar_station;2295.02;15.64;546.28;1.26;0
268;rocket_site;2295.13;15.64;545.30;0.88;0
268;nuclear_reactor;2295.69;15.64;544.49;4.98;0
268;bunker;2296.58;15.64;544.04;5.66;0
268;supply_node;2297.57;15.58;544.08;4.81;0
269;arms_factory;2473.00;15.34;753.00;4.11;0
269;industrial_complex;2472.76;15.34;753.96;5.52;0
269;air_base;2472.08;15.34;754.68;4.41;0
269;anti_air_building;2471.14;15.34;754.99;1.92;0
269;synthetic_refinery;2470.17;15.34;754.82;2.42;0
269;fuel_silo;2469.40;15.34;754.20;3.44;0
269;radar_station;2469.02;15.34;753.28;3.65;0
269;rocket_site;2469.13;15.34;752.30;5.39;0
269;nuclear_reactor;2469.69;15.40;751.49;2.83;0
269;bunker;2470.58;15.40;751.04;3.34;0
269;supply_node;2471.57;15.34;751.08;1.59;0
270;arms_factory;2478.00;16.13;606.00;6.24;0
270;industrial_complex;2477.76;16.06;606.96;6.14;0
270;air_base;2477.08;16.06;607.68;2.65;0
270;anti_air_building;2476.14;16.06;607.99;0.90;0
270;synthetic_refinery;2475.17;16.00;607.82;4.03;0
270;fuel_silo;2474.40;16.00;607.20;5.30;0
270;radar_station;2474.02;16.06;606.28;2.34;0
270;rocket_site;2474.13;16.06;605.30;0.61;0
270;nuclear_reactor;2474.69;16.06;604.49;1.48;0
270;bunker;2475.58;16.13;604.04;5.13;0
270;supply_node;2476.57;16.13;604.08;5.21;0
271;arms_factory;2816.00;15.34;565.00;4.71;0
271;industrial_complex;2815.76;15.34;565.96;5.40;0
271;air_base;2815.08;15.34;566.68;0.41;0
271;anti_air_building;2814.14;15.34;566.99;5.63;0
271;synthetic_refinery;2813.17;15.40;566.82;1.95;0
271;fuel_silo;2812.40;15.34;566.20;2.59;0
271;radar_station;2812.02;15.34;565.28;4.64;0
271;rocket_site;2812.13;15.34;564.30;3.36;0
271;nuclear_reactor;2812.69;15.34;563.49;4.55;0
271;bunker;2813.58;15.34;563.04;1.81;0
271;supply_node;2814.57;15.34;563.08;5.13;0
272;arms_factory;2862.00;15.27;532.00;5.81;0
272;industrial_complex;2861.76;15.27;532.96;5.34;0
272;air_base;2861.08;15.27;533.68;4.66;0
272;anti_air_building;2860.14;15.27;533.99;1.30;0
272;synthetic_refinery;2859.17;15.27;533.82;4.48;0
272;fuel_silo;2858.40;15.27;533.20;1.36;0
272;radar_station;2858.02;15.27;532.28;2.77;0
272;rocket_site;2858.13;15.27;531.30;1.13;0
272;nuclear_reactor;2858.69;15.27;530.49;3.37;0
272;bunker;2859.58;15.27;530.04;3.03;0
272;supply_node;2860.57;15.27;530.08;0.32;0
273;arms_factory;2985.00;15.40;622.00;0.02;0
273;industrial_complex;2984.76;15.40;622.96;0.88;0
273;air_base;2984.08;15.34;623.68;4.23;0
273;anti_air_building;2983.14;15.34;623.99;4.18;0
273;synthetic_refinery;2982.17;15.34;623.82;6.11;0
273;fuel_silo;2981.40;15.34;623.20;0.99;0
273;radar_station;2981.02;15.34;622.28;5.32;0
273;rocket_site;2981.13;15.40;621.30;5.57;0
273;nuclear_reactor;2981.69;15.40;620.49;4.79;0
273;bunker;2982.58;15.40;620.04;0.35;0
273;supply_node;2983.57;15.40;620.08;1.26;0
274;arms_factory;2471.00;22.75;503.00;0.85;0
274;industrial_complex;2470.76;22.69;503.96;5.67;0
274;air_base;2470.08;22.39;504.68;3.95;0
274;anti_air_building;2469.14;22.51;504.99;1.24;0
274;synthetic_refinery;2468.17;23.12;504.82;3.92;0
274;fuel_silo;2467.40;23.12;504.20;1.58;0
274;radar_station;2467.02;22.87;503.28;3.01;0
274;rocket_site;2467.13;22.81;502.30;6.24;0
274;nuclear_reactor;2467.69;22.14;501.49;6.04;0
274;bunker;2468.58;22.08;501.04;5.32;0
274;supply_node;2469.57;22.20;501.08;1.46;0
275;arms_factory;2466.00;15.27;707.00;5.10;0
275;industrial_complex;2465.76;15.27;707.96;0.84;0
275;air_base;2465.08;15.27;708.68;0.60;0
275;anti_air_building;2464.14;15.27;708.99;4.33;0
275;synthetic_refinery;2463.17;15.27;708.82;5.72;0
275;fuel_silo;2462.40;15.27;708.20;3.89;0
275;radar_station;2462.02;15.27;707.28;3.52;0
275;rocket_site;2462.13;15.27;706.30;4.85;0
275;nuclear_reactor;2462.69;15.27;705.49;3.13;0
275;bunker;2463.58;15.27;705.04;5.63;0
275;supply_node;2464.57;15.27;705.08;4.37;0
276;arms_factory;2588.00;15.27;1113.00;4.41;0
276;industrial_complex;2587.76;15.27;1113.96;6.18;0
276;air_base;2587.08;15.27;1114.68;2.14;0
276;anti_air_building;2586.14;15.27;1114.99;5.11;0
276;synthetic_refinery;2585.17;15.27;1114.82;2.05;0
276;fuel_silo;2584.40;15.27;1114.20;4.48;0
276;radar_station;2584.02;15.27;1113.28;4.33;0
276;rocket_site;2584.13;15.27;1112.30;2.22;0
276;nuclear_reactor;2584.69;15.27;1111.49;5.48;0
276;bunker;2585.58;15.27;1111.04;1.27;0
276;supply_node;2586.57;15.27;1111.08;2.92;0
277;arms_factory;2909.00;15.34;618.00;1.96;0
277;industrial_complex;2908.76;15.34;618.96;5.37;0
277;air_base;2908.08;15.34;619.68;3.05;0
277;anti_air_building;2907.14;15.34;619.99;4.22;0
277;synthetic_refinery;2906.17;15.34;619.82;2.71;0
277;fuel_silo;2905.40;15.34;619.20;5.44;0
277;radar_station;2905.02;15.34;618.28;2.77;0
277;rocket_site;2905.13;15.34;617.30;3.78;0
277;nuclear_reactor;2905.69;15.34;616.49;3.33;0
277;bunker;2906.58;15.34;616.04;4.04;0
277;supply_node;2907.57;15.34;616.08;4.24;0
278;arms_factory;2388.00;16.00;220.00;1.37;0
278;industrial_complex;2387.76;16.06;220.96;1.70;0
278;air_base;2387.08;15.88;221.68;3.19;0
278;anti_air_building;2386.14;16.00;221.99;3.14;0
278;synthetic_refinery;2385.17;16.13;221.82;2.81;0
278;fuel_silo;2384.40;16.25;221.20;3.38;0
278;radar_station;2384.02;16.31;220.28;1.10;0
278;rocket_site;2384.13;16.31;219.30;2.06;0
278;nuclear_reactor;2384.69;16.37;218.49;5.94;0
278;bunker;2385.58;16.31;218.04;0.05;0
278;supply_node;2386.57;16.13;218.08;2.81;0
279;arms_factory;2604.00;15.27;121.00;2.52;0
279;industrial_complex;2603.76;15.27;121.96;2.94;0
279;air_base;2603.08;15.27;122.68;0.17;0
279;anti_air_building;2602.14;15.27;122.99;2.60;0
279;synthetic_refinery;2601.17;15.27;122.82;5.49;0
279;fuel_silo;2600.40;15.27;122.20;5.22;0
279;radar_station;2600.02;15.27;121.28;1.27;0
279;rocket_site;2600.13;15.27;120.30;3.91;0
279;nuclear_reactor;2600.69;15.27;119.49;5.81;0
279;bunker;2601.58;15.27;119.04;0.02;0
279;supply_node;2602.57;15.27;119.08;5.79;0
280;arms_factory;2638.00;15.27;745.00;6.15;0
280;industrial_complex;2637.76;15.27;745.96;3.22;0
280;air_base;2637.08;15.27;746.68;5.54;0
280;anti_air_building;2636.14;15.27;746.99;5.61;0
280;synthetic_refinery;2635.17;15.27;746.82;2.56;0
280;fuel_silo;2634.40;15.27;746.20;3.33;0
280;radar_station;2634.02;15.27;745.28;2.21;0
280;rocket_site;2634.13;15.27;744.30;1.81;0
280;nuclear_reactor;2634.69;15.27;743.49;1.07;0
280;bunker;2635.58;15.27;743.04;6.10;0
280;supply_node;2636.57;15.27;743.08;5.04;0
281;arms_factory;2953.00;15.34;737.00;5.34;0
281;industrial_complex;2952.76;15.34;737.96;1.29;0
281;air_base;2952.08;15.27;738.68;2.05;0
281;anti_air_building;2951.14;15.27;738.99;5.87;0
281;synthetic_refinery;2950.17;15.27;738.82;3.90;0
281;fuel_silo;2949.40;15.27;738.20;5.05;0
281;radar_station;2949.02;15.27;737.28;4.47;0
281;rocket_site;2949.13;15.27;736.30;5.41;0
281;nuclear_reactor;2949.69;15.34;735.49;6.09;0
281;bunker;2950.58;15.34;735.04;3.58;0
281;supply_node;2951.57;15.34;735.08;3.55;0
282;arms_factory;2399.00;18.01;478.00;2.55;0
282;industrial_complex;2398.76;17.95;478.96;4.11;0
282;air_base;2398.08;17.89;479.68;1.53;0
282;anti_air_building;2397.14;18.07;479.99;6.15;0
282;synthetic_refinery;2396.17;17.83;479.82;5.77;0
282;fuel_silo;2395.40;17.83;479.20;2.79;0
282;radar_station;2395.02;17.77;478.28;2.84;0
282;rocket_site;2395.13;17.71;477.30;4.56;0
282;nuclear_reactor;2395.69;17.71;476.49;3.96;0
282;bunker;2396.58;17.77;476.04;0.53;0
282;supply_node;2397.57;17.95;476.08;5.21;0
283;arms_factory;2474.00;17.04;915.00;5.75;0
283;industrial_complex;2473.76;17.10;915.96;0.65;0
283;air_base;2473.08;17.10;916.68;3.59;0
283;anti_air_building;2472.14;17.28;916.99;3.97;0
283;synthetic_refinery;2471.17;17.34;916.82;3.36;0
283;fuel_silo;2470.40;17.46;916.20;0.34;0
283;radar_station;2470.02;17.34;915.28;3.35;0
283;rocket_site;2470.13;17.34;914.30;2.14;0
283;nuclear_reactor;2470.69;17.34;913.49;3.69;0
283;bunker;2471.58;17.28;913.04;5.81;0
283;supply_node;2472.57;17.22;913.08;6.20;0
284;arms_factory;2445.00;15.46;799.00;1.11;0
284;industrial_complex;2444.76;15.46;799.96;0.95;0
284;air_base;2444.08;15.46;800.68;4.03;0
284;anti_air_building;2443.14;15.46;800.99;3.07;0
284;synthetic_refinery;2442.17;15.40;800.82;1.44;0
284;fuel_silo;2441.40;15.40;800.20;0.64;0
284;radar_station;2441.02;15.40;799.28;2.87;0
284;rocket_site;2441.13;15.40;798.30;0.79;0
284;nuclear_reactor;2441.69;15.40;797.49;0.36;0
284;bunker;2442.58;15.40;797.04;2.50;0
284;supply_node;2443.57;15.40;797.08;5.73;0
285;arms_factory;2752.00;15.27;746.00;0.91;0
285;industrial_complex;2751.76;15.27;746.96;0.40;0
285;air_base;2751.08;15.27;747.68;1.32;0
285;anti_air_building;2750.14;15.27;747.99;5.09;0
285;synthetic_refinery;2749.17;15.27;747.82;3.89;0
285;fuel_silo;2748.40;15.27;747.20;3.75;0
285;radar_station;2748.02;15.27;746.28;2.67;0
285;rocket_site;2748.13;15.27;745.30;5.84;0
285;nuclear_reactor;2748.69;15.27;744.49;1.18;0
285;bunker;2749.58;15.27;744.04;3.50;0
285;supply_node;2750.57;15.27;744.08;3.13;0
286;arms_factory;2262.00;16.00;400.00;4.67;0
286;industrial_complex;2261.76;16.06;400.96;4.85;0
286;air_base;2261.08;16.06;401.68;4.22;0
286;anti_air_building;2260.14;16.06;401.99;2.12;0
286;synthetic_refinery;2259.17;16.06;401.82;5.65;0
286;fuel_silo;2258.40;16.06;401.20;2.38;0
286;radar_station;2258.02;16.06;400.28;5.49;0
286;rocket_site;2258.13;16.06;399.30;5.08;0
286;nuclear_reactor;2258.69;16.06;398.49;3.24;0
286;bunker;2259.58;16.00;398.04;4.76;0
286;supply_node;2260.57;16.06;398.08;0.21;0
287;arms_factory;2545.00;15.27;1059.00;5.88;0
287;industrial_complex;2544.76;15.27;1059.96;3.83;0
287;air_base;2544.08;15.27;1060.68;3.02;0
287;anti_air_building;2543.14;15.27;1060.99;1.19;0
287;synthetic_refinery;2542.17;15.27;1060.82;5.36;0
287;fuel_silo;2541.40;15.27;1060.20;1.00;0
287;radar_station;2541.02;15.27;1059.28;1.90;0
287;rocket_site;2541.13;15.27;1058.30;3.89;0
287;nuclear_reactor;2541.69;15.27;1057.49;6.21;0
287;bunker;2542.58;15.27;1057.04;4.53;0
287;supply_node;2543.57;15.27;1057.08;3.63;0
288;arms_factory;2422.00;17.28;929.00;0.74;0
288;industrial_complex;2421.76;17.10;929.96;5.10;0
288;air_base;2421.08;17.22;930.68;6.15;0
288;anti_air_building;2420.14;17.40;930.99;3.63;0
288;synthetic_refinery;2419.17;17.40;930.82;3.72;0
288;fuel_silo;2418.40;17.40;930.20;4.24;0
288;radar_station;2418.02;17.58;929.28;6.02;0
288;rocket_site;2418.13;17.65;928.30;5.01;0
288;nuclear_reactor;2418.69;17.52;927.49;5.14;0
288;bunker;2419.58;17.52;927.04;0.49;0
288;supply_node;2420.57;17.46;927.08;0.91;0
289;arms_factory;2864.00;15.27;798.00;5.97;0
289;industrial_complex;2863.76;15.27;798.96;1.33;0
289;air_base;2863.08;15.27;799.68;3.26;0
289;anti_air_building;2862.14;15.27;799.99;3.80;0
289;synthetic_refinery;2861.17;15.27;799.82;0.91;0
289;fuel_silo;2860.40;15.27;799.20;4.52;0
289;radar_station;2860.02;15.27;798.28;5.37;0
289;rocket_site;2860.13;15.27;797.30;5.20;0
289;nuclear_reactor;2860.69;15.27;796.49;5.93;0
289;bunker;2861.58;15.27;796.04;5.50;0
289;supply_node;2862.57;15.27;796.08;1.53;0
290;arms_factory;2536.00;16.73;538.00;5.48;0
290;industrial_complex;2535.76;16.73;538.96;0.29;0
290;air_base;2535.08;16.73;539.68;6.20;0
290;anti_air_building;2534.14;16.85;539.99;4.39;0
290;synthetic_refinery;2533.17;16.79;539.82;5.32;0
290;fuel_silo;2532.40;16.73;539.20;2.58;0
290;radar_station;2532.02;16.73;538.28;5.32;0
290;rocket_site;2532.13;16.79;537.30;3.28;0
290;nuclear_reactor;2532.69;16.85;536.49;0.68;0
290;bunker;2533.58;16.92;536.04;5.31;0
290;supply_node;2534.57;16.92;536.08;4.21;0
291;arms_factory;2391.00;16.25;904.00;3.72;0
291;industrial_complex;2390.76;16.25;904.96;3.39;0
291;air_base;2390.08;16.25;905.68;2.30;0
291;anti_air_building;2389.14;16.19;905.99;1.70;0
291;synthetic_refinery;2388.17;16.13;905.82;5.46;0
291;fuel_silo;2387.40;16.00;905.20;0.22;0
291;radar_station;2387.02;15.94;904.28;4.49;0
291;rocket_site;2387.13;15.94;903.30;1.86;0
291;nuclear_reactor;2387.69;15.82;902.49;0.61;0
291;bunker;2388.58;15.88;902.04;3.96;0
291;supply_node;2389.57;16.00;902.08;3.77;0
292;arms_factory;2273.00;15.27;260.00;0.95;0
292;industrial_complex;2272.76;15.27;260.96;2.51;0
292;air_base;2272.08;15.27;261.68;4.49;0
292;anti_air_building;2271.14;15.27;261.99;0.01;0
292;synthetic_refinery;2270.17;15.27;261.82;5.68;0
292;fuel_silo;2269.40;15.27;261.20;0.81;0
292;radar_station;2269.02;15.27;260.28;4.06;0
292;rocket_site;2269.13;15.27;259.30;2.72;0
292;nuclear_reactor;2269.69;15.27;258.49;2.67;0
292;bunker;2270.58;15.27;258.04;3.62;0
292;supply_node;2271.57;15.27;258.08;5.43;0
293;arms_factory;2837.00;16.67;759.00;2.57;0
293;industrial_complex;2836.76;16.49;759.96;2.28;0
293;air_base;2836.08;16.67;760.68;0.87;0
293;anti_air_building;2835.14;16.61;760.99;5.21;0
293;synthetic_refinery;2834.17;16.43;760.82;3.28;0
293;fuel_silo;2833.40;16.49;760.20;5.02;0
293;radar_station;2833.02;16.43;759.28;4.12;0
293;rocket_site;2833.13;16.31;758.30;0.70;0
293;nuclear_reactor;2833.69;16.25;757.49;4.43;0
293;bunker;2834.58;16.31;757.04;6.17;0
293;supply_node;2835.57;16.31;757.08;4.08;0
294;arms_factory;2407.00;15.82;747.00;5.49;0
294;industrial_complex;2406.76;15.82;747.96;0.93;0
294;air_base;2406.08;15.82;748.68;3.06;0
294;anti_air_building;2405.14;15.76;748.99;4.58;0
294;synthetic_refinery;2404.17;15.76;748.82;1.27;0
294;fuel_silo;2403.40;15.70;748.20;4.44;0
294;radar_station;2403.02;15.76;747.28;5.69;0
294;rocket_site;2403.13;15.76;746.30;2.45;0
294;nuclear_reactor;2403.69;15.70;745.49;3.78;0
294;bunker;2404.58;15.70;745.04;5.46;0
294;supply_node;2405.57;15.76;745.08;2.20;0
295;arms_factory;2222.00;15.70;163.00;1.61;0
295;industrial_complex;2221.76;15.70;163.96;0.51;0
295;air_base;2221.08;15.64;164.68;5.88;0
295;anti_air_building;2220.14;15.64;164.99;1.31;0
295;synthetic_refinery;2219.17;15.64;164.82;0.03;0
295;fuel_silo;2218.40;15.64;164.20;0.55;0
295;radar_station;2218.02;15.64;163.28;4.01;0
295;rocket_site;2218.13;15.64;162.30;0.42;0
295;nuclear_reactor;2218.69;15.64;161.49;4.45;0
295;bunker;2219.58;15.70;161.04;2.90;0
295;supply_node;2220.57;15.76;161.08;1.35;0
296;arms_factory;2603.00;15.27;817.00;3.68;0
296;industrial_complex;2602.76;15.27;817.96;5.62;0
296;air_base;2602.08;15.27;818.68;0.28;0
296;anti_air_building;2601.14;15.27;818.99;1.52;0
296;synthetic_refinery;2600.17;15.27;818.82;2.92;0
296;fuel_silo;2599.40;15.27;818.20;0.76;0
296;radar_station;2599.02;15.27;817.28;1.78;0
296;rocket_site;2599.13;15.27;816.30;5.96;0
296;nuclear_reactor;2599.69;15.27;815.49;2.61;0
296;bunker;2600.58;15.27;815.04;5.55;0
296;supply_node;2601.57;15.27;815.08;2.20;0
297;arms_factory;2629.00;15.27;475.00;0.03;0
297;industrial_complex;2628.76;15.27;475.96;4.60;0
297;air_base;2628.08;15.27;476.68;5.53;0
297;anti_air_building;2627.14;15.27;476.99;2.65;0
297;synthetic_refinery;2626.17;15.27;476.82;2.53;0
297;fuel_silo;2625.40;15.27;476.20;1.26;0
297;radar_station;2625.02;15.27;475.28;3.78;0
297;rocket_site;2625.13;15.27;474.30;1.13;0
297;nuclear_reactor;2625.69;15.27;473.49;3.94;0
297;bunker;2626.58;15.27;473.04;0.29;0
297;supply_node;2627.57;15.27;473.08;4.27;0
298;arms_factory;2425.00;15.34;656.00;4.13;0
298;industrial_complex;2424.76;15.34;656.96;4.83;0
298;air_base;2424.08;15.34;657.68;4.67;0
298;anti_air_building;2423.14;15.34;657.99;4.72;0
298;synthetic_refinery;2422.17;15.34;657.82;5.27;0
298;fuel_silo;2421.40;15.34;657.20;3.52;0
298;radar_station;2421.02;15.34;656.28;5.63;0
298;rocket_site;2421.13;15.34;655.30;1.88;0
298;nuclear_reactor;2421.69;15.34;654.49;3.95;0
298;bunker;2422.58;15.34;654.04;5.75;0
298;supply_node;2423.57;15.34;654.08;0.69;0
299;arms_factory;2773.00;15.94;614.00;2.76;0
299;industrial_complex;2772.76;15.94;614.96;0.24;0
299;air_base;2772.08;15.94;615.68;4.90;0
299;anti_air_building;2771.14;15.94;615.99;4.29;0
299;synthetic_refinery;2770.17;15.94;615.82;4.06;0
299;fuel_silo;2769.40;15.88;615.20;2.31;0
299;radar_station;2769.02;15.88;614.28;3.62;0
299;rocket_site;2769.13;15.82;613.30;5.22;0
299;nuclear_reactor;2769.69;15.88;612.49;2.50;0
299;bunker;2770.58;15.88;612.04;5.23;0
299;supply_node;2771.57;15.88;612.08;0.99;0
300;arms_factory;2708.00;15.82;966.00;5.86;0
300;industrial_complex;2707.76;15.88;966.96;1.98;0
300;air_base;2707.08;15.94;967.68;2.72;0
300;anti_air_building;2706.14;15.94;967.99;1.80;0
300;synthetic_refinery;2705.17;15.88;967.82;3.80;0
300;fuel_silo;2704.40;15.94;967.20;6.24;0
300;radar_station;2704.02;15.88;966.28;0.98;0
300;rocket_site;2704.13;15.88;965.30;4.66;0
300;nuclear_reactor;2704.69;15.88;964.49;5.91;0
300;bunker;2705.58;15.88;964.04;2.90;0
300;supply_node;2706.57;15.94;964.08;1.64;0
301;arms_factory;2181.00;15.88;104.00;3.38;0
301;industrial_complex;2180.76;15.82;104.96;3.54;0
301;air_base;2180.08;15.88;105.68;1.80;0
301;anti_air_building;2179.14;15.82;105.99;2.89;0
301;synthetic_refinery;2178.17;15.70;105.82;3.87;0
301;fuel_silo;2177.40;15.58;105.20;3.34;0
301;radar_station;2177.02;15.64;104.28;2.34;0
301;rocket_site;2177.13;15.64;103.30;1.16;0
301;nuclear_reactor;2177.69;15.58;102.49;2.41;0
301;bunker;2178.58;15.64;102.04;2.24;0
301;supply_node;2179.57;15.70;102.08;2.02;0
302;arms_factory;2667.00;15.27;294.00;3.68;0
302;industrial_complex;2666.76;15.27;294.96;1.66;0
302;air_base;2666.08;15.27;295.68;2.68;0
302;anti_air_building;2665.14;15.27;295.99;3.46;0
302;synthetic_refinery;2664.17;15.27;295.82;1.64;0
302;fuel_silo;2663.40;15.27;295.20;4.04;0
302;radar_station;2663.02;15.27;294.28;5.00;0
302;rocket_site;2663.13;15.27;293.30;0.23;0
302;nuclear_reactor;2663.69;15.27;292.49;3.55;0
302;bunker;2664.58;15.27;292.04;4.93;0
302;supply_node;2665.57;15.27;292.08;6.24;0
303;arms_factory;2450.00;15.40;724.00;5.78;0
303;industrial_complex;2449.76;15.40;724.96;2.09;0
303;air_base;2449.08;15.46;725.68;6.14;0
303;anti_air_building;2448.14;15.46;725.99;6.14;0
303;synthetic_refinery;2447.17;15.46;725.82;1.84;0
303;fuel_silo;2446.40;15.46;725.20;4.93;0
303;radar_station;2446.02;15.46;724.28;2.10;0
303;rocket_site;2446.13;15.46;723.30;3.43;0
303;nuclear_reactor;2446.69;15.46;722.49;3.24;0
303;bunker;2447.58;15.40;722.04;0.78;0
303;supply_node;2448.57;15.40;722.08;6.25;0
304;arms_factory;2303.00;15.46;618.00;4.85;0
304;industrial_complex;2302.76;15.46;618.96;3.62;0
304;air_base;2302.08;15.46;619.68;3.24;0
304;anti_air_building;2301.14;15.46;619.99;3.00;0
304;synthetic_refinery;2300.17;15.46;619.82;3.76;0
304;fuel_silo;2299.40;15.46;619.20;5.35;0
304;radar_station;2299.02;15.46;618.28;4.14;0
304;rocket_site;2299.13;15.46;617.30;3.60;0
304;nuclear_reactor;2299.69;15.46;616.49;0.95;0
304;bunker;2300.58;15.52;616.04;5.74;0
304;supply_node;2301.57;15.52;616.08;3.51;0
305;arms_factory;2484.00;15.27;782.00;2.89;0
305;industrial_complex;2483.76;15.27;782.96;2.61;0
305;air_base;2483.08;15.27;783.68;2.96;0
305;anti_air_building;2482.14;15.27;783.99;0.71;0
305;synthetic_refinery;2481.17;15.27;783.82;1.64;0
305;fuel_silo;2480.40;15.27;783.20;5.52;0
305;radar_station;2480.02;15.27;782.28;0.27;0
305;rocket_site;2480.13;15.27;781.30;4.21;0
305;nuclear_reactor;2480.69;15.27;780.49;3.06;0
305;bunker;2481.58;15.27;780.04;1.79;0
305;supply_node;2482.57;15.27;780.08;5.54;0
306;arms_factory;2622.00;15.40;646.00;0.57;0
306;industrial_complex;2621.76;15.40;646.96;0.09;0
306;air_base;2621.08;15.40;647.68;6.14;0
306;anti_air_building;2620.14;15.40;647.99;4.50;0
306;synthetic_refinery;2619.17;15.34;647.82;3.07;0
306;fuel_silo;2618.40;15.34;647.20;2.87;0
306;radar_station;2618.02;15.34;646.28;1.84;0
306;rocket_site;2618.13;15.34;645.30;4.23;0
306;nuclear_reactor;2618.69;15.34;644.49;0.72;0
306;bunker;2619.58;15.34;644.04;0.16;0
306;supply_node;2620.57;15.40;644.08;4.61;0
307;arms_factory;2268.00;15.40;602.00;4.64;0
307;industrial_complex;2267.76;15.40;602.96;4.55;0
307;air_base;2267.08;15.40;603.68;4.31;0
307;anti_air_building;2266.14;15.40;603.99;0.35;0
307;synthetic_refinery;2265.17;15.40;603.82;1.57;0
307;fuel_silo;2264.40;15.34;603.20;0.39;0
307;radar_station;2264.02;15.40;602.28;4.78;0
307;rocket_site;2264.13;15.40;601.30;4.44;0
307;nuclear_reactor;2264.69;15.40;600.49;1.19;0
307;bunker;2265.58;15.34;600.04;2.72;0
307;supply_node;2266.57;15.40;600.08;0.65;0
308;arms_factory;2194.00;15.82;527.00;0.63;0
308;industrial_complex;2193.76;15.82;527.96;5.31;0
308;air_base;2193.08;15.76;528.68;0.00;0
308;anti_air_building;2192.14;15.76;528.99;6.11;0
308;synthetic_refinery;2191.17;15.76;528.82;4.65;0
308;fuel_silo;2190.40;15.76;528.20;3.77;0
308;radar_station;2190.02;15.76;527.28;0.91;0
308;rocket_site;2190.13;15.82;526.30;0.97;0
308;nuclear_reactor;2190.69;15.88;525.49;2.22;0
308;bunker;2191.58;15.82;525.04;5.53;0
308;supply_node;2192.57;15.82;525.08;4.76;0
309;arms_factory;2417.00;16.25;565.00;4.62;0
309;industrial_complex;2416.76;16.19;565.96;0.28;0
309;air_base;2416.08;16.13;566.68;6.02;0
309;anti_air_building;2415.14;16.19;566.99;0.52;0
309;synthetic_refinery;2414.17;16.19;566.82;5.53;0
309;fuel_silo;2413.40;16.13;566.20;2.99;0
309;radar_station;2413.02;16.19;565.28;3.64;0
309;rocket_site;2413.13;16.13;564.30;4.44;0
309;nuclear_reactor;2413.69;16.13;563.49;4.26;0
309;bunker;2414.58;16.06;563.04;2.07;0
309;supply_node;2415.57;16.06;563.08;2.52;0
310;arms_factory;2422.00;15.40;740.00;0.43;0
310;industrial_complex;2421.76;15.40;740.96;1.59;0
310;air_base;2421.08;15.46;741.68;3.08;0
310;anti_air_building;2420.14;15.46;741.99;0.70;0
310;synthetic_refinery;2419.17;15.46;741.82;6.13;0
310;fuel_silo;2418.40;15.46;741.20;5.63;0
310;radar_station;2418.02;15.46;740.28;4.78;0
310;rocket_site;2418.13;15.52;739.30;3.21;0
310;nuclear_reactor;2418.69;15.46;738.49;3.33;0
310;bunker;2419.58;15.46;738.04;1.57;0
310;supply_node;2420.57;15.46;738.08;0.55;0
311;arms_factory;2340.00;15.76;292.00;2.28;0
311;industrial_complex;2339.76;15.70;292.96;3.56;0
311;air_base;2339.08;15.76;293.68;5.28;0
311;anti_air_building;2338.14;15.70;293.99;1.78;0
311;synthetic_refinery;2337.17;15.70;293.82;4.21;0
311;fuel_silo;2336.40;15.70;293.20;3.68;0
311;radar_station;2336.02;15.70;292.28;4.10;0
311;rocket_site;2336.13;15.70;291.30;5.07;0
311;nuclear_reactor;2336.69;15.76;290.49;3.15;0
311;bunker;2337.58;15.76;290.04;2.41;0
311;supply_node;2338.57;15.76;290.08;0.25;0
312;arms_factory;2235.00;15.46;348.00;4.39;0
312;industrial_complex;2234.76;15.46;348.96;2.32;0
312;air_base;2234.08;15.46;349.68;1.85;0
312;anti_air_building;2233.14;15.46;349.99;0.09;0
312;synthetic_refinery;2232.17;15.46;349.82;4.35;0
312;fuel_silo;2231.40;15.46;349.20;4.35;0
312;radar_station;2231.02;15.46;348.28;2.18;0
312;rocket_site;2231.13;15.46;347.30;1.57;0
312;nuclear_reactor;2231.69;15.40;346.49;1.75;0
312;bunker;2232.58;15.46;346.04;5.65;0
312;supply_node;2233.57;15.46;346.08;0.38;0
313;arms_factory;2239.00;15.58;562.00;2.13;0
313;industrial_complex;2238.76;15.58;562.96;0.52;0
313;air_base;2238.08;15.58;563.68;2.19;0
313;anti_air_building;2237.14;15.58;563.99;4.63;0
313;synthetic_refinery;2236.17;15.58;563.82;3.01;0
313;fuel_silo;2235.40;15.58;563.20;3.74;0
313;radar_station;2235.02;15.64;562.28;2.17;0
313;rocket_site;2235.13;15.58;561.30;2.83;0
313;nuclear_reactor;2235.69;15.64;560.49;5.73;0
313;bunker;2236.58;15.64;560.04;2.88;0
313;supply_node;2237.57;15.58;560.08;4.19;0
314;arms_factory;2856.00;16.98;755.00;0.12;0
314;industrial_complex;2855.76;16.92;755.96;2.89;0
314;air_base;2855.08;17.04;756.68;4.18;0
314;anti_air_building;2854.14;17.04;756.99;3.88;0
314;synthetic_refinery;2853.17;16.92;756.82;3.04;0
314;fuel_silo;2852.40;17.04;756.20;0.71;0
314;radar_station;2852.02;16.92;755.28;0.17;0
314;rocket_site;2852.13;16.92;754.30;4.72;0
314;nuclear_reactor;2852.69;16.98;753.49;3.70;0
314;bunker;2853.58;16.98;753.04;4.55;0
314;supply_node;2854.57;17.04;753.08;2.97;0
315;arms_factory;2249.00;16.61;72.00;4.96;0
315;industrial_complex;2248.76;16.61;72.96;0.62;0
315;air_base;2248.08;16.61;73.68;5.68;0
315;anti_air_building;2247.14;16.61;73.99;5.92;0
315;synthetic_refinery;2246.17;16.61;73.82;1.26;0
315;fuel_silo;2245.40;16.55;73.20;6.07;0
315;radar_station;2245.02;16.43;72.28;1.79;0
315;rocket_site;2245.13;16.37;71.30;0.51;0
315;nuclear_reactor;2245.69;16.19;70.49;3.47;0
315;bunker;2246.58;16.31;70.04;4.33;0
315;supply_node;2247.57;16.37;70.08;2.41;0
316;arms_factory;2394.00;16.49;593.00;3.19;0
316;industrial_complex;2393.76;16.55;593.96;0.79;0
316;air_base;2393.08;16.61;594.68;1.98;0
316;anti_air_building;2392.14;16.73;594.99;4.43;0
316;synthetic_refinery;2391.17;16.61;594.82;3.11;0
316;fuel_silo;2390.40;16.61;594.20;0.98;0
316;radar_station;2390.02;16.61;593.28;3.75;0
316;rocket_site;2390.13;16.73;592.30;0.89;0
316;nuclear_reactor;2390.69;16.73;591.49;0.30;0
316;bunker;2391.58;16.67;591.04;3.02;0
316;supply_node;2392.57;16.67;591.08;4.16;0
317;arms_factory;2698.00;15.34;754.00;3.65;0
317;industrial_complex;2697.76;15.40;754.96;2.29;0
317;air_base;2697.08;15.34;755.68;0.28;0
317;anti_air_building;2696.14;15.34;755.99;0.79;0
317;synthetic_refinery;2695.17;15.34;755.82;1.09;0
317;fuel_silo;2694.40;15.34;755.20;1.31;0
317;radar_station;2694.02;15.34;754.28;3.13;0
317;rocket_site;2694.13;15.34;753.30;4.15;0
317;nuclear_reactor;2694.69;15.40;752.49;5.40;0
317;bunker;2695.58;15.40;752.04;3.90;0
317;supply_node;2696.57;15.40;752.08;0.02;0
318;arms_factory;2354.00;15.27;1037.00;3.64;0
318;industrial_complex;2353.76;15.27;1037.96;5.45;0
318;air_base;2353.08;15.27;1038.68;3.89;0
318;anti_air_building;2352.14;15.27;1038.99;1.85;0
318;synthetic_refinery;2351.17;15.27;1038.82;4.28;0
318;fuel_silo;2350.40;15.27;1038.20;3.53;0
318;radar_station;2350.02;15.27;1037.28;2.20;0
318;rocket_site;2350.13;15.27;1036.30;0.13;0
318;nuclear_reactor;2350.69;15.27;1035.49;1.75;0
318;bunker;2351.58;15.27;1035.04;1.60;0
318;supply_node;2352.57;15.27;1035.08;0.93;0
319;arms_factory;2438.00;18.68;547.00;4.14;0
319;industrial_complex;2437.76;18.74;547.96;2.28;0
319;air_base;2437.08;18.68;548.68;4.71;0
319;anti_air_building;2436.14;18.62;548.99;5.87;0
319;synthetic_refinery;2435.17;18.74;548.82;2.80;0
319;fuel_silo;2434.40;18.80;548.20;0.63;0
319;radar_station;2434.02;18.86;547.28;5.29;0
319;rocket_site;2434.13;18.56;546.30;1.30;0
319;nuclear_reactor;2434.69;18.80;545.49;1.09;0
319;bunker;2435.58;18.80;545.04;5.50;0
319;supply_node;2436.57;18.92;545.08;3.23;0
320;arms_factory;2278.00;15.34;674.00;0.48;0
320;industrial_complex;2277.76;15.34;674.96;0.53;0
320;air_base;2277.08;15.34;675.68;4.82;0
320;anti_air_building;2276.14;15.27;675.99;2.59;0
320;synthetic_refinery;2275.17;15.27;675.82;0.78;0
320;fuel_silo;2274.40;15.27;675.20;1.89;0
320;radar_station;2274.02;15.27;674.28;4.05;0
320;rocket_site;2274.13;15.27;673.30;2.61;0
320;nuclear_reactor;2274.69;15.27;672.49;1.51;0
320;bunker;2275.58;15.27;672.04;6.18;0
320;supply_node;2276.57;15.27;672.08;2.24;0
321;arms_factory;2639.00;15.27;336.00;0.01;0
321;industrial_complex;2638.76;15.27;336.96;2.63;0
321;air_base;2638.08;15.27;337.68;1.26;0
321;anti_air_building;2637.14;15.27;337.99;4.93;0
321;synthetic_refinery;2636.17;15.27;337.82;3.02;0
321;fuel_silo;2635.40;15.27;337.20;0.46;0
321;radar_station;2635.02;15.27;336.28;0.62;0
321;rocket_site;2635.13;15.27;335.30;3.38;0
321;nuclear_reactor;2635.69;15.27;334.49;0.35;0
321;bunker;2636.58;15.27;334.04;0.33;0
321;supply_node;2637.57;15.27;334.08;2.21;0
322;arms_factory;2509.00;15.34;646.00;3.74;0
322;industrial_complex;2508.76;15.34;646.96;5.64;0
322;air_base;2508.08;15.34;647.68;1.41;0
322;anti_air_building;2507.14;15.34;647.99;1.57;0
322;synthetic_refinery;2506.17;15.34;647.82;3.50;0
322;fuel_silo;2505.40;15.34;647.20;6.22;0
322;radar_station;2505.02;15.34;646.28;0.21;0
322;rocket_site;2505.13;15.34;645.30;2.29;0
322;nuclear_reactor;2505.69;15.34;644.49;1.19;0
322;bunker;2506.58;15.34;644.04;5.24;0
322;supply_node;2507.57;15.34;644.08;4.16;0
323;arms_factory;2708.00;16.31;213.00;0.03;0
323;industrial_complex;2707.76;16.31;213.96;1.24;0
323;air_base;2707.08;16.43;214.68;1.65;0
323;anti_air_building;2706.14;16.49;214.99;0.35;0
323;synthetic_refinery;2705.17;16.61;214.82;1.86;0
323;fuel_silo;2704.40;16.55;214.20;3.42;0
323;radar_station;2704.02;16.37;213.28;5.92;0
323;rocket_site;2704.13;16.19;212.30;2.57;0
323;nuclear_reactor;2704.69;16.06;211.49;1.19;0
323;bunker;2705.58;16.06;211.04;2.14;0
323;supply_node;2706.57;16.06;211.08;0.99;0
324;arms_factory;2591.00;15.27;258.00;4.63;0
324;industrial_complex;2590.76;15.27;258.96;0.86;0
324;air_base;2590.08;15.27;259.68;0.48;0
324;anti_air_building;2589.14;15.27;259.99;5.83;0
324;synthetic_refinery;2588.17;15.27;259.82;2.49;0
324;fuel_silo;2587.40;15.27;259.20;2.87;0
324;radar_station;2587.02;15.27;258.28;5.54;0
324;rocket_site;2587.13;15.27;257.30;5.81;0
324;nuclear_reactor;2587.69;15.27;256.49;0.08;0
324;bunker;2588.58;15.27;256.04;0.63;0
324;supply_node;2589.57;15.27;256.08;2.07;0
325;arms_factory;2884.00;15.27;890.00;1.45;0
325;industrial_complex;2883.76;15.27;890.96;3.99;0
325;air_base;2883.08;15.27;891.68;1.04;0
325;anti_air_building;2882.14;15.27;891.99;3.59;0
325;synthetic_refinery;2881.17;15.27;891.82;3.70;0
325;fuel_silo;2880.40;15.27;891.20;4.66;0
325;radar_station;2880.02;15.27;890.28;5.13;0
325;rocket_site;2880.13;15.27;889.30;5.19;0
325;nuclear_reactor;2880.69;15.27;888.49;4.05;0
325;bunker;2881.58;15.27;888.04;3.11;0
325;supply_node;2882.57;15.27;888.08;5.86;0
326;arms_factory;2588.00;15.64;219.00;3.16;0
326;industrial_complex;2587.76;15.64;219.96;3.77;0
326;air_base;2587.08;15.70;220.68;5.45;0
326;anti_air_building;2586.14;15.70;220.99;5.39;0
326;synthetic_refinery;2585.17;15.64;220.82;5.56;0
326;fuel_silo;2584.40;15.70;220.20;3.52;0
326;radar_station;2584.02;15.64;219.28;3.78;0
326;rocket_site;2584.13;15.64;218.30;1.36;0
326;nuclear_reactor;2584.69;15.64;217.49;5.86;0
326;bunker;2585.58;15.58;217.04;0.15;0
326;supply_node;2586.57;15.58;217.08;3.16;0
327;arms_factory;2876.00;16.13;720.00;5.94;0
327;industrial_complex;2875.76;16.25;720.96;5.95;0
327;air_base;2875.08;16.31;721.68;2.47;0
327;anti_air_building;2874.14;16.49;721.99;3.76;0
327;synthetic_refinery;2873.17;16.55;721.82;2.28;0
327;fuel_silo;2872.40;16.79;721.20;4.94;0
327;radar_station;2872.02;16.67;720.28;2.10;0
327;rocket_site;2872.13;16.55;719.30;5.83;0
327;nuclear_reactor;2872.69;16.43;718.49;4.23;0
327;bunker;2873.58;16.25;718.04;1.38;0
327;supply_node;2874.57;16.13;718.08;3.03;0
328;arms_factory;2481.00;15.27;1145.00;3.90;0
328;industrial_complex;2480.76;15.27;1145.96;2.50;0
328;air_base;2480.08;15.27;1146.68;1.98;0
328;anti_air_building;2479.14;15.27;1146.99;1.52;0
328;synthetic_refinery;2478.17;15.27;1146.82;0.24;0
328;fuel_silo;2477.40;15.34;1146.20;3.77;0
328;radar_station;2477.02;15.27;1145.28;3.65;0
328;rocket_site;2477.13;15.27;1144.30;0.51;0
328;nuclear_reactor;2477.69;15.27;1143.49;1.89;0
328;bunker;2478.58;15.27;1143.04;3.58;0
328;supply_node;2479.57;15.27;1143.08;2.79;0
329;arms_factory;2923.00;15.27;619.00;0.90;0
329;industrial_complex;2922.76;15.34;619.96;1.02;0
329;air_base;2922.08;15.34;620.68;2.03;0
329;anti_air_building;2921.14;15.34;620.99;4.44;0
329;synthetic_refinery;2920.17;15.27;620.82;4.11;0
329;fuel_silo;2919.40;15.34;620.20;1.45;0
329;radar_station;2919.02;15.34;619.28;0.04;0
329;rocket_site;2919.13;15.34;618.30;1.17;0
329;nuclear_reactor;2919.69;15.34;617.49;4.68;0
329;bunker;2920.58;15.34;617.04;4.48;0
329;supply_node;2921.57;15.34;617.08;5.32;0
330;arms_factory;2586.00;15.27;279.00;3.10;0
330;industrial_complex;2585.76;15.27;279.96;4.52;0
330;air_base;2585.08;15.27;280.68;0.76;0
330;anti_air_building;2584.14;15.27;280.99;3.00;0
330;synthetic_refinery;2583.17;15.27;280.82;6.16;0
330;fuel_silo;2582.40;15.27;280.20;2.34;0
330;radar_station;2582.02;15.27;279.28;4.11;0
330;rocket_site;2582.13;15.27;278.30;1.44;0
330;nuclear_reactor;2582.69;15.27;277.49;4.94;0
330;bunker;2583.58;15.27;277.04;3.26;0
330;supply_node;2584.57;15.27;277.08;0.58;0
331;arms_factory;2393.00;16.00;615.00;5.61;0
331;industrial_complex;2392.76;16.00;615.96;2.90;0
331;air_base;2392.08;16.06;616.68;3.76;0
331;anti_air_building;2391.14;16.06;616.99;3.36;0
331;synthetic_refinery;2390.17;16.13;616.82;5.30;0
331;fuel_silo;2389.40;16.19;616.20;0.07;0
331;radar_station;2389.02;16.19;615.28;4.86;0
331;rocket_site;2389.13;16.13;614.30;3.95;0
331;nuclear_reactor;2389.69;16.25;613.49;5.42;0
331;bunker;2390.58;16.19;613.04;3.88;0
331;supply_node;2391.57;16.13;613.08;3.79;0
332;arms_factory;2800.00;15.34;288.00;1.12;0
332;industrial_complex;2799.76;15.34;288.96;5.85;0
332;air_base;2799.08;15.34;289.68;1.71;0
332;anti_air_building;2798.14;15.34;289.99;6.02;0
332;synthetic_refinery;2797.17;15.34;289.82;0.19;0
332;fuel_silo;2796.40;15.34;289.20;3.83;0
332;radar_station;2796.02;15.34;288.28;5.94;0
332;rocket_site;2796.13;15.34;287.30;1.18;0
332;nuclear_reactor;2796.69;15.34;286.49;1.26;0
332;bunker;2797.58;15.34;286.04;0.05;0
332;supply_node;2798.57;15.34;286.08;1.89;0
333;arms_factory;2590.00;15.27;1075.00;4.98;0
333;industrial_complex;2589.76;15.27;1075.96;4.92;0
333;air_base;2589.08;15.27;1076.68;3.58;0
333;anti_air_building;2588.14;15.27;1076.99;1.44;0
333;synthetic_refinery;2587.17;15.27;1076.82;4.22;0
333;fuel_silo;2586.40;15.27;1076.20;3.52;0
333;radar_station;2586.02;15.27;1075.28;0.07;0
333;rocket_site;2586.13;15.27;1074.30;5.94;0
333;nuclear_reactor;2586.69;15.27;1073.49;4.07;0
333;bunker;2587.58;15.27;1073.04;0.76;0
333;supply_node;2588.57;15.27;1073.08;5.44;0
334;arms_factory;2416.00;15.40;1002.00;5.54;0
334;industrial_complex;2415.76;15.46;1002.96;2.23;0
334;air_base;2415.08;15.52;1003.68;3.60;0
334;anti_air_building;2414.14;15.58;1003.99;4.96;0
334;synthetic_refinery;2413.17;15.70;1003.82;1.88;0
334;fuel_silo;2412.40;15.76;1003.20;0.57;0
334;radar_station;2412.02;15.88;1002.28;4.38;0
334;rocket_site;2412.13;15.88;1001.30;2.54;0
334;nuclear_reactor;2412.69;15.94;1000.49;0.04;0
334;bunker;2413.58;15.76;1000.04;4.86;0
334;supply_node;2414.57;15.64;1000.08;4.69;0
335;arms_factory;2586.00;15.27;1019.00;6.14;0
335;industrial_complex;2585.76;15.27;1019.96;3.41;0
335;air_base;2585.08;15.27;1020.68;3.65;0
335;anti_air_building;2584.14;15.27;1020.99;3.76;0
335;synthetic_refinery;2583.17;15.34;1020.82;2.29;0
335;fuel_silo;2582.40;15.27;1020.20;0.90;0
335;radar_station;2582.02;15.34;1019.28;1.71;0
335;rocket_site;2582.13;15.27;1018.30;2.59;0
335;nuclear_reactor;2582.69;15.27;1017.49;4.73;0
335;bunker;2583.58;15.27;1017.04;2.17;0
335;supply_node;2584.57;15.27;1017.08;4.86;0
336;arms_factory;2452.00;15.46;1093.00;2.85;0
336;industrial_complex;2451.76;15.52;1093.96;2.50;0
336;air_base;2451.08;15.46;1094.68;3.75;0
336;anti_air_building;2450.14;15.52;1094.99;0.54;0
336;synthetic_refinery;2449.17;15.52;1094.82;4.99;0
336;fuel_silo;2448.40;15.58;1094.20;0.96;0
336;radar_station;2448.02;15.52;1093.28;1.36;0
336;rocket_site;2448.13;15.58;1092.30;0.50;0
336;nuclear_reactor;2448.69;15.58;1091.49;4.50;0
336;bunker;2449.58;15.58;1091.04;0.83;0
336;supply_node;2450.57;15.52;1091.08;2.92;0
337;arms_factory;2271.00;15.64;185.00;5.95;0
337;industrial_complex;2270.76;15.64;185.96;2.91;0
337;air_base;2270.08;15.64;186.68;4.34;0
337;anti_air_building;2269.14;15.58;186.99;4.24;0
337;synthetic_refinery;2268.17;15.58;186.82;2.09;0
337;fuel_silo;2267.40;15.52;186.20;3.87;0
337;radar_station;2267.02;15.52;185.28;0.59;0
337;rocket_site;2267.13;15.52;184.30;2.25;0
337;nuclear_reactor;2267.69;15.58;183.49;5.32;0
337;bunker;2268.58;15.64;183.04;4.14;0
337;supply_node;2269.57;15.64;183.08;4.85;0
338;arms_factory;2799.00;15.76;525.00;0.93;0
338;industrial_complex;2798.76;15.76;525.96;1.30;0
338;air_base;2798.08;15.70;526.68;1.16;0
338;anti_air_building;2797.14;15.70;526.99;3.34;0
338;synthetic_refinery;2796.17;15.76;526.82;2.15;0
338;fuel_silo;2795.40;15.76;526.20;1.41;0
338;radar_station;2795.02;15.82;525.28;1.64;0
338;rocket_site;2795.13;15.88;524.30;5.54;0
338;nuclear_reactor;2795.69;15.94;523.49;1.07;0
338;bunker;2796.58;15.94;523.04;5.66;0
338;supply_node;2797.57;15.94;523.08;1.96;0
339;arms_factory;2945.00;15.27;661.00;2.59;0
339;industrial_complex;2944.76;15.27;661.96;0.08;0
339;air_base;2944.08;15.27;662.68;5.53;0
339;anti_air_building;2943.14;15.27;662.99;4.68;0
339;synthetic_refinery;2942.17;15.27;662.82;0.20;0
339;fuel_silo;2941.40;15.27;662.20;0.79;0
339;radar_station;2941.02;15.27;661.28;6.15;0
339;rocket_site;2941.13;15.27;660.30;5.29;0
339;nuclear_reactor;2941.69;15.27;659.49;1.45;0
339;bunker;2942.58;15.27;659.04;6.12;0
339;supply_node;2943.57;15.27;659.08;2.94;0
340;arms_factory;2577.00;16.61;459.00;3.48;0
340;industrial_complex;2576.76;16.79;459.96;0.34;0
340;air_base;2576.08;16.67;460.68;4.64;0
340;anti_air_building;2575.14;16.85;460.99;4.18;0
340;synthetic_refinery;2574.17;16.73;460.82;3.53;0
340;fuel_silo;2573.40;16.79;460.20;0.48;0
340;radar_station;2573.02;16.73;459.28;5.66;0
340;rocket_site;2573.13;16.79;458.30;3.65;0
340;nuclear_reactor;2573.69;16.61;457.49;5.13;0
340;bunker;2574.58;16.61;457.04;3.76;0
340;supply_node;2575.57;16.55;457.08;1.11;0
341;arms_factory;2536.00;16.85;464.00;4.46;0
341;industrial_complex;2535.76;16.92;464.96;2.79;0
341;air_base;2535.08;16.98;465.68;2.21;0
341;anti_air_building;2534.14;16.92;465.99;2.99;0
341;synthetic_refinery;2533.17;16.92;465.82;2.67;0
341;fuel_silo;2532.40;16.92;465.20;2.44;0
341;radar_station;2532.02;16.92;464.28;0.20;0
341;rocket_site;2532.13;16.98;463.30;1.13;0
341;nuclear_reactor;2532.69;16.98;462.49;3.39;0
341;bunker;2533.58;16.98;462.04;6.12;0
341;supply_node;2534.57;16.92;462.08;2.86;0
342;arms_factory;2221.00;15.34;613.00;0.27;0
342;industrial_complex;2220.76;15.34;613.96;3.08;0
342;air_base;2220.08;15.34;614.68;4.86;0
342;anti_air_building;2219.14;15.34;614.99;1.49;0
342;synthetic_refinery;2218.17;15.34;614.82;4.39;0
342;fuel_silo;2217.40;15.34;614.20;2.52;0
342;radar_station;2217.02;15.34;613.28;3.04;0
342;rocket_site;2217.13;15.34;612.30;3.39;0
342;nuclear_reactor;2217.69;15.40;611.49;0.91;0
342;bunker;2218.58;15.34;611.04;2.91;0
342;supply_node;2219.57;15.34;611.08;4.44;0
343;arms_factory;2655.00;15.27;376.00;1.69;0
343;industrial_complex;2654.76;15.27;376.96;1.08;0
343;air_base;2654.08;15.27;377.68;5.66;0
343;anti_air_building;2653.14;15.27;377.99;2.84;0
343;synthetic_refinery;2652.17;15.27;377.82;3.42;0
343;fuel_silo;2651.40;15.27;377.20;1.50;0
343;radar_station;2651.02;15.27;376.28;0.09;0
343;rocket_site;2651.13;15.27;375.30;0.06;0
343;nuclear_reactor;2651.69;15.27;374.49;5.17;0
343;bunker;2652.58;15.27;374.04;3.52;0
343;supply_node;2653.57;15.27;374.08;0.23;0
344;arms_factory;2760.00;15.46;160.00;0.56;0
344;industrial_complex;2759.76;15.40;160.96;4.54;0
344;air_base;2759.08;15.40;161.68;6.15;0
344;anti_air_building;2758.14;15.40;161.99;4.92;0
344;synthetic_refinery;2757.17;15.40;161.82;5.31;0
344;fuel_silo;2756.40;15.40;161.20;3.78;0
344;radar_station;2756.02;15.40;160.28;0.02;0
344;rocket_site;2756.13;15.40;159.30;3.59;0
344;nuclear_reactor;2756.69;15.40;158.49;3.10;0
344;bunker;2757.58;15.40;158.04;3.34;0
344;supply_node;2758.57;15.40;158.08;3.99;0
345;arms_factory;2727.00;16.55;359.00;0.91;0
345;industrial_complex;2726.76;16.49;359.96;2.57;0
345;air_base;2726.08;16.43;360.68;0.63;0
345;anti_air_building;2725.14;16.31;360.99;3.31;0
345;synthetic_refinery;2724.17;16.13;360.82;1.62;0
345;fuel_silo;2723.40;15.94;360.20;1.76;0
345;radar_station;2723.02;16.00;359.28;5.45;0
345;rocket_site;2723.13;16.00;358.30;4.43;0
345;nuclear_reactor;2723.69;16.19;357.49;6.10;0
345;bunker;2724.58;16.43;357.04;4.71;0
345;supply_node;2725.57;16.43;357.08;0.62;0
346;arms_factory;2581.00;15.27;855.00;0.71;0
346;industrial_complex;2580.76;15.27;855.96;3.40;0
346;air_base;2580.08;15.27;856.68;4.50;0
346;anti_air_building;2579.14;15.34;856.99;5.89;0
346;synthetic_refinery;2578.17;15.34;856.82;5.88;0
346;fuel_silo;2577.40;15.34;856.20;2.40;0
346;radar_station;2577.02;15.34;855.28;3.87;0
346;rocket_site;2577.13;15.34;854.30;4.24;0
346;nuclear_reactor;2577.69;15.34;853.49;2.06;0
346;bunker;2578.58;15.34;853.04;4.70;0
346;supply_node;2579.57;15.27;853.08;4.61;0
347;arms_factory;1896.00;15.88;529.00;5.69;0
347;industrial_complex;1895.76;15.94;529.96;1.00;0
347;air_base;1895.08;15.94;530.68;3.00;0
347;anti_air_building;1894.14;15.88;530.99;0.89;0
347;synthetic_refinery;1893.17;16.06;530.82;1.75;0
347;fuel_silo;1892.40;16.13;530.20;1.54;0
347;radar_station;1892.02;16.06;529.28;2.46;0
347;rocket_site;1892.13;16.06;528.30;2.83;0
347;nuclear_reactor;1892.69;16.00;527.49;4.82;0
347;bunker;1893.58;15.94;527.04;0.48;0
347;supply_node;1894.57;15.94;527.08;0.73;0
348;arms_factory;2118.00;16.19;846.00;3.17;0
348;industrial_complex;2117.76;16.25;846.96;3.12;0
348;air_base;2117.08;16.25;847.68;2.10;0
348;anti_air_building;2116.14;16.37;847.99;5.71;0
348;synthetic_refinery;2115.17;16.37;847.82;3.63;0
348;fuel_silo;2114.40;16.37;847.20;2.81;0
348;radar_station;2114.02;16.25;846.28;0.43;0
348;rocket_site;2114.13;16.19;845.30;0.67;0
348;nuclear_reactor;2114.69;16.13;844.49;2.44;0
348;bunker;2115.58;16.25;844.04;0.75;0
348;supply_node;2116.57;16.13;844.08;1.56;0
349;arms_factory;1195.00;15.27;678.00;5.12;0
349;industrial_complex;1194.76;15.27;678.96;6.18;0
349;air_base;1194.08;15.27;679.68;3.85;0
349;anti_air_building;1193.14;15.34;679.99;2.44;0
349;synthetic_refinery;1192.17;15.34;679.82;4.49;0
349;fuel_silo;1191.40;15.34;679.20;5.96;0
349;radar_station;1191.02;15.34;678.28;2.44;0
349;rocket_site;1191.13;15.34;677.30;1.30;0
349;nuclear_reactor;1191.69;15.27;676.49;0.09;0
349;bunker;1192.58;15.27;676.04;5.73;0
349;supply_node;1193.57;15.27;676.08;4.60;0
350;arms_factory;1837.00;15.27;298.00;1.92;0
350;industrial_complex;1836.76;15.27;298.96;1.34;0
350;air_base;1836.08;15.27;299.68;1.22;0
350;anti_air_building;1835.14;15.27;299.99;0.30;0
350;synthetic_refinery;1834.17;15.27;299.82;1.92;0
350;fuel_silo;1833.40;15.27;299.20;5.85;0
350;radar_station;1833.02;15.27;298.28;0.91;0
350;rocket_site;1833.13;15.27;297.30;2.32;0
350;nuclear_reactor;1833.69;15.27;296.49;4.94;0
350;bunker;1834.58;15.27;296.04;5.01;0
350;supply_node;1835.57;15.27;296.08;2.16;0
351;arms_factory;1661.00;15.34;1071.00;1.40;0
351;industrial_complex;1660.76;15.34;1071.96;4.90;0
351;air_base;1660.08;15.34;1072.68;5.46;0
351;anti_air_building;1659.14;15.34;1072.99;1.08;0
351;synthetic_refinery;1658.17;15.34;1072.82;1.60;0
351;fuel_silo;1657.40;15.34;1072.20;5.57;0
351;radar_station;1657.02;15.34;1071.28;0.47;0
351;rocket_site;1657.13;15.34;1070.30;2.34;0
351;nuclear_reactor;1657.69;15.34;1069.49;0.35;0
351;bunker;1658.58;15.34;1069.04;2.20;0
351;supply_node;1659.57;15.34;1069.08;0.99;0
352;arms_factory;2217.00;15.46;355.00;4.00;0
352;industrial_complex;2216.76;15.46;355.96;3.09;0
352;air_base;2216.08;15.52;356.68;2.41;0
352;anti_air_building;2215.14;15.52;356.99;4.04;0
352;synthetic_refinery;2214.17;15.52;356.82;5.68;0
352;fuel_silo;2213.40;15.52;356.20;0.59;0
352;radar_station;2213.02;15.52;355.28;0.11;0
352;rocket_site;2213.13;15.52;354.30;1.56;0
352;nuclear_reactor;2213.69;15.46;353.49;5.33;0
352;bunker;2214.58;15.46;353.04;0.81;0
352;supply_node;2215.57;15.46;353.08;3.56;0
353;arms_factory;2300.00;15.27;1158.00;3.47;0
353;industrial_complex;2299.76;15.27;1158.96;1.63;0
353;air_base;2299.08;15.27;1159.68;2.00;0
353;anti_air_building;2298.14;15.27;1159.99;3.37;0
353;synthetic_refinery;2297.17;15.27;1159.82;1.43;0
353;fuel_silo;2296.40;15.27;1159.20;2.10;0
353;radar_station;2296.02;15.27;1158.28;2.62;0
353;rocket_site;2296.13;15.27;1157.30;3.89;0
353;nuclear_reactor;2296.69;15.27;1156.49;5.81;0
353;bunker;2297.58;15.27;1156.04;6.12;0
353;supply_node;2298.57;15.27;1156.08;4.50;0
354;arms_factory;2095.00;15.40;609.00;5.13;0
354;industrial_complex;2094.76;15.40;609.96;3.39;0
354;air_base;2094.08;15.40;610.68;2.76;0
354;anti_air_building;2093.14;15.40;610.99;2.49;0
354;synthetic_refinery;2092.17;15.46;610.82;5.36;0
354;fuel_silo;2091.40;15.52;610.20;4.53;0
354;radar_station;2091.02;15.46;609.28;6.03;0
354;rocket_site;2091.13;15.52;608.30;0.63;0
354;nuclear_reactor;2091.69;15.52;607.49;0.34;0
354;bunker;2092.58;15.46;607.04;2.68;0
354;supply_node;2093.57;15.40;607.08;2.34;0
355;arms_factory;1833.00;19.53;954.00;1.71;0
355;industrial_complex;1832.76;19.65;954.96;2.83;0
355;air_base;1832.08;19.59;955.68;0.32;0
355;anti_air_building;1831.14;19.71;955.99;2.72;0
355;synthetic_refinery;1830.17;19.77;955.82;5.29;0
355;fuel_silo;1829.40;19.53;955.20;4.10;0
355;radar_station;1829.02;19.59;954.28;5.94;0
355;rocket_site;1829.13;19.47;953.30;0.48;0
355;nuclear_reactor;1829.69;19.47;952.49;5.69;0
355;bunker;1830.58;19.16;952.04;4.91;0
355;supply_node;1831.57;19.47;952.08;3.25;0
356;arms_factory;1805.00;15.46;684.00;1.67;0
356;industrial_complex;1804.76;15.46;684.96;4.17;0
356;air_base;1804.08;15.46;685.68;1.66;0
356;anti_air_building;1803.14;15.52;685.99;5.73;0
356;synthetic_refinery;1802.17;15.46;685.82;3.96;0
356;fuel_silo;1801.40;15.46;685.20;3.68;0
356;radar_station;1801.02;15.46;684.28;5.83;0
356;rocket_site;1801.13;15.46;683.30;6.01;0
356;nuclear_reactor;1801.69;15.46;682.49;1.28;0
356;bunker;1802.58;15.46;682.04;5.40;0
356;supply_node;1803.57;15.46;682.08;0.83;0
357;arms_factory;2242.00;15.34;939.00;3.81;0
357;industrial_complex;2241.76;15.34;939.96;4.69;0
357;air_base;2241.08;15.34;940.68;0.98;0
357;anti_air_building;2240.14;15.34;940.99;3.04;0
357;synthetic_refinery;2239.17;15.34;940.82;3.46;0
357;fuel_silo;2238.40;15.34;940.20;3.61;0
357;radar_station;2238.02;15.34;939.28;2.12;0
357;rocket_site;2238.13;15.34;938.30;2.70;0
357;nuclear_reactor;2238.69;15.40;937.49;4.40;0
357;bunker;2239.58;15.40;937.04;1.38;0
357;supply_node;2240.57;15.40;937.08;2.47;0
358;arms_factory;1897.00;15.58;1104.00;0.80;0
358;industrial_complex;1896.76;15.52;1104.96;0.88;0
358;air_base;1896.08;15.52;1105.68;3.19;0
358;anti_air_building;1895.14;15.52;1105.99;4.69;0
358;synthetic_refinery;1894.17;15.52;1105.82;2.00;0
358;fuel_silo;1893.40;15.52;1105.20;3.55;0
358;radar_station;1893.02;15.52;1104.28;5.96;0
358;rocket_site;1893.13;15.52;1103.30;3.82;0
358;nuclear_reactor;1893.69;15.52;1102.49;5.91;0
358;bunker;1894.58;15.52;1102.04;5.10;0
358;supply_node;1895.57;15.52;1102.08;2.25;0
359;arms_factory;2097.00;15.46;1055.00;2.32;0
359;industrial_complex;2096.76;15.46;1055.96;2.84;0
359;air_base;2096.08;15.46;1056.68;1.41;0
359;anti_air_building;2095.14;15.46;1056.99;1.13;0
359;synthetic_refinery;2094.17;15.46;1056.82;1.42;0
359;fuel_silo;2093.40;15.52;1056.20;1.57;0
359;radar_station;2093.02;15.52;1055.28;1.08;0
359;rocket_site;2093.13;15.46;1054.30;3.11;0
359;nuclear_reactor;2093.69;15.46;1053.49;3.20;0
359;bunker;2094.58;15.46;1053.04;4.15;0
359;supply_node;2095.57;15.52;1053.08;3.65;0
360;arms_factory;1462.00;15.27;1036.00;4.92;0
360;industrial_complex;1461.76;15.27;1036.96;1.15;0
360;air_base;1461.08;15.27;1037.68;1.50;0
360;anti_air_building;1460.14;15.27;1037.99;5.25;0
360;synthetic_refinery;1459.17;15.27;1037.82;2.98;0
360;fuel_silo;1458.40;15.27;1037.20;5.16;0
360;radar_station;1458.02;15.27;1036.28;5.36;0
360;rocket_site;1458.13;15.27;1035.30;4.95;0
360;nuclear_reactor;1458.69;15.27;1034.49;3.14;0
360;bunker;1459.58;15.27;1034.04;1.02;0
360;supply_node;1460.57;15.27;1034.08;1.35;0
361;arms_factory;1645.00;15.64;583.00;1.71;0
361;industrial_complex;1644.76;15.64;583.96;0.60;0
361;air_base;1644.08;15.64;584.68;5.15;0
361;anti_air_building;1643.14;15.64;584.99;0.41;0
361;synthetic_refinery;1642.17;15.58;584.82;1.25;0
361;fuel_silo;1641.40;15.58;584.20;4.79;0
361;radar_station;1641.02;15.52;583.28;0.15;0
361;rocket_site;1641.13;15.58;582.30;5.89;0
361;nuclear_reactor;1641.69;15.52;581.49;5.13;0
361;bunker;1642.58;15.58;581.04;1.74;0
361;supply_node;1643.57;15.58;581.08;1.26;0
362;arms_factory;1342.00;15.27;942.00;2.04;0
362;industrial_complex;1341.76;15.27;942.96;4.43;0
362;air_base;1341.08;15.27;943.68;5.30;0
362;anti_air_building;1340.14;15.27;943.99;4.01;0
362;synthetic_refinery;1339.17;15.27;943.82;4.41;0
362;fuel_silo;1338.40;15.27;943.20;0.87;0
362;radar_station;1338.02;15.27;942.28;5.74;0
362;rocket_site;1338.13;15.27;941.30;1.48;0
362;nuclear_reactor;1338.69;15.27;940.49;1.38;0
362;bunker;1339.58;15.27;940.04;6.21;0
362;supply_node;1340.57;15.27;940.08;3.03;0
363;arms_factory;1406.00;15.34;788.00;3.21;0
363;industrial_complex;1405.76;15.34;788.96;2.54;0
363;air_base;1405.08;15.34;789.68;2.54;0
363;anti_air_building;1404.14;15.34;789.99;5.46;0
363;synthetic_refinery;1403.17;15.34;789.82;2.18;0
363;fuel_silo;1402.40;15.34;789.20;2.12;0
363;radar_station;1402.02;15.34;788.28;0.11;0
363;rocket_site;1402.13;15.34;787.30;3.83;0
363;nuclear_reactor;1402.69;15.34;786.49;4.66;0
363;bunker;1403.58;15.34;786.04;5.27;0
363;supply_node;1404.57;15.34;786.08;0.13;0
364;arms_factory;1970.00;16.25;650.00;5.61;0
364;industrial_complex;1969.76;16.37;650.96;6.25;0
364;air_base;1969.08;16.43;651.68;0.69;0
364;anti_air_building;1968.14;16.49;651.99;3.91;0
364;synthetic_refinery;1967.17;16.49;651.82;2.47;0
364;fuel_silo;1966.40;16.55;651.20;3.98;0
364;radar_station;1966.02;16.55;650.28;1.58;0
364;rocket_site;1966.13;16.49;649.30;0.44;0
364;nuclear_reactor;1966.69;16.43;648.49;2.42;0
364;bunker;1967.58;16.37;648.04;3.20;0
364;supply_node;1968.57;16.37;648.08;2.64;0
365;arms_factory;1891.00;15.46;182.00;2.68;0
365;industrial_complex;1890.76;15.52;182.96;1.52;0
365;air_base;1890.08;15.46;183.68;2.29;0
365;anti_air_building;1889.14;15.52;183.99;3.67;0
365;synthetic_refinery;1888.17;15.52;183.82;2.95;0
365;fuel_silo;1887.40;15.52;183.20;3.22;0
365;radar_station;1887.02;15.52;182.28;4.17;0
365;rocket_site;1887.13;15.52;181.30;0.29;0
365;nuclear_reactor;1887.69;15.52;180.49;4.11;0
365;bunker;1888.58;15.52;180.04;6.07;0
365;supply_node;1889.57;15.52;180.08;5.48;0
366;arms_factory;1532.00;15.64;687.00;6.06;0
366;industrial_complex;1531.76;15.58;687.96;0.15;0
366;air_base;1531.08;15.64;688.68;1.37;0
366;anti_air_building;1530.14;15.52;688.99;2.97;0
366;synthetic_refinery;1529.17;15.46;688.82;6.19;0
366;fuel_silo;1528.40;15.40;688.20;1.53;0
366;radar_station;1528.02;15.40;687.28;2.86;0
366;rocket_site;1528.13;15.40;686.30;0.50;0
366;nuclear_reactor;1528.69;15.40;685.49;2.68;0
366;bunker;1529.58;15.40;685.04;4.39;0
366;supply_node;1530.57;15.46;685.08;1.37;0
367;arms_factory;2102.00;15.40;941.00;5.80;0
367;industrial_complex;2101.76;15.46;941.96;4.39;0
367;air_base;2101.08;15.46;942.68;1.15;0
367;anti_air_building;2100.14;15.40;942.99;2.24;0
367;synthetic_refinery;2099.17;15.40;942.82;5.64;0
367;fuel_silo;2098.40;15.40;942.20;2.37;0
367;radar_station;2098.02;15.40;941.28;2.12;0
367;rocket_site;2098.13;15.46;940.30;0.33;0
367;nuclear_reactor;2098.69;15.46;939.49;0.86;0
367;bunker;2099.58;15.46;939.04;1.52;0
367;supply_node;2100.57;15.40;939.08;4.39;0
368;arms_factory;1548.00;15.46;1084.00;3.74;0
368;industrial_complex;1547.76;15.46;1084.96;5.26;0
368;air_base;1547.08;15.46;1085.68;2.27;0
368;anti_air_building;1546.14;15.46;1085.99;2.57;0
368;synthetic_refinery;1545.17;15.40;1085.82;0.93;0
368;fuel_silo;1544.40;15.40;1085.20;5.69;0
368;radar_station;1544.02;15.40;1084.28;4.74;0
368;rocket_site;1544.13;15.34;1083.30;0.94;0
368;nuclear_reactor;1544.69;15.34;1082.49;1.34;0
368;bunker;1545.58;15.40;1082.04;3.56;0
368;supply_node;1546.57;15.40;1082.08;0.44;0
369;arms_factory;2039.00;15.34;464.00;4.78;0
369;industrial_complex;2038.76;15.34;464.96;1.08;0
369;air_base;2038.08;15.34;465.68;5.65;0
369;anti_air_building;2037.14;15.34;465.99;1.01;0
369;synthetic_refinery;2036.17;15.34;465.82;0.61;0
369;fuel_silo;2035.40;15.34;465.20;0.16;0
369;radar_station;2035.02;15.34;464.28;0.72;0
369;rocket_site;2035.13;15.34;463.30;3.96;0
369;nuclear_reactor;2035.69;15.34;462.49;3.45;0
369;bunker;2036.58;15.34;462.04;4.29;0
369;supply_node;2037.57;15.34;462.08;4.31;0
370;arms_factory;1895.00;15.34;747.00;4.55;0
370;industrial_complex;1894.76;15.34;747.96;3.92;0
370;air_base;1894.08;15.34;748.68;5.24;0
370;anti_air_building;1893.14;15.34;748.99;5.45;0
370;synthetic_refinery;1892.17;15.34;748.82;2.48;0
370;fuel_silo;1891.40;15.34;748.20;5.88;0
370;radar_station;1891.02;15.34;747.28;2.39;0
370;rocket_site;1891.13;15.34;746.30;2.70;0
370;nuclear_reactor;1891.69;15.34;745.49;5.49;0
370;bunker;1892.58;15.34;745.04;4.43;0
370;supply_node;1893.57;15.34;745.08;3.69;0
371;arms_factory;1889.00;15.70;833.00;5.75;0
371;industrial_complex;1888.76;15.70;833.96;2.93;0
371;air_base;1888.08;15.76;834.68;4.64;0
371;anti_air_building;1887.14;15.76;834.99;4.97;0
371;synthetic_refinery;1886.17;15.76;834.82;5.63;0
371;fuel_silo;1885.40;15.70;834.20;5.17;0
371;radar_station;1885.02;15.70;833.28;5.09;0
371;rocket_site;1885.13;15.76;832.30;1.94;0
371;nuclear_reactor;1885.69;15.70;831.49;1.13;0
371;bunker;1886.58;15.76;831.04;1.07;0
371;supply_node;1887.57;15.76;831.08;5.95;0
372;arms_factory;2165.00;15.27;1050.00;0.54;0
372;industrial_complex;2164.76;15.27;1050.96;3.07;0
372;air_base;2164.08;15.27;1051.68;3.60;0
372;anti_air_building;2163.14;15.27;1051.99;4.07;0
372;synthetic_refinery;2162.17;15.27;1051.82;4.50;0
372;fuel_silo;2161.40;15.27;1051.20;1.32;0
372;radar_station;2161.02;15.27;1050.28;6.19;0
372;rocket_site;2161.13;15.27;1049.30;5.68;0
372;nuclear_reactor;2161.69;15.27;1048.49;2.92;0
372;bunker;2162.58;15.27;1048.04;5.26;0
372;supply_node;2163.57;15.27;1048.08;2.94;0
373;arms_factory;1485.00;15.58;942.00;2.27;0
373;industrial_complex;1484.76;15.58;942.96;4.93;0
373;air_base;1484.08;15.58;943.68;1.92;0
373;anti_air_building;1483.14;15.58;943.99;1.90;0
373;synthetic_refinery;1482.17;15.58;943.82;3.49;0
373;fuel_silo;1481.40;15.58;943.20;2.50;0
373;radar_station;1481.02;15.58;942.28;0.75;0
373;rocket_site;1481.13;15.58;941.30;4.96;0
373;nuclear_reactor;1481.69;15.58;940.49;0.89;0
373;bunker;1482.58;15.58;940.04;1.25;0
373;supply_node;1483.57;15.58;940.08;2.83;0
374;arms_factory;1212.00;15.27;818.00;4.90;0
374;industrial_complex;1211.76;15.27;818.96;1.56;0
374;air_base;1211.08;15.27;819.68;0.56;0
374;anti_air_building;1210.14;15.27;819.99;3.54;0
374;synthetic_refinery;1209.17;15.27;819.82;0.55;0
374;fuel_silo;1208.40;15.27;819.20;4.02;0
374;radar_station;1208.02;15.27;818.28;0.22;0
374;rocket_site;1208.13;15.27;817.30;2.28;0
374;nuclear_reactor;1208.69;15.27;816.49;3.51;0
374;bunker;1209.58;15.27;816.04;2.82;0
374;supply_node;1210.57;15.27;816.08;4.08;0
375;arms_factory;2190.00;15.46;1169.00;1.40;0
375;industrial_complex;2189.76;15.46;1169.96;3.74;0
375;air_base;2189.08;15.52;1170.68;3.91;0
375;anti_air_building;2188.14;15.46;1170.99;5.62;0
375;synthetic_refinery;2187.17;15.46;1170.82;5.88;0
375;fuel_silo;2186.40;15.46;1170.20;4.88;0
375;radar_station;2186.02;15.40;1169.28;2.37;0
375;rocket_site;2186.13;15.40;1168.30;2.34;0
375;nuclear_reactor;2186.69;15.34;1167.49;0.82;0
375;bunker;2187.58;15.40;1167.04;4.04;0
375;supply_node;2188.57;15.40;1167.08;5.26;0
376;arms_factory;1982.00;16.06;704.00;3.10;0
376;industrial_complex;1981.76;16.00;704.96;0.03;0
376;air_base;1981.08;15.88;705.68;2.03;0
376;anti_air_building;1980.14;15.88;705.99;2.37;0
376;synthetic_refinery;1979.17;15.82;705.82;5.41;0
376;fuel_silo;1978.40;15.82;705.20;4.16;0
376;radar_station;1978.02;15.82;704.28;2.88;0
376;rocket_site;1978.13;15.88;703.30;2.11;0
376;nuclear_reactor;1978.69;15.94;702.49;1.65;0
376;bunker;1979.58;16.00;702.04;5.29;0
376;supply_node;1980.57;16.00;702.08;2.11;0
377;arms_factory;1822.00;15.34;1090.00;1.61;0
377;industrial_complex;1821.76;15.27;1090.96;4.50;0
377;air_base;1821.08;15.27;1091.68;1.48;0
377;anti_air_building;1820.14;15.27;1091.99;4.58;0
377;synthetic_refinery;1819.17;15.27;1091.82;3.87;0
377;fuel_silo;1818.40;15.27;1091.20;2.12;0
377;radar_station;1818.02;15.27;1090.28;1.31;0
377;rocket_site;1818.13;15.34;1089.30;0.50;0
377;nuclear_reactor;1818.69;15.34;1088.49;0.68;0
377;bunker;1819.58;15.34;1088.04;0.85;0
377;supply_node;1820.57;15.34;1088.08;4.71;0
378;arms_factory;1422.00;15.40;927.00;5.42;0
378;industrial_complex;1421.76;15.34;927.96;5.52;0
378;air_base;1421.08;15.40;928.68;2.65;0
378;anti_air_building;1420.14;15.40;928.99;1.38;0
378;synthetic_refinery;1419.17;15.34;928.82;2.65;0
378;fuel_silo;1418.40;15.34;928.20;1.80;0
378;radar_station;1418.02;15.34;927.28;4.72;0
378;rocket_site;1418.13;15.34;926.30;3.17;0
378;nuclear_reactor;1418.69;15.34;925.49;2.84;0
378;bunker;1419.58;15.34;925.04;5.79;0
378;supply_node;1420.57;15.34;925.08;1.65;0
379;arms_factory;1087.00;15.34;798.00;2.72;0
379;industrial_complex;1086.76;15.34;798.96;4.22;0
379;air_base;1086.08;15.34;799.68;0.96;0
379;anti_air_building;1085.14;15.34;799.99;0.76;0
379;synthetic_refinery;1084.17;15.34;799.82;6.21;0
379;fuel_silo;1083.40;15.27;799.20;2.49;0
379;radar_station;1083.02;15.34;798.28;1.14;0
379;rocket_site;1083.13;15.34;797.30;0.03;0
379;nuclear_reactor;1083.69;15.34;796.49;5.87;0
379;bunker;1084.58;15.34;796.04;3.71;0
379;supply_node;1085.57;15.34;796.08;4.83;0
380;arms_factory;1925.00;16.00;357.00;4.18;0
380;industrial_complex;1924.76;16.00;357.96;6.19;0
380;air_base;1924.08;15.94;358.68;3.14;0
380;anti_air_building;1923.14;15.94;358.99;1.98;0
380;synthetic_refinery;1922.17;15.94;358.82;4.23;0
380;fuel_silo;1921.40;15.94;358.20;5.59;0
380;radar_station;1921.02;16.00;357.28;4.51;0
380;rocket_site;1921.13;16.00;356.30;3.52;0
380;nuclear_reactor;1921.69;15.94;355.49;2.73;0
380;bunker;1922.58;15.88;355.04;2.48;0
380;supply_node;1923.57;15.94;355.08;2.97;0
381;arms_factory;1351.00;15.34;1070.00;1.87;0
381;industrial_complex;1350.76;15.34;1070.96;1.36;0
381;air_base;1350.08;15.34;1071.68;2.39;0
381;anti_air_building;1349.14;15.34;1071.99;3.47;0
381;synthetic_refinery;1348.17;15.34;1071.82;2.34;0
381;fuel_silo;1347.40;15.34;1071.20;3.25;0
381;radar_station;1347.02;15.27;1070.28;6.18;0
381;rocket_site;1347.13;15.27;1069.30;6.27;0
381;nuclear_reactor;1347.69;15.27;1068.49;0.12;0
381;bunker;1348.58;15.34;1068.04;5.74;0
381;supply_node;1349.57;15.34;1068.08;1.21;0
382;arms_factory;1647.00;16.85;1014.00;2.62;0
382;industrial_complex;1646.76;16.92;1014.96;0.75;0
382;air_base;1646.08;16.98;1015.68;1.88;0
382;anti_air_building;1645.14;16.79;1015.99;3.98;0
382;synthetic_refinery;1644.17;16.79;1015.82;4.37;0
382;fuel_silo;1643.40;16.79;1015.20;4.71;0
382;radar_station;1643.02;16.79;1014.28;0.51;0
382;rocket_site;1643.13;16.85;1013.30;0.43;0
382;nuclear_reactor;1643.69;16.79;1012.49;5.12;0
382;bunker;1644.58;16.85;1012.04;3.96;0
382;supply_node;1645.57;16.73;1012.08;5.84;0
383;arms_factory;1863.00;16.49;581.00;5.71;0
383;industrial_complex;1862.76;16.49;581.96;4.53;0
383;air_base;1862.08;16.49;582.68;4.43;0
383;anti_air_building;1861.14;16.49;582.99;3.55;0
383;synthetic_refinery;1860.17;16.43;582.82;5.28;0
383;fuel_silo;1859.40;16.43;582.20;3.78;0
383;radar_station;1859.02;16.43;581.28;6.01;0
383;rocket_site;1859.13;16.31;580.30;0.60;0
383;nuclear_reactor;1859.69;16.31;579.49;1.02;0
383;bunker;1860.58;16.43;579.04;6.23;0
383;supply_node;1861.57;16.49;579.08;6.20;0
384;arms_factory;1801.00;15.27;323.00;0.25;0
384;industrial_complex;1800.76;15.27;323.96;0.81;0
384;air_base;1800.08;15.27;324.68;5.75;0
384;anti_air_building;1799.14;15.27;324.99;3.62;0
384;synthetic_refinery;1798.17;15.27;324.82;0.78;0
384;fuel_silo;1797.40;15.27;324.20;4.01;0
384;radar_station;1797.02;15.27;323.28;3.56;0
384;rocket_site;1797.13;15.27;322.30;5.83;0
384;nuclear_reactor;1797.69;15.27;321.49;2.56;0
384;bunker;1798.58;15.27;321.04;4.88;0
384;supply_node;1799.57;15.27;321.08;1.52;0
385;arms_factory;1669.00;15.76;590.00;4.46;0
385;industrial_complex;1668.76;15.82;590.96;5.64;0
385;air_base;1668.08;15.76;591.68;6.12;0
385;anti_air_building;1667.14;15.82;591.99;0.23;0
385;synthetic_refinery;1666.17;15.82;591.82;0.71;0
385;fuel_silo;1665.40;15.82;591.20;3.17;0
385;radar_station;1665.02;15.82;590.28;4.28;0
385;rocket_site;1665.13;15.82;589.30;3.07;0
385;nuclear_reactor;1665.69;15.82;588.49;3.72;0
385;bunker;1666.58;15.88;588.04;3.48;0
385;supply_node;1667.57;15.82;588.08;0.61;0
386;arms_factory;2164.00;15.70;670.00;4.41;0
386;industrial_complex;2163.76;15.76;670.96;5.17;0
386;air_base;2163.08;15.82;671.68;0.55;0
386;anti_air_building;2162.14;15.76;671.99;3.39;0
386;synthetic_refinery;2161.17;15.76;671.82;5.20;0
386;fuel_silo;2160.40;15.82;671.20;4.69;0
386;radar_station;2160.02;15.82;670.28;3.20;0
386;rocket_site;2160.13;15.76;669.30;5.61;0
386;nuclear_reactor;2160.69;15.70;668.49;2.07;0
386;bunker;2161.58;15.70;668.04;1.95;0
386;supply_node;2162.57;15.76;668.08;3.85;0
387;arms_factory;2209.00;16.43;888.00;1.06;0
387;industrial_complex;2208.76;16.31;888.96;5.11;0
387;air_base;2208.08;16.37;889.68;4.84;0
387;anti_air_building;2207.14;16.31;889.99;5.80;0
387;synthetic_refinery;2206.17;16.19;889.82;5.70;0
387;fuel_silo;2205.40;16.25;889.20;2.27;0
387;radar_station;2205.02;16.25;888.28;2.93;0
387;rocket_site;2205.13;16.19;887.30;0.60;0
387;nuclear_reactor;2205.69;16.31;886.49;5.71;0
387;bunker;2206.58;16.31;886.04;5.64;0
387;supply_node;2207.57;16.31;886.08;4.63;0
388;arms_factory;1902.00;17.28;927.00;3.25;0
388;industrial_complex;1901.76;17.16;927.96;2.30;0
388;air_base;1901.08;17.16;928.68;6.12;0
388;anti_air_building;1900.14;17.16;928.99;5.95;0
388;synthetic_refinery;1899.17;17.28;928.82;1.06;0
388;fuel_silo;1898.40;17.22;928.20;6.03;0
388;radar_station;1898.02;17.10;927.28;0.93;0
388;rocket_site;1898.13;16.98;926.30;2.32;0
388;nuclear_reactor;1898.69;17.04;925.49;6.22;0
388;bunker;1899.58;17.10;925.04;3.01;0
388;supply_node;1900.57;17.10;925.08;4.19;0
389;arms_factory;1931.00;15.27;190.00;0.27;0
389;industrial_complex;1930.76;15.27;190.96;3.53;0
389;air_base;1930.08;15.27;191.68;3.66;0
389;anti_air_building;1929.14;15.27;191.99;5.55;0
389;synthetic_refinery;1928.17;15.27;191.82;4.97;0
389;fuel_silo;1927.40;15.27;191.20;4.94;0
389;radar_station;1927.02;15.27;190.28;6.14;0
389;rocket_site;1927.13;15.27;189.30;0.44;0
389;nuclear_reactor;1927.69;15.27;188.49;2.77;0
389;bunker;1928.58;15.27;188.04;1.18;0
389;supply_node;1929.57;15.27;188.08;5.47;0
390;arms_factory;2076.00;15.27;398.00;2.96;0
390;industrial_complex;2075.76;15.27;398.96;4.83;0
390;air_base;2075.08;15.27;399.68;0.75;0
390;anti_air_building;2074.14;15.27;399.99;1.68;0
390;synthetic_refinery;2073.17;15.27;399.82;3.00;0
390;fuel_silo;2072.40;15.27;399.20;3.95;0
390;radar_station;2072.02;15.27;398.28;1.11;0
390;rocket_site;2072.13;15.27;397.30;3.56;0
390;nuclear_reactor;2072.69;15.27;396.49;0.73;0
390;bunker;2073.58;15.27;396.04;5.29;0
390;supply_node;2074.57;15.27;396.08;0.90;0
391;arms_factory;2161.00;15.34;328.00;1.11;0
391;industrial_complex;2160.76;15.34;328.96;5.94;0
391;air_base;2160.08;15.34;329.68;3.51;0
391;anti_air_building;2159.14;15.34;329.99;5.42;0
391;synthetic_refinery;2158.17;15.34;329.82;0.48;0
391;fuel_silo;2157.40;15.34;329.20;2.05;0
391;radar_station;2157.02;15.34;328.28;1.24;0
391;rocket_site;2157.13;15.34;327.30;2.72;0
391;nuclear_reactor;2157.69;15.34;326.49;4.79;0
391;bunker;2158.58;15.34;326.04;3.80;0
391;supply_node;2159.57;15.34;326.08;4.29;0
392;arms_factory;2221.00;17.28;818.00;4.08;0
392;industrial_complex;2220.76;17.46;818.96;4.19;0
392;air_base;2220.08;17.04;819.68;5.50;0
392;anti_air_building;2219.14;17.04;819.99;2.10;0
392;synthetic_refinery;2218.17;17.40;819.82;3.60;0
392;fuel_silo;2217.40;17.65;819.20;4.75;0
392;radar_station;2217.02;17.65;818.28;4.01;0
392;rocket_site;2217.13;17.52;817.30;2.87;0
392;nuclear_reactor;2217.69;17.40;816.49;2.83;0
392;bunker;2218.58;17.34;816.04;5.17;0
392;supply_node;2219.57;17.28;816.08;4.91;0
393;arms_factory;2306.00;15.27;742.00;2.70;0
393;industrial_complex;2305.76;15.27;742.96;3.41;0
393;air_base;2305.08;15.27;743.68;0.85;0
393;anti_air_building;2304.14;15.27;743.99;6.17;0
393;synthetic_refinery;2303.17;15.27;743.82;4.47;0
393;fuel_silo;2302.40;15.27;743.20;5.43;0
393;radar_station;2302.02;15.27;742.28;2.53;0
393;rocket_site;2302.13;15.27;741.30;4.70;0
393;nuclear_reactor;2302.69;15.27;740.49;5.33;0
393;bunker;2303.58;15.27;740.04;3.34;0
393;supply_node;2304.57;15.27;740.08;6.07;0
394;arms_factory;2085.00;17.40;726.00;3.84;0
394;industrial_complex;2084.76;17.34;726.96;4.97;0
394;air_base;2084.08;17.40;727.68;2.70;0
394;anti_air_building;2083.14;17.52;727.99;4.95;0
394;synthetic_refinery;2082.17;17.71;727.82;2.42;0
394;fuel_silo;2081.40;18.19;727.20;1.69;0
394;radar_station;2081.02;17.77;726.28;6.23;0
394;rocket_site;2081.13;17.77;725.30;2.61;0
394;nuclear_reactor;2081.69;17.83;724.49;1.26;0
394;bunker;2082.58;17.52;724.04;2.17;0
394;supply_node;2083.57;17.58;724.08;3.06;0
395;arms_factory;1590.00;15.70;724.00;0.47;0
395;industrial_complex;1589.76;15.70;724.96;1.93;0
395;air_base;1589.08;15.70;725.68;4.97;0
395;anti_air_building;1588.14;15.70;725.99;0.59;0
395;synthetic_refinery;1587.17;15.76;725.82;2.82;0
395;fuel_silo;1586.40;15.82;725.20;4.93;0
395;radar_station;1586.02;15.76;724.28;3.05;0
395;rocket_site;1586.13;15.82;723.30;5.68;0
395;nuclear_reactor;1586.69;15.82;722.49;2.69;0
395;bunker;1587.58;15.76;722.04;1.17;0
395;supply_node;1588.57;15.76;722.08;2.72;0
396;arms_factory;1801.00;15.27;358.00;4.48;0
396;industrial_complex;1800.76;15.27;358.96;1.48;0
396;air_base;1800.08;15.27;359.68;0.10;0
396;anti_air_building;1799.14;15.27;359.99;5.74;0
396;synthetic_refinery;1798.17;15.27;359.82;3.25;0
396;fuel_silo;1797.40;15.34;359.20;4.77;0
396;radar_station;1797.02;15.34;358.28;0.57;0
396;rocket_site;1797.13;15.34;357.30;2.10;0
396;nuclear_reactor;1797.69;15.34;356.49;5.49;0
396;bunker;1798.58;15.34;356.04;5.51;0
396;supply_node;1799.57;15.27;356.08;1.31;0
397;arms_factory;1469.00;15.64;1130.00;5.39;0
397;industrial_complex;1468.76;15.64;1130.96;5.46;0
397;air_base;1468.08;15.70;1131.68;2.97;0
397;anti_air_building;1467.14;15.70;1131.99;5.90;0
397;synthetic_refinery;1466.17;15.76;1131.82;0.53;0
397;fuel_silo;1465.40;15.76;1131.20;3.59;0
397;radar_station;1465.02;15.70;1130.28;6.04;0
397;rocket_site;1465.13;15.70;1129.30;3.01;0
397;nuclear_reactor;1465.69;15.64;1128.49;5.91;0
397;bunker;1466.58;15.64;1128.04;2.74;0
397;supply_node;1467.57;15.58;1128.08;0.31;0
398;arms_factory;1279.00;15.34;774.00;3.16;0
398;industrial_complex;1278.76;15.34;774.96;4.65;0
398;air_base;1278.08;15.34;775.68;5.14;0
398;anti_air_building;1277.14;15.34;775.99;1.26;0
398;synthetic_refinery;1276.17;15.34;775.82;4.68;0
398;fuel_silo;1275.40;15.34;775.20;5.84;0
398;radar_station;1275.02;15.34;774.28;3.96;0
398;rocket_site;1275.13;15.34;773.30;1.94;0
398;nuclear_reactor;1275.69;15.34;772.49;1.21;0
398;bunker;1276.58;15.34;772.04;3.91;0
398;supply_node;1277.57;15.34;772.08;4.83;0
399;arms_factory;1294.00;15.46;671.00;5.48;0
399;industrial_complex;1293.76;15.46;671.96;2.23;0
399;air_base;1293.08;15.52;672.68;4.18;0
399;anti_air_building;1292.14;15.52;672.99;3.73;0
399;synthetic_refinery;1291.17;15.46;672.82;3.94;0
399;fuel_silo;1290.40;15.52;672.20;2.64;0
399;radar_station;1290.02;15.46;671.28;5.81;0
399;rocket_site;1290.13;15.46;670.30;3.98;0
399;nuclear_reactor;1290.69;15.46;669.49;5.39;0
399;bunker;1291.58;15.46;669.04;4.61;0
399;supply_node;1292.57;15.46;669.08;0.34;0
400;arms_factory;1699.00;18.01;957.00;4.92;0
400;industrial_complex;1698.76;18.01;957.96;0.98;0
400;air_base;1698.08;17.95;958.68;5.26;0
400;anti_air_building;1697.14;17.95;958.99;1.27;0
400;synthetic_refinery;1696.17;17.95;958.82;5.48;0
400;fuel_silo;1695.40;17.83;958.20;0.05;0
400;radar_station;1695.02;18.07;957.28;2.10;0
400;rocket_site;1695.13;17.95;956.30;6.13;0
400;nuclear_reactor;1695.69;18.07;955.49;6.00;0
400;bunker;1696.58;18.31;955.04;5.79;0
400;supply_node;1697.57;18.25;955.08;0.76;0
401;arms_factory;1615.00;16.43;651.00;4.72;0
401;industrial_complex;1614.76;16.31;651.96;6.15;0
401;air_base;1614.08;16.31;652.68;3.65;0
401;anti_air_building;1613.14;16.19;652.99;3.54;0
401;synthetic_refinery;1612.17;16.13;652.82;0.42;0
401;fuel_silo;1611.40;16.13;652.20;3.36;0
401;radar_station;1611.02;16.00;651.28;4.42;0
401;rocket_site;1611.13;16.06;650.30;0.35;0
401;nuclear_reactor;1611.69;16.13;649.49;5.74;0
401;bunker;1612.58;16.31;649.04;3.11;0
401;supply_node;1613.57;16.31;649.08;5.84;0
402;arms_factory;1521.00;15.82;779.00;2.60;0
402;industrial_complex;1520.76;15.88;779.96;2.74;0
402;air_base;1520.08;15.88;780.68;2.80;0
402;anti_air_building;1519.14;16.00;780.99;4.90;0
402;synthetic_refinery;1518.17;15.94;780.82;4.59;0
402;fuel_silo;1517.40;15.94;780.20;1.19;0
402;radar_station;1517.02;15.94;779.28;2.13;0
402;rocket_site;1517.13;16.00;778.30;2.03;0
402;nuclear_reactor;1517.69;16.00;777.49;3.50;0
402;bunker;1518.58;15.94;777.04;3.13;0
402;supply_node;1519.57;15.88;777.08;1.52;0
403;arms_factory;1912.00;15.52;1211.00;0.68;0
403;industrial_complex;1911.76;15.58;1211.96;3.82;0
403;air_base;1911.08;15.58;1212.68;4.05;0
403;anti_air_building;1910.14;15.58;1212.99;2.55;0
403;synthetic_refinery;1909.17;15.58;1212.82;3.39;0
403;fuel_silo;1908.40;15.58;1212.20;3.80;0
403;radar_station;1908.02;15.58;1211.28;3.56;0
403;rocket_site;1908.13;15.52;1210.30;4.32;0
403;nuclear_reactor;1908.69;15.52;1209.49;5.82;0
403;bunker;1909.58;15.52;1209.04;1.35;0
403;supply_node;1910.57;15.52;1209.08;1.14;0
404;arms_factory;1361.00;15.46;742.00;3.43;0
404;industrial_complex;1360.76;15.46;742.96;2.39;0
404;air_base;1360.08;15.40;743.68;0.20;0
404;anti_air_building;1359.14;15.40;743.99;1.96;0
404;synthetic_refinery;1358.17;15.40;743.82;2.01;0
404;fuel_silo;1357.40;15.46;743.20;5.75;0
404;radar_station;1357.02;15.46;742.28;2.52;0
404;rocket_site;1357.13;15.52;741.30;5.17;0
404;nuclear_reactor;1357.69;15.52;740.49;0.78;0
404;bunker;1358.58;15.52;740.04;5.91;0
404;supply_node;1359.57;15.52;740.08;0.85;0
405;arms_factory;1938.00;15.76;529.00;1.97;0
405;industrial_complex;1937.76;15.76;529.96;3.19;0
405;air_base;1937.08;15.76;530.68;0.82;0
405;anti_air_building;1936.14;15.82;530.99;5.31;0
405;synthetic_refinery;1935.17;15.82;530.82;4.57;0
405;fuel_silo;1934.40;15.76;530.20;5.13;0
405;radar_station;1934.02;15.76;529.28;2.50;0
405;rocket_site;1934.13;15.70;528.30;0.85;0
405;nuclear_reactor;1934.69;15.76;527.49;5.45;0
405;bunker;1935.58;15.70;527.04;3.61;0
405;supply_node;1936.57;15.82;527.08;2.63;0
406;arms_factory;1312.00;15.34;821.00;1.08;0
406;industrial_complex;1311.76;15.34;821.96;4.66;0
406;air_base;1311.08;15.34;822.68;5.60;0
406;anti_air_building;1310.14;15.34;822.99;3.25;0
406;synthetic_refinery;1309.17;15.34;822.82;1.95;0
406;fuel_silo;1308.40;15.34;822.20;3.12;0
406;radar_station;1308.02;15.34;821.28;0.34;0
406;rocket_site;1308.13;15.34;820.30;1.86;0
406;nuclear_reactor;1308.69;15.34;819.49;3.88;0
406;bunker;1309.58;15.34;819.04;3.15;0
406;supply_node;1310.57;15.34;819.08;3.00;0
407;arms_factory;1602.00;16.79;1051.00;5.84;0
407;industrial_complex;1601.76;16.85;1051.96;4.97;0
407;air_base;1601.08;16.79;1052.68;3.90;0
407;anti_air_building;1600.14;16.79;1052.99;3.43;0
407;synthetic_refinery;1599.17;16.85;1052.82;3.84;0
407;fuel_silo;1598.40;16.85;1052.20;2.88;0
407;radar_station;1598.02;16.92;1051.28;3.48;0
407;rocket_site;1598.13;16.85;1050.30;4.39;0
407;nuclear_reactor;1598.69;16.73;1049.49;2.74;0
407;bunker;1599.58;16.98;1049.04;3.82;0
407;supply_node;1600.57;16.92;1049.08;0.98;0
408;arms_factory;2026.00;16.98;907.00;6.11;0
408;industrial_complex;2025.76;16.85;907.96;3.69;0
408;air_base;2025.08;16.73;908.68;2.45;0
408;anti_air_building;2024.14;16.61;908.99;1.00;0
408;synthetic_refinery;2023.17;16.79;908.82;0.64;0
408;fuel_silo;2022.40;16.85;908.20;1.62;0
408;radar_station;2022.02;16.92;907.28;0.35;0
408;rocket_site;2022.13;16.92;906.30;5.47;0
408;nuclear_reactor;2022.69;17.16;905.49;2.07;0
408;bunker;2023.58;17.22;905.04;6.22;0
408;supply_node;2024.57;17.22;905.08;6.19;0
409;arms_factory;1946.00;15.34;787.00;1.60;0
409;industrial_complex;1945.76;15.34;787.96;0.91;0
409;air_base;1945.08;15.34;788.68;2.09;0
409;anti_air_building;1944.14;15.34;788.99;4.69;0
409;synthetic_refinery;1943.17;15.27;788.82;0.87;0
409;fuel_silo;1942.40;15.27;788.20;3.16;0
409;radar_station;1942.02;15.27;787.28;0.40;0
409;rocket_site;1942.13;15.27;786.30;2.37;0
409;nuclear_reactor;1942.69;15.27;785.49;3.41;0
409;bunker;1943.58;15.27;785.04;4.07;0
409;supply_node;1944.57;15.27;785.08;5.42;0
410;arms_factory;1564.00;17.65;901.00;0.13;0
410;industrial_complex;1563.76;17.46;901.96;6.09;0
410;air_base;1563.08;17.34;902.68;5.50;0
410;anti_air_building;1562.14;17.22;902.99;1.13;0
410;synthetic_refinery;1561.17;17.16;902.82;2.94;0
410;fuel_silo;1560.40;17.16;902.20;5.37;0
410;radar_station;1560.02;17.10;901.28;3.67;0
410;rocket_site;1560.13;17.16;900.30;0.81;0
410;nuclear_reactor;1560.69;17.28;899.49;2.94;0
410;bunker;1561.58;17.46;899.04;2.26;0
410;supply_node;1562.57;17.46;899.08;1.92;0
411;arms_factory;2351.00;15.27;1210.00;5.31;0
411;industrial_complex;2350.76;15.27;1210.96;2.46;0
411;air_base;2350.08;15.27;1211.68;1.13;0
411;anti_air_building;2349.14;15.27;1211.99;0.32;0
411;synthetic_refinery;2348.17;15.27;1211.82;2.25;0
411;fuel_silo;2347.40;15.27;1211.20;3.93;0
411;radar_station;2347.02;15.27;1210.28;5.24;0
411;rocket_site;2347.13;15.27;1209.30;5.87;0
411;nuclear_reactor;2347.69;15.27;1208.49;0.53;0
411;bunker;2348.58;15.27;1208.04;5.37;0
411;supply_node;2349.57;15.27;1208.08;1.77;0
412;arms_factory;2206.00;16.25;440.00;2.99;0
412;industrial_complex;2205.76;16.13;440.96;0.60;0
412;air_base;2205.08;16.19;441.68;3.95;0
412;anti_air_building;2204.14;16.13;441.99;6.26;0
412;synthetic_refinery;2203.17;16.13;441.82;2.37;0
412;fuel_silo;2202.40;16.19;441.20;0.52;0
412;radar_station;2202.02;16.19;440.28;4.70;0
412;rocket_site;2202.13;16.13;439.30;0.69;0
412;nuclear_reactor;2202.69;16.13;438.49;1.06;0
412;bunker;2203.58;16.19;438.04;2.91;0
412;supply_node;2204.57;16.19;438.08;2.81;0
413;arms_factory;1872.00;15.27;420.00;3.00;0
413;industrial_complex;1871.76;15.27;420.96;1.35;0
413;air_base;1871.08;15.27;421.68;4.03;0
413;anti_air_building;1870.14;15.27;421.99;3.09;0
413;synthetic_refinery;1869.17;15.27;421.82;1.09;0
413;fuel_silo;1868.40;15.27;421.20;3.03;0
413;radar_station;1868.02;15.27;420.28;3.81;0
413;rocket_site;1868.13;15.27;419.30;1.86;0
413;nuclear_reactor;1868.69;15.27;418.49;5.24;0
413;bunker;1869.58;15.27;418.04;3.21;0
413;supply_node;1870.57;15.27;418.08;2.68;0
414;arms_factory;2086.00;17.34;890.00;4.78;0
414;industrial_complex;2085.76;17.16;890.96;3.72;0
414;air_base;2085.08;17.04;891.68;5.61;0
414;anti_air_building;2084.14;17.04;891.99;0.03;0
414;synthetic_refinery;2083.17;17.04;891.82;1.86;0
414;fuel_silo;2082.40;17.10;891.20;4.11;0
414;radar_station;2082.02;17.28;890.28;2.81;0
414;rocket_site;2082.13;17.04;889.30;2.54;0
414;nuclear_reactor;2082.69;17.16;888.49;5.47;0
414;bunker;2083.58;17.04;888.04;4.28;0
414;supply_node;2084.57;17.10;888.08;1.82;0
415;arms_factory;1984.00;15.40;275.00;2.59;0
415;industrial_complex;1983.76;15.40;275.96;2.51;0
415;air_base;1983.08;15.40;276.68;2.62;0
415;anti_air_building;1982.14;15.40;276.99;4.07;0
415;synthetic_refinery;1981.17;15.46;276.82;4.19;0
415;fuel_silo;1980.40;15.46;276.20;2.14;0
415;radar_station;1980.02;15.46;275.28;3.57;0
415;rocket_site;1980.13;15.46;274.30;0.78;0
415;nuclear_reactor;1980.69;15.46;273.49;5.10;0
415;bunker;1981.58;15.46;273.04;0.04;0
415;supply_node;1982.57;15.40;273.08;3.97;0
416;arms_factory;1858.00;15.34;1172.00;4.30;0
416;industrial_complex;1857.76;15.40;1172.96;6.15;0
416;air_base;1857.08;15.40;1173.68;4.80;0
416;anti_air_building;1856.14;15.40;1173.99;0.70;0
416;synthetic_refinery;1855.17;15.40;1173.82;3.44;0
416;fuel_silo;1854.40;15.40;1173.20;2.61;0
416;radar_station;1854.02;15.40;1172.28;1.35;0
416;rocket_site;1854.13;15.40;1171.30;0.65;0
416;nuclear_reactor;1854.69;15.40;1170.49;6.14;0
416;bunker;1855.58;15.40;1170.04;5.50;0
416;supply_node;1856.57;15.34;1170.08;5.30;0
417;arms_factory;1474.00;15.34;721.00;0.61;0
417;industrial_complex;1473.76;15.27;721.96;3.92;0
417;air_base;1473.08;15.27;722.68;3.14;0
417;anti_air_building;1472.14;15.27;722.99;5.17;0
417;synthetic_refinery;1471.17;15.27;722.82;4.59;0
417;fuel_silo;1470.40;15.27;722.20;2.23;0
417;radar_station;1470.02;15.27;721.28;0.04;0
417;rocket_site;1470.13;15.27;720.30;5.51;0
417;nuclear_reactor;1470.69;15.27;719.49;4.51;0
417;bunker;1471.58;15.27;719.04;4.20;0
417;supply_node;1472.57;15.27;719.08;1.38;0
418;arms_factory;1804.00;17.77;823.00;3.27;0
418;industrial_complex;1803.76;17.46;823.96;5.99;0
418;air_base;1803.08;17.58;824.68;0.83;0
418;anti_air_building;1802.14;17.65;824.99;2.21;0
418;synthetic_refinery;1801.17;17.71;824.82;2.15;0
418;fuel_silo;1800.40;18.01;824.20;0.80;0
418;radar_station;1800.02;18.01;823.28;0.75;0
418;rocket_site;1800.13;17.89;822.30;0.45;0
418;nuclear_reactor;1800.69;17.89;821.49;0.99;0
418;bunker;1801.58;17.71;821.04;3.95;0
418;supply_node;1802.57;17.58;821.08;4.73;0
419;arms_factory;2112.00;17.65;754.00;0.77;0
419;industrial_complex;2111.76;17.65;754.96;3.21;0
419;air_base;2111.08;17.58;755.68;0.38;0
419;anti_air_building;2110.14;17.77;755.99;2.73;0
419;synthetic_refinery;2109.17;17.71;755.82;3.88;0
419;fuel_silo;2108.40;17.77;755.20;5.81;0
419;radar_station;2108.02;17.65;754.28;6.15;0
419;rocket_site;2108.13;17.65;753.30;6.25;0
419;nuclear_reactor;2108.69;17.52;752.49;2.86;0
419;bunker;2109.58;17.65;752.04;1.70;0
419;supply_node;2110.57;17.46;752.08;4.17;0
420;arms_factory;1566.00;16.19;854.00;5.47;0
420;industrial_complex;1565.76;16.19;854.96;6.05;0
420;air_base;1565.08;16.19;855.68;2.10;0
420;anti_air_building;1564.14;16.25;855.99;6.19;0
420;synthetic_refinery;1563.17;16.25;855.82;1.82;0
420;fuel_silo;1562.40;16.31;855.20;3.32;0
420;radar_station;1562.02;16.25;854.28;2.59;0
420;rocket_site;1562.13;16.19;853.30;4.37;0
420;nuclear_reactor;1562.69;16.13;852.49;4.84;0
420;bunker;1563.58;16.19;852.04;4.13;0
420;supply_node;1564.57;16.19;852.08;2.46;0
421;arms_factory;2054.00;15.52;963.00;5.09;0
421;industrial_complex;2053.76;15.52;963.96;0.13;0
421;air_base;2053.08;15.52;964.68;2.93;0
421;anti_air_building;2052.14;15.52;964.99;4.63;0
421;synthetic_refinery;2051.17;15.52;964.82;4.64;0
421;fuel_silo;2050.40;15.52;964.20;3.63;0
421;radar_station;2050.02;15.52;963.28;2.66;0
421;rocket_site;2050.13;15.52;962.30;0.14;0
421;nuclear_reactor;2050.69;15.52;961.49;2.61;0
421;bunker;2051.58;15.52;961.04;2.66;0
421;supply_node;2052.57;15.52;961.08;0.73;0
422;arms_factory;1175.00;15.64;675.00;4.89;0
422;industrial_complex;1174.76;15.64;675.96;4.27;0
422;air_base;1174.08;15.64;676.68;2.78;0
422;anti_air_building;1173.14;15.64;676.99;4.23;0
422;synthetic_refinery;1172.17;15.64;676.82;2.49;0
422;fuel_silo;1171.40;15.64;676.20;2.33;0
422;radar_station;1171.02;15.64;675.28;3.70;0
422;rocket_site;1171.13;15.70;674.30;3.91;0
422;nuclear_reactor;1171.69;15.82;673.49;0.51;0
422;bunker;1172.58;15.82;673.04;3.79;0
422;supply_node;1173.57;15.76;673.08;1.57;0
423;arms_factory;1799.00;16.06;1029.00;4.44;0
423;industrial_complex;1798.76;16.00;1029.96;5.52;0
423;air_base;1798.08;15.94;1030.68;1.00;0
423;anti_air_building;1797.14;15.88;1030.99;4.05;0
423;synthetic_refinery;1796.17;15.88;1030.82;1.28;0
423;fuel_silo;1795.40;15.82;1030.20;1.41;0
423;radar_station;1795.02;15.88;1029.28;3.74;0
423;rocket_site;1795.13;16.00;1028.30;4.83;0
423;nuclear_reactor;1795.69;16.13;1027.49;1.50;0
423;bunker;1796.58;16.13;1027.04;6.28;0
423;supply_node;1797.57;16.13;1027.08;3.76;0
424;arms_factory;2002.00;15.94;1195.00;4.82;0
424;industrial_complex;2001.76;15.94;1195.96;3.58;0
424;air_base;2001.08;15.94;1196.68;5.85;0
424;anti_air_building;2000.14;15.94;1196.99;3.99;0
424;synthetic_refinery;1999.17;15.94;1196.82;1.30;0
424;fuel_silo;1998.40;15.88;1196.20;3.74;0
424;radar_station;1998.02;15.88;1195.28;3.45;0
424;rocket_site;1998.13;15.88;1194.30;4.22;0
424;nuclear_reactor;1998.69;15.82;1193.49;4.80;0
424;bunker;1999.58;15.88;1193.04;4.76;0
424;supply_node;2000.57;15.94;1193.08;5.32;0
425;arms_factory;1917.00;16.00;298.00;3.38;0
425;industrial_complex;1916.76;16.06;298.96;3.54;0
425;air_base;1916.08;16.00;299.68;0.32;0
425;anti_air_building;1915.14;16.13;299.99;1.21;0
425;synthetic_refinery;1914.17;16.25;299.82;0.05;0
425;fuel_silo;1913.40;16.19;299.20;0.92;0
425;radar_station;1913.02;16.25;298.28;1.83;0
425;rocket_site;1913.13;16.19;297.30;2.18;0
425;nuclear_reactor;1913.69;16.13;296.49;3.88;0
425;bunker;1914.58;16.19;296.04;3.57;0
425;supply_node;1915.57;16.25;296.08;1.17;0
426;arms_factory;1372.00;15.40;867.00;4.09;0
426;industrial_complex;1371.76;15.40;867.96;2.97;0
426;air_base;1371.08;15.40;868.68;4.97;0
426;anti_air_building;1370.14;15.40;868.99;4.27;0
426;synthetic_refinery;1369.17;15.40;868.82;4.18;0
426;fuel_silo;1368.40;15.40;868.20;3.47;0
426;radar_station;1368.02;15.40;867.28;3.06;0
426;rocket_site;1368.13;15.40;866.30;3.15;0
426;nuclear_reactor;1368.69;15.40;865.49;5.74;0
426;bunker;1369.58;15.40;865.04;2.36;0
426;supply_node;1370.57;15.40;865.08;4.66;0
427;arms_factory;1415.00;15.27;1168.00;2.75;0
427;industrial_complex;1414.76;15.27;1168.96;2.56;0
427;air_base;1414.08;15.27;1169.68;1.87;0
427;anti_air_building;1413.14;15.27;1169.99;5.19;0
427;synthetic_refinery;1412.17;15.27;1169.82;3.96;0
427;fuel_silo;1411.40;15.27;1169.20;0.28;0
427;radar_station;1411.02;15.27;1168.28;5.85;0
427;rocket_site;1411.13;15.27;1167.30;4.24;0
427;nuclear_reactor;1411.69;15.27;1166.49;5.05;0
427;bunker;1412.58;15.27;1166.04;4.86;0
427;supply_node;1413.57;15.27;1166.08;1.62;0
428;arms_factory;1338.00;15.40;1048.00;5.87;0
428;industrial_complex;1337.76;15.40;1048.96;2.02;0
428;air_base;1337.08;15.40;1049.68;2.75;0
428;anti_air_building;1336.14;15.40;1049.99;1.57;0
428;synthetic_refinery;1335.17;15.40;1049.82;3.55;0
428;fuel_silo;1334.40;15.40;1049.20;4.65;0
428;radar_station;1334.02;15.40;1048.28;3.49;0
428;rocket_site;1334.13;15.40;1047.30;6.21;0
428;nuclear_reactor;1334.69;15.40;1046.49;5.45;0
428;bunker;1335.58;15.40;1046.04;5.26;0
428;supply_node;1336.57;15.40;1046.08;4.23;0
429;arms_factory;2230.00;15.27;650.00;3.58;0
429;industrial_complex;2229.76;15.27;650.96;3.98;0
429;air_base;2229.08;15.27;651.68;3.77;0
429;anti_air_building;2228.14;15.27;651.99;0.32;0
429;synthetic_refinery;2227.17;15.27;651.82;0.83;0
429;fuel_silo;2226.40;15.27;651.20;4.20;0
429;radar_station;2226.02;15.27;650.28;6.14;0
429;rocket_site;2226.13;15.27;649.30;0.64;0
429;nuclear_reactor;2226.69;15.27;648.49;1.03;0
429;bunker;2227.58;15.27;648.04;2.61;0
429;supply_node;2228.57;15.27;648.08;4.70;0
430;arms_factory;1829.00;16.00;596.00;2.58;0
430;industrial_complex;1828.76;16.13;596.96;4.83;0
430;air_base;1828.08;16.00;597.68;1.83;0
430;anti_air_building;1827.14;16.06;597.99;2.65;0
430;synthetic_refinery;1826.17;16.00;597.82;1.59;0
430;fuel_silo;1825.40;16.06;597.20;6.02;0
430;radar_station;1825.02;16.00;596.28;3.17;0
430;rocket_site;1825.13;16.00;595.30;4.62;0
430;nuclear_reactor;1825.69;16.00;594.49;0.63;0
430;bunker;1826.58;16.06;594.04;3.16;0
430;supply_node;1827.57;16.06;594.08;4.28;0
431;arms_factory;1749.00;19.77;986.00;3.75;0
431;industrial_complex;1748.76;19.23;986.96;3.98;0
431;air_base;1748.08;19.53;987.68;5.49;0
431;anti_air_building;1747.14;19.23;987.99;4.13;0
431;synthetic_refinery;1746.17;19.10;987.82;5.49;0
431;fuel_silo;1745.40;18.86;987.20;2.29;0
431;radar_station;1745.02;19.10;986.28;4.15;0
431;rocket_site;1745.13;19.16;985.30;3.75;0
431;nuclear_reactor;1745.69;19.16;984.49;2.27;0
431;bunker;1746.58;19.29;984.04;0.90;0
431;supply_node;1747.57;19.35;984.08;0.38;0
432;arms_factory;1824.00;15.34;482.00;2.20;0
432;industrial_complex;1823.76;15.34;482.96;0.62;0
432;air_base;1823.08;15.34;483.68;3.98;0
432;anti_air_building;1822.14;15.34;483.99;3.92;0
432;synthetic_refinery;1821.17;15.34;483.82;6.21;0
432;fuel_silo;1820.40;15.34;483.20;1.19;0
432;radar_station;1820.02;15.34;482.28;0.37;0
432;rocket_site;1820.13;15.34;481.30;5.56;0
432;nuclear_reactor;1820.69;15.34;480.49;2.42;0
432;bunker;1821.58;15.34;480.04;2.09;0
432;supply_node;1822.57;15.34;480.08;5.31;0
433;arms_factory;1322.00;15.27;718.00;1.46;0
433;industrial_complex;1321.76;15.27;718.96;5.08;0
433;air_base;1321.08;15.27;719.68;1.85;0
433;anti_air_building;1320.14;15.27;719.99;5.23;0
433;synthetic_refinery;1319.17;15.27;719.82;4.09;0
433;fuel_silo;1318.40;15.27;719.20;3.04;0
433;radar_station;1318.02;15.27;718.28;1.80;0
433;rocket_site;1318.13;15.27;717.30;3.31;0
433;nuclear_reactor;1318.69;15.27;716.49;0.80;0
433;bunker;1319.58;15.27;716.04;0.59;0
433;supply_node;1320.57;15.27;716.08;4.34;0
434;arms_factory;1394.00;15.40;946.00;0.75;0
434;industrial_complex;1393.76;15.40;946.96;4.52;0
434;air_base;1393.08;15.40;947.68;5.14;0
434;anti_air_building;1392.14;15.40;947.99;3.47;0
434;synthetic_refinery;1391.17;15.40;947.82;0.47;0
434;fuel_silo;1390.40;15.40;947.20;4.63;0
434;radar_station;1390.02;15.40;946.28;5.87;0
434;rocket_site;1390.13;15.40;945.30;4.63;0
434;nuclear_reactor;1390.69;15.40;944.49;2.73;0
434;bunker;1391.58;15.40;944.04;0.67;0
434;supply_node;1392.57;15.40;944.08;5.54;0
435;arms_factory;1167.00;15.46;604.00;3.45;0
435;industrial_complex;1166.76;15.46;604.96;3.26;0
435;air_base;1166.08;15.46;605.68;4.29;0
435;anti_air_building;1165.14;15.46;605.99;6.05;0
435;synthetic_refinery;1164.17;15.40;605.82;4.38;0
435;fuel_silo;1163.40;15.40;605.20;4.74;0
435;radar_station;1163.02;15.40;604.28;2.28;0
435;rocket_site;1163.13;15.40;603.30;5.39;0
435;nuclear_reactor;1163.69;15.40;602.49;4.80;0
435;bunker;1164.58;15.40;602.04;0.52;0
435;supply_node;1165.57;15.46;602.08;0.14;0
436;arms_factory;1855.00;15.27;425.00;2.45;0
436;industrial_complex;1854.76;15.27;425.96;5.54;0
436;air_base;1854.08;15.27;426.68;1.18;0
436;anti_air_building;1853.14;15.27;426.99;3.65;0
436;synthetic_refinery;1852.17;15.27;426.82;4.53;0
436;fuel_silo;1851.40;15.27;426.20;5.46;0
436;radar_station;1851.02;15.27;425.28;1.92;0
436;rocket_site;1851.13;15.27;424.30;4.79;0
436;nuclear_reactor;1851.69;15.27;423.49;3.69;0
436;bunker;1852.58;15.27;423.04;1.84;0
436;supply_node;1853.57;15.27;423.08;5.49;0
437;arms_factory;2009.00;16.06;985.00;5.91;0
437;industrial_complex;2008.76;16.13;985.96;3.14;0
437;air_base;2008.08;16.13;986.68;4.44;0
437;anti_air_building;2007.14;16.19;986.99;0.17;0
437;synthetic_refinery;2006.17;16.19;986.82;3.03;0
437;fuel_silo;2005.40;16.19;986.20;3.61;0
437;radar_station;2005.02;16.00;985.28;1.54;0
437;rocket_site;2005.13;16.00;984.30;0.01;0
437;nuclear_reactor;2005.69;15.88;983.49;2.81;0
437;bunker;2006.58;15.94;983.04;4.27;0
437;supply_node;2007.57;15.94;983.08;5.25;0
438;arms_factory;1574.00;17.34;1186.00;1.20;0
438;industrial_complex;1573.76;17.52;1186.96;4.96;0
438;air_base;1573.08;17.77;1187.68;5.18;0
438;anti_air_building;1572.14;17.89;1187.99;2.95;0
438;synthetic_refinery;1571.17;18.19;1187.82;4.72;0
438;fuel_silo;1570.40;18.31;1187.20;5.55;0
438;radar_station;1570.02;18.13;1186.28;3.57;0
438;rocket_site;1570.13;18.07;1185.30;1.23;0
438;nuclear_reactor;1570.69;17.58;1184.49;0.72;0
438;bunker;1571.58;17.40;1184.04;4.24;0
438;supply_node;1572.57;17.34;1184.08;2.50;0
439;arms_factory;2103.00;15.76;1031.00;2.54;0
439;industrial_complex;2102.76;15.70;1031.96;6.14;0
439;air_base;2102.08;15.70;1032.68;3.08;0
439;anti_air_building;2101.14;15.64;1032.99;1.24;0
439;synthetic_refinery;2100.17;15.58;1032.82;5.55;0
439;fuel_silo;2099.40;15.58;1032.20;0.30;0
439;radar_station;2099.02;15.58;1031.28;0.46;0
439;rocket_site;2099.13;15.64;1030.30;4.85;0
439;nuclear_reactor;2099.69;15.58;1029.49;5.57;0
439;bunker;2100.58;15.64;1029.04;1.86;0
439;supply_node;2101.57;15.64;1029.08;3.39;0
440;arms_factory;1656.00;16.25;1132.00;1.31;0
440;industrial_complex;1655.76;16.25;1132.96;4.86;0
440;air_base;1655.08;16.25;1133.68;1.35;0
440;anti_air_building;1654.14;16.25;1133.99;6.20;0
440;synthetic_refinery;1653.17;16.19;1133.82;3.30;0
440;fuel_silo;1652.40;16.06;1133.20;3.65;0
440;radar_station;1652.02;16.13;1132.28;5.39;0
440;rocket_site;1652.13;16.13;1131.30;0.05;0
440;nuclear_reactor;1652.69;16.06;1130.49;0.23;0
440;bunker;1653.58;16.19;1130.04;3.68;0
440;supply_node;1654.57;16.13;1130.08;0.68;0
441;arms_factory;1480.00;15.27;1030.00;0.40;0
441;industrial_complex;1479.76;15.27;1030.96;2.57;0
441;air_base;1479.08;15.27;1031.68;0.64;0
441;anti_air_building;1478.14;15.27;1031.99;0.21;0
441;synthetic_refinery;1477.17;15.27;1031.82;1.01;0
441;fuel_silo;1476.40;15.27;1031.20;3.10;0
441;radar_station;1476.02;15.27;1030.28;5.15;0
441;rocket_site;1476.13;15.27;1029.30;4.73;0
441;nuclear_reactor;1476.69;15.27;1028.49;0.30;0
441;bunker;1477.58;15.27;1028.04;5.37;0
441;supply_node;1478.57;15.27;1028.08;4.23;0
442;arms_factory;1601.00;16.92;926.00;0.08;0
442;industrial_complex;1600.76;16.98;926.96;2.76;0
442;air_base;1600.08;16.73;927.68;5.96;0
442;anti_air_building;1599.14;16.73;927.99;2.35;0
442;synthetic_refinery;1598.17;16.73;927.82;1.77;0
442;fuel_silo;1597.40;16.67;927.20;2.82;0
442;radar_station;1597.02;16.67;926.28;1.09;0
442;rocket_site;1597.13;16.98;925.30;0.19;0
442;nuclear_reactor;1597.69;17.22;924.49;5.43;0
442;bunker;1598.58;17.10;924.04;3.30;0
442;supply_node;1599.57;17.10;924.08;2.82;0
443;arms_factory;2196.00;15.40;302.00;1.06;0
443;industrial_complex;2195.76;15.40;302.96;0.70;0
443;air_base;2195.08;15.40;303.68;3.08;0
443;anti_air_building;2194.14;15.40;303.99;6.20;0
443;synthetic_refinery;2193.17;15.40;303.82;6.22;0
443;fuel_silo;2192.40;15.40;303.20;4.37;0
443;radar_station;2192.02;15.40;302.28;0.22;0
443;rocket_site;2192.13;15.40;301.30;2.26;0
443;nuclear_reactor;2192.69;15.40;300.49;6.17;0
443;bunker;2193.58;15.40;300.04;1.45;0
443;supply_node;2194.57;15.40;300.08;2.08;0
444;arms_factory;1909.00;17.46;600.00;4.93;0
444;industrial_complex;1908.76;17.58;600.96;6.23;0
444;air_base;1908.08;17.65;601.68;3.24;0
444;anti_air_building;1907.14;18.13;601.99;5.46;0
444;synthetic_refinery;1906.17;18.19;601.82;2.32;0
444;fuel_silo;1905.40;18.37;601.20;1.77;0
444;radar_station;1905.02;18.01;600.28;1.96;0
444;rocket_site;1905.13;18.25;599.30;2.33;0
444;nuclear_reactor;1905.69;18.01;598.49;2.50;0
444;bunker;1906.58;18.07;598.04;2.47;0
444;supply_node;1907.57;17.95;598.08;2.65;0
445;arms_factory;1899.00;15.27;172.00;3.89;0
445;industrial_complex;1898.76;15.27;172.96;4.87;0
445;air_base;1898.08;15.34;173.68;4.63;0
445;anti_air_building;1897.14;15.34;173.99;5.90;0
445;synthetic_refinery;1896.17;15.34;173.82;5.29;0
445;fuel_silo;1895.40;15.34;173.20;1.05;0
445;radar_station;1895.02;15.34;172.28;1.06;0
445;rocket_site;1895.13;15.34;171.30;5.38;0
445;nuclear_reactor;1895.69;15.34;170.49;4.83;0
445;bunker;1896.58;15.34;170.04;3.88;0
445;supply_node;1897.57;15.27;170.08;2.05;0
446;arms_factory;1532.00;15.52;1016.00;3.59;0
446;industrial_complex;1531.76;15.52;1016.96;5.79;0
446;air_base;1531.08;15.52;1017.68;1.02;0
446;anti_air_building;1530.14;15.52;1017.99;2.54;0
446;synthetic_refinery;1529.17;15.46;1017.82;3.66;0
446;fuel_silo;1528.40;15.46;1017.20;6.02;0
446;radar_station;1528.02;15.46;1016.28;6.02;0
446;rocket_site;1528.13;15.46;1015.30;5.91;0
446;nuclear_reactor;1528.69;15.46;1014.49;1.42;0
446;bunker;1529.58;15.52;1014.04;3.76;0
446;supply_node;1530.57;15.46;1014.08;3.30;0
447;arms_factory;1729.00;15.40;621.00;4.68;0
447;industrial_complex;1728.76;15.40;621.96;0.77;0
447;air_base;1728.08;15.46;622.68;1.97;0
447;anti_air_building;1727.14;15.46;622.99;0.62;0
447;synthetic_refinery;1726.17;15.46;622.82;5.77;0
447;fuel_silo;1725.40;15.40;622.20;6.09;0
447;radar_station;1725.02;15.46;621.28;2.47;0
447;rocket_site;1725.13;15.40;620.30;0.77;0
447;nuclear_reactor;1725.69;15.40;619.49;2.44;0
447;bunker;1726.58;15.46;619.04;2.87;0
447;supply_node;1727.57;15.46;619.08;2.46;0
448;arms_factory;2075.00;15.58;1133.00;3.06;0
448;industrial_complex;2074.76;15.58;1133.96;1.02;0
448;air_base;2074.08;15.64;1134.68;0.07;0
448;anti_air_building;2073.14;15.64;1134.99;2.74;0
448;synthetic_refinery;2072.17;15.70;1134.82;3.16;0
448;fuel_silo;2071.40;15.64;1134.20;3.36;0
448;radar_station;2071.02;15.64;1133.28;2.35;0
448;rocket_site;2071.13;15.64;1132.30;5.06;0
448;nuclear_reactor;2071.69;15.64;1131.49;3.81;0
448;bunker;2072.58;15.58;1131.04;4.74;0
448;supply_node;2073.57;15.58;1131.08;0.01;0
449;arms_factory;1375.00;15.64;993.00;0.43;0
449;industrial_complex;1374.76;15.64;993.96;5.53;0
449;air_base;1374.08;15.64;994.68;4.01;0
449;anti_air_building;1373.14;15.70;994.99;1.71;0
449;synthetic_refinery;1372.17;15.64;994.82;4.67;0
449;fuel_silo;1371.40;15.70;994.20;0.82;0
449;radar_station;1371.02;15.64;993.28;3.48;0
449;rocket_site;1371.13;15.64;992.30;0.98;0
449;nuclear_reactor;1371.69;15.58;991.49;5.83;0
449;bunker;1372.58;15.58;991.04;2.96;0
449;supply_node;1373.57;15.64;991.08;4.88;0
450;arms_factory;2081.00;15.88;852.00;5.60;0
450;industrial_complex;2080.76;15.94;852.96;0.80;0
450;air_base;2080.08;15.94;853.68;1.40;0
450;anti_air_building;2079.14;16.00;853.99;1.68;0
450;synthetic_refinery;2078.17;16.00;853.82;4.73;0
450;fuel_silo;2077.40;16.00;853.20;4.99;0
450;radar_station;2077.02;16.00;852.28;2.37;0
450;rocket_site;2077.13;15.94;851.30;5.60;0
450;nuclear_reactor;2077.69;15.94;850.49;1.04;0
450;bunker;2078.58;15.94;850.04;3.64;0
450;supply_node;2079.57;15.88;850.08;4.00;0
451;arms_factory;1397.00;15.40;924.00;6.07;0
451;industrial_complex;1396.76;15.40;924.96;3.30;0
451;air_base;1396.08;15.46;925.68;2.38;0
451;anti_air_building;1395.14;15.46;925.99;5.87;0
451;synthetic_refinery;1394.17;15.46;925.82;6.11;0
451;fuel_silo;1393.40;15.40;925.20;6.27;0
451;radar_station;1393.02;15.46;924.28;1.87;0
451;rocket_site;1393.13;15.46;923.30;2.62;0
451;nuclear_reactor;1393.69;15.46;922.49;5.95;0
451;bunker;1394.58;15.46;922.04;3.66;0
451;supply_node;1395.57;15.40;922.08;5.08;0
452;arms_factory;1719.00;19.71;750.00;0.03;0
452;industrial_complex;1718.76;20.14;750.96;1.01;0
452;air_base;1718.08;20.20;751.68;0.04;0
452;anti_air_building;1717.14;20.02;751.99;5.21;0
452;synthetic_refinery;1716.17;20.02;751.82;3.45;0
452;fuel_silo;1715.40;20.08;751.20;3.17;0
452;radar_station;1715.02;20.26;750.28;3.89;0
452;rocket_site;1715.13;20.38;749.30;5.66;0
452;nuclear_reactor;1715.69;20.68;748.49;6.24;0
452;bunker;1716.58;20.26;748.04;5.18;0
452;supply_node;1717.57;20.50;748.08;3.76;0
453;arms_factory;1833.00;17.52;710.00;6.09;0
453;industrial_complex;1832.76;17.46;710.96;3.16;0
453;air_base;1832.08;17.52;711.68;5.91;0
453;anti_air_building;1831.14;17.46;711.99;2.96;0
453;synthetic_refinery;1830.17;17.52;711.82;5.97;0
453;fuel_silo;1829.40;17.71;711.20;4.11;0
453;radar_station;1829.02;18.07;710.28;0.80;0
453;rocket_site;1829.13;18.19;709.30;0.09;0
453;nuclear_reactor;1829.69;17.89;708.49;1.31;0
453;bunker;1830.58;17.65;708.04;4.79;0
453;supply_node;1831.57;17.71;708.08;0.10;0
454;arms_factory;1361.00;15.27;759.00;5.73;0
454;industrial_complex;1360.76;15.27;759.96;3.95;0
454;air_base;1360.08;15.27;760.68;0.74;0
454;anti_air_building;1359.14;15.27;760.99;4.98;0
454;synthetic_refinery;1358.17;15.27;760.82;0.65;0
454;fuel_silo;1357.40;15.27;760.20;5.60;0
454;radar_station;1357.02;15.27;759.28;2.99;0
454;rocket_site;1357.13;15.27;758.30;1.18;0
454;nuclear_reactor;1357.69;15.27;757.49;2.62;0
454;bunker;1358.58;15.27;757.04;2.63;0
454;supply_node;1359.57;15.27;757.08;4.06;0
455;arms_factory;1461.00;15.58;1174.00;0.09;0
455;industrial_complex;1460.76;15.58;1174.96;3.99;0
455;air_base;1460.08;15.52;1175.68;0.77;0
455;anti_air_building;1459.14;15.52;1175.99;1.55;0
455;synthetic_refinery;1458.17;15.46;1175.82;0.30;0
455;fuel_silo;1457.40;15.46;1175.20;1.84;0
455;radar_station;1457.02;15.46;1174.28;3.62;0
455;rocket_site;1457.13;15.46;1173.30;3.19;0
455;nuclear_reactor;1457.69;15.52;1172.49;3.51;0
455;bunker;1458.58;15.52;1172.04;4.92;0
455;supply_node;1459.57;15.58;1172.08;0.39;0
456;arms_factory;2142.00;15.40;969.00;5.11;0
456;industrial_complex;2141.76;15.40;969.96;1.58;0
456;air_base;2141.08;15.40;970.68;4.02;0
456;anti_air_building;2140.14;15.40;970.99;5.43;0
456;synthetic_refinery;2139.17;15.40;970.82;4.33;0
456;fuel_silo;2138.40;15.40;970.20;4.23;0
456;radar_station;2138.02;15.40;969.28;4.03;0
456;rocket_site;2138.13;15.40;968.30;1.98;0
456;nuclear_reactor;2138.69;15.40;967.49;0.65;0
456;bunker;2139.58;15.40;967.04;6.16;0
456;supply_node;2140.57;15.40;967.08;1.41;0
457;arms_factory;1714.00;15.34;489.00;1.54;0
457;industrial_complex;1713.76;15.34;489.96;2.72;0
457;air_base;1713.08;15.34;490.68;3.58;0
457;anti_air_building;1712.14;15.34;490.99;1.59;0
457;synthetic_refinery;1711.17;15.34;490.82;2.62;0
457;fuel_silo;1710.40;15.34;490.20;2.91;0
457;radar_station;1710.02;15.34;489.28;5.44;0
457;rocket_site;1710.13;15.34;488.30;5.45;0
457;nuclear_reactor;1710.69;15.34;487.49;1.93;0
457;bunker;1711.58;15.34;487.04;4.79;0
457;supply_node;1712.57;15.34;487.08;0.09;0
458;arms_factory;2122.00;16.43;656.00;4.66;0
458;industrial_complex;2121.76;16.49;656.96;0.73;0
458;air_base;2121.08;16.55;657.68;5.13;0
458;anti_air_building;2120.14;16.43;657.99;1.56;0
458;synthetic_refinery;2119.17;16.49;657.82;1.00;0
458;fuel_silo;2118.40;16.55;657.20;0.90;0
458;radar_station;2118.02;16.37;656.28;1.93;0
458;rocket_site;2118.13;16.25;655.30;0.69;0
458;nuclear_reactor;2118.69;16.13;654.49;1.91;0
458;bunker;2119.58;16.25;654.04;3.60;0
458;supply_node;2120.57;16.25;654.08;6.13;0
459;arms_factory;1932.00;15.27;1104.00;4.23;0
459;industrial_complex;1931.76;15.27;1104.96;1.46;0
459;air_base;1931.08;15.34;1105.68;3.65;0
459;anti_air_building;1930.14;15.27;1105.99;4.44;0
459;synthetic_refinery;1929.17;15.27;1105.82;1.21;0
459;fuel_silo;1928.40;15.34;1105.20;4.33;0
459;radar_station;1928.02;15.27;1104.28;4.45;0
459;rocket_site;1928.13;15.27;1103.30;3.55;0
459;nuclear_reactor;1928.69;15.27;1102.49;0.76;0
459;bunker;1929.58;15.27;1102.04;1.23;0
459;supply_node;1930.57;15.27;1102.08;1.45;0
460;arms_factory;1369.00;15.70;1012.00;0.59;0
460;industrial_complex;1368.76;15.70;1012.96;0.50;0
460;air_base;1368.08;15.64;1013.68;3.59;0
460;anti_air_building;1367.14;15.70;1013.99;0.11;0
460;synthetic_refinery;1366.17;15.64;1013.82;1.92;0
460;fuel_silo;1365.40;15.64;1013.20;5.06;0
460;radar_station;1365.02;15.64;1012.28;1.40;0
460;rocket_site;1365.13;15.64;1011.30;5.82;0
460;nuclear_reactor;1365.69;15.64;1010.49;1.32;0
460;bunker;1366.58;15.76;1010.04;4.90;0
460;supply_node;1367.57;15.70;1010.08;3.18;0
461;arms_factory;2185.00;16.61;882.00;3.95;0
461;industrial_complex;2184.76;16.49;882.96;3.62;0
461;air_base;2184.08;16.55;883.68;3.82;0
461;anti_air_building;2183.14;16.49;883.99;1.54;0
461;synthetic_refinery;2182.17;16.55;883.82;3.21;0
461;fuel_silo;2181.40;16.61;883.20;2.00;0
461;radar_station;2181.02;16.49;882.28;2.15;0
461;rocket_site;2181.13;16.43;881.30;2.97;0
461;nuclear_reactor;2181.69;16.37;880.49;4.60;0
461;bunker;2182.58;16.49;880.04;3.99;0
461;supply_node;2183.57;16.43;880.08;3.09;0
462;arms_factory;1239.00;15.27;906.00;3.64;0
462;industrial_complex;1238.76;15.27;906.96;0.27;0
462;air_base;1238.08;15.27;907.68;2.38;0
462;anti_air_building;1237.14;15.27;907.99;3.15;0
462;synthetic_refinery;1236.17;15.27;907.82;2.84;0
462;fuel_silo;1235.40;15.27;907.20;4.02;0
462;radar_station;1235.02;15.27;906.28;5.39;0
462;rocket_site;1235.13;15.27;905.30;0.57;0
462;nuclear_reactor;1235.69;15.27;904.49;4.56;0
462;bunker;1236.58;15.27;904.04;1.59;0
462;supply_node;1237.57;15.27;904.08;6.18;0
463;arms_factory;1422.00;17.34;762.00;4.03;0
463;industrial_complex;1421.76;17.10;762.96;5.79;0
463;air_base;1421.08;17.16;763.68;4.78;0
463;anti_air_building;1420.14;16.92;763.99;6.01;0
463;synthetic_refinery;1419.17;16.79;763.82;0.03;0
463;fuel_silo;1418.40;16.55;763.20;3.87;0
463;radar_station;1418.02;16.61;762.28;5.80;0
463;rocket_site;1418.13;16.73;761.30;2.64;0
463;nuclear_reactor;1418.69;16.73;760.49;1.48;0
463;bunker;1419.58;16.79;760.04;0.45;0
463;supply_node;1420.57;16.79;760.08;1.70;0
464;arms_factory;1517.00;16.37;1135.00;3.13;0
464;industrial_complex;1516.76;16.31;1135.96;3.76;0
464;air_base;1516.08;16.31;1136.68;3.71;0
464;anti_air_building;1515.14;16.25;1136.99;4.17;0
464;synthetic_refinery;1514.17;16.31;1136.82;5.71;0
464;fuel_silo;1513.40;16.37;1136.20;1.87;0
464;radar_station;1513.02;16.43;1135.28;2.47;0
464;rocket_site;1513.13;16.43;1134.30;1.78;0
464;nuclear_reactor;1513.69;16.49;1133.49;4.95;0
464;bunker;1514.58;16.55;1133.04;2.20;0
464;supply_node;1515.57;16.43;1133.08;2.59;0
465;arms_factory;1644.00;15.34;1159.00;2.91;0
465;industrial_complex;1643.76;15.40;1159.96;0.80;0
465;air_base;1643.08;15.40;1160.68;3.85;0
465;anti_air_building;1642.14;15.40;1160.99;4.25;0
465;synthetic_refinery;1641.17;15.46;1160.82;3.73;0
465;fuel_silo;1640.40;15.46;1160.20;4.01;0
465;radar_station;1640.02;15.46;1159.28;0.30;0
465;rocket_site;1640.13;15.40;1158.30;5.25;0
465;nuclear_reactor;1640.69;15.40;1157.49;4.46;0
465;bunker;1641.58;15.34;1157.04;4.73;0
465;supply_node;1642.57;15.34;1157.08;1.39;0
466;arms_factory;1854.00;16.06;504.00;5.81;0
466;industrial_complex;1853.76;16.06;504.96;2.29;0
466;air_base;1853.08;16.19;505.68;3.24;0
466;anti_air_building;1852.14;16.37;505.99;5.96;0
466;synthetic_refinery;1851.17;16.55;505.82;0.75;0
466;fuel_silo;1850.40;16.61;505.20;1.95;0
466;radar_station;1850.02;16.49;504.28;5.98;0
466;rocket_site;1850.13;16.25;503.30;0.30;0
466;nuclear_reactor;1850.69;16.06;502.49;1.98;0
466;bunker;1851.58;16.00;502.04;1.96;0
466;supply_node;1852.57;15.94;502.08;0.88;0
467;arms_factory;1482.00;15.46;974.00;0.99;0
467;industrial_complex;1481.76;15.46;974.96;0.41;0
467;air_base;1481.08;15.46;975.68;1.85;0
467;anti_air_building;1480.14;15.46;975.99;5.79;0
467;synthetic_refinery;1479.17;15.46;975.82;0.94;0
467;fuel_silo;1478.40;15.46;975.20;0.42;0
467;radar_station;1478.02;15.46;974.28;0.66;0
467;rocket_site;1478.13;15.46;973.30;4.94;0
467;nuclear_reactor;1478.69;15.46;972.49;4.18;0
467;bunker;1479.58;15.40;972.04;1.19;0
467;supply_node;1480.57;15.46;972.08;5.45;0
468;arms_factory;1257.00;15.27;734.00;2.93;0
468;industrial_complex;1256.76;15.27;734.96;3.13;0
468;air_base;1256.08;15.27;735.68;0.08;0
468;anti_air_building;1255.14;15.27;735.99;1.94;0
468;synthetic_refinery;1254.17;15.27;735.82;5.09;0
468;fuel_silo;1253.40;15.27;735.20;0.24;0
468;radar_station;1253.02;15.27;734.28;0.78;0
468;rocket_site;1253.13;15.27;733.30;5.95;0
468;nuclear_reactor;1253.69;15.27;732.49;3.36;0
468;bunker;1254.58;15.27;732.04;4.23;0
468;supply_node;1255.57;15.27;732.08;0.16;0
469;arms_factory;2195.00;15.27;956.00;3.95;0
469;industrial_complex;2194.76;15.27;956.96;2.69;0
469;air_base;2194.08;15.27;957.68;1.04;0
469;anti_air_building;2193.14;15.27;957.99;6.02;0
469;synthetic_refinery;2192.17;15.27;957.82;3.99;0
469;fuel_silo;2191.40;15.27;957.20;4.21;0
469;radar_station;2191.02;15.34;956.28;2.69;0
469;rocket_site;2191.13;15.34;955.30;5.78;0
469;nuclear_reactor;2191.69;15.34;954.49;2.63;0
469;bunker;2192.58;15.34;954.04;0.18;0
469;supply_node;2193.57;15.34;954.08;2.64;0
470;arms_factory;1407.00;15.34;703.00;0.52;0
470;industrial_complex;1406.76;15.34;703.96;2.96;0
470;air_base;1406.08;15.34;704.68;4.35;0
470;anti_air_building;1405.14;15.34;704.99;3.50;0
470;synthetic_refinery;1404.17;15.34;704.82;3.01;0
470;fuel_silo;1403.40;15.34;704.20;0.11;0
470;radar_station;1403.02;15.34;703.28;1.32;0
470;rocket_site;1403.13;15.27;702.30;5.67;0
470;nuclear_reactor;1403.69;15.27;701.49;3.13;0
470;bunker;1404.58;15.27;701.04;5.91;0
470;supply_node;1405.57;15.34;701.08;0.90;0
471;arms_factory;1879.00;15.27;365.00;1.82;0
471;industrial_complex;1878.76;15.27;365.96;2.56;0
471;air_base;1878.08;15.27;366.68;5.45;0
471;anti_air_building;1877.14;15.27;366.99;4.90;0
471;synthetic_refinery;1876.17;15.27;366.82;4.92;0
471;fuel_silo;1875.40;15.27;366.20;1.63;0
471;radar_station;1875.02;15.27;365.28;0.97;0
471;rocket_site;1875.13;15.27;364.30;5.10;0
471;nuclear_reactor;1875.69;15.27;363.49;4.66;0
471;bunker;1876.58;15.27;363.04;5.14;0
471;supply_node;1877.57;15.27;363.08;4.17;0
472;arms_factory;1177.00;15.27;810.00;3.14;0
472;industrial_complex;1176.76;15.27;810.96;0.84;0
472;air_base;1176.08;15.27;811.68;0.79;0
472;anti_air_building;1175.14;15.27;811.99;0.51;0
472;synthetic_refinery;1174.17;15.27;811.82;1.13;0
472;fuel_silo;1173.40;15.27;811.20;2.10;0
472;radar_station;1173.02;15.27;810.28;2.54;0
472;rocket_site;1173.13;15.27;809.30;3.20;0
472;nuclear_reactor;1173.69;15.27;808.49;5.95;0
472;bunker;1174.58;15.27;808.04;5.14;0
472;supply_node;1175.57;15.27;808.08;0.36;0
473;arms_factory;2302.00;15.88;1206.00;4.80;0
473;industrial_complex;2301.76;15.88;1206.96;0.07;0
473;air_base;2301.08;15.94;1207.68;4.52;0
473;anti_air_building;2300.14;15.82;1207.99;2.98;0
473;synthetic_refinery;2299.17;15.76;1207.82;2.57;0
473;fuel_silo;2298.40;15.76;1207.20;4.58;0
473;radar_station;2298.02;15.70;1206.28;0.53;0
473;rocket_site;2298.13;15.70;1205.30;0.02;0
473;nuclear_reactor;2298.69;15.64;1204.49;0.69;0
473;bunker;2299.58;15.70;1204.04;1.91;0
473;supply_node;2300.57;15.76;1204.08;0.10;0
474;arms_factory;1588.00;16.43;850.00;1.88;0
474;industrial_complex;1587.76;16.37;850.96;4.03;0
474;air_base;1587.08;16.37;851.68;1.70;0
474;anti_air_building;1586.14;16.31;851.99;2.09;0
474;synthetic_refinery;1585.17;16.49;851.82;3.27;0
474;fuel_silo;1584.40;16.49;851.20;2.15;0
474;radar_station;1584.02;16.37;850.28;4.33;0
474;rocket_site;1584.13;16.37;849.30;1.82;0
474;nuclear_reactor;1584.69;16.37;848.49;3.08;0
474;bunker;1585.58;16.31;848.04;2.76;0
474;supply_node;1586.57;16.37;848.08;4.38;0
475;arms_factory;1969.00;15.52;243.00;1.06;0
475;industrial_complex;1968.76;15.52;243.96;0.76;0
475;air_base;1968.08;15.46;244.68;2.32;0
475;anti_air_building;1967.14;15.46;244.99;5.59;0
475;synthetic_refinery;1966.17;15.52;244.82;4.04;0
475;fuel_silo;1965.40;15.52;244.20;4.11;0
475;radar_station;1965.02;15.46;243.28;3.36;0
475;rocket_site;1965.13;15.46;242.30;4.99;0
475;nuclear_reactor;1965.69;15.40;241.49;0.16;0
475;bunker;1966.58;15.40;241.04;2.77;0
475;supply_node;1967.57;15.46;241.08;4.02;0
476;arms_factory;1689.00;19.23;865.00;5.93;0
476;industrial_complex;1688.76;18.86;865.96;2.76;0
476;air_base;1688.08;18.92;866.68;6.20;0
476;anti_air_building;1687.14;18.86;866.99;3.97;0
476;synthetic_refinery;1686.17;18.68;866.82;1.12;0
476;fuel_silo;1685.40;18.44;866.20;5.44;0
476;radar_station;1685.02;18.44;865.28;0.05;0
476;rocket_site;1685.13;18.44;864.30;0.92;0
476;nuclear_reactor;1685.69;18.44;863.49;2.32;0
476;bunker;1686.58;18.56;863.04;0.11;0
476;supply_node;1687.57;18.80;863.08;5.67;0
477;arms_factory;1702.00;15.27;466.00;2.10;0
477;industrial_complex;1701.76;15.27;466.96;6.06;0
477;air_base;1701.08;15.27;467.68;2.21;0
477;anti_air_building;1700.14;15.27;467.99;4.09;0
477;synthetic_refinery;1699.17;15.27;467.82;3.04;0
477;fuel_silo;1698.40;15.27;467.20;0.37;0
477;radar_station;1698.02;15.27;466.28;5.01;0
477;rocket_site;1698.13;15.27;465.30;5.76;0
477;nuclear_reactor;1698.69;15.27;464.49;2.72;0
477;bunker;1699.58;15.27;464.04;3.44;0
477;supply_node;1700.57;15.27;464.08;5.06;0
478;arms_factory;1895.00;17.83;966.00;4.40;0
478;industrial_complex;1894.76;17.89;966.96;5.34;0
478;air_base;1894.08;17.89;967.68;2.22;0
478;anti_air_building;1893.14;18.19;967.99;3.25;0
478;synthetic_refinery;1892.17;18.19;967.82;0.35;0
478;fuel_silo;1891.40;18.01;967.20;4.76;0
478;radar_station;1891.02;18.01;966.28;0.15;0
478;rocket_site;1891.13;17.95;965.30;5.12;0
478;nuclear_reactor;1891.69;18.01;964.49;4.21;0
478;bunker;1892.58;18.01;964.04;2.74;0
478;supply_node;1893.57;18.07;964.08;1.44;0
479;arms_factory;1988.00;15.27;450.00;5.20;0
479;industrial_complex;1987.76;15.27;450.96;4.50;0
479;air_base;1987.08;15.27;451.68;3.58;0
479;anti_air_building;1986.14;15.27;451.99;5.98;0
479;synthetic_refinery;1985.17;15.27;451.82;1.82;0
479;fuel_silo;1984.40;15.27;451.20;5.29;0
479;radar_station;1984.02;15.27;450.28;4.91;0
479;rocket_site;1984.13;15.27;449.30;3.58;0
479;nuclear_reactor;1984.69;15.27;448.49;4.13;0
479;bunker;1985.58;15.27;448.04;0.64;0
479;supply_node;1986.57;15.27;448.08;1.30;0
480;arms_factory;1320.00;15.34;736.00;0.95;0
480;industrial_complex;1319.76;15.34;736.96;5.27;0
480;air_base;1319.08;15.34;737.68;4.75;0
480;anti_air_building;1318.14;15.34;737.99;3.28;0
480;synthetic_refinery;1317.17;15.34;737.82;3.53;0
480;fuel_silo;1316.40;15.34;737.20;3.79;0
480;radar_station;1316.02;15.34;736.28;1.75;0
480;rocket_site;1316.13;15.34;735.30;1.00;0
480;nuclear_reactor;1316.69;15.34;734.49;3.42;0
480;bunker;1317.58;15.34;734.04;6.12;0
480;supply_node;1318.57;15.34;734.08;5.07;0
481;arms_factory;1886.00;15.82;720.00;4.64;0
481;industrial_complex;1885.76;15.88;720.96;5.80;0
481;air_base;1885.08;15.88;721.68;4.79;0
481;anti_air_building;1884.14;15.82;721.99;0.26;0
481;synthetic_refinery;1883.17;15.82;721.82;1.41;0
481;fuel_silo;1882.40;15.82;721.20;4.22;0
481;radar_station;1882.02;15.88;720.28;4.18;0
481;rocket_site;1882.13;16.00;719.30;3.19;0
481;nuclear_reactor;1882.69;16.00;718.49;2.94;0
481;bunker;1883.58;16.06;718.04;3.38;0
481;supply_node;1884.57;15.94;718.08;1.22;0
482;arms_factory;2349.00;15.27;1177.00;4.91;0
482;industrial_complex;2348.76;15.27;1177.96;0.53;0
482;air_base;2348.08;15.27;1178.68;2.17;0
482;anti_air_building;2347.14;15.27;1178.99;0.24;0
482;synthetic_refinery;2346.17;15.27;1178.82;0.84;0
482;fuel_silo;2345.40;15.27;1178.20;4.29;0
482;radar_station;2345.02;15.27;1177.28;0.01;0
482;rocket_site;2345.13;15.27;1176.30;0.82;0
482;nuclear_reactor;2345.69;15.27;1175.49;3.58;0
482;bunker;2346.58;15.27;1175.04;2.33;0
482;supply_node;2347.57;15.27;1175.08;4.10;0
483;arms_factory;1170.00;15.40;850.00;5.53;0
483;industrial_complex;1169.76;15.40;850.96;4.86;0
483;air_base;1169.08;15.40;851.68;1.51;0
483;anti_air_building;1168.14;15.40;851.99;3.04;0
483;synthetic_refinery;1167.17;15.40;851.82;1.97;0
483;fuel_silo;1166.40;15.40;851.20;2.95;0
483;radar_station;1166.02;15.40;850.28;4.47;0
483;rocket_site;1166.13;15.40;849.30;4.39;0
483;nuclear_reactor;1166.69;15.40;848.49;3.77;0
483;bunker;1167.58;15.40;848.04;1.16;0
483;supply_node;1168.57;15.40;848.08;3.91;0
484;arms_factory;2037.00;15.40;1096.00;4.74;0
484;industrial_complex;2036.76;15.40;1096.96;0.01;0
484;air_base;2036.08;15.40;1097.68;1.58;0
484;anti_air_building;2035.14;15.40;1097.99;1.84;0
484;synthetic_refinery;2034.17;15.34;1097.82;2.50;0
484;fuel_silo;2033.40;15.34;1097.20;2.34;0
484;radar_station;2033.02;15.34;1096.28;0.33;0
484;rocket_site;2033.13;15.34;1095.30;5.74;0
484;nuclear_reactor;2033.69;15.34;1094.49;5.92;0
484;bunker;2034.58;15.34;1094.04;3.84;0
484;supply_node;2035.57;15.34;1094.08;2.28;0
485;arms_factory;2013.00;15.64;1169.00;4.71;0
485;industrial_complex;2012.76;15.64;1169.96;0.72;0
485;air_base;2012.08;15.64;1170.68;3.87;0
485;anti_air_building;2011.14;15.70;1170.99;3.39;0
485;synthetic_refinery;2010.17;15.70;1170.82;6.12;0
485;fuel_silo;2009.40;15.70;1170.20;1.97;0
485;radar_station;2009.02;15.70;1169.28;5.79;0
485;rocket_site;2009.13;15.70;1168.30;4.38;0
485;nuclear_reactor;2009.69;15.70;1167.49;4.55;0
485;bunker;2010.58;15.70;1167.04;1.24;0
485;supply_node;2011.57;15.64;1167.08;2.01;0
486;arms_factory;1333.00;15.27;970.00;3.08;0
486;industrial_complex;1332.76;15.27;970.96;5.94;0
486;air_base;1332.08;15.27;971.68;3.46;0
486;anti_air_building;1331.14;15.27;971.99;3.74;0
486;synthetic_refinery;1330.17;15.27;971.82;1.51;0
486;fuel_silo;1329.40;15.27;971.20;4.12;0
486;radar_station;1329.02;15.27;970.28;2.87;0
486;rocket_site;1329.13;15.27;969.30;5.71;0
486;nuclear_reactor;1329.69;15.27;968.49;5.68;0
486;bunker;1330.58;15.27;968.04;0.30;0
486;supply_node;1331.57;15.27;968.08;4.50;0
487;arms_factory;1676.00;20.32;834.00;0.30;0
487;industrial_complex;1675.76;20.93;834.96;5.04;0
487;air_base;1675.08;20.68;835.68;3.54;0
487;anti_air_building;1674.14;20.68;835.99;0.61;0
487;synthetic_refinery;1673.17;20.44;835.82;5.06;0
487;fuel_silo;1672.40;20.26;835.20;0.22;0
487;radar_station;1672.02;20.02;834.28;4.59;0
487;rocket_site;1672.13;19.77;833.30;0.32;0
487;nuclear_reactor;1672.69;19.65;832.49;3.50;0
487;bunker;1673.58;19.71;832.04;0.79;0
487;supply_node;1674.57;20.14;832.08;0.36;0
488;arms_factory;2138.00;15.52;933.00;3.31;0
488;industrial_complex;2137.76;15.52;933.96;4.86;0
488;air_base;2137.08;15.52;934.68;4.55;0
488;anti_air_building;2136.14;15.52;934.99;2.65;0
488;synthetic_refinery;2135.17;15.52;934.82;4.59;0
488;fuel_silo;2134.40;15.52;934.20;0.03;0
488;radar_station;2134.02;15.52;933.28;3.06;0
488;rocket_site;2134.13;15.58;932.30;3.48;0
488;nuclear_reactor;2134.69;15.52;931.49;1.40;0
488;bunker;2135.58;15.52;931.04;1.48;0
488;supply_node;2136.57;15.58;931.08;5.79;0
489;arms_factory;1594.00;15.34;1158.00;3.05;0
489;industrial_complex;1593.76;15.34;1158.96;5.74;0
489;air_base;1593.08;15.34;1159.68;1.68;0
489;anti_air_building;1592.14;15.34;1159.99;2.55;0
489;synthetic_refinery;1591.17;15.34;1159.82;1.72;0
489;fuel_silo;1590.40;15.34;1159.20;2.00;0
489;radar_station;1590.02;15.34;1158.28;5.45;0
489;rocket_site;1590.13;15.34;1157.30;3.50;0
489;nuclear_reactor;1590.69;15.34;1156.49;5.91;0
489;bunker;1591.58;15.34;1156.04;5.78;0
489;supply_node;1592.57;15.34;1156.08;4.61;0
490;arms_factory;1971.00;16.61;891.00;0.06;0
490;industrial_complex;1970.76;16.67;891.96;1.37;0
490;air_base;1970.08;16.73;892.68;1.17;0
490;anti_air_building;1969.14;16.85;892.99;1.26;0
490;synthetic_refinery;1968.17;16.92;892.82;1.26;0
490;fuel_silo;1967.40;17.04;892.20;3.01;0
490;radar_station;1967.02;17.10;891.28;2.37;0
490;rocket_site;1967.13;17.04;890.30;4.48;0
490;nuclear_reactor;1967.69;17.04;889.49;2.98;0
490;bunker;1968.58;17.28;889.04;0.12;0
490;supply_node;1969.57;17.04;889.08;0.85;0
491;arms_factory;1645.00;15.94;656.00;5.48;0
491;industrial_complex;1644.76;16.00;656.96;5.33;0
491;air_base;1644.08;16.13;657.68;3.78;0
491;anti_air_building;1643.14;16.31;657.99;0.93;0
491;synthetic_refinery;1642.17;16.49;657.82;2.21;0
491;fuel_silo;1641.40;16.73;657.20;0.01;0
491;radar_station;1641.02;16.73;656.28;3.51;0
491;rocket_site;1641.13;16.43;655.30;2.51;0
491;nuclear_reactor;1641.69;16.43;654.49;3.17;0
491;bunker;1642.58;16.25;654.04;1.40;0
491;supply_node;1643.57;16.06;654.08;6.18;0
492;arms_factory;1908.00;17.10;561.00;0.31;0
492;industrial_complex;1907.76;17.10;561.96;1.04;0
492;air_base;1907.08;17.28;562.68;5.84;0
492;anti_air_building;1906.14;17.10;562.99;0.02;0
492;synthetic_refinery;1905.17;17.04;562.82;1.10;0
492;fuel_silo;1904.40;16.92;562.20;3.61;0
492;radar_station;1904.02;16.92;561.28;0.79;0
492;rocket_site;1904.13;16.67;560.30;1.46;0
492;nuclear_reactor;1904.69;16.61;559.49;0.27;0
492;bunker;1905.58;16.61;559.04;5.01;0
492;supply_node;1906.57;16.73;559.08;5.51;0
493;arms_factory;2014.00;15.52;584.00;5.44;0
493;industrial_complex;2013.76;15.58;584.96;2.54;0
493;air_base;2013.08;15.52;585.68;3.46;0
493;anti_air_building;2012.14;15.58;585.99;6.27;0
493;synthetic_refinery;2011.17;15.52;585.82;4.03;0
493;fuel_silo;2010.40;15.58;585.20;1.46;0
493;radar_station;2010.02;15.58;584.28;5.15;0
493;rocket_site;2010.13;15.64;583.30;1.95;0
493;nuclear_reactor;2010.69;15.58;582.49;5.32;0
493;bunker;2011.58;15.58;582.04;4.68;0
493;supply_node;2012.57;15.52;582.08;2.23;0
494;arms_factory;1285.00;15.34;1079.00;5.68;0
494;industrial_complex;1284.76;15.34;1079.96;4.14;0
494;air_base;1284.08;15.34;1080.68;4.32;0
494;anti_air_building;1283.14;15.34;1080.99;6.09;0
494;synthetic_refinery;1282.17;15.34;1080.82;2.66;0
494;fuel_silo;1281.40;15.34;1080.20;4.37;0
494;radar_station;1281.02;15.34;1079.28;1.95;0
494;rocket_site;1281.13;15.34;1078.30;4.15;0
494;nuclear_reactor;1281.69;15.34;1077.49;3.29;0
494;bunker;1282.58;15.34;1077.04;0.62;0
494;supply_node;1283.57;15.34;1077.08;3.00;0
495;arms_factory;1971.00;15.27;410.00;3.78;0
495;industrial_complex;1970.76;15.27;410.96;1.15;0
495;air_base;1970.08;15.27;411.68;5.90;0
495;anti_air_building;1969.14;15.27;411.99;0.10;0
495;synthetic_refinery;1968.17;15.27;411.82;0.07;0
495;fuel_silo;1967.40;15.27;411.20;3.96;0
495;radar_station;1967.02;15.27;410.28;2.37;0
495;rocket_site;1967.13;15.27;409.30;4.01;0
495;nuclear_reactor;1967.69;15.27;408.49;0.36;0
495;bunker;1968.58;15.27;408.04;2.26;0
495;supply_node;1969.57;15.27;408.08;5.47;0
496;arms_factory;2269.00;15.46;1178.00;2.33;0
496;industrial_complex;2268.76;15.46;1178.96;2.61;0
496;air_base;2268.08;15.46;1179.68;5.28;0
496;anti_air_building;2267.14;15.46;1179.99;3.34;0
496;synthetic_refinery;2266.17;15.46;1179.82;2.87;0
496;fuel_silo;2265.40;15.52;1179.20;2.11;0
496;radar_station;2265.02;15.46;1178.28;5.32;0
496;rocket_site;2265.13;15.46;1177.30;1.36;0
496;nuclear_reactor;2265.69;15.40;1176.49;5.68;0
496;bunker;2266.58;15.40;1176.04;0.44;0
496;supply_node;2267.57;15.40;1176.08;1.06;0
497;arms_factory;1986.00;15.40;794.00;1.53;0
497;industrial_complex;1985.76;15.34;794.96;4.07;0
497;air_base;1985.08;15.34;795.68;3.16;0
497;anti_air_building;1984.14;15.34;795.99;1.87;0
497;synthetic_refinery;1983.17;15.34;795.82;0.40;0
497;fuel_silo;1982.40;15.34;795.20;0.99;0
497;radar_station;1982.02;15.27;794.28;0.08;0
497;rocket_site;1982.13;15.27;793.30;2.97;0
497;nuclear_reactor;1982.69;15.27;792.49;1.41;0
497;bunker;1983.58;15.34;792.04;3.65;0
497;supply_node;1984.57;15.34;792.08;0.35;0
498;arms_factory;1774.00;16.79;561.00;4.09;0
498;industrial_complex;1773.76;16.85;561.96;0.54;0
498;air_base;1773.08;16.85;562.68;4.48;0
498;anti_air_building;1772.14;16.79;562.99;2.36;0
498;synthetic_refinery;1771.17;16.61;562.82;1.16;0
498;fuel_silo;1770.40;16.67;562.20;0.22;0
498;radar_station;1770.02;16.73;561.28;2.20;0
498;rocket_site;1770.13;16.79;560.30;3.56;0
498;nuclear_reactor;1770.69;16.85;559.49;3.23;0
498;bunker;1771.58;16.92;559.04;2.98;0
498;supply_node;1772.57;16.73;559.08;0.60;0
499;arms_factory;1973.00;15.27;1101.00;0.96;0
499;industrial_complex;1972.76;15.27;1101.96;2.68;0
499;air_base;1972.08;15.27;1102.68;0.15;0
499;anti_air_building;1971.14;15.27;1102.99;6.18;0
499;synthetic_refinery;1970.17;15.27;1102.82;0.69;0
499;fuel_silo;1969.40;15.27;1102.20;3.25;0
499;radar_station;1969.02;15.27;1101.28;0.63;0
499;rocket_site;1969.13;15.27;1100.30;2.34;0
499;nuclear_reactor;1969.69;15.27;1099.49;3.12;0
499;bunker;1970.58;15.27;1099.04;5.11;0
499;supply_node;1971.57;15.27;1099.08;4.74;0
500;arms_factory;2213.00;17.10;787.00;2.74;0
500;industrial_complex;2212.76;17.10;787.96;6.05;0
500;air_base;2212.08;17.28;788.68;1.47;0
500;anti_air_building;2211.14;17.28;788.99;1.71;0
500;synthetic_refinery;2210.17;17.04;788.82;0.66;0
500;fuel_silo;2209.40;16.98;788.20;5.20;0
500;radar_station;2209.02;17.04;787.28;4.23;0
500;rocket_site;2209.13;17.04;786.30;5.79;0
500;nuclear_reactor;2209.69;17.34;785.49;5.65;0
500;bunker;2210.58;17.28;785.04;6.16;0
500;supply_node;2211.57;17.28;785.08;4.55;0
501;arms_factory;1690.00;15.70;619.00;5.84;0
501;industrial_complex;1689.76;15.76;619.96;3.65;0
501;air_base;1689.08;15.64;620.68;0.93;0
501;anti_air_building;1688.14;15.70;620.99;5.93;0
501;synthetic_refinery;1687.17;15.70;620.82;2.52;0
501;fuel_silo;1686.40;15.70;620.20;5.77;0
501;radar_station;1686.02;15.76;619.28;5.67;0
501;rocket_site;1686.13;15.82;618.30;0.65;0
501;nuclear_reactor;1686.69;15.82;617.49;2.08;0
501;bunker;1687.58;15.88;617.04;5.34;0
501;supply_node;1688.57;15.88;617.08;2.74;0
502;arms_factory;2200.00;15.27;1103.00;2.21;0
502;industrial_complex;2199.76;15.27;1103.96;4.03;0
502;air_base;2199.08;15.27;1104.68;6.28;0
502;anti_air_building;2198.14;15.27;1104.99;5.50;0
502;synthetic_refinery;2197.17;15.27;1104.82;4.41;0
502;fuel_silo;2196.40;15.27;1104.20;3.10;0
502;radar_station;2196.02;15.27;1103.28;0.60;0
502;rocket_site;2196.13;15.27;1102.30;2.34;0
502;nuclear_reactor;2196.69;15.27;1101.49;5.39;0
502;bunker;2197.58;15.27;1101.04;3.65;0
502;supply_node;2198.57;15.27;1101.08;3.43;0
503;arms_factory;1240.00;15.27;749.00;4.97;0
503;industrial_complex;1239.76;15.27;749.96;2.82;0
503;air_base;1239.08;15.27;750.68;4.99;0
503;anti_air_building;1238.14;15.27;750.99;2.82;0
503;synthetic_refinery;1237.17;15.27;750.82;2.36;0
503;fuel_silo;1236.40;15.27;750.20;5.46;0
503;radar_station;1236.02;15.27;749.28;3.93;0
503;rocket_site;1236.13;15.27;748.30;2.99;0
503;nuclear_reactor;1236.69;15.27;747.49;2.99;0
503;bunker;1237.58;15.27;747.04;4.51;0
503;supply_node;1238.57;15.27;747.08;2.01;0
504;arms_factory;1882.00;19.10;973.00;5.05;0
504;industrial_complex;1881.76;18.86;973.96;1.15;0
504;air_base;1881.08;18.98;974.68;6.01;0
504;anti_air_building;1880.14;18.62;974.99;3.16;0
504;synthetic_refinery;1879.17;18.56;974.82;4.88;0
504;fuel_silo;1878.40;18.62;974.20;5.84;0
504;radar_station;1878.02;18.80;973.28;5.56;0
504;rocket_site;1878.13;19.04;972.30;1.47;0
504;nuclear_reactor;1878.69;18.86;971.49;5.83;0
504;bunker;1879.58;18.80;971.04;3.82;0
504;supply_node;1880.57;18.68;971.08;6.08;0
505;arms_factory;1840.00;15.34;1072.00;6.16;0
505;industrial_complex;1839.76;15.34;1072.96;2.69;0
505;air_base;1839.08;15.40;1073.68;0.82;0
505;anti_air_building;1838.14;15.40;1073.99;1.84;0
505;synthetic_refinery;1837.17;15.40;1073.82;3.66;0
505;fuel_silo;1836.40;15.40;1073.20;3.12;0
505;radar_station;1836.02;15.40;1072.28;4.48;0
505;rocket_site;1836.13;15.40;1071.30;4.57;0
505;nuclear_reactor;1836.69;15.40;1070.49;5.47;0
505;bunker;1837.58;15.40;1070.04;3.15;0
505;supply_node;1838.57;15.34;1070.08;3.34;0
506;arms_factory;1676.00;15.46;637.00;5.06;0
506;industrial_complex;1675.76;15.46;637.96;1.36;0
506;air_base;1675.08;15.46;638.68;0.42;0
506;anti_air_building;1674.14;15.46;638.99;2.83;0
506;synthetic_refinery;1673.17;15.46;638.82;5.03;0
506;fuel_silo;1672.40;15.46;638.20;2.33;0
506;radar_station;1672.02;15.46;637.28;2.09;0
506;rocket_site;1672.13;15.46;636.30;0.74;0
506;nuclear_reactor;1672.69;15.52;635.49;6.01;0
506;bunker;1673.58;15.46;635.04;2.01;0
506;supply_node;1674.57;15.46;635.08;1.05;0
507;arms_factory;1940.00;15.27;1089.00;1.43;0
507;industrial_complex;1939.76;15.34;1089.96;4.79;0
507;air_base;1939.08;15.34;1090.68;1.45;0
507;anti_air_building;1938.14;15.34;1090.99;3.28;0
507;synthetic_refinery;1937.17;15.34;1090.82;0.34;0
507;fuel_silo;1936.40;15.34;1090.20;0.96;0
507;radar_station;1936.02;15.34;1089.28;1.42;0
507;rocket_site;1936.13;15.34;1088.30;1.52;0
507;nuclear_reactor;1936.69;15.34;1087.49;1.90;0
507;bunker;1937.58;15.34;1087.04;3.38;0
507;supply_node;1938.57;15.34;1087.08;2.05;0
508;arms_factory;2027.00;15.34;571.00;6.07;0
508;industrial_complex;2026.76;15.34;571.96;1.03;0
508;air_base;2026.08;15.40;572.68;1.68;0
508;anti_air_building;2025.14;15.40;572.99;1.28;0
508;synthetic_refinery;2024.17;15.40;572.82;0.42;0
508;fuel_silo;2023.40;15.40;572.20;1.02;0
508;radar_station;2023.02;15.40;571.28;4.72;0
508;rocket_site;2023.13;15.40;570.30;3.93;0
508;nuclear_reactor;2023.69;15.40;569.49;2.74;0
508;bunker;2024.58;15.34;569.04;4.76;0
508;supply_node;2025.57;15.34;569.08;1.70;0
509;arms_factory;2087.00;15.46;937.00;2.33;0
509;industrial_complex;2086.76;15.46;937.96;4.54;0
509;air_base;2086.08;15.46;938.68;4.16;0
509;anti_air_building;2085.14;15.46;938.99;6.00;0
509;synthetic_refinery;2084.17;15.46;938.82;0.35;0
509;fuel_silo;2083.40;15.46;938.20;4.60;0
509;radar_station;2083.02;15.52;937.28;1.82;0
509;rocket_site;2083.13;15.46;936.30;4.84;0
509;nuclear_reactor;2083.69;15.46;935.49;3.17;0
509;bunker;2084.58;15.46;935.04;2.33;0
509;supply_node;2085.57;15.46;935.08;0.84;0
510;arms_factory;1802.00;18.80;736.00;3.13;0
510;industrial_complex;1801.76;18.98;736.96;0.55;0
510;air_base;1801.08;18.74;737.68;1.69;0
510;anti_air_building;1800.14;18.56;737.99;0.40;0
510;synthetic_refinery;1799.17;18.92;737.82;0.10;0
510;fuel_silo;1798.40;19.41;737.20;0.18;0
510;radar_station;1798.02;19.16;736.28;4.56;0
510;rocket_site;1798.13;19.35;735.30;1.03;0
510;nuclear_reactor;1798.69;19.41;734.49;4.54;0
510;bunker;1799.58;19.16;734.04;5.84;0
510;supply_node;1800.57;19.29;734.08;2.62;0
511;arms_factory;2047.00;16.06;790.00;3.66;0
511;industrial_complex;2046.76;15.94;790.96;1.20;0
511;air_base;2046.08;16.00;791.68;0.26;0
511;anti_air_building;2045.14;16.00;791.99;0.60;0
511;synthetic_refinery;2044.17;16.00;791.82;1.67;0
511;fuel_silo;2043.40;16.13;791.20;3.41;0
511;radar_station;2043.02;16.00;790.28;2.19;0
511;rocket_site;2043.13;15.94;789.30;6.02;0
511;nuclear_reactor;2043.69;16.00;788.49;2.61;0
511;bunker;2044.58;15.94;788.04;3.13;0
511;supply_node;2045.57;15.94;788.08;2.14;0
512;arms_factory;1193.00;15.58;605.00;1.05;0
512;industrial_complex;1192.76;15.64;605.96;1.62;0
512;air_base;1192.08;15.58;606.68;0.03;0
512;anti_air_building;1191.14;15.64;606.99;3.17;0
512;synthetic_refinery;1190.17;15.70;606.82;2.34;0
512;fuel_silo;1189.40;15.70;606.20;1.61;0
512;radar_station;1189.02;15.76;605.28;3.78;0
512;rocket_site;1189.13;15.88;604.30;3.71;0
512;nuclear_reactor;1189.69;15.88;603.49;1.71;0
512;bunker;1190.58;15.82;603.04;0.39;0
512;supply_node;1191.57;15.70;603.08;4.72;0
513;arms_factory;2323.00;15.27;790.00;0.09;0
513;industrial_complex;2322.76;15.27;790.96;0.89;0
513;air_base;2322.08;15.27;791.68;6.01;0
513;anti_air_building;2321.14;15.27;791.99;1.60;0
513;synthetic_refinery;2320.17;15.27;791.82;0.22;0
513;fuel_silo;2319.40;15.27;791.20;5.89;0
513;radar_station;2319.02;15.27;790.28;0.89;0
513;rocket_site;2319.13;15.27;789.30;5.85;0
513;nuclear_reactor;2319.69;15.27;788.49;1.06;0
513;bunker;2320.58;15.27;788.04;5.10;0
513;supply_node;2321.57;15.27;788.08;4.68;0
514;arms_factory;1355.00;15.27;1100.00;4.50;0
514;industrial_complex;1354.76;15.27;1100.96;4.95;0
514;air_base;1354.08;15.27;1101.68;1.98;0
514;anti_air_building;1353.14;15.27;1101.99;0.63;0
514;synthetic_refinery;1352.17;15.27;1101.82;2.65;0
514;fuel_silo;1351.40;15.27;1101.20;3.77;0
514;radar_station;1351.02;15.27;1100.28;5.20;0
514;rocket_site;1351.13;15.27;1099.30;4.21;0
514;nuclear_reactor;1351.69;15.27;1098.49;3.11;0
514;bunker;1352.58;15.27;1098.04;4.36;0
514;supply_node;1353.57;15.27;1098.08;3.10;0
515;arms_factory;1683.00;15.94;531.00;1.71;0
515;industrial_complex;1682.76;15.94;531.96;2.48;0
515;air_base;1682.08;15.88;532.68;1.81;0
515;anti_air_building;1681.14;15.88;532.99;2.50;0
515;synthetic_refinery;1680.17;15.94;532.82;2.74;0
515;fuel_silo;1679.40;15.82;532.20;1.03;0
515;radar_station;1679.02;15.82;531.28;3.34;0
515;rocket_site;1679.13;15.82;530.30;1.86;0
515;nuclear_reactor;1679.69;15.88;529.49;4.19;0
515;bunker;1680.58;15.88;529.04;6.20;0
515;supply_node;1681.57;15.94;529.08;1.54;0
516;arms_factory;1508.00;15.70;923.00;4.06;0
516;industrial_complex;1507.76;15.76;923.96;4.08;0
516;air_base;1507.08;15.76;924.68;4.13;0
516;anti_air_building;1506.14;15.76;924.99;3.06;0
516;synthetic_refinery;1505.17;15.76;924.82;4.84;0
516;fuel_silo;1504.40;15.70;924.20;5.19;0
516;radar_station;1504.02;15.76;923.28;2.45;0
516;rocket_site;1504.13;15.70;922.30;4.28;0
516;nuclear_reactor;1504.69;15.70;921.49;4.74;0
516;bunker;1505.58;15.70;921.04;1.97;0
516;supply_node;1506.57;15.70;921.08;5.77;0
517;arms_factory;1860.00;15.27;407.00;5.84;0
517;industrial_complex;1859.76;15.27;407.96;1.21;0
517;air_base;1859.08;15.27;408.68;4.45;0
517;anti_air_building;1858.14;15.27;408.99;1.92;0
517;synthetic_refinery;1857.17;15.27;408.82;3.14;0
517;fuel_silo;1856.40;15.27;408.20;1.92;0
517;radar_station;1856.02;15.27;407.28;0.43;0
517;rocket_site;1856.13;15.27;406.30;3.39;0
517;nuclear_reactor;1856.69;15.27;405.49;3.19;0
517;bunker;1857.58;15.27;405.04;5.18;0
517;supply_node;1858.57;15.27;405.08;4.70;0
518;arms_factory;2099.00;16.79;682.00;0.76;0
518;industrial_complex;2098.76;16.73;682.96;6.23;0
518;air_base;2098.08;16.92;683.68;4.17;0
518;anti_air_building;2097.14;16.67;683.99;6.07;0
518;synthetic_refinery;2096.17;16.55;683.82;1.62;0
518;fuel_silo;2095.40;16.43;683.20;0.64;0
518;radar_station;2095.02;16.43;682.28;4.14;0
518;rocket_site;2095.13;16.43;681.30;0.13;0
518;nuclear_reactor;2095.69;16.49;680.49;5.78;0
518;bunker;2096.58;16.61;680.04;2.63;0
518;supply_node;2097.57;16.67;680.08;5.47;0
519;arms_factory;2092.00;16.31;861.00;3.73;0
519;industrial_complex;2091.76;16.25;861.96;0.88;0
519;air_base;2091.08;16.19;862.68;1.27;0
519;anti_air_building;2090.14;16.19;862.99;1.48;0
519;synthetic_refinery;2089.17;16.13;862.82;5.19;0
519;fuel_silo;2088.40;16.00;862.20;5.12;0
519;radar_station;2088.02;16.06;861.28;2.50;0
519;rocket_site;2088.13;15.94;860.30;0.49;0
519;nuclear_reactor;2088.69;15.94;859.49;4.13;0
519;bunker;2089.58;16.00;859.04;4.50;0
519;supply_node;2090.57;16.13;859.08;0.18;0
520;arms_factory;1962.00;15.27;480.00;1.60;0
520;industrial_complex;1961.76;15.27;480.96;2.34;0
520;air_base;1961.08;15.27;481.68;6.03;0
520;anti_air_building;1960.14;15.27;481.99;0.12;0
520;synthetic_refinery;1959.17;15.27;481.82;1.57;0
520;fuel_silo;1958.40;15.27;481.20;1.90;0
520;radar_station;1958.02;15.27;480.28;1.10;0
520;rocket_site;1958.13;15.27;479.30;4.53;0
520;nuclear_reactor;1958.69;15.34;478.49;3.50;0
520;bunker;1959.58;15.34;478.04;2.41;0
520;supply_node;1960.57;15.34;478.08;4.60;0
521;arms_factory;2069.00;15.34;483.00;6.14;0
521;industrial_complex;2068.76;15.34;483.96;0.15;0
521;air_base;2068.08;15.34;484.68;4.32;0
521;anti_air_building;2067.14;15.34;484.99;4.77;0
521;synthetic_refinery;2066.17;15.40;484.82;1.59;0
521;fuel_silo;2065.40;15.40;484.20;5.96;0
521;radar_station;2065.02;15.40;483.28;3.31;0
521;rocket_site;2065.13;15.34;482.30;1.61;0
521;nuclear_reactor;2065.69;15.34;481.49;3.96;0
521;bunker;2066.58;15.34;481.04;3.22;0
521;supply_node;2067.57;15.27;481.08;6.20;0
522;arms_factory;1346.00;15.46;871.00;4.95;0
522;industrial_complex;1345.76;15.52;871.96;5.98;0
522;air_base;1345.08;15.52;872.68;4.89;0
522;anti_air_building;1344.14;15.46;872.99;1.63;0
522;synthetic_refinery;1343.17;15.46;872.82;0.02;0
522;fuel_silo;1342.40;15.46;872.20;1.72;0
522;radar_station;1342.02;15.46;871.28;0.83;0
522;rocket_site;1342.13;15.52;870.30;2.63;0
522;nuclear_reactor;1342.69;15.46;869.49;4.10;0
522;bunker;1343.58;15.46;869.04;4.32;0
522;supply_node;1344.57;15.52;869.08;3.91;0
523;arms_factory;1754.00;18.01;717.00;5.11;0
523;industrial_complex;1753.76;18.13;717.96;4.83;0
523;air_base;1753.08;17.95;718.68;3.29;0
523;anti_air_building;1752.14;18.07;718.99;6.01;0
523;synthetic_refinery;1751.17;18.37;718.82;1.00;0
523;fuel_silo;1750.40;18.62;718.20;2.52;0
523;radar_station;1750.02;18.56;717.28;1.32;0
523;rocket_site;1750.13;18.62;716.30;2.33;0
523;nuclear_reactor;1750.69;18.19;715.49;1.23;0
523;bunker;1751.58;18.62;715.04;1.71;0
523;supply_node;1752.57;18.98;715.08;0.98;0
524;arms_factory;1685.00;16.06;546.00;6.28;0
524;industrial_complex;1684.76;16.00;546.96;3.18;0
524;air_base;1684.08;16.06;547.68;1.07;0
524;anti_air_building;1683.14;16.06;547.99;3.95;0
524;synthetic_refinery;1682.17;16.06;547.82;5.32;0
524;fuel_silo;1681.40;16.06;547.20;2.04;0
524;radar_station;1681.02;16.06;546.28;0.04;0
524;rocket_site;1681.13;16.06;545.30;5.48;0
524;nuclear_reactor;1681.69;16.06;544.49;5.86;0
524;bunker;1682.58;16.06;544.04;2.94;0
524;supply_node;1683.57;16.06;544.08;3.14;0
525;arms_factory;1933.00;15.40;311.00;0.11;0
525;industrial_complex;1932.76;15.40;311.96;4.29;0
525;air_base;1932.08;15.34;312.68;2.70;0
525;anti_air_building;1931.14;15.40;312.99;1.35;0
525;synthetic_refinery;1930.17;15.40;312.82;1.58;0
525;fuel_silo;1929.40;15.40;312.20;1.08;0
525;radar_station;1929.02;15.40;311.28;3.78;0
525;rocket_site;1929.13;15.40;310.30;5.59;0
525;nuclear_reactor;1929.69;15.40;309.49;1.53;0
525;bunker;1930.58;15.40;309.04;0.24;0
525;supply_node;1931.57;15.40;309.08;4.28;0
526;arms_factory;2025.00;16.06;795.00;1.77;0
526;industrial_complex;2024.76;16.13;795.96;0.78;0
526;air_base;2024.08;16.13;796.68;1.31;0
526;anti_air_building;2023.14;16.13;796.99;3.72;0
526;synthetic_refinery;2022.17;16.13;796.82;2.90;0
526;fuel_silo;2021.40;16.00;796.20;2.05;0
526;radar_station;2021.02;16.13;795.28;1.35;0
526;rocket_site;2021.13;16.06;794.30;1.22;0
526;nuclear_reactor;2021.69;15.94;793.49;3.54;0
526;bunker;2022.58;15.94;793.04;4.51;0
526;supply_node;2023.57;15.94;793.08;3.27;0
527;arms_factory;2143.00;15.27;1104.00;5.24;0
527;industrial_complex;2142.76;15.27;1104.96;5.21;0
527;air_base;2142.08;15.27;1105.68;1.52;0
527;anti_air_building;2141.14;15.27;1105.99;4.11;0
527;synthetic_refinery;2140.17;15.27;1105.82;3.54;0
527;fuel_silo;2139.40;15.27;1105.20;3.25;0
527;radar_station;2139.02;15.27;1104.28;5.07;0
527;rocket_site;2139.13;15.27;1103.30;1.90;0
527;nuclear_reactor;2139.69;15.27;1102.49;4.20;0
527;bunker;2140.58;15.27;1102.04;5.94;0
527;supply_node;2141.57;15.27;1102.08;2.82;0
528;arms_factory;1794.00;15.27;422.00;1.58;0
528;industrial_complex;1793.76;15.27;422.96;1.15;0
528;air_base;1793.08;15.27;423.68;4.07;0
528;anti_air_building;1792.14;15.34;423.99;1.85;0
528;synthetic_refinery;1791.17;15.34;423.82;5.85;0
528;fuel_silo;1790.40;15.34;423.20;4.64;0
528;radar_station;1790.02;15.27;422.28;0.33;0
528;rocket_site;1790.13;15.27;421.30;5.31;0
528;nuclear_reactor;1790.69;15.27;420.49;1.18;0
528;bunker;1791.58;15.27;420.04;5.85;0
528;supply_node;1792.57;15.27;420.08;6.22;0
529;arms_factory;2164.00;15.46;528.00;2.61;0
529;industrial_complex;2163.76;15.46;528.96;3.83;0
529;air_base;2163.08;15.46;529.68;2.48;0
529;anti_air_building;2162.14;15.40;529.99;0.70;0
529;synthetic_refinery;2161.17;15.40;529.82;4.31;0
529;fuel_silo;2160.40;15.40;529.20;4.49;0
529;radar_station;2160.02;15.40;528.28;6.16;0
529;rocket_site;2160.13;15.40;527.30;1.63;0
529;nuclear_reactor;2160.69;15.40;526.49;3.35;0
529;bunker;2161.58;15.40;526.04;0.41;0
529;supply_node;2162.57;15.40;526.08;3.78;0
530;arms_factory;1762.00;18.74;923.00;6.00;0
530;industrial_complex;1761.76;18.62;923.96;5.91;0
530;air_base;1761.08;18.56;924.68;4.95;0
530;anti_air_building;1760.14;18.44;924.99;1.52;0
530;synthetic_refinery;1759.17;18.37;924.82;6.27;0
530;fuel_silo;1758.40;18.56;924.20;1.28;0
530;radar_station;1758.02;18.68;923.28;4.38;0
530;rocket_site;1758.13;18.68;922.30;2.70;0
530;nuclear_reactor;1758.69;18.92;921.49;2.11;0
530;bunker;1759.58;18.98;921.04;4.20;0
530;supply_node;1760.57;18.86;921.08;2.30;0
531;arms_factory;1619.00;16.19;698.00;4.87;0
531;industrial_complex;1618.76;16.19;698.96;2.52;0
531;air_base;1618.08;16.25;699.68;3.64;0
531;anti_air_building;1617.14;16.19;699.99;2.89;0
531;synthetic_refinery;1616.17;16.13;699.82;1.51;0
531;fuel_silo;1615.40;16.13;699.20;2.53;0
531;radar_station;1615.02;16.13;698.28;3.10;0
531;rocket_site;1615.13;16.19;697.30;0.70;0
531;nuclear_reactor;1615.69;16.25;696.49;4.30;0
531;bunker;1616.58;16.19;696.04;0.70;0
531;supply_node;1617.57;16.19;696.08;3.89;0
532;arms_factory;1762.00;15.46;622.00;5.25;0
532;industrial_complex;1761.76;15.46;622.96;2.37;0
532;air_base;1761.08;15.46;623.68;1.17;0
532;anti_air_building;1760.14;15.46;623.99;2.06;0
532;synthetic_refinery;1759.17;15.46;623.82;1.06;0
532;fuel_silo;1758.40;15.46;623.20;0.95;0
532;radar_station;1758.02;15.40;622.28;6.20;0
532;rocket_site;1758.13;15.40;621.30;2.64;0
532;nuclear_reactor;1758.69;15.40;620.49;1.12;0
532;bunker;1759.58;15.40;620.04;0.22;0
532;supply_node;1760.57;15.40;620.08;6.24;0
533;arms_factory;2344.00;15.27;772.00;4.58;0
533;industrial_complex;2343.76;15.27;772.96;4.42;0
533;air_base;2343.08;15.27;773.68;0.96;0
533;anti_air_building;2342.14;15.27;773.99;1.83;0
533;synthetic_refinery;2341.17;15.27;773.82;1.51;0
533;fuel_silo;2340.40;15.27;773.20;0.29;0
533;radar_station;2340.02;15.27;772.28;1.70;0
533;rocket_site;2340.13;15.27;771.30;4.92;0
533;nuclear_reactor;2340.69;15.27;770.49;1.31;0
533;bunker;2341.58;15.27;770.04;4.84;0
533;supply_node;2342.57;15.27;770.08;0.03;0
534;arms_factory;1985.00;15.58;522.00;1.29;0
534;industrial_complex;1984.76;15.58;522.96;2.66;0
534;air_base;1984.08;15.58;523.68;1.88;0
534;anti_air_building;1983.14;15.58;523.99;2.62;0
534;synthetic_refinery;1982.17;15.58;523.82;1.64;0
534;fuel_silo;1981.40;15.58;523.20;2.93;0
534;radar_station;1981.02;15.58;522.28;3.07;0
534;rocket_site;1981.13;15.58;521.30;1.76;0
534;nuclear_reactor;1981.69;15.58;520.49;3.69;0
534;bunker;1982.58;15.58;520.04;4.91;0
534;supply_node;1983.57;15.52;520.08;1.25;0
535;arms_factory;1781.00;15.34;470.00;2.85;0
535;industrial_complex;1780.76;15.34;470.96;5.63;0
535;air_base;1780.08;15.34;471.68;1.39;0
535;anti_air_building;1779.14;15.34;471.99;4.32;0
535;synthetic_refinery;1778.17;15.34;471.82;1.72;0
535;fuel_silo;1777.40;15.40;471.20;0.74;0
535;radar_station;1777.02;15.34;470.28;3.93;0
535;rocket_site;1777.13;15.34;469.30;3.89;0
535;nuclear_reactor;1777.69;15.34;468.49;0.54;0
535;bunker;1778.58;15.34;468.04;5.31;0
535;supply_node;1779.57;15.34;468.08;4.96;0
536;arms_factory;2228.00;15.40;1172.00;4.68;0
536;industrial_complex;2227.76;15.40;1172.96;4.38;0
536;air_base;2227.08;15.40;1173.68;3.43;0
536;anti_air_building;2226.14;15.40;1173.99;1.50;0
536;synthetic_refinery;2225.17;15.40;1173.82;0.97;0
536;fuel_silo;2224.40;15.40;1173.20;1.35;0
536;radar_station;2224.02;15.46;1172.28;3.27;0
536;rocket_site;2224.13;15.46;1171.30;4.41;0
536;nuclear_reactor;2224.69;15.46;1170.49;0.02;0
536;bunker;2225.58;15.46;1170.04;0.04;0
536;supply_node;2226.57;15.46;1170.08;5.44;0
537;arms_factory;1355.00;15.34;906.00;3.27;0
537;industrial_complex;1354.76;15.34;906.96;4.24;0
537;air_base;1354.08;15.34;907.68;5.85;0
537;anti_air_building;1353.14;15.34;907.99;5.69;0
537;synthetic_refinery;1352.17;15.34;907.82;1.21;0
537;fuel_silo;1351.40;15.34;907.20;3.11;0
537;radar_station;1351.02;15.34;906.28;4.44;0
537;rocket_site;1351.13;15.34;905.30;3.04;0
537;nuclear_reactor;1351.69;15.34;904.49;5.81;0
537;bunker;1352.58;15.34;904.04;1.34;0
537;supply_node;1353.57;15.34;904.08;3.12;0
538;arms_factory;1990.00;15.34;287.00;3.00;0
538;industrial_complex;1989.76;15.34;287.96;0.07;0
538;air_base;1989.08;15.34;288.68;4.97;0
538;anti_air_building;1988.14;15.34;288.99;4.42;0
538;synthetic_refinery;1987.17;15.40;288.82;5.08;0
538;fuel_silo;1986.40;15.40;288.20;5.33;0
538;radar_station;1986.02;15.40;287.28;3.99;0
538;rocket_site;1986.13;15.40;286.30;5.56;0
538;nuclear_reactor;1986.69;15.40;285.49;5.47;0
538;bunker;1987.58;15.40;285.04;0.31;0
538;supply_node;1988.57;15.40;285.08;3.28;0
539;arms_factory;1763.00;15.40;656.00;5.17;0
539;industrial_complex;1762.76;15.40;656.96;3.66;0
539;air_base;1762.08;15.40;657.68;1.87;0
539;anti_air_building;1761.14;15.40;657.99;1.50;0
539;synthetic_refinery;1760.17;15.40;657.82;6.24;0
539;fuel_silo;1759.40;15.46;657.20;4.01;0
539;radar_station;1759.02;15.46;656.28;3.44;0
539;rocket_site;1759.13;15.46;655.30;4.12;0
539;nuclear_reactor;1759.69;15.46;654.49;0.52;0
539;bunker;1760.58;15.46;654.04;0.68;0
539;supply_node;1761.57;15.46;654.08;5.07;0
540;arms_factory;1777.00;16.13;700.00;4.27;0
540;industrial_complex;1776.76;16.13;700.96;2.55;0
540;air_base;1776.08;16.43;701.68;5.48;0
540;anti_air_building;1775.14;16.37;701.99;2.63;0
540;synthetic_refinery;1774.17;16.06;701.82;2.18;0
540;fuel_silo;1773.40;15.94;701.20;2.03;0
540;radar_station;1773.02;15.82;700.28;0.26;0
540;rocket_site;1773.13;15.76;699.30;0.34;0
540;nuclear_reactor;1773.69;15.64;698.49;3.73;0
540;bunker;1774.58;15.70;698.04;6.24;0
540;supply_node;1775.57;15.82;698.08;4.59;0
541;arms_factory;1984.00;15.76;835.00;0.21;0
541;industrial_complex;1983.76;15.76;835.96;4.76;0
541;air_base;1983.08;15.82;836.68;0.50;0
541;anti_air_building;1982.14;15.76;836.99;0.88;0
541;synthetic_refinery;1981.17;15.70;836.82;5.06;0
541;fuel_silo;1980.40;15.70;836.20;5.52;0
541;radar_station;1980.02;15.70;835.28;5.76;0
541;rocket_site;1980.13;15.64;834.30;5.61;0
541;nuclear_reactor;1980.69;15.70;833.49;5.66;0
541;bunker;1981.58;15.64;833.04;4.47;0
541;supply_node;1982.57;15.64;833.08;5.18;0
542;arms_factory;1529.00;15.64;994.00;0.15;0
542;industrial_complex;1528.76;15.64;994.96;2.53;0
542;air_base;1528.08;15.64;995.68;3.12;0
542;anti_air_building;1527.14;15.64;995.99;5.26;0
542;synthetic_refinery;1526.17;15.58;995.82;2.62;0
542;fuel_silo;1525.40;15.58;995.20;5.00;0
542;radar_station;1525.02;15.58;994.28;1.91;0
542;rocket_site;1525.13;15.58;993.30;3.19;0
542;nuclear_reactor;1525.69;15.58;992.49;5.93;0
542;bunker;1526.58;15.58;992.04;3.95;0
542;supply_node;1527.57;15.58;992.08;1.37;0
543;arms_factory;1479.00;15.27;1008.00;5.73;0
543;industrial_complex;1478.76;15.27;1008.96;1.78;0
543;air_base;1478.08;15.27;1009.68;0.30;0
543;anti_air_building;1477.14;15.27;1009.99;5.26;0
543;synthetic_refinery;1476.17;15.27;1009.82;3.48;0
543;fuel_silo;1475.40;15.27;1009.20;4.78;0
543;radar_station;1475.02;15.27;1008.28;2.39;0
543;rocket_site;1475.13;15.27;1007.30;1.61;0
543;nuclear_reactor;1475.69;15.27;1006.49;1.85;0
543;bunker;1476.58;15.27;1006.04;2.38;0
543;supply_node;1477.57;15.27;1006.08;2.99;0
544;arms_factory;1714.00;16.13;696.00;0.42;0
544;industrial_complex;1713.76;16.25;696.96;1.79;0
544;air_base;1713.08;16.31;697.68;3.47;0
544;anti_air_building;1712.14;16.43;697.99;4.96;0
544;synthetic_refinery;1711.17;16.49;697.82;5.96;0
544;fuel_silo;1710.40;16.49;697.20;3.66;0
544;radar_station;1710.02;16.49;696.28;5.46;0
544;rocket_site;1710.13;16.43;695.30;1.94;0
544;nuclear_reactor;1710.69;16.43;694.49;4.47;0
544;bunker;1711.58;16.31;694.04;4.31;0
544;supply_node;1712.57;16.31;694.08;2.30;0
545;arms_factory;1604.00;15.34;612.00;4.66;0
545;industrial_complex;1603.76;15.34;612.96;4.78;0
545;air_base;1603.08;15.40;613.68;2.34;0
545;anti_air_building;1602.14;15.40;613.99;5.40;0
545;synthetic_refinery;1601.17;15.40;613.82;1.03;0
545;fuel_silo;1600.40;15.34;613.20;4.20;0
545;radar_station;1600.02;15.34;612.28;1.76;0
545;rocket_site;1600.13;15.34;611.30;5.09;0
545;nuclear_reactor;1600.69;15.27;610.49;5.24;0
545;bunker;1601.58;15.34;610.04;5.92;0
545;supply_node;1602.57;15.27;610.08;2.37;0
546;arms_factory;1357.00;15.58;1011.00;6.09;0
546;industrial_complex;1356.76;15.58;1011.96;2.51;0
546;air_base;1356.08;15.58;1012.68;5.23;0
546;anti_air_building;1355.14;15.58;1012.99;4.08;0
546;synthetic_refinery;1354.17;15.52;1012.82;1.23;0
546;fuel_silo;1353.40;15.52;1012.20;4.63;0
546;radar_station;1353.02;15.52;1011.28;5.15;0
546;rocket_site;1353.13;15.52;1010.30;5.56;0
546;nuclear_reactor;1353.69;15.52;1009.49;1.91;0
546;bunker;1354.58;15.52;1009.04;3.12;0
546;supply_node;1355.57;15.58;1009.08;3.31;0
547;arms_factory;1585.00;15.88;1219.00;2.25;0
547;industrial_complex;1584.76;15.94;1219.96;1.48;0
547;air_base;1584.08;15.94;1220.68;0.26;0
547;anti_air_building;1583.14;16.06;1220.99;5.83;0
547;synthetic_refinery;1582.17;16.13;1220.82;3.51;0
547;fuel_silo;1581.40;16.19;1220.20;5.51;0
547;radar_station;1581.02;16.25;1219.28;2.94;0
547;rocket_site;1581.13;16.37;1218.30;4.56;0
547;nuclear_reactor;1581.69;16.43;1217.49;1.74;0
547;bunker;1582.58;16.25;1217.04;3.98;0
547;supply_node;1583.57;16.25;1217.08;4.29;0
548;arms_factory;2151.00;16.13;441.00;0.13;0
548;industrial_complex;2150.76;16.06;441.96;4.03;0
548;air_base;2150.08;16.06;442.68;0.92;0
548;anti_air_building;2149.14;15.94;442.99;5.30;0
548;synthetic_refinery;2148.17;15.94;442.82;5.66;0
548;fuel_silo;2147.40;15.88;442.20;1.96;0
548;radar_station;2147.02;15.88;441.28;6.06;0
548;rocket_site;2147.13;15.88;440.30;3.62;0
548;nuclear_reactor;2147.69;15.94;439.49;2.46;0
548;bunker;2148.58;15.94;439.04;5.27;0
548;supply_node;2149.57;16.00;439.08;1.23;0
549;arms_factory;1286.00;15.27;894.00;4.15;0
549;industrial_complex;1285.76;15.27;894.96;0.96;0
549;air_base;1285.08;15.27;895.68;4.00;0
549;anti_air_building;1284.14;15.27;895.99;5.28;0
549;synthetic_refinery;1283.17;15.27;895.82;5.51;0
549;fuel_silo;1282.40;15.27;895.20;5.92;0
549;radar_station;1282.02;15.27;894.28;0.49;0
549;rocket_site;1282.13;15.27;893.30;1.69;0
549;nuclear_reactor;1282.69;15.27;892.49;5.90;0
549;bunker;1283.58;15.27;892.04;3.46;0
549;supply_node;1284.57;15.27;892.08;2.59;0
550;arms_factory;2052.00;15.46;559.00;4.53;0
550;industrial_complex;2051.76;15.46;559.96;5.29;0
550;air_base;2051.08;15.46;560.68;4.70;0
550;anti_air_building;2050.14;15.46;560.99;1.96;0
550;synthetic_refinery;2049.17;15.46;560.82;0.33;0
550;fuel_silo;2048.40;15.46;560.20;5.80;0
550;radar_station;2048.02;15.46;559.28;5.81;0
550;rocket_site;2048.13;15.46;558.30;2.43;0
550;nuclear_reactor;2048.69;15.46;557.49;3.77;0
550;bunker;2049.58;15.46;557.04;2.47;0
550;supply_node;2050.57;15.46;557.08;3.99;0
551;arms_factory;1908.00;17.71;666.00;1.82;0
551;industrial_complex;1907.76;17.83;666.96;3.94;0
551;air_base;1907.08;17.65;667.68;2.07;0
551;anti_air_building;1906.14;17.65;667.99;1.87;0
551;synthetic_refinery;1905.17;17.58;667.82;5.35;0
551;fuel_silo;1904.40;17.58;667.20;3.67;0
551;radar_station;1904.02;17.83;666.28;5.80;0
551;rocket_site;1904.13;18.13;665.30;3.62;0
551;nuclear_reactor;1904.69;18.25;664.49;4.96;0
551;bunker;1905.58;17.95;664.04;5.49;0
551;supply_node;1906.57;18.07;664.08;3.22;0
552;arms_factory;1735.00;15.52;665.00;2.33;0
552;industrial_complex;1734.76;15.52;665.96;2.32;0
552;air_base;1734.08;15.52;666.68;4.77;0
552;anti_air_building;1733.14;15.52;666.99;2.44;0
552;synthetic_refinery;1732.17;15.52;666.82;4.79;0
552;fuel_silo;1731.40;15.52;666.20;2.41;0
552;radar_station;1731.02;15.52;665.28;4.12;0
552;rocket_site;1731.13;15.52;664.30;4.77;0
552;nuclear_reactor;1731.69;15.46;663.49;2.30;0
552;bunker;1732.58;15.46;663.04;3.10;0
552;supply_node;1733.57;15.46;663.08;4.52;0
553;arms_factory;1852.00;15.27;249.00;3.76;0
553;industrial_complex;1851.76;15.27;249.96;1.51;0
553;air_base;1851.08;15.27;250.68;2.04;0
553;anti_air_building;1850.14;15.27;250.99;3.42;0
553;synthetic_refinery;1849.17;15.27;250.82;2.06;0
553;fuel_silo;1848.40;15.27;250.20;0.64;0
553;radar_station;1848.02;15.27;249.28;2.21;0
553;rocket_site;1848.13;15.27;248.30;2.60;0
553;nuclear_reactor;1848.69;15.27;247.49;0.32;0
553;bunker;1849.58;15.27;247.04;1.87;0
553;supply_node;1850.57;15.27;247.08;1.70;0
554;arms_factory;1255.00;16.55;841.00;0.61;0
554;industrial_complex;1254.76;16.67;841.96;2.77;0
554;air_base;1254.08;16.55;842.68;0.31;0
554;anti_air_building;1253.14;16.79;842.99;4.32;0
554;synthetic_refinery;1252.17;16.98;842.82;3.64;0
554;fuel_silo;1251.40;17.04;842.20;5.02;0
554;radar_station;1251.02;17.22;841.28;0.66;0
554;rocket_site;1251.13;17.52;840.30;1.68;0
554;nuclear_reactor;1251.69;17.71;839.49;5.52;0
554;bunker;1252.58;17.52;839.04;4.25;0
554;supply_node;1253.57;17.28;839.08;3.84;0
555;arms_factory;1926.00;15.46;1175.00;1.12;0
555;industrial_complex;1925.76;15.46;1175.96;3.23;0
555;air_base;1925.08;15.46;1176.68;3.60;0
555;anti_air_building;1924.14;15.46;1176.99;4.05;0
555;synthetic_refinery;1923.17;15.46;1176.82;2.32;0
555;fuel_silo;1922.40;15.40;1176.20;6.24;0
555;radar_station;1922.02;15.40;1175.28;2.41;0
555;rocket_site;1922.13;15.46;1174.30;3.44;0
555;nuclear_reactor;1922.69;15.46;1173.49;5.46;0
555;bunker;1923.58;15.40;1173.04;0.19;0
555;supply_node;1924.57;15.46;1173.08;5.69;0
556;arms_factory;2.00;14.36;0.00;5.02;0
556;industrial_complex;1.76;14.30;0.96;3.65;0
556;air_base;1.08;14.30;1.68;1.19;0
556;anti_air_building;0.14;14.30;1.99;1.61;0
556;synthetic_refinery;-0.83;14.30;1.82;2.60;0
556;fuel_silo;-1.60;14.30;1.20;0.39;0
556;radar_station;-1.98;14.30;0.28;5.03;0
556;rocket_site;-1.87;14.30;-0.70;0.57;0
556;nuclear_reactor;-1.31;14.30;-1.51;0.66;0
556;bunker;-0.42;14.30;-1.96;1.91;0
556;supply_node;0.57;14.30;-1.92;3.61;0
557;arms_factory;1507.00;15.52;831.00;6.06;0
557;industrial_complex;1506.76;15.52;831.96;3.76;0
557;air_base;1506.08;15.52;832.68;3.59;0
557;anti_air_building;1505.14;15.52;832.99;0.83;0
557;synthetic_refinery;1504.17;15.52;832.82;3.53;0
557;fuel_silo;1503.40;15.52;832.20;2.78;0
557;radar_station;1503.02;15.52;831.28;6.13;0
557;rocket_site;1503.13;15.46;830.30;5.01;0
557;nuclear_reactor;1503.69;15.46;829.49;4.10;0
557;bunker;1504.58;15.46;829.04;4.53;0
557;supply_node;1505.57;15.52;829.08;0.04;0
558;arms_factory;2134.00;15.94;648.00;6.15;0
558;industrial_complex;2133.76;15.94;648.96;5.68;0
558;air_base;2133.08;16.00;649.68;4.55;0
558;anti_air_building;2132.14;16.00;649.99;0.06;0
558;synthetic_refinery;2131.17;16.06;649.82;4.59;0
558;fuel_silo;2130.40;16.13;649.20;4.84;0
558;radar_station;2130.02;16.06;648.28;2.96;0
558;rocket_site;2130.13;16.06;647.30;0.66;0
558;nuclear_reactor;2130.69;15.94;646.49;3.36;0
558;bunker;2131.58;15.94;646.04;2.47;0
558;supply_node;2132.57;15.88;646.08;2.08;0
559;arms_factory;1273.00;15.34;1068.00;4.65;0
559;industrial_complex;1272.76;15.34;1068.96;3.10;0
559;air_base;1272.08;15.34;1069.68;2.42;0
559;anti_air_building;1271.14;15.27;1069.99;2.81;0
559;synthetic_refinery;1270.17;15.27;1069.82;1.08;0
559;fuel_silo;1269.40;15.27;1069.20;3.85;0
559;radar_station;1269.02;15.27;1068.28;4.04;0
559;rocket_site;1269.13;15.27;1067.30;0.05;0
559;nuclear_reactor;1269.69;15.27;1066.49;4.81;0
559;bunker;1270.58;15.27;1066.04;5.74;0
559;supply_node;1271.57;15.34;1066.08;5.25;0
560;arms_factory;1772.00;15.27;441.00;5.89;0
560;industrial_complex;1771.76;15.27;441.96;2.64;0
560;air_base;1771.08;15.27;442.68;5.74;0
560;anti_air_building;1770.14;15.27;442.99;3.87;0
560;synthetic_refinery;1769.17;15.27;442.82;6.28;0
560;fuel_silo;1768.40;15.27;442.20;2.45;0
560;radar_station;1768.02;15.27;441.28;4.85;0
560;rocket_site;1768.13;15.27;440.30;1.24;0
560;nuclear_reactor;1768.69;15.27;439.49;4.13;0
560;bunker;1769.58;15.27;439.04;6.23;0
560;supply_node;1770.57;15.27;439.08;2.70;0
561;arms_factory;1550.00;15.52;795.00;0.84;0
561;industrial_complex;1549.76;15.52;795.96;1.79;0
561;air_base;1549.08;15.52;796.68;5.49;0
561;anti_air_building;1548.14;15.46;796.99;4.16;0
561;synthetic_refinery;1547.17;15.46;796.82;1.64;0
561;fuel_silo;1546.40;15.46;796.20;0.77;0
561;radar_station;1546.02;15.46;795.28;4.30;0
561;rocket_site;1546.13;15.46;794.30;3.38;0
561;nuclear_reactor;1546.69;15.52;793.49;6.12;0
561;bunker;1547.58;15.52;793.04;5.76;0
561;supply_node;1548.57;15.52;793.08;3.93;0
562;arms_factory;1696.00;19.83;757.00;5.16;0
562;industrial_complex;1695.76;19.83;757.96;3.25;0
562;air_base;1695.08;19.71;758.68;3.10;0
562;anti_air_building;1694.14;19.83;758.99;0.85;0
562;synthetic_refinery;1693.17;19.71;758.82;0.35;0
562;fuel_silo;1692.40;19.83;758.20;3.86;0
562;radar_station;1692.02;19.83;757.28;5.00;0
562;rocket_site;1692.13;19.83;756.30;1.74;0
562;nuclear_reactor;1692.69;19.95;755.49;6.00;0
562;bunker;1693.58;20.08;755.04;4.00;0
562;supply_node;1694.57;19.65;755.08;2.34;0
563;arms_factory;1913.00;15.46;1095.00;2.12;0
563;industrial_complex;1912.76;15.40;1095.96;5.93;0
563;air_base;1912.08;15.40;1096.68;1.05;0
563;anti_air_building;1911.14;15.40;1096.99;3.83;0
563;synthetic_refinery;1910.17;15.40;1096.82;4.56;0
563;fuel_silo;1909.40;15.40;1096.20;3.97;0
563;radar_station;1909.02;15.34;1095.28;2.45;0
563;rocket_site;1909.13;15.34;1094.30;5.43;0
563;nuclear_reactor;1909.69;15.40;1093.49;3.50;0
563;bunker;1910.58;15.40;1093.04;4.37;0
563;supply_node;1911.57;15.40;1093.08;6.04;0
564;arms_factory;1484.00;16.13;897.00;2.72;0
564;industrial_complex;1483.76;16.13;897.96;0.77;0
564;air_base;1483.08;16.13;898.68;4.69;0
564;anti_air_building;1482.14;16.13;898.99;1.93;0
564;synthetic_refinery;1481.17;16.19;898.82;3.87;0
564;fuel_silo;1480.40;16.25;898.20;1.07;0
564;radar_station;1480.02;16.13;897.28;1.94;0
564;rocket_site;1480.13;16.19;896.30;1.96;0
564;nuclear_reactor;1480.69;16.13;895.49;2.52;0
564;bunker;1481.58;16.06;895.04;3.65;0
564;supply_node;1482.57;16.06;895.08;5.38;0
565;arms_factory;1921.00;17.16;908.00;0.91;0
565;industrial_complex;1920.76;17.28;908.96;1.51;0
565;air_base;1920.08;17.34;909.68;0.65;0
565;anti_air_building;1919.14;17.34;909.99;2.26;0
565;synthetic_refinery;1918.17;17.89;909.82;3.54;0
565;fuel_silo;1917.40;17.71;909.20;2.80;0
565;radar_station;1917.02;17.40;908.28;3.98;0
565;rocket_site;1917.13;17.34;907.30;2.94;0
565;nuclear_reactor;1917.69;17.10;906.49;5.28;0
565;bunker;1918.58;17.34;906.04;1.55;0
565;supply_node;1919.57;17.34;906.08;2.16;0
566;arms_factory;1186.00;15.34;762.00;0.06;0
566;industrial_complex;1185.76;15.34;762.96;3.65;0
566;air_base;1185.08;15.34;763.68;0.64;0
566;anti_air_building;1184.14;15.34;763.99;2.35;0
566;synthetic_refinery;1183.17;15.34;763.82;2.48;0
566;fuel_silo;1182.40;15.34;763.20;1.70;0
566;radar_station;1182.02;15.34;762.28;1.69;0
566;rocket_site;1182.13;15.34;761.30;1.21;0
566;nuclear_reactor;1182.69;15.34;760.49;5.26;0
566;bunker;1183.58;15.34;760.04;2.89;0
566;supply_node;1184.57;15.34;760.08;5.33;0
567;arms_factory;1842.00;15.27;182.00;5.01;0
567;industrial_complex;1841.76;15.27;182.96;5.19;0
567;air_base;1841.08;15.27;183.68;0.73;0
567;anti_air_building;1840.14;15.27;183.99;5.55;0
567;synthetic_refinery;1839.17;15.27;183.82;0.31;0
567;fuel_silo;1838.40;15.27;183.20;3.03;0
567;radar_station;1838.02;15.27;182.28;5.96;0
567;rocket_site;1838.13;15.27;181.30;1.25;0
567;nuclear_reactor;1838.69;15.27;180.49;0.52;0
567;bunker;1839.58;15.27;180.04;2.24;0
567;supply_node;1840.57;15.27;180.08;5.00;0
568;arms_factory;1802.00;19.04;945.00;2.92;0
568;industrial_complex;1801.76;19.53;945.96;2.16;0
568;air_base;1801.08;19.59;946.68;2.05;0
568;anti_air_building;1800.14;19.83;946.99;4.46;0
568;synthetic_refinery;1799.17;19.71;946.82;0.57;0
568;fuel_silo;1798.40;19.65;946.20;4.70;0
568;radar_station;1798.02;19.83;945.28;0.26;0
568;rocket_site;1798.13;19.71;944.30;3.81;0
568;nuclear_reactor;1798.69;19.65;943.49;0.51;0
568;bunker;1799.58;19.89;943.04;2.43;0
568;supply_node;1800.57;20.08;943.08;4.93;0
569;arms_factory;1537.00;16.85;900.00;4.26;0
569;industrial_complex;1536.76;17.04;900.96;5.72;0
569;air_base;1536.08;17.04;901.68;4.54;0
569;anti_air_building;1535.14;17.10;901.99;0.16;0
569;synthetic_refinery;1534.17;17.16;901.82;5.34;0
569;fuel_silo;1533.40;17.16;901.20;5.65;0
569;radar_station;1533.02;17.16;900.28;2.17;0
569;rocket_site;1533.13;17.10;899.30;2.76;0
569;nuclear_reactor;1533.69;17.16;898.49;2.77;0
569;bunker;1534.58;17.10;898.04;1.30;0
569;supply_node;1535.57;17.04;898.08;2.54;0
570;arms_factory;1265.00;15.34;810.00;1.64;0
570;industrial_complex;1264.76;15.34;810.96;2.66;0
570;air_base;1264.08;15.40;811.68;2.37;0
570;anti_air_building;1263.14;15.40;811.99;3.51;0
570;synthetic_refinery;1262.17;15.40;811.82;3.12;0
570;fuel_silo;1261.40;15.40;811.20;0.50;0
570;radar_station;1261.02;15.40;810.28;5.81;0
570;rocket_site;1261.13;15.40;809.30;0.59;0
570;nuclear_reactor;1261.69;15.34;808.49;1.81;0
570;bunker;1262.58;15.34;808.04;4.38;0
570;supply_node;1263.57;15.34;808.08;3.38;0
571;arms_factory;1276.00;15.34;1028.00;2.44;0
571;industrial_complex;1275.76;15.34;1028.96;3.87;0
571;air_base;1275.08;15.34;1029.68;0.90;0
571;anti_air_building;1274.14;15.34;1029.99;5.08;0
571;synthetic_refinery;1273.17;15.34;1029.82;4.01;0
571;fuel_silo;1272.40;15.27;1029.20;3.14;0
571;radar_station;1272.02;15.27;1028.28;5.35;0
571;rocket_site;1272.13;15.34;1027.30;4.62;0
571;nuclear_reactor;1272.69;15.34;1026.49;3.56;0
571;bunker;1273.58;15.34;1026.04;0.64;0
571;supply_node;1274.57;15.34;1026.08;4.81;0
572;arms_factory;2124.00;15.52;428.00;5.47;0
572;industrial_complex;2123.76;15.52;428.96;1.48;0
572;air_base;2123.08;15.52;429.68;3.10;0
572;anti_air_building;2122.14;15.52;429.99;6.09;0
572;synthetic_refinery;2121.17;15.52;429.82;1.20;0
572;fuel_silo;2120.40;15.46;429.20;2.64;0
572;radar_station;2120.02;15.52;428.28;5.72;0
572;rocket_site;2120.13;15.52;427.30;6.19;0
572;nuclear_reactor;2120.69;15.52;426.49;4.42;0
572;bunker;2121.58;15.52;426.04;3.32;0
572;supply_node;2122.57;15.52;426.08;5.62;0
573;arms_factory;1809.00;15.27;339.00;5.89;0
573;industrial_complex;1808.76;15.27;339.96;2.45;0
573;air_base;1808.08;15.27;340.68;0.63;0
573;anti_air_building;1807.14;15.27;340.99;1.63;0
573;synthetic_refinery;1806.17;15.27;340.82;2.59;0
573;fuel_silo;1805.40;15.27;340.20;5.99;0
573;radar_station;1805.02;15.27;339.28;4.84;0
573;rocket_site;1805.13;15.27;338.30;0.63;0
573;nuclear_reactor;1805.69;15.27;337.49;2.52;0
573;bunker;1806.58;15.27;337.04;5.26;0
573;supply_node;1807.57;15.27;337.08;2.40;0
574;arms_factory;1371.00;15.34;1095.00;1.07;0
574;industrial_complex;1370.76;15.34;1095.96;0.87;0
574;air_base;1370.08;15.34;1096.68;5.11;0
574;anti_air_building;1369.14;15.34;1096.99;2.43;0
574;synthetic_refinery;1368.17;15.27;1096.82;3.78;0
574;fuel_silo;1367.40;15.27;1096.20;0.56;0
574;radar_station;1367.02;15.27;1095.28;1.44;0
574;rocket_site;1367.13;15.34;1094.30;3.61;0
574;nuclear_reactor;1367.69;15.34;1093.49;2.64;0
574;bunker;1368.58;15.34;1093.04;3.07;0
574;supply_node;1369.57;15.34;1093.08;0.94;0
575;arms_factory;1456.00;15.52;937.00;1.64;0
575;industrial_complex;1455.76;15.52;937.96;1.21;0
575;air_base;1455.08;15.52;938.68;3.97;0
575;anti_air_building;1454.14;15.52;938.99;2.24;0
575;synthetic_refinery;1453.17;15.52;938.82;1.36;0
575;fuel_silo;1452.40;15.52;938.20;0.61;0
575;radar_station;1452.02;15.52;937.28;3.49;0
575;rocket_site;1452.13;15.58;936.30;4.01;0
575;nuclear_reactor;1452.69;15.52;935.49;4.64;0
575;bunker;1453.58;15.52;935.04;5.24;0
575;supply_node;1454.57;15.52;935.08;1.81;0
576;arms_factory;2281.00;15.64;817.00;1.92;0
576;industrial_complex;2280.76;15.58;817.96;2.78;0
576;air_base;2280.08;15.58;818.68;5.00;0
576;anti_air_building;2279.14;15.58;818.99;1.05;0
576;synthetic_refinery;2278.17;15.52;818.82;6.03;0
576;fuel_silo;2277.40;15.52;818.20;4.35;0
576;radar_station;2277.02;15.52;817.28;0.27;0
576;rocket_site;2277.13;15.58;816.30;0.18;0
576;nuclear_reactor;2277.69;15.58;815.49;5.29;0
576;bunker;2278.58;15.58;815.04;2.47;0
576;supply_node;2279.57;15.64;815.08;2.64;0
577;arms_factory;1302.00;15.34;843.00;4.39;0
577;industrial_complex;1301.76;15.34;843.96;4.23;0
577;air_base;1301.08;15.34;844.68;4.66;0
577;anti_air_building;1300.14;15.34;844.99;3.30;0
577;synthetic_refinery;1299.17;15.34;844.82;1.31;0
577;fuel_silo;1298.40;15.34;844.20;4.42;0
577;radar_station;1298.02;15.34;843.28;4.05;0
577;rocket_site;1298.13;15.40;842.30;5.61;0
577;nuclear_reactor;1298.69;15.40;841.49;4.53;0
577;bunker;1299.58;15.40;841.04;0.48;0
577;supply_node;1300.57;15.34;841.08;1.72;0
578;arms_factory;1731.00;16.92;549.00;1.45;0
578;industrial_complex;1730.76;16.98;549.96;5.66;0
578;air_base;1730.08;16.79;550.68;4.02;0
578;anti_air_building;1729.14;16.73;550.99;3.58;0
578;synthetic_refinery;1728.17;16.92;550.82;3.83;0
578;fuel_silo;1727.40;16.79;550.20;3.95;0
578;radar_station;1727.02;16.73;549.28;6.21;0
578;rocket_site;1727.13;16.79;548.30;0.28;0
578;nuclear_reactor;1727.69;16.92;547.49;1.95;0
578;bunker;1728.58;17.16;547.04;0.74;0
578;supply_node;1729.57;16.98;547.08;2.14;0
579;arms_factory;1636.00;15.34;1215.00;1.13;0
579;industrial_complex;1635.76;15.34;1215.96;3.41;0
579;air_base;1635.08;15.34;1216.68;2.77;0
579;anti_air_building;1634.14;15.34;1216.99;5.29;0
579;synthetic_refinery;1633.17;15.40;1216.82;3.45;0
579;fuel_silo;1632.40;15.40;1216.20;3.11;0
579;radar_station;1632.02;15.40;1215.28;1.49;0
579;rocket_site;1632.13;15.46;1214.30;3.22;0
579;nuclear_reactor;1632.69;15.40;1213.49;3.41;0
579;bunker;1633.58;15.40;1213.04;4.92;0
579;supply_node;1634.57;15.40;1213.08;1.89;0
580;arms_factory;1898.00;15.34;1174.00;0.29;0
580;industrial_complex;1897.76;15.34;1174.96;1.59;0
580;air_base;1897.08;15.34;1175.68;2.18;0
580;anti_air_building;1896.14;15.34;1175.99;3.93;0
580;synthetic_refinery;1895.17;15.34;1175.82;6.13;0
580;fuel_silo;1894.40;15.40;1175.20;1.80;0
580;radar_station;1894.02;15.40;1174.28;4.02;0
580;rocket_site;1894.13;15.40;1173.30;3.22;0
580;nuclear_reactor;1894.69;15.40;1172.49;4.44;0
580;bunker;1895.58;15.40;1172.04;3.65;0
580;supply_node;1896.57;15.40;1172.08;1.69;0
581;arms_factory;1559.00;16.79;947.00;1.50;0
581;industrial_complex;1558.76;16.85;947.96;5.19;0
581;air_base;1558.08;16.67;948.68;4.74;0
581;anti_air_building;1557.14;16.85;948.99;2.82;0
581;synthetic_refinery;1556.17;16.79;948.82;4.82;0
581;fuel_silo;1555.40;16.79;948.20;3.99;0
581;radar_station;1555.02;16.85;947.28;3.83;0
581;rocket_site;1555.13;16.98;946.30;1.16;0
581;nuclear_reactor;1555.69;17.04;945.49;0.95;0
581;bunker;1556.58;16.98;945.04;3.14;0
581;supply_node;1557.57;16.92;945.08;2.49;0
582;arms_factory;1698.00;21.96;824.00;3.65;0
582;industrial_complex;1697.76;21.90;824.96;4.56;0
582;air_base;1697.08;21.72;825.68;0.43;0
582;anti_air_building;1696.14;21.96;825.99;2.55;0
582;synthetic_refinery;1695.17;21.35;825.82;3.37;0
582;fuel_silo;1694.40;20.75;825.20;0.33;0
582;radar_station;1694.02;20.87;824.28;2.68;0
582;rocket_site;1694.13;21.11;823.30;5.92;0
582;nuclear_reactor;1694.69;21.66;822.49;5.75;0
582;bunker;1695.58;21.54;822.04;2.10;0
582;supply_node;1696.57;22.20;822.08;3.53;0
583;arms_factory;2224.00;15.52;718.00;5.13;0
583;industrial_complex;2223.76;15.52;718.96;6.03;0
583;air_base;2223.08;15.52;719.68;3.49;0
583;anti_air_building;2222.14;15.58;719.99;1.70;0
583;synthetic_refinery;2221.17;15.58;719.82;0.13;0
583;fuel_silo;2220.40;15.58;719.20;0.90;0
583;radar_station;2220.02;15.52;718.28;4.92;0
583;rocket_site;2220.13;15.52;717.30;4.04;0
583;nuclear_reactor;2220.69;15.52;716.49;0.21;0
583;bunker;2221.58;15.52;716.04;2.07;0
583;supply_node;2222.57;15.46;716.08;2.63;0
584;arms_factory;1170.00;15.27;780.00;3.34;0
584;industrial_complex;1169.76;15.27;780.96;3.95;0
584;air_base;1169.08;15.27;781.68;2.37;0
584;anti_air_building;1168.14;15.27;781.99;0.39;0
584;synthetic_refinery;1167.17;15.27;781.82;2.48;0
584;fuel_silo;1166.40;15.27;781.20;0.46;0
584;radar_station;1166.02;15.27;780.28;4.53;0
584;rocket_site;1166.13;15.27;779.30;4.93;0
584;nuclear_reactor;1166.69;15.27;778.49;5.82;0
584;bunker;1167.58;15.27;778.04;2.51;0
584;supply_node;1168.57;15.27;778.08;5.01;0
585;arms_factory;2184.00;15.40;331.00;5.93;0
585;industrial_complex;2183.76;15.40;331.96;2.02;0
585;air_base;2183.08;15.40;332.68;3.36;0
585;anti_air_building;2182.14;15.40;332.99;1.17;0
585;synthetic_refinery;2181.17;15.40;332.82;2.11;0
585;fuel_silo;2180.40;15.40;332.20;1.77;0
585;radar_station;2180.02;15.40;331.28;4.00;0
585;rocket_site;2180.13;15.40;330.30;1.65;0
585;nuclear_reactor;2180.69;15.46;329.49;4.16;0
585;bunker;2181.58;15.46;329.04;0.80;0
585;supply_node;2182.57;15.46;329.08;3.88;0
586;arms_factory;1583.00;16.06;1076.00;5.85;0
586;industrial_complex;1582.76;16.13;1076.96;1.37;0
586;air_base;1582.08;16.06;1077.68;3.15;0
586;anti_air_building;1581.14;16.19;1077.99;5.68;0
586;synthetic_refinery;1580.17;16.00;1077.82;1.40;0
586;fuel_silo;1579.40;16.00;1077.20;0.94;0
586;radar_station;1579.02;16.06;1076.28;5.60;0
586;rocket_site;1579.13;16.06;1075.30;1.69;0
586;nuclear_reactor;1579.69;16.00;1074.49;3.39;0
586;bunker;1580.58;16.06;1074.04;1.08;0
586;supply_node;1581.57;16.19;1074.08;1.35;0
587;arms_factory;2139.00;16.85;722.00;5.72;0
587;industrial_complex;2138.76;16.85;722.96;1.70;0
587;air_base;2138.08;16.98;723.68;0.49;0
587;anti_air_building;2137.14;16.92;723.99;1.69;0
587;synthetic_refinery;2136.17;16.85;723.82;1.31;0
587;fuel_silo;2135.40;16.98;723.20;0.25;0
587;radar_station;2135.02;16.73;722.28;1.86;0
587;rocket_site;2135.13;16.67;721.30;0.74;0
587;nuclear_reactor;2135.69;16.85;720.49;5.79;0
587;bunker;2136.58;16.73;720.04;5.50;0
587;supply_node;2137.57;16.61;720.08;1.54;0
588;arms_factory;1316.00;15.34;859.00;2.48;0
588;industrial_complex;1315.76;15.34;859.96;3.86;0
588;air_base;1315.08;15.34;860.68;5.16;0
588;anti_air_building;1314.14;15.34;860.99;6.24;0
588;synthetic_refinery;1313.17;15.34;860.82;5.52;0
588;fuel_silo;1312.40;15.40;860.20;4.12;0
588;radar_station;1312.02;15.34;859.28;3.71;0
588;rocket_site;1312.13;15.34;858.30;4.61;0
588;nuclear_reactor;1312.69;15.34;857.49;4.95;0
588;bunker;1313.58;15.34;857.04;4.36;0
588;supply_node;1314.57;15.34;857.08;3.30;0
589;arms_factory;2220.00;15.88;770.00;2.98;0
589;industrial_complex;2219.76;15.88;770.96;3.97;0
589;air_base;2219.08;15.94;771.68;0.10;0
589;anti_air_building;2218.14;15.94;771.99;3.14;0
589;synthetic_refinery;2217.17;16.00;771.82;5.21;0
589;fuel_silo;2216.40;16.00;771.20;2.49;0
589;radar_station;2216.02;16.06;770.28;4.04;0
589;rocket_site;2216.13;16.00;769.30;1.20;0
589;nuclear_reactor;2216.69;16.00;768.49;5.49;0
589;bunker;2217.58;15.94;768.04;5.49;0
589;supply_node;2218.57;15.82;768.08;4.63;0
590;arms_factory;1421.00;15.34;1043.00;0.61;0
590;industrial_complex;1420.76;15.40;1043.96;2.33;0
590;air_base;1420.08;15.34;1044.68;2.51;0
590;anti_air_building;1419.14;15.34;1044.99;4.73;0
590;synthetic_refinery;1418.17;15.34;1044.82;3.44;0
590;fuel_silo;1417.40;15.34;1044.20;0.36;0
590;radar_station;1417.02;15.34;1043.28;5.56;0
590;rocket_site;1417.13;15.34;1042.30;4.09;0
590;nuclear_reactor;1417.69;15.34;1041.49;4.68;0
590;bunker;1418.58;15.34;1041.04;5.18;0
590;supply_node;1419.57;15.34;1041.08;4.58;0
591;arms_factory;1830.00;15.27;432.00;0.11;0
591;industrial_complex;1829.76;15.27;432.96;2.15;0
591;air_base;1829.08;15.27;433.68;1.22;0
591;anti_air_building;1828.14;15.27;433.99;3.16;0
591;synthetic_refinery;1827.17;15.27;433.82;1.61;0
591;fuel_silo;1826.40;15.27;433.20;3.36;0
591;radar_station;1826.02;15.27;432.28;1.53;0
591;rocket_site;1826.13;15.27;431.30;5.71;0
591;nuclear_reactor;1826.69;15.27;430.49;6.23;0
591;bunker;1827.58;15.27;430.04;0.90;0
591;supply_node;1828.57;15.27;430.08;4.26;0
592;arms_factory;1766.00;18.01;1016.00;0.97;0
592;industrial_complex;1765.76;17.89;1016.96;5.13;0
592;air_base;1765.08;18.01;1017.68;4.69;0
592;anti_air_building;1764.14;18.01;1017.99;1.74;0
592;synthetic_refinery;1763.17;17.95;1017.82;3.31;0
592;fuel_silo;1762.40;17.71;1017.20;1.48;0
592;radar_station;1762.02;17.77;1016.28;0.84;0
592;rocket_site;1762.13;17.95;1015.30;6.24;0
592;nuclear_reactor;1762.69;17.95;1014.49;0.46;0
592;bunker;1763.58;18.07;1014.04;3.11;0
592;supply_node;1764.57;17.95;1014.08;0.67;0
593;arms_factory;1786.00;16.37;561.00;5.09;0
593;industrial_complex;1785.76;16.43;561.96;0.73;0
593;air_base;1785.08;16.37;562.68;3.29;0
593;anti_air_building;1784.14;16.25;562.99;3.25;0
593;synthetic_refinery;1783.17;16.31;562.82;5.43;0
593;fuel_silo;1782.40;16.43;562.20;4.77;0
593;radar_station;1782.02;16.37;561.28;1.08;0
593;rocket_site;1782.13;16.49;560.30;2.19;0
593;nuclear_reactor;1782.69;16.49;559.49;4.11;0
593;bunker;1783.58;16.49;559.04;1.55;0
593;supply_node;1784.57;16.55;559.08;5.56;0
594;arms_factory;2197.00;15.27;1018.00;3.15;0
594;industrial_complex;2196.76;15.27;1018.96;3.34;0
594;air_base;2196.08;15.27;1019.68;3.08;0
594;anti_air_building;2195.14;15.27;1019.99;1.76;0
594;synthetic_refinery;2194.17;15.27;1019.82;1.50;0
594;fuel_silo;2193.40;15.27;1019.20;4.84;0
594;radar_station;2193.02;15.27;1018.28;4.93;0
594;rocket_site;2193.13;15.27;1017.30;5.05;0
594;nuclear_reactor;2193.69;15.27;1016.49;4.28;0
594;bunker;2194.58;15.27;1016.04;3.61;0
594;supply_node;2195.57;15.27;1016.08;1.03;0
595;arms_factory;2017.00;15.64;651.00;1.45;0
595;industrial_complex;2016.76;15.64;651.96;3.94;0
595;air_base;2016.08;15.64;652.68;3.56;0
595;anti_air_building;2015.14;15.64;652.99;1.98;0
595;synthetic_refinery;2014.17;15.64;652.82;5.11;0
595;fuel_silo;2013.40;15.70;652.20;0.94;0
595;radar_station;2013.02;15.64;651.28;3.38;0
595;rocket_site;2013.13;15.70;650.30;6.24;0
595;nuclear_reactor;2013.69;15.76;649.49;5.41;0
595;bunker;2014.58;15.70;649.04;0.39;0
595;supply_node;2015.57;15.64;649.08;6.23;0
596;arms_factory;2139.00;15.40;1152.00;0.82;0
596;industrial_complex;2138.76;15.40;1152.96;1.52;0
596;air_base;2138.08;15.40;1153.68;4.55;0
596;anti_air_building;2137.14;15.40;1153.99;1.40;0
596;synthetic_refinery;2136.17;15.40;1153.82;2.28;0
596;fuel_silo;2135.40;15.40;1153.20;6.16;0
596;radar_station;2135.02;15.40;1152.28;2.14;0
596;rocket_site;2135.13;15.40;1151.30;3.80;0
596;nuclear_reactor;2135.69;15.40;1150.49;5.77;0
596;bunker;2136.58;15.40;1150.04;0.62;0
596;supply_node;2137.57;15.40;1150.08;5.63;0
597;arms_factory;1532.00;16.31;1127.00;2.72;0
597;industrial_complex;1531.76;16.37;1127.96;0.94;0
597;air_base;1531.08;16.31;1128.68;0.05;0
597;anti_air_building;1530.14;16.31;1128.99;1.55;0
597;synthetic_refinery;1529.17;16.31;1128.82;5.76;0
597;fuel_silo;1528.40;16.43;1128.20;1.99;0
597;radar_station;1528.02;16.37;1127.28;1.31;0
597;rocket_site;1528.13;16.31;1126.30;0.54;0
597;nuclear_reactor;1528.69;16.37;1125.49;4.05;0
597;bunker;1529.58;16.31;1125.04;1.17;0
597;supply_node;1530.57;16.37;1125.08;5.99;0
598;arms_factory;1459.00;15.46;950.00;0.48;0
598;industrial_complex;1458.76;15.46;950.96;2.32;0
598;air_base;1458.08;15.46;951.68;0.00;0
598;anti_air_building;1457.14;15.46;951.99;5.52;0
598;synthetic_refinery;1456.17;15.46;951.82;6.03;0
598;fuel_silo;1455.40;15.46;951.20;4.63;0
598;radar_station;1455.02;15.46;950.28;1.88;0
598;rocket_site;1455.13;15.40;949.30;0.11;0
598;nuclear_reactor;1455.69;15.46;948.49;5.05;0
598;bunker;1456.58;15.46;948.04;0.97;0
598;supply_node;1457.57;15.46;948.08;5.09;0
599;arms_factory;2008.00;15.27;382.00;0.20;0
599;industrial_complex;2007.76;15.27;382.96;5.74;0
599;air_base;2007.08;15.27;383.68;5.19;0
599;anti_air_building;2006.14;15.27;383.99;1.84;0
599;synthetic_refinery;2005.17;15.27;383.82;2.35;0
599;fuel_silo;2004.40;15.27;383.20;1.33;0
599;radar_station;2004.02;15.27;382.28;0.15;0
599;rocket_site;2004.13;15.27;381.30;4.87;0
599;nuclear_reactor;2004.69;15.27;380.49;3.34;0
599;bunker;2005.58;15.27;380.04;1.14;0
599;supply_node;2006.57;15.27;380.08;4.63;0
600;arms_factory;1762.00;17.65;527.00;4.67;0
600;industrial_complex;1761.76;17.65;527.96;3.01;0
600;air_base;1761.08;17.71;528.68;5.56;0
600;anti_air_building;1760.14;17.58;528.99;3.62;0
600;synthetic_refinery;1759.17;17.46;528.82;0.47;0
600;fuel_silo;1758.40;17.28;528.20;1.50;0
600;radar_station;1758.02;17.40;527.28;5.61;0
600;rocket_site;1758.13;17.58;526.30;3.50;0
600;nuclear_reactor;1758.69;17.46;525.49;5.22;0
600;bunker;1759.58;17.58;525.04;4.48;0
600;supply_node;1760.57;17.71;525.08;3.24;0
601;arms_factory;2041.00;15.70;1207.00;5.84;0
601;industrial_complex;2040.76;15.64;1207.96;6.02;0
601;air_base;2040.08;15.64;1208.68;0.12;0
601;anti_air_building;2039.14;15.58;1208.99;3.50;0
601;synthetic_refinery;2038.17;15.52;1208.82;0.78;0
601;fuel_silo;2037.40;15.46;1208.20;0.56;0
601;radar_station;2037.02;15.46;1207.28;1.45;0
601;rocket_site;2037.13;15.46;1206.30;1.18;0
601;nuclear_reactor;2037.69;15.46;1205.49;6.25;0
601;bunker;2038.58;15.46;1205.04;2.95;0
601;supply_node;2039.57;15.58;1205.08;1.00;0
602;arms_factory;2058.00;16.61;719.00;5.48;0
602;industrial_complex;2057.76;16.49;719.96;3.36;0
602;air_base;2057.08;16.43;720.68;0.26;0
602;anti_air_building;2056.14;16.25;720.99;1.57;0
602;synthetic_refinery;2055.17;16.19;720.82;2.73;0
602;fuel_silo;2054.40;16.13;720.20;5.33;0
602;radar_station;2054.02;16.06;719.28;3.68;0
602;rocket_site;2054.13;16.06;718.30;3.75;0
602;nuclear_reactor;2054.69;16.06;717.49;0.60;0
602;bunker;2055.58;16.19;717.04;6.22;0
602;supply_node;2056.57;16.43;717.08;1.24;0
603;arms_factory;2182.00;16.06;416.00;3.40;0
603;industrial_complex;2181.76;16.06;416.96;3.31;0
603;air_base;2181.08;16.06;417.68;0.49;0
603;anti_air_building;2180.14;16.19;417.99;2.44;0
603;synthetic_refinery;2179.17;16.25;417.82;2.00;0
603;fuel_silo;2178.40;16.19;417.20;1.88;0
603;radar_station;2178.02;16.13;416.28;0.25;0
603;rocket_site;2178.13;16.00;415.30;1.69;0
603;nuclear_reactor;2178.69;15.94;414.49;5.37;0
603;bunker;2179.58;16.00;414.04;4.04;0
603;supply_node;2180.57;15.94;414.08;5.88;0
604;arms_factory;2093.00;15.76;628.00;4.74;0
604;industrial_complex;2092.76;15.82;628.96;4.44;0
604;air_base;2092.08;15.88;629.68;2.04;0
604;anti_air_building;2091.14;15.94;629.99;4.21;0
604;synthetic_refinery;2090.17;16.00;629.82;2.69;0
604;fuel_silo;2089.40;16.13;629.20;3.26;0
604;radar_station;2089.02;16.00;628.28;0.22;0
604;rocket_site;2089.13;16.00;627.30;6.09;0
604;nuclear_reactor;2089.69;15.88;626.49;2.97;0
604;bunker;2090.58;15.82;626.04;0.57;0
604;supply_node;2091.57;15.76;626.08;4.24;0
605;arms_factory;2065.00;15.64;1095.00;5.53;0
605;industrial_complex;2064.76;15.70;1095.96;4.70;0
605;air_base;2064.08;15.70;1096.68;3.96;0
605;anti_air_building;2063.14;15.70;1096.99;5.93;0
605;synthetic_refinery;2062.17;15.70;1096.82;0.03;0
605;fuel_silo;2061.40;15.70;1096.20;2.53;0
605;radar_station;2061.02;15.70;1095.28;2.01;0
605;rocket_site;2061.13;15.70;1094.30;0.29;0
605;nuclear_reactor;2061.69;15.76;1093.49;0.76;0
605;bunker;2062.58;15.70;1093.04;5.05;0
605;supply_node;2063.57;15.70;1093.08;0.53;0
606;arms_factory;1539.00;15.27;810.00;1.14;0
606;industrial_complex;1538.76;15.27;810.96;1.91;0
606;air_base;1538.08;15.27;811.68;1.28;0
606;anti_air_building;1537.14;15.27;811.99;4.74;0
606;synthetic_refinery;1536.17;15.27;811.82;4.71;0
606;fuel_silo;1535.40;15.27;811.20;4.39;0
606;radar_station;1535.02;15.27;810.28;2.86;0
606;rocket_site;1535.13;15.27;809.30;2.84;0
606;nuclear_reactor;1535.69;15.27;808.49;3.61;0
606;bunker;1536.58;15.27;808.04;3.75;0
606;supply_node;1537.57;15.27;808.08;1.89;0
607;arms_factory;1648.00;16.49;918.00;1.34;0
607;industrial_complex;1647.76;16.49;918.96;6.12;0
607;air_base;1647.08;16.49;919.68;3.30;0
607;anti_air_building;1646.14;16.49;919.99;3.08;0
607;synthetic_refinery;1645.17;16.43;919.82;3.17;0
607;fuel_silo;1644.40;16.43;919.20;5.05;0
607;radar_station;1644.02;16.43;918.28;3.02;0
607;rocket_site;1644.13;16.49;917.30;2.62;0
607;nuclear_reactor;1644.69;16.49;916.49;0.61;0
607;bunker;1645.58;16.49;916.04;5.44;0
607;supply_node;1646.57;16.55;916.08;2.20;0
608;arms_factory;1960.00;16.55;667.00;2.14;0
608;industrial_complex;1959.76;16.61;667.96;5.28;0
608;air_base;1959.08;16.49;668.68;5.81;0
608;anti_air_building;1958.14;16.43;668.99;5.61;0
608;synthetic_refinery;1957.17;16.37;668.82;1.58;0
608;fuel_silo;1956.40;16.25;668.20;3.57;0
608;radar_station;1956.02;16.31;667.28;1.01;0
608;rocket_site;1956.13;16.37;666.30;1.23;0
608;nuclear_reactor;1956.69;16.43;665.49;2.30;0
608;bunker;1957.58;16.67;665.04;3.55;0
608;supply_node;1958.57;16.92;665.08;5.96;0
609;arms_factory;1995.00;15.27;237.00;2.72;0
609;industrial_complex;1994.76;15.27;237.96;4.85;0
609;air_base;1994.08;15.27;238.68;5.97;0
609;anti_air_building;1993.14;15.27;238.99;2.32;0
609;synthetic_refinery;1992.17;15.27;238.82;4.22;0
609;fuel_silo;1991.40;15.27;238.20;4.72;0
609;radar_station;1991.02;15.27;237.28;2.76;0
609;rocket_site;1991.13;15.27;236.30;4.04;0
609;nuclear_reactor;1991.69;15.27;235.49;3.82;0
609;bunker;1992.58;15.27;235.04;0.55;0
609;supply_node;1993.57;15.27;235.08;5.69;0
610;arms_factory;2198.00;16.43;768.00;2.13;0
610;industrial_complex;2197.76;16.43;768.96;2.00;0
610;air_base;2197.08;16.37;769.68;5.88;0
610;anti_air_building;2196.14;16.25;769.99;4.84;0
610;synthetic_refinery;2195.17;16.37;769.82;1.14;0
610;fuel_silo;2194.40;16.37;769.20;2.41;0
610;radar_station;2194.02;16.43;768.28;5.08;0
610;rocket_site;2194.13;16.49;767.30;2.41;0
610;nuclear_reactor;2194.69;16.49;766.49;0.93;0
610;bunker;2195.58;16.49;766.04;4.72;0
610;supply_node;2196.57;16.49;766.08;1.94;0
611;arms_factory;1381.00;15.27;691.00;1.01;0
611;industrial_complex;1380.76;15.27;691.96;2.97;0
611;air_base;1380.08;15.27;692.68;3.86;0
611;anti_air_building;1379.14;15.27;692.99;6.25;0
611;synthetic_refinery;1378.17;15.27;692.82;2.99;0
611;fuel_silo;1377.40;15.27;692.20;5.66;0
611;radar_station;1377.02;15.27;691.28;6.16;0
611;rocket_site;1377.13;15.27;690.30;1.70;0
611;nuclear_reactor;1377.69;15.27;689.49;2.93;0
611;bunker;1378.58;15.27;689.04;1.15;0
611;supply_node;1379.57;15.27;689.08;5.38;0
612;arms_factory;1538.00;16.92;1166.00;2.79;0
612;industrial_complex;1537.76;16.92;1166.96;1.03;0
612;air_base;1537.08;16.79;1167.68;0.75;0
612;anti_air_building;1536.14;16.73;1167.99;2.04;0
612;synthetic_refinery;1535.17;16.85;1167.82;1.19;0
612;fuel_silo;1534.40;16.98;1167.20;1.86;0
612;radar_station;1534.02;17.04;1166.28;3.55;0
612;rocket_site;1534.13;17.28;1165.30;4.10;0
612;nuclear_reactor;1534.69;17.40;1164.49;6.26;0
612;bunker;1535.58;17.16;1164.04;1.61;0
612;supply_node;1536.57;16.92;1164.08;1.41;0
613;arms_factory;1847.00;15.40;134.00;2.01;0
613;industrial_complex;1846.76;15.34;134.96;5.39;0
613;air_base;1846.08;15.40;135.68;3.24;0
613;anti_air_building;1845.14;15.34;135.99;1.75;0
613;synthetic_refinery;1844.17;15.34;135.82;4.80;0
613;fuel_silo;1843.40;15.34;135.20;1.47;0
613;radar_station;1843.02;15.34;134.28;1.13;0
613;rocket_site;1843.13;15.34;133.30;0.93;0
613;nuclear_reactor;1843.69;15.34;132.49;0.19;0
613;bunker;1844.58;15.34;132.04;3.24;0
613;supply_node;1845.57;15.34;132.08;0.26;0
614;arms_factory;2223.00;16.19;851.00;5.79;0
614;industrial_complex;2222.76;16.25;851.96;5.83;0
614;air_base;2222.08;16.19;852.68;1.70;0
614;anti_air_building;2221.14;16.37;852.99;3.93;0
614;synthetic_refinery;2220.17;16.49;852.82;2.83;0
614;fuel_silo;2219.40;16.67;852.20;0.56;0
614;radar_station;2219.02;16.79;851.28;5.21;0
614;rocket_site;2219.13;16.92;850.30;4.11;0
614;nuclear_reactor;2219.69;17.10;849.49;0.61;0
614;bunker;2220.58;16.92;849.04;5.92;0
614;supply_node;2221.57;16.73;849.08;2.68;0
615;arms_factory;2152.00;16.98;835.00;3.85;0
615;industrial_complex;2151.76;16.98;835.96;6.05;0
615;air_base;2151.08;16.98;836.68;4.85;0
615;anti_air_building;2150.14;16.85;836.99;3.63;0
615;synthetic_refinery;2149.17;16.79;836.82;0.49;0
615;fuel_silo;2148.40;16.67;836.20;5.21;0
615;radar_station;2148.02;16.67;835.28;2.10;0
615;rocket_site;2148.13;16.98;834.30;2.32;0
615;nuclear_reactor;2148.69;16.85;833.49;0.01;0
615;bunker;2149.58;16.85;833.04;1.94;0
615;supply_node;2150.57;16.79;833.08;0.90;0
616;arms_factory;1311.00;15.27;1005.00;4.30;0
616;industrial_complex;1310.76;15.27;1005.96;4.34;0
616;air_base;1310.08;15.27;1006.68;2.86;0
616;anti_air_building;1309.14;15.27;1006.99;5.72;0
616;synthetic_refinery;1308.17;15.27;1006.82;5.32;0
616;fuel_silo;1307.40;15.27;1006.20;3.66;0
616;radar_station;1307.02;15.27;1005.28;6.09;0
616;rocket_site;1307.13;15.27;1004.30;6.16;0
616;nuclear_reactor;1307.69;15.27;1003.49;2.69;0
616;bunker;1308.58;15.27;1003.04;3.38;0
616;supply_node;1309.57;15.27;1003.08;1.33;0
617;arms_factory;2149.00;16.00;415.00;2.68;0
617;industrial_complex;2148.76;15.94;415.96;4.90;0
617;air_base;2148.08;16.00;416.68;0.69;0
617;anti_air_building;2147.14;15.88;416.99;1.90;0
617;synthetic_refinery;2146.17;15.82;416.82;1.62;0
617;fuel_silo;2145.40;15.88;416.20;4.92;0
617;radar_station;2145.02;15.82;415.28;0.39;0
617;rocket_site;2145.13;15.82;414.30;3.63;0
617;nuclear_reactor;2145.69;15.82;413.49;1.23;0
617;bunker;2146.58;15.82;413.04;3.05;0
617;supply_node;2147.57;15.94;413.08;6.27;0
618;arms_factory;1711.00;16.13;679.00;4.50;0
618;industrial_complex;1710.76;16.25;679.96;3.16;0
618;air_base;1710.08;16.19;680.68;3.21;0
618;anti_air_building;1709.14;16.25;680.99;1.76;0
618;synthetic_refinery;1708.17;16.43;680.82;0.46;0
618;fuel_silo;1707.40;16.43;680.20;5.24;0
618;radar_station;1707.02;16.49;679.28;3.00;0
618;rocket_site;1707.13;16.61;678.30;0.27;0
618;nuclear_reactor;1707.69;16.55;677.49;5.77;0
618;bunker;1708.58;16.43;677.04;0.23;0
618;supply_node;1709.57;16.19;677.08;3.24;0
619;arms_factory;2176.00;15.58;528.00;2.39;0
619;industrial_complex;2175.76;15.64;528.96;2.45;0
619;air_base;2175.08;15.58;529.68;4.63;0
619;anti_air_building;2174.14;15.64;529.99;3.68;0
619;synthetic_refinery;2173.17;15.64;529.82;0.71;0
619;fuel_silo;2172.40;15.64;529.20;5.66;0
619;radar_station;2172.02;15.64;528.28;5.12;0
619;rocket_site;2172.13;15.58;527.30;1.02;0
619;nuclear_reactor;2172.69;15.58;526.49;3.63;0
619;bunker;2173.58;15.58;526.04;1.03;0
619;supply_node;2174.57;15.58;526.08;2.25;0
620;arms_factory;1978.00;15.64;1135.00;2.18;0
620;industrial_complex;1977.76;15.64;1135.96;3.64;0
620;air_base;1977.08;15.64;1136.68;2.27;0
620;anti_air_building;1976.14;15.64;1136.99;5.65;0
620;synthetic_refinery;1975.17;15.64;1136.82;2.25;0
620;fuel_silo;1974.40;15.64;1136.20;5.99;0
620;radar_station;1974.02;15.70;1135.28;0.20;0
620;rocket_site;1974.13;15.64;1134.30;4.96;0
620;nuclear_reactor;1974.69;15.64;1133.49;3.06;0
620;bunker;1975.58;15.64;1133.04;5.31;0
620;supply_node;1976.57;15.70;1133.08;1.20;0
621;arms_factory;1851.00;16.00;781.00;4.33;0
621;industrial_complex;1850.76;15.94;781.96;1.68;0
621;air_base;1850.08;16.00;782.68;0.41;0
621;anti_air_building;1849.14;16.06;782.99;6.26;0
621;synthetic_refinery;1848.17;16.19;782.82;5.26;0
621;fuel_silo;1847.40;16.19;782.20;2.83;0
621;radar_station;1847.02;16.19;781.28;0.07;0
621;rocket_site;1847.13;16.25;780.30;4.30;0
621;nuclear_reactor;1847.69;16.13;779.49;5.09;0
621;bunker;1848.58;16.00;779.04;1.61;0
621;supply_node;1849.57;16.00;779.08;2.39;0
622;arms_factory;2287.00;17.65;855.00;3.24;0
622;industrial_complex;2286.76;17.58;855.96;2.33;0
622;air_base;2286.08;17.46;856.68;4.40;0
622;anti_air_building;2285.14;17.28;856.99;1.86;0
622;synthetic_refinery;2284.17;17.04;856.82;4.71;0
622;fuel_silo;2283.40;16.92;856.20;3.73;0
622;radar_station;2283.02;16.98;855.28;0.02;0
622;rocket_site;2283.13;16.85;854.30;0.28;0
622;nuclear_reactor;2283.69;16.92;853.49;3.99;0
622;bunker;2284.58;17.04;853.04;1.40;0
622;supply_node;2285.57;17.10;853.08;6.04;0
623;arms_factory;2227.00;16.49;879.00;3.70;0
623;industrial_complex;2226.76;16.43;879.96;2.48;0
623;air_base;2226.08;16.49;880.68;4.54;0
623;anti_air_building;2225.14;16.43;880.99;5.34;0
623;synthetic_refinery;2224.17;16.55;880.82;0.81;0
623;fuel_silo;2223.40;16.55;880.20;1.22;0
623;radar_station;2223.02;16.55;879.28;2.61;0
623;rocket_site;2223.13;16.49;878.30;0.09;0
623;nuclear_reactor;2223.69;16.67;877.49;2.07;0
623;bunker;2224.58;16.49;877.04;5.55;0
623;supply_node;2225.57;16.61;877.08;3.08;0
624;arms_factory;2225.00;16.92;799.00;2.42;0
624;industrial_complex;2224.76;16.79;799.96;2.77;0
624;air_base;2224.08;16.98;800.68;1.86;0
624;anti_air_building;2223.14;16.98;800.99;3.10;0
624;synthetic_refinery;2222.17;16.92;800.82;3.43;0
624;fuel_silo;2221.40;16.98;800.20;1.57;0
624;radar_station;2221.02;17.04;799.28;0.53;0
624;rocket_site;2221.13;16.85;798.30;1.31;0
624;nuclear_reactor;2221.69;16.79;797.49;0.14;0
624;bunker;2222.58;16.85;797.04;3.13;0
624;supply_node;2223.57;16.79;797.08;0.55;0
625;arms_factory;1543.00;16.43;870.00;5.98;0
625;industrial_complex;1542.76;16.49;870.96;0.04;0
625;air_base;1542.08;16.61;871.68;5.52;0
625;anti_air_building;1541.14;16.61;871.99;1.95;0
625;synthetic_refinery;1540.17;16.61;871.82;1.66;0
625;fuel_silo;1539.40;16.55;871.20;3.88;0
625;radar_station;1539.02;16.61;870.28;5.40;0
625;rocket_site;1539.13;16.55;869.30;2.30;0
625;nuclear_reactor;1539.69;16.43;868.49;3.11;0
625;bunker;1540.58;16.31;868.04;2.41;0
625;supply_node;1541.57;16.31;868.08;4.96;0
626;arms_factory;1641.00;15.52;605.00;1.91;0
626;industrial_complex;1640.76;15.52;605.96;4.13;0
626;air_base;1640.08;15.58;606.68;5.32;0
626;anti_air_building;1639.14;15.52;606.99;0.03;0
626;synthetic_refinery;1638.17;15.52;606.82;0.76;0
626;fuel_silo;1637.40;15.58;606.20;0.34;0
626;radar_station;1637.02;15.52;605.28;2.66;0
626;rocket_site;1637.13;15.58;604.30;3.74;0
626;nuclear_reactor;1637.69;15.58;603.49;1.12;0
626;bunker;1638.58;15.58;603.04;1.32;0
626;supply_node;1639.57;15.52;603.08;1.31;0
627;arms_factory;2277.00;16.73;855.00;4.96;0
627;industrial_complex;2276.76;16.61;855.96;5.44;0
627;air_base;2276.08;16.73;856.68;0.62;0
627;anti_air_building;2275.14;16.73;856.99;2.21;0
627;synthetic_refinery;2274.17;16.92;856.82;1.99;0
627;fuel_silo;2273.40;17.16;856.20;4.78;0
627;radar_station;2273.02;17.16;855.28;1.64;0
627;rocket_site;2273.13;17.04;854.30;0.47;0
627;nuclear_reactor;2273.69;16.85;853.49;3.56;0
627;bunker;2274.58;16.85;853.04;4.29;0
627;supply_node;2275.57;16.67;853.08;4.98;0
628;arms_factory;1650.00;17.22;930.00;4.79;0
628;industrial_complex;1649.76;17.22;930.96;4.21;0
628;air_base;1649.08;17.34;931.68;3.66;0
628;anti_air_building;1648.14;17.10;931.99;3.81;0
628;synthetic_refinery;1647.17;17.10;931.82;5.03;0
628;fuel_silo;1646.40;16.98;931.20;6.27;0
628;radar_station;1646.02;16.98;930.28;5.16;0
628;rocket_site;1646.13;16.85;929.30;0.46;0
628;nuclear_reactor;1646.69;16.61;928.49;4.66;0
628;bunker;1647.58;16.73;928.04;1.79;0
628;supply_node;1648.57;16.79;928.08;1.71;0
629;arms_factory;1911.00;15.46;1125.00;0.64;0
629;industrial_complex;1910.76;15.46;1125.96;3.13;0
629;air_base;1910.08;15.52;1126.68;0.98;0
629;anti_air_building;1909.14;15.52;1126.99;0.76;0
629;synthetic_refinery;1908.17;15.52;1126.82;2.35;0
629;fuel_silo;1907.40;15.52;1126.20;4.22;0
629;radar_station;1907.02;15.52;1125.28;1.38;0
629;rocket_site;1907.13;15.52;1124.30;2.37;0
629;nuclear_reactor;1907.69;15.52;1123.49;3.57;0
629;bunker;1908.58;15.46;1123.04;3.11;0
629;supply_node;1909.57;15.46;1123.08;3.53;0
630;arms_factory;1934.00;16.25;1052.00;4.12;0
630;industrial_complex;1933.76;16.25;1052.96;4.96;0
630;air_base;1933.08;16.06;1053.68;1.68;0
630;anti_air_building;1932.14;16.13;1053.99;0.43;0
630;synthetic_refinery;1931.17;16.25;1053.82;6.21;0
630;fuel_silo;1930.40;16.37;1053.20;0.61;0
630;radar_station;1930.02;16.49;1052.28;2.79;0
630;rocket_site;1930.13;16.73;1051.30;1.61;0
630;nuclear_reactor;1930.69;16.85;1050.49;5.09;0
630;bunker;1931.58;16.79;1050.04;3.07;0
630;supply_node;1932.57;16.61;1050.08;3.34;0
631;arms_factory;1377.00;15.27;838.00;0.60;0
631;industrial_complex;1376.76;15.27;838.96;4.60;0
631;air_base;1376.08;15.27;839.68;5.41;0
631;anti_air_building;1375.14;15.27;839.99;4.86;0
631;synthetic_refinery;1374.17;15.27;839.82;3.52;0
631;fuel_silo;1373.40;15.27;839.20;5.96;0
631;radar_station;1373.02;15.27;838.28;0.40;0
631;rocket_site;1373.13;15.27;837.30;5.28;0
631;nuclear_reactor;1373.69;15.27;836.49;4.70;0
631;bunker;1374.58;15.27;836.04;3.65;0
631;supply_node;1375.57;15.27;836.08;0.45;0
632;arms_factory;1394.00;15.40;1023.00;4.73;0
632;industrial_complex;1393.76;15.40;1023.96;1.93;0
632;air_base;1393.08;15.40;1024.68;2.02;0
632;anti_air_building;1392.14;15.40;1024.99;0.81;0
632;synthetic_refinery;1391.17;15.46;1024.82;4.26;0
632;fuel_silo;1390.40;15.46;1024.20;2.17;0
632;radar_station;1390.02;15.40;1023.28;0.66;0
632;rocket_site;1390.13;15.40;1022.30;2.73;0
632;nuclear_reactor;1390.69;15.40;1021.49;0.72;0
632;bunker;1391.58;15.40;1021.04;1.35;0
632;supply_node;1392.57;15.40;1021.08;5.01;0
633;arms_factory;2030.00;15.27;420.00;1.38;0
633;industrial_complex;2029.76;15.27;420.96;5.64;0
633;air_base;2029.08;15.27;421.68;6.15;0
633;anti_air_building;2028.14;15.27;421.99;0.51;0
633;synthetic_refinery;2027.17;15.27;421.82;3.28;0
633;fuel_silo;2026.40;15.27;421.20;5.94;0
633;radar_station;2026.02;15.27;420.28;4.12;0
633;rocket_site;2026.13;15.27;419.30;4.48;0
633;nuclear_reactor;2026.69;15.27;418.49;1.70;0
633;bunker;2027.58;15.27;418.04;3.00;0
633;supply_node;2028.57;15.27;418.08;3.81;0
634;arms_factory;2128.00;15.82;630.00;2.14;0
634;industrial_complex;2127.76;15.82;630.96;1.63;0
634;air_base;2127.08;15.76;631.68;4.89;0
634;anti_air_building;2126.14;15.76;631.99;4.33;0
634;synthetic_refinery;2125.17;15.76;631.82;5.54;0
634;fuel_silo;2124.40;15.70;631.20;0.51;0
634;radar_station;2124.02;15.70;630.28;5.30;0
634;rocket_site;2124.13;15.76;629.30;5.92;0
634;nuclear_reactor;2124.69;15.70;628.49;4.87;0
634;bunker;2125.58;15.82;628.04;5.08;0
634;supply_node;2126.57;15.76;628.08;6.00;0
635;arms_factory;2101.00;15.88;883.00;5.61;0
635;industrial_complex;2100.76;15.82;883.96;0.38;0
635;air_base;2100.08;15.88;884.68;4.82;0
635;anti_air_building;2099.14;15.88;884.99;1.49;0
635;synthetic_refinery;2098.17;15.94;884.82;2.21;0
635;fuel_silo;2097.40;16.06;884.20;2.10;0
635;radar_station;2097.02;16.06;883.28;1.47;0
635;rocket_site;2097.13;16.06;882.30;6.18;0
635;nuclear_reactor;2097.69;16.00;881.49;4.38;0
635;bunker;2098.58;15.94;881.04;5.15;0
635;supply_node;2099.57;16.00;881.08;1.24;0
636;arms_factory;1895.00;15.34;453.00;3.28;0
636;industrial_complex;1894.76;15.34;453.96;1.89;0
636;air_base;1894.08;15.34;454.68;3.50;0
636;anti_air_building;1893.14;15.34;454.99;5.89;0
636;synthetic_refinery;1892.17;15.34;454.82;3.59;0
636;fuel_silo;1891.40;15.34;454.20;5.02;0
636;radar_station;1891.02;15.34;453.28;3.12;0
636;rocket_site;1891.13;15.34;452.30;2.77;0
636;nuclear_reactor;1891.69;15.34;451.49;6.00;0
636;bunker;1892.58;15.34;451.04;3.47;0
636;supply_node;1893.57;15.34;451.08;6.08;0
637;arms_factory;2055.00;15.76;934.00;2.54;0
637;industrial_complex;2054.76;15.76;934.96;0.95;0
637;air_base;2054.08;15.76;935.68;2.23;0
637;anti_air_building;2053.14;15.70;935.99;2.94;0
637;synthetic_refinery;2052.17;15.64;935.82;1.08;0
637;fuel_silo;2051.40;15.64;935.20;3.11;0
637;radar_station;2051.02;15.76;934.28;2.60;0
637;rocket_site;2051.13;15.70;933.30;3.61;0
637;nuclear_reactor;2051.69;15.70;932.49;1.07;0
637;bunker;2052.58;15.76;932.04;3.01;0
637;supply_node;2053.57;15.76;932.08;4.13;0
638;arms_factory;1481.00;15.46;749.00;3.26;0
638;industrial_complex;1480.76;15.46;749.96;4.98;0
638;air_base;1480.08;15.40;750.68;0.04;0
638;anti_air_building;1479.14;15.40;750.99;2.58;0
638;synthetic_refinery;1478.17;15.34;750.82;4.39;0
638;fuel_silo;1477.40;15.34;750.20;3.90;0
638;radar_station;1477.02;15.34;749.28;3.70;0
638;rocket_site;1477.13;15.34;748.30;4.84;0
638;nuclear_reactor;1477.69;15.34;747.49;6.06;0
638;bunker;1478.58;15.40;747.04;4.83;0
638;supply_node;1479.57;15.40;747.08;2.72;0
639;arms_factory;1483.00;16.98;1185.00;3.25;0
639;industrial_complex;1482.76;16.73;1185.96;4.68;0
639;air_base;1482.08;16.79;1186.68;6.06;0
639;anti_air_building;1481.14;16.67;1186.99;2.06;0
639;synthetic_refinery;1480.17;16.55;1186.82;5.02;0
639;fuel_silo;1479.40;16.55;1186.20;5.43;0
639;radar_station;1479.02;16.55;1185.28;0.89;0
639;rocket_site;1479.13;16.61;1184.30;2.93;0
639;nuclear_reactor;1479.69;16.73;1183.49;2.06;0
639;bunker;1480.58;16.79;1183.04;2.51;0
639;supply_node;1481.57;16.73;1183.08;1.39;0
640;arms_factory;1444.00;15.82;759.00;5.30;0
640;industrial_complex;1443.76;15.94;759.96;4.19;0
640;air_base;1443.08;15.88;760.68;5.66;0
640;anti_air_building;1442.14;15.94;760.99;4.18;0
640;synthetic_refinery;1441.17;16.00;760.82;2.20;0
640;fuel_silo;1440.40;16.00;760.20;0.23;0
640;radar_station;1440.02;16.00;759.28;4.34;0
640;rocket_site;1440.13;16.00;758.30;5.39;0
640;nuclear_reactor;1440.69;16.06;757.49;1.25;0
640;bunker;1441.58;15.94;757.04;4.09;0
640;supply_node;1442.57;15.94;757.08;1.56;0
641;arms_factory;1130.00;15.58;785.00;2.34;0
641;industrial_complex;1129.76;15.52;785.96;5.88;0
641;air_base;1129.08;15.46;786.68;2.21;0
641;anti_air_building;1128.14;15.46;786.99;4.52;0
641;synthetic_refinery;1127.17;15.46;786.82;4.32;0
641;fuel_silo;1126.40;15.46;786.20;5.73;0
641;radar_station;1126.02;15.46;785.28;1.51;0
641;rocket_site;1126.13;15.46;784.30;3.85;0
641;nuclear_reactor;1126.69;15.52;783.49;5.86;0
641;bunker;1127.58;15.52;783.04;6.14;0
641;supply_node;1128.57;15.58;783.08;3.33;0
642;arms_factory;1540.00;15.46;711.00;2.46;0
642;industrial_complex;1539.76;15.40;711.96;4.24;0
642;air_base;1539.08;15.46;712.68;5.46;0
642;anti_air_building;1538.14;15.40;712.99;5.28;0
642;synthetic_refinery;1537.17;15.34;712.82;3.66;0
642;fuel_silo;1536.40;15.34;712.20;0.10;0
642;radar_station;1536.02;15.34;711.28;3.31;0
642;rocket_site;1536.13;15.34;710.30;0.09;0
642;nuclear_reactor;1536.69;15.34;709.49;2.98;0
642;bunker;1537.58;15.34;709.04;2.42;0
642;supply_node;1538.57;15.34;709.08;3.49;0
643;arms_factory;1486.00;15.58;1087.00;5.81;0
643;industrial_complex;1485.76;15.58;1087.96;4.01;0
643;air_base;1485.08;15.64;1088.68;4.57;0
643;anti_air_building;1484.14;15.58;1088.99;4.97;0
643;synthetic_refinery;1483.17;15.58;1088.82;2.73;0
643;fuel_silo;1482.40;15.52;1088.20;5.77;0
643;radar_station;1482.02;15.46;1087.28;3.22;0
643;rocket_site;1482.13;15.46;1086.30;2.38;0
643;nuclear_reactor;1482.69;15.40;1085.49;1.83;0
643;bunker;1483.58;15.40;1085.04;4.91;0
643;supply_node;1484.57;15.46;1085.08;5.13;0
644;arms_factory;2159.00;15.27;1106.00;2.00;0
644;industrial_complex;2158.76;15.27;1106.96;5.37;0
644;air_base;2158.08;15.27;1107.68;3.44;0
644;anti_air_building;2157.14;15.27;1107.99;4.52;0
644;synthetic_refinery;2156.17;15.27;1107.82;1.37;0
644;fuel_silo;2155.40;15.27;1107.20;0.09;0
644;radar_station;2155.02;15.27;1106.28;3.41;0
644;rocket_site;2155.13;15.27;1105.30;1.89;0
644;nuclear_reactor;2155.69;15.27;1104.49;2.21;0
644;bunker;2156.58;15.27;1104.04;3.81;0
644;supply_node;2157.57;15.27;1104.08;2.70;0
645;arms_factory;1824.00;17.16;910.00;2.70;0
645;industrial_complex;1823.76;17.10;910.96;0.72;0
645;air_base;1823.08;17.22;911.68;3.91;0
645;anti_air_building;1822.14;17.10;911.99;5.23;0
645;synthetic_refinery;1821.17;17.04;911.82;2.18;0
645;fuel_silo;1820.40;17.10;911.20;0.42;0
645;radar_station;1820.02;16.92;910.28;6.08;0
645;rocket_site;1820.13;16.92;909.30;2.53;0
645;nuclear_reactor;1820.69;16.92;908.49;0.38;0
645;bunker;1821.58;16.98;908.04;2.56;0
645;supply_node;1822.57;17.04;908.08;1.86;0
646;arms_factory;1303.00;15.27;1037.00;2.84;0
646;industrial_complex;1302.76;15.27;1037.96;4.65;0
646;air_base;1302.08;15.27;1038.68;4.31;0
646;anti_air_building;1301.14;15.27;1038.99;2.93;0
646;synthetic_refinery;1300.17;15.27;1038.82;3.87;0
646;fuel_silo;1299.40;15.27;1038.20;2.48;0
646;radar_station;1299.02;15.27;1037.28;4.72;0
646;rocket_site;1299.13;15.27;1036.30;3.73;0
646;nuclear_reactor;1299.69;15.27;1035.49;5.31;0
646;bunker;1300.58;15.27;1035.04;1.81;0
646;supply_node;1301.57;15.27;1035.08;2.75;0
647;arms_factory;1333.00;15.27;788.00;4.82;0
647;industrial_complex;1332.76;15.27;788.96;1.72;0
647;air_base;1332.08;15.27;789.68;3.77;0
647;anti_air_building;1331.14;15.27;789.99;3.24;0
647;synthetic_refinery;1330.17;15.27;789.82;5.42;0
647;fuel_silo;1329.40;15.27;789.20;0.68;0
647;radar_station;1329.02;15.27;788.28;4.42;0
647;rocket_site;1329.13;15.27;787.30;0.43;0
647;nuclear_reactor;1329.69;15.27;786.49;4.77;0
647;bunker;1330.58;15.27;786.04;5.16;0
647;supply_node;1331.57;15.27;786.08;2.91;0
648;arms_factory;1569.00;15.46;794.00;2.60;0
648;industrial_complex;1568.76;15.52;794.96;5.27;0
648;air_base;1568.08;15.52;795.68;5.13;0
648;anti_air_building;1567.14;15.52;795.99;0.58;0
648;synthetic_refinery;1566.17;15.52;795.82;4.61;0
648;fuel_silo;1565.40;15.52;795.20;6.27;0
648;radar_station;1565.02;15.58;794.28;2.75;0
648;rocket_site;1565.13;15.58;793.30;3.33;0
648;nuclear_reactor;1565.69;15.58;792.49;0.01;0
648;bunker;1566.58;15.58;792.04;3.79;0
648;supply_node;1567.57;15.52;792.08;3.87;0
649;arms_factory;1873.00;16.31;634.00;0.76;0
649;industrial_complex;1872.76;16.31;634.96;3.61;0
649;air_base;1872.08;16.25;635.68;3.51;0
649;anti_air_building;1871.14;16.43;635.99;0.28;0
649;synthetic_refinery;1870.17;16.61;635.82;2.61;0
649;fuel_silo;1869.40;16.55;635.20;5.92;0
649;radar_station;1869.02;16.49;634.28;2.55;0
649;rocket_site;1869.13;16.61;633.30;1.85;0
649;nuclear_reactor;1869.69;16.79;632.49;4.23;0
649;bunker;1870.58;16.55;632.04;3.05;0
649;supply_node;1871.57;16.37;632.08;5.03;0
650;arms_factory;1544.00;15.64;1049.00;5.08;0
650;industrial_complex;1543.76;15.58;1049.96;5.52;0
650;air_base;1543.08;15.58;1050.68;0.43;0
650;anti_air_building;1542.14;15.52;1050.99;1.20;0
650;synthetic_refinery;1541.17;15.46;1050.82;3.70;0
650;fuel_silo;1540.40;15.46;1050.20;4.12;0
650;radar_station;1540.02;15.52;1049.28;4.51;0
650;rocket_site;1540.13;15.52;1048.30;2.61;0
650;nuclear_reactor;1540.69;15.52;1047.49;1.81;0
650;bunker;1541.58;15.58;1047.04;4.44;0
650;supply_node;1542.57;15.58;1047.08;1.31;0
651;arms_factory;1675.00;17.10;680.00;1.77;0
651;industrial_complex;1674.76;16.98;680.96;4.18;0
651;air_base;1674.08;16.98;681.68;2.61;0
651;anti_air_building;1673.14;17.10;681.99;1.45;0
651;synthetic_refinery;1672.17;17.22;681.82;4.12;0
651;fuel_silo;1671.40;17.40;681.20;2.94;0
651;radar_station;1671.02;17.40;680.28;1.04;0
651;rocket_site;1671.13;17.28;679.30;3.61;0
651;nuclear_reactor;1671.69;17.22;678.49;1.58;0
651;bunker;1672.58;17.16;678.04;1.14;0
651;supply_node;1673.57;17.10;678.08;5.25;0
652;arms_factory;1530.00;16.43;759.00;5.84;0
652;industrial_complex;1529.76;16.61;759.96;2.98;0
652;air_base;1529.08;16.49;760.68;0.37;0
652;anti_air_building;1528.14;16.49;760.99;1.03;0
652;synthetic_refinery;1527.17;16.55;760.82;4.26;0
652;fuel_silo;1526.40;16.49;760.20;0.59;0
652;radar_station;1526.02;16.61;759.28;4.15;0
652;rocket_site;1526.13;16.67;758.30;1.30;0
652;nuclear_reactor;1526.69;16.67;757.49;3.13;0
652;bunker;1527.58;16.73;757.04;3.58;0
652;supply_node;1528.57;16.67;757.08;1.14;0
653;arms_factory;1634.00;17.46;806.00;1.28;0
653;industrial_complex;1633.76;17.28;806.96;1.31;0
653;air_base;1633.08;17.28;807.68;4.66;0
653;anti_air_building;1632.14;17.46;807.99;4.15;0
653;synthetic_refinery;1631.17;17.52;807.82;5.86;0
653;fuel_silo;1630.40;17.28;807.20;3.87;0
653;radar_station;1630.02;17.22;806.28;4.93;0
653;rocket_site;1630.13;17.16;805.30;4.43;0
653;nuclear_reactor;1630.69;17.10;804.49;3.63;0
653;bunker;1631.58;17.16;804.04;2.15;0
653;supply_node;1632.57;17.22;804.08;0.79;0
654;arms_factory;1613.00;15.40;1123.00;3.72;0
654;industrial_complex;1612.76;15.40;1123.96;2.13;0
654;air_base;1612.08;15.40;1124.68;0.68;0
654;anti_air_building;1611.14;15.40;1124.99;3.41;0
654;synthetic_refinery;1610.17;15.40;1124.82;5.95;0
654;fuel_silo;1609.40;15.40;1124.20;4.59;0
654;radar_station;1609.02;15.40;1123.28;0.04;0
654;rocket_site;1609.13;15.40;1122.30;6.01;0
654;nuclear_reactor;1609.69;15.40;1121.49;2.89;0
654;bunker;1610.58;15.40;1121.04;1.40;0
654;supply_node;1611.57;15.40;1121.08;5.54;0
655;arms_factory;2212.00;16.06;430.00;1.30;0
655;industrial_complex;2211.76;16.06;430.96;2.04;0
655;air_base;2211.08;16.00;431.68;1.97;0
655;anti_air_building;2210.14;16.00;431.99;4.52;0
655;synthetic_refinery;2209.17;16.00;431.82;3.52;0
655;fuel_silo;2208.40;16.00;431.20;3.24;0
655;radar_station;2208.02;16.06;430.28;4.19;0
655;rocket_site;2208.13;16.06;429.30;2.35;0
655;nuclear_reactor;2208.69;16.00;428.49;3.80;0
655;bunker;2209.58;16.00;428.04;4.16;0
655;supply_node;2210.57;16.06;428.08;2.67;0
656;arms_factory;1630.00;16.25;1058.00;4.48;0
656;industrial_complex;1629.76;16.37;1058.96;5.90;0
656;air_base;1629.08;16.31;1059.68;0.64;0
656;anti_air_building;1628.14;16.31;1059.99;5.53;0
656;synthetic_refinery;1627.17;16.37;1059.82;4.63;0
656;fuel_silo;1626.40;16.43;1059.20;0.40;0
656;radar_station;1626.02;16.49;1058.28;2.86;0
656;rocket_site;1626.13;16.61;1057.30;6.13;0
656;nuclear_reactor;1626.69;16.61;1056.49;4.93;0
656;bunker;1627.58;16.67;1056.04;6.03;0
656;supply_node;1628.57;16.55;1056.08;2.94;0
657;arms_factory;1313.00;15.27;772.00;0.06;0
657;industrial_complex;1312.76;15.27;772.96;2.45;0
657;air_base;1312.08;15.27;773.68;3.37;0
657;anti_air_building;1311.14;15.34;773.99;2.30;0
657;synthetic_refinery;1310.17;15.34;773.82;1.58;0
657;fuel_silo;1309.40;15.34;773.20;4.45;0
657;radar_station;1309.02;15.34;772.28;5.37;0
657;rocket_site;1309.13;15.34;771.30;3.13;0
657;nuclear_reactor;1309.69;15.34;770.49;2.28;0
657;bunker;1310.58;15.34;770.04;4.33;0
657;supply_node;1311.57;15.34;770.08;2.93;0
658;arms_factory;1807.00;15.70;506.00;0.06;0
658;industrial_complex;1806.76;15.76;506.96;3.21;0
658;air_base;1806.08;15.82;507.68;5.19;0
658;anti_air_building;1805.14;15.76;507.99;5.93;0
658;synthetic_refinery;1804.17;15.76;507.82;2.94;0
658;fuel_silo;1803.40;15.70;507.20;1.54;0
658;radar_station;1803.02;15.58;506.28;1.69;0
658;rocket_site;1803.13;15.58;505.30;3.04;0
658;nuclear_reactor;1803.69;15.52;504.49;4.73;0
658;bunker;1804.58;15.52;504.04;4.71;0
658;supply_node;1805.57;15.52;504.08;3.99;0
659;arms_factory;2178.00;15.52;648.00;5.16;0
659;industrial_complex;2177.76;15.58;648.96;3.00;0
659;air_base;2177.08;15.58;649.68;2.34;0
659;anti_air_building;2176.14;15.58;649.99;5.27;0
659;synthetic_refinery;2175.17;15.58;649.82;6.02;0
659;fuel_silo;2174.40;15.58;649.20;1.38;0
659;radar_station;2174.02;15.58;648.28;0.43;0
659;rocket_site;2174.13;15.58;647.30;1.50;0
659;nuclear_reactor;2174.69;15.58;646.49;4.04;0
659;bunker;2175.58;15.58;646.04;4.47;0
659;supply_node;2176.57;15.58;646.08;1.99;0
660;arms_factory;2006.00;15.40;1109.00;3.92;0
660;industrial_complex;2005.76;15.46;1109.96;4.12;0
660;air_base;2005.08;15.40;1110.68;3.34;0
660;anti_air_building;2004.14;15.46;1110.99;3.62;0
660;synthetic_refinery;2003.17;15.46;1110.82;3.55;0
660;fuel_silo;2002.40;15.52;1110.20;5.30;0
660;radar_station;2002.02;15.52;1109.28;2.64;0
660;rocket_site;2002.13;15.58;1108.30;3.47;0
660;nuclear_reactor;2002.69;15.58;1107.49;4.19;0
660;bunker;2003.58;15.58;1107.04;5.87;0
660;supply_node;2004.57;15.52;1107.08;4.99;0
661;arms_factory;1633.00;18.37;718.00;4.92;0
661;industrial_complex;1632.76;18.19;718.96;2.08;0
661;air_base;1632.08;17.89;719.68;3.30;0
661;anti_air_building;1631.14;17.89;719.99;2.79;0
661;synthetic_refinery;1630.17;17.46;719.82;3.19;0
661;fuel_silo;1629.40;17.34;719.20;0.58;0
661;radar_station;1629.02;17.40;718.28;1.05;0
661;rocket_site;1629.13;17.52;717.30;3.86;0
661;nuclear_reactor;1629.69;17.52;716.49;3.04;0
661;bunker;1630.58;17.65;716.04;2.46;0
661;supply_node;1631.57;17.65;716.08;1.01;0
662;arms_factory;1738.00;17.71;1034.00;6.18;0
662;industrial_complex;1737.76;17.65;1034.96;1.03;0
662;air_base;1737.08;17.71;1035.68;3.54;0
662;anti_air_building;1736.14;17.71;1035.99;2.79;0
662;synthetic_refinery;1735.17;17.40;1035.82;5.48;0
662;fuel_silo;1734.40;17.52;1035.20;0.44;0
662;radar_station;1734.02;17.71;1034.28;5.81;0
662;rocket_site;1734.13;17.77;1033.30;4.68;0
662;nuclear_reactor;1734.69;17.58;1032.49;3.31;0
662;bunker;1735.58;17.58;1032.04;2.90;0
662;supply_node;1736.57;17.52;1032.08;3.27;0
663;arms_factory;2215.00;15.34;674.00;2.67;0
663;industrial_complex;2214.76;15.34;674.96;5.80;0
663;air_base;2214.08;15.34;675.68;0.41;0
663;anti_air_building;2213.14;15.34;675.99;4.93;0
663;synthetic_refinery;2212.17;15.34;675.82;1.07;0
663;fuel_silo;2211.40;15.34;675.20;3.83;0
663;radar_station;2211.02;15.34;674.28;2.51;0
663;rocket_site;2211.13;15.34;673.30;5.22;0
663;nuclear_reactor;2211.69;15.34;672.49;5.41;0
663;bunker;2212.58;15.34;672.04;2.62;0
663;supply_node;2213.57;15.34;672.08;1.36;0
664;arms_factory;2147.00;15.94;1190.00;5.28;0
664;industrial_complex;2146.76;15.88;1190.96;0.90;0
664;air_base;2146.08;15.88;1191.68;0.76;0
664;anti_air_building;2145.14;15.94;1191.99;2.87;0
664;synthetic_refinery;2144.17;15.88;1191.82;5.97;0
664;fuel_silo;2143.40;16.00;1191.20;3.87;0
664;radar_station;2143.02;15.88;1190.28;4.90;0
664;rocket_site;2143.13;15.82;1189.30;5.63;0
664;nuclear_reactor;2143.69;15.76;1188.49;2.63;0
664;bunker;2144.58;15.76;1188.04;1.78;0
664;supply_node;2145.57;15.82;1188.08;0.78;0
665;arms_factory;1928.00;18.01;1003.00;6.18;0
665;industrial_complex;1927.76;18.25;1003.96;5.53;0
665;air_base;1927.08;18.56;1004.68;0.39;0
665;anti_air_building;1926.14;18.19;1004.99;5.52;0
665;synthetic_refinery;1925.17;17.77;1004.82;0.44;0
665;fuel_silo;1924.40;17.89;1004.20;2.58;0
665;radar_station;1924.02;17.95;1003.28;0.27;0
665;rocket_site;1924.13;17.83;1002.30;5.31;0
665;nuclear_reactor;1924.69;18.01;1001.49;0.25;0
665;bunker;1925.58;18.19;1001.04;2.66;0
665;supply_node;1926.57;18.07;1001.08;5.55;0
666;arms_factory;1784.00;17.95;1008.00;4.91;0
666;industrial_complex;1783.76;17.83;1008.96;5.10;0
666;air_base;1783.08;17.52;1009.68;5.94;0
666;anti_air_building;1782.14;17.52;1009.99;0.50;0
666;synthetic_refinery;1781.17;17.52;1009.82;5.77;0
666;fuel_silo;1780.40;17.77;1009.20;6.13;0
666;radar_station;1780.02;18.01;1008.28;0.66;0
666;rocket_site;1780.13;18.01;1007.30;5.28;0
666;nuclear_reactor;1780.69;18.13;1006.49;0.58;0
666;bunker;1781.58;18.07;1006.04;0.54;0
666;supply_node;1782.57;18.07;1006.08;0.49;0
667;arms_factory;1995.00;15.40;759.00;2.25;0
667;industrial_complex;1994.76;15.34;759.96;4.52;0
667;air_base;1994.08;15.34;760.68;4.75;0
667;anti_air_building;1993.14;15.34;760.99;4.39;0
667;synthetic_refinery;1992.17;15.34;760.82;3.62;0
667;fuel_silo;1991.40;15.34;760.20;4.09;0
667;radar_station;1991.02;15.27;759.28;1.33;0
667;rocket_site;1991.13;15.27;758.30;5.77;0
667;nuclear_reactor;1991.69;15.34;757.49;5.65;0
667;bunker;1992.58;15.34;757.04;1.75;0
667;supply_node;1993.57;15.34;757.08;1.12;0
668;arms_factory;1967.00;15.76;1056.00;1.29;0
668;industrial_complex;1966.76;15.76;1056.96;1.45;0
668;air_base;1966.08;15.76;1057.68;2.28;0
668;anti_air_building;1965.14;15.76;1057.99;2.02;0
668;synthetic_refinery;1964.17;15.70;1057.82;0.98;0
668;fuel_silo;1963.40;15.70;1057.20;4.33;0
668;radar_station;1963.02;15.70;1056.28;2.66;0
668;rocket_site;1963.13;15.76;1055.30;3.09;0
668;nuclear_reactor;1963.69;15.76;1054.49;1.02;0
668;bunker;1964.58;15.76;1054.04;1.42;0
668;supply_node;1965.57;15.70;1054.08;2.47;0
669;arms_factory;2267.00;15.27;926.00;1.75;0
669;industrial_complex;2266.76;15.27;926.96;2.72;0
669;air_base;2266.08;15.27;927.68;3.52;0
669;anti_air_building;2265.14;15.27;927.99;5.85;0
669;synthetic_refinery;2264.17;15.27;927.82;0.37;0
669;fuel_silo;2263.40;15.27;927.20;1.01;0
669;radar_station;2263.02;15.27;926.28;2.66;0
669;rocket_site;2263.13;15.27;925.30;2.77;0
669;nuclear_reactor;2263.69;15.27;924.49;0.48;0
669;bunker;2264.58;15.27;924.04;4.38;0
669;supply_node;2265.57;15.27;924.08;2.54;0
670;arms_factory;1931.00;15.64;1135.00;5.74;0
670;industrial_complex;1930.76;15.64;1135.96;3.96;0
670;air_base;1930.08;15.64;1136.68;6.06;0
670;anti_air_building;1929.14;15.58;1136.99;3.71;0
670;synthetic_refinery;1928.17;15.58;1136.82;5.19;0
670;fuel_silo;1927.40;15.52;1136.20;6.19;0
670;radar_station;1927.02;15.52;1135.28;2.26;0
670;rocket_site;1927.13;15.58;1134.30;6.26;0
670;nuclear_reactor;1927.69;15.52;1133.49;2.86;0
670;bunker;1928.58;15.52;1133.04;0.36;0
670;supply_node;1929.57;15.58;1133.08;0.61;0
671;arms_factory;2108.00;15.40;593.00;1.76;0
671;industrial_complex;2107.76;15.40;593.96;3.03;0
671;air_base;2107.08;15.40;594.68;6.11;0
671;anti_air_building;2106.14;15.34;594.99;3.24;0
671;synthetic_refinery;2105.17;15.34;594.82;5.66;0
671;fuel_silo;2104.40;15.34;594.20;4.16;0
671;radar_station;2104.02;15.34;593.28;3.44;0
671;rocket_site;2104.13;15.34;592.30;4.75;0
671;nuclear_reactor;2104.69;15.34;591.49;3.69;0
671;bunker;2105.58;15.34;591.04;0.64;0
671;supply_node;2106.57;15.40;591.08;3.09;0
672;arms_factory;2193.00;15.27;1072.00;3.44;0
672;industrial_complex;2192.76;15.27;1072.96;3.46;0
672;air_base;2192.08;15.27;1073.68;4.71;0
672;anti_air_building;2191.14;15.27;1073.99;5.40;0
672;synthetic_refinery;2190.17;15.27;1073.82;0.27;0
672;fuel_silo;2189.40;15.27;1073.20;6.11;0
672;radar_station;2189.02;15.27;1072.28;6.00;0
672;rocket_site;2189.13;15.27;1071.30;2.22;0
672;nuclear_reactor;2189.69;15.27;1070.49;5.48;0
672;bunker;2190.58;15.27;1070.04;5.75;0
672;supply_node;2191.57;15.27;1070.08;1.60;0
673;arms_factory;2084.00;16.25;1203.00;5.31;0
673;industrial_complex;2083.76;16.31;1203.96;2.28;0
673;air_base;2083.08;16.43;1204.68;5.89;0
673;anti_air_building;2082.14;16.37;1204.99;4.54;0
673;synthetic_refinery;2081.17;16.49;1204.82;0.05;0
673;fuel_silo;2080.40;16.55;1204.20;6.05;0
673;radar_station;2080.02;16.49;1203.28;4.41;0
673;rocket_site;2080.13;16.43;1202.30;1.31;0
673;nuclear_reactor;2080.69;16.43;1201.49;0.22;0
673;bunker;2081.58;16.31;1201.04;2.55;0
673;supply_node;2082.57;16.25;1201.08;2.90;0
674;arms_factory;1870.00;15.70;832.00;1.58;0
674;industrial_complex;1869.76;15.70;832.96;4.94;0
674;air_base;1869.08;15.64;833.68;2.63;0
674;anti_air_building;1868.14;15.70;833.99;0.25;0
674;synthetic_refinery;1867.17;15.76;833.82;5.43;0
674;fuel_silo;1866.40;15.82;833.20;3.57;0
674;radar_station;1866.02;15.82;832.28;1.23;0
674;rocket_site;1866.13;15.88;831.30;5.99;0
674;nuclear_reactor;1866.69;16.00;830.49;6.21;0
674;bunker;1867.58;15.88;830.04;0.69;0
674;supply_node;1868.57;15.82;830.08;3.27;0
675;arms_factory;1848.00;15.27;227.00;5.66;0
675;industrial_complex;1847.76;15.27;227.96;6.11;0
675;air_base;1847.08;15.27;228.68;4.76;0
675;anti_air_building;1846.14;15.27;228.99;4.75;0
675;synthetic_refinery;1845.17;15.27;228.82;3.44;0
675;fuel_silo;1844.40;15.27;228.20;3.91;0
675;radar_station;1844.02;15.27;227.28;0.51;0
675;rocket_site;1844.13;15.27;226.30;3.21;0
675;nuclear_reactor;1844.69;15.27;225.49;3.40;0
675;bunker;1845.58;15.27;225.04;1.69;0
675;supply_node;1846.57;15.27;225.08;5.20;0
676;arms_factory;1962.00;16.19;596.00;5.03;0
676;industrial_complex;1961.76;16.37;596.96;3.75;0
676;air_base;1961.08;16.25;597.68;4.22;0
676;anti_air_building;1960.14;16.31;597.99;5.00;0
676;synthetic_refinery;1959.17;16.31;597.82;6.24;0
676;fuel_silo;1958.40;16.43;597.20;4.34;0
676;radar_station;1958.02;16.43;596.28;1.92;0
676;rocket_site;1958.13;16.25;595.30;5.30;0
676;nuclear_reactor;1958.69;16.25;594.49;4.71;0
676;bunker;1959.58;16.19;594.04;5.57;0
676;supply_node;1960.57;16.25;594.08;4.55;0
677;arms_factory;2270.00;15.82;770.00;4.15;0
677;industrial_complex;2269.76;15.82;770.96;0.99;0
677;air_base;2269.08;15.82;771.68;2.70;0
677;anti_air_building;2268.14;15.88;771.99;3.09;0
677;synthetic_refinery;2267.17;15.88;771.82;3.06;0
677;fuel_silo;2266.40;15.82;771.20;6.04;0
677;radar_station;2266.02;15.82;770.28;2.54;0
677;rocket_site;2266.13;15.82;769.30;5.29;0
677;nuclear_reactor;2266.69;15.88;768.49;0.59;0
677;bunker;2267.58;15.82;768.04;0.34;0
677;supply_node;2268.57;15.82;768.08;4.80;0
678;arms_factory;1090.00;15.34;764.00;4.12;0
678;industrial_complex;1089.76;15.34;764.96;2.69;0
678;air_base;1089.08;15.34;765.68;4.39;0
678;anti_air_building;1088.14;15.27;765.99;3.18;0
678;synthetic_refinery;1087.17;15.27;765.82;5.83;0
678;fuel_silo;1086.40;15.27;765.20;2.15;0
678;radar_station;1086.02;15.27;764.28;0.94;0
678;rocket_site;1086.13;15.27;763.30;5.75;0
678;nuclear_reactor;1086.69;15.27;762.49;5.80;0
678;bunker;1087.58;15.27;762.04;1.55;0
678;supply_node;1088.57;15.27;762.08;4.16;0
679;arms_factory;1701.00;15.76;656.00;6.02;0
679;industrial_complex;1700.76;15.82;656.96;4.11;0
679;air_base;1700.08;15.88;657.68;5.90;0
679;anti_air_building;1699.14;15.94;657.99;2.44;0
679;synthetic_refinery;1698.17;15.94;657.82;4.91;0
679;fuel_silo;1697.40;15.94;657.20;5.01;0
679;radar_station;1697.02;15.88;656.28;5.24;0
679;rocket_site;1697.13;15.76;655.30;4.67;0
679;nuclear_reactor;1697.69;15.76;654.49;0.79;0
679;bunker;1698.58;15.70;654.04;0.39;0
679;supply_node;1699.57;15.76;654.08;0.47;0
680;arms_factory;1566.00;15.27;1125.00;1.06;0
680;industrial_complex;1565.76;15.27;1125.96;4.61;0
680;air_base;1565.08;15.27;1126.68;0.12;0
680;anti_air_building;1564.14;15.27;1126.99;4.27;0
680;synthetic_refinery;1563.17;15.03;1126.82;3.61;0
680;fuel_silo;1562.40;15.03;1126.20;0.73;0
680;radar_station;1562.02;15.03;1125.28;2.98;0
680;rocket_site;1562.13;15.03;1124.30;3.26;0
680;nuclear_reactor;1562.69;15.03;1123.49;0.67;0
680;bunker;1563.58;15.03;1123.04;0.46;0
680;supply_node;1564.57;15.03;1123.08;1.42;0
681;arms_factory;1807.00;15.40;607.00;5.53;0
681;industrial_complex;1806.76;15.40;607.96;3.59;0
681;air_base;1806.08;15.40;608.68;0.34;0
681;anti_air_building;1805.14;15.40;608.99;0.26;0
681;synthetic_refinery;1804.17;15.40;608.82;0.84;0
681;fuel_silo;1803.40;15.40;608.20;4.83;0
681;radar_station;1803.02;15.46;607.28;6.14;0
681;rocket_site;1803.13;15.40;606.30;0.55;0
681;nuclear_reactor;1803.69;15.40;605.49;1.38;0
681;bunker;1804.58;15.40;605.04;4.71;0
681;supply_node;1805.57;15.40;605.08;0.12;0
682;arms_factory;2102.00;15.58;914.00;0.35;0
682;industrial_complex;2101.76;15.58;914.96;1.66;0
682;air_base;2101.08;15.52;915.68;2.93;0
682;anti_air_building;2100.14;15.52;915.99;5.97;0
682;synthetic_refinery;2099.17;15.52;915.82;6.25;0
682;fuel_silo;2098.40;15.52;915.20;4.93;0
682;radar_station;2098.02;15.52;914.28;0.89;0
682;rocket_site;2098.13;15.52;913.30;1.72;0
682;nuclear_reactor;2098.69;15.58;912.49;5.56;0
682;bunker;2099.58;15.58;912.04;2.69;0
682;supply_node;2100.57;15.58;912.08;2.11;0
683;arms_factory;1238.00;15.34;629.00;5.53;0
683;industrial_complex;1237.76;15.34;629.96;4.49;0
683;air_base;1237.08;15.34;630.68;3.71;0
683;anti_air_building;1236.14;15.34;630.99;1.48;0
683;synthetic_refinery;1235.17;15.34;630.82;5.72;0
683;fuel_silo;1234.40;15.34;630.20;0.05;0
683;radar_station;1234.02;15.34;629.28;5.04;0
683;rocket_site;1234.13;15.34;628.30;5.88;0
683;nuclear_reactor;1234.69;15.34;627.49;5.74;0
683;bunker;1235.58;15.34;627.04;4.44;0
683;supply_node;1236.57;15.34;627.08;3.52;0
684;arms_factory;1463.00;15.46;872.00;0.76;0
684;industrial_complex;1462.76;15.46;872.96;4.58;0
684;air_base;1462.08;15.46;873.68;5.08;0
684;anti_air_building;1461.14;15.46;873.99;0.28;0
684;synthetic_refinery;1460.17;15.46;873.82;0.12;0
684;fuel_silo;1459.40;15.52;873.20;0.29;0
684;radar_station;1459.02;15.52;872.28;4.34;0
684;rocket_site;1459.13;15.46;871.30;5.28;0
684;nuclear_reactor;1459.69;15.46;870.49;3.43;0
684;bunker;1460.58;15.46;870.04;5.27;0
684;supply_node;1461.57;15.46;870.08;1.33;0
685;arms_factory;2158.00;15.27;378.00;3.69;0
685;industrial_complex;2157.76;15.27;378.96;3.33;0
685;air_base;2157.08;15.27;379.68;4.09;0
685;anti_air_building;2156.14;15.27;379.99;1.60;0
685;synthetic_refinery;2155.17;15.27;379.82;3.88;0
685;fuel_silo;2154.40;15.27;379.20;2.96;0
685;radar_station;2154.02;15.27;378.28;1.17;0
685;rocket_site;2154.13;15.27;377.30;0.95;0
685;nuclear_reactor;2154.69;15.27;376.49;1.38;0
685;bunker;2155.58;15.27;376.04;2.68;0
685;supply_node;2156.57;15.27;376.08;1.88;0
686;arms_factory;1968.00;15.34;1081.00;1.31;0
686;industrial_complex;1967.76;15.34;1081.96;3.17;0
686;air_base;1967.08;15.27;1082.68;2.32;0
686;anti_air_building;1966.14;15.27;1082.99;6.21;0
686;synthetic_refinery;1965.17;15.34;1082.82;5.25;0
686;fuel_silo;1964.40;15.34;1082.20;0.27;0
686;radar_station;1964.02;15.27;1081.28;1.13;0
686;rocket_site;1964.13;15.34;1080.30;1.15;0
686;nuclear_reactor;1964.69;15.34;1079.49;2.93;0
686;bunker;1965.58;15.34;1079.04;0.28;0
686;supply_node;1966.57;15.34;1079.08;3.17;0
687;arms_factory;1857.00;16.49;909.00;0.09;0
687;industrial_complex;1856.76;16.49;909.96;1.12;0
687;air_base;1856.08;16.61;910.68;0.54;0
687;anti_air_building;1855.14;16.55;910.99;0.94;0
687;synthetic_refinery;1854.17;16.67;910.82;0.01;0
687;fuel_silo;1853.40;16.61;910.20;3.48;0
687;radar_station;1853.02;16.61;909.28;1.65;0
687;rocket_site;1853.13;16.61;908.30;4.68;0
687;nuclear_reactor;1853.69;16.67;907.49;3.03;0
687;bunker;1854.58;16.61;907.04;3.87;0
687;supply_node;1855.57;16.55;907.08;3.13;0
688;arms_factory;1880.00;16.43;521.00;5.17;0
688;industrial_complex;1879.76;16.19;521.96;3.72;0
688;air_base;1879.08;16.37;522.68;5.02;0
688;anti_air_building;1878.14;16.19;522.99;0.55;0
688;synthetic_refinery;1877.17;16.13;522.82;1.73;0
688;fuel_silo;1876.40;16.13;522.20;0.14;0
688;radar_station;1876.02;16.19;521.28;5.07;0
688;rocket_site;1876.13;16.13;520.30;4.92;0
688;nuclear_reactor;1876.69;16.06;519.49;6.20;0
688;bunker;1877.58;16.00;519.04;0.11;0
688;supply_node;1878.57;16.13;519.08;2.51;0
689;arms_factory;2111.00;15.34;963.00;6.01;0
689;industrial_complex;2110.76;15.34;963.96;3.67;0
689;air_base;2110.08;15.34;964.68;2.22;0
689;anti_air_building;2109.14;15.34;964.99;0.38;0
689;synthetic_refinery;2108.17;15.34;964.82;2.59;0
689;fuel_silo;2107.40;15.34;964.20;0.70;0
689;radar_station;2107.02;15.34;963.28;3.99;0
689;rocket_site;2107.13;15.34;962.30;0.92;0
689;nuclear_reactor;2107.69;15.34;961.49;5.60;0
689;bunker;2108.58;15.34;961.04;0.52;0
689;supply_node;2109.57;15.34;961.08;0.91;0
690;arms_factory;1775.00;18.74;950.00;3.18;0
690;industrial_complex;1774.76;18.80;950.96;3.48;0
690;air_base;1774.08;18.56;951.68;2.25;0
690;anti_air_building;1773.14;18.25;951.99;1.88;0
690;synthetic_refinery;1772.17;18.07;951.82;4.15;0
690;fuel_silo;1771.40;17.89;951.20;0.95;0
690;radar_station;1771.02;17.83;950.28;4.29;0
690;rocket_site;1771.13;18.01;949.30;5.85;0
690;nuclear_reactor;1771.69;18.25;948.49;5.40;0
690;bunker;1772.58;18.56;948.04;5.73;0
690;supply_node;1773.57;18.37;948.08;2.59;0
691;arms_factory;1404.00;15.27;853.00;4.70;0
691;industrial_complex;1403.76;15.27;853.96;1.03;0
691;air_base;1403.08;15.27;854.68;0.35;0
691;anti_air_building;1402.14;15.27;854.99;2.30;0
691;synthetic_refinery;1401.17;15.27;854.82;0.34;0
691;fuel_silo;1400.40;15.27;854.20;0.76;0
691;radar_station;1400.02;15.27;853.28;3.29;0
691;rocket_site;1400.13;15.27;852.30;5.22;0
691;nuclear_reactor;1400.69;15.27;851.49;2.00;0
691;bunker;1401.58;15.27;851.04;3.84;0
691;supply_node;1402.57;15.27;851.08;1.91;0
692;arms_factory;1599.00;16.98;867.00;6.04;0
692;industrial_complex;1598.76;17.04;867.96;3.14;0
692;air_base;1598.08;16.85;868.68;5.59;0
692;anti_air_building;1597.14;16.85;868.99;2.32;0
692;synthetic_refinery;1596.17;16.92;868.82;1.35;0
692;fuel_silo;1595.40;16.85;868.20;2.14;0
692;radar_station;1595.02;16.98;867.28;5.43;0
692;rocket_site;1595.13;16.85;866.30;1.62;0
692;nuclear_reactor;1595.69;16.79;865.49;1.51;0
692;bunker;1596.58;16.85;865.04;1.84;0
692;supply_node;1597.57;16.85;865.08;1.49;0
693;arms_factory;1985.00;16.43;994.00;5.07;0
693;industrial_complex;1984.76;16.43;994.96;3.96;0
693;air_base;1984.08;16.61;995.68;5.91;0
693;anti_air_building;1983.14;16.61;995.99;0.29;0
693;synthetic_refinery;1982.17;16.73;995.82;1.79;0
693;fuel_silo;1981.40;16.73;995.20;3.69;0
693;radar_station;1981.02;16.55;994.28;0.27;0
693;rocket_site;1981.13;16.37;993.30;0.43;0
693;nuclear_reactor;1981.69;16.19;992.49;4.82;0
693;bunker;1982.58;16.25;992.04;5.41;0
693;supply_node;1983.57;16.25;992.08;3.65;0
694;arms_factory;1433.00;15.27;824.00;6.14;0
694;industrial_complex;1432.76;15.27;824.96;1.13;0
694;air_base;1432.08;15.27;825.68;4.20;0
694;anti_air_building;1431.14;15.27;825.99;0.40;0
694;synthetic_refinery;1430.17;15.27;825.82;4.13;0
694;fuel_silo;1429.40;15.27;825.20;2.84;0
694;radar_station;1429.02;15.27;824.28;2.78;0
694;rocket_site;1429.13;15.27;823.30;4.69;0
694;nuclear_reactor;1429.69;15.27;822.49;3.13;0
694;bunker;1430.58;15.27;822.04;3.32;0
694;supply_node;1431.57;15.27;822.08;4.28;0
695;arms_factory;1311.00;15.27;791.00;5.23;0
695;industrial_complex;1310.76;15.27;791.96;0.75;0
695;air_base;1310.08;15.27;792.68;5.81;0
695;anti_air_building;1309.14;15.27;792.99;4.40;0
695;synthetic_refinery;1308.17;15.27;792.82;2.18;0
695;fuel_silo;1307.40;15.27;792.20;4.91;0
695;radar_station;1307.02;15.27;791.28;4.89;0
695;rocket_site;1307.13;15.27;790.30;2.39;0
695;nuclear_reactor;1307.69;15.27;789.49;2.59;0
695;bunker;1308.58;15.27;789.04;1.95;0
695;supply_node;1309.57;15.27;789.08;3.14;0
696;arms_factory;1349.00;15.40;1003.00;4.28;0
696;industrial_complex;1348.76;15.46;1003.96;5.20;0
696;air_base;1348.08;15.46;1004.68;5.27;0
696;anti_air_building;1347.14;15.40;1004.99;3.25;0
696;synthetic_refinery;1346.17;15.40;1004.82;3.00;0
696;fuel_silo;1345.40;15.40;1004.20;3.15;0
696;radar_station;1345.02;15.40;1003.28;5.43;0
696;rocket_site;1345.13;15.40;1002.30;5.50;0
696;nuclear_reactor;1345.69;15.40;1001.49;4.26;0
696;bunker;1346.58;15.40;1001.04;3.80;0
696;supply_node;1347.57;15.40;1001.08;3.53;0
697;arms_factory;1841.00;15.88;847.00;4.96;0
697;industrial_complex;1840.76;15.88;847.96;3.70;0
697;air_base;1840.08;15.82;848.68;1.20;0
697;anti_air_building;1839.14;15.88;848.99;1.25;0
697;synthetic_refinery;1838.17;15.88;848.82;2.27;0
697;fuel_silo;1837.40;15.88;848.20;4.03;0
697;radar_station;1837.02;15.94;847.28;3.35;0
697;rocket_site;1837.13;15.94;846.30;6.08;0
697;nuclear_reactor;1837.69;16.00;845.49;4.18;0
697;bunker;1838.58;16.00;845.04;2.45;0
697;supply_node;1839.57;16.00;845.08;3.84;0
698;arms_factory;1890.00;17.58;914.00;0.41;0
698;industrial_complex;1889.76;17.65;914.96;1.29;0
698;air_base;1889.08;17.71;915.68;5.15;0
698;anti_air_building;1888.14;17.89;915.99;5.02;0
698;synthetic_refinery;1887.17;18.01;915.82;2.70;0
698;fuel_silo;1886.40;18.01;915.20;0.94;0
698;radar_station;1886.02;18.19;914.28;0.90;0
698;rocket_site;1886.13;17.95;913.30;1.92;0
698;nuclear_reactor;1886.69;18.19;912.49;1.72;0
698;bunker;1887.58;17.83;912.04;5.17;0
698;supply_node;1888.57;17.52;912.08;5.94;0
699;arms_factory;1817.00;15.94;871.00;2.46;0
699;industrial_complex;1816.76;15.94;871.96;6.24;0
699;air_base;1816.08;16.06;872.68;4.23;0
699;anti_air_building;1815.14;16.06;872.99;3.29;0
699;synthetic_refinery;1814.17;16.06;872.82;5.10;0
699;fuel_silo;1813.40;16.13;872.20;5.56;0
699;radar_station;1813.02;16.00;871.28;5.13;0
699;rocket_site;1813.13;16.00;870.30;5.77;0
699;nuclear_reactor;1813.69;16.13;869.49;1.83;0
699;bunker;1814.58;16.06;869.04;4.14;0
699;supply_node;1815.57;16.00;869.08;0.38;0
700;arms_factory;1856.00;15.34;1079.00;5.45;0
700;industrial_complex;1855.76;15.34;1079.96;2.99;0
700;air_base;1855.08;15.34;1080.68;0.89;0
700;anti_air_building;1854.14;15.34;1080.99;0.12;0
700;synthetic_refinery;1853.17;15.34;1080.82;1.42;0
700;fuel_silo;1852.40;15.34;1080.20;0.10;0
700;radar_station;1852.02;15.34;1079.28;2.98;0
700;rocket_site;1852.13;15.34;1078.30;0.85;0
700;nuclear_reactor;1852.69;15.34;1077.49;2.22;0
700;bunker;1853.58;15.34;1077.04;4.03;0
700;supply_node;1854.57;15.34;1077.08;1.77;0
701;arms_factory;1940.00;17.83;948.00;1.83;0
701;industrial_complex;1939.76;18.07;948.96;3.34;0
701;air_base;1939.08;18.13;949.68;3.34;0
701;anti_air_building;1938.14;18.13;949.99;1.46;0
701;synthetic_refinery;1937.17;18.19;949.82;2.42;0
701;fuel_silo;1936.40;18.13;949.20;6.03;0
701;radar_station;1936.02;18.31;948.28;4.38;0
701;rocket_site;1936.13;18.19;947.30;4.26;0
701;nuclear_reactor;1936.69;18.25;946.49;5.07;0
701;bunker;1937.58;18.44;946.04;3.13;0
701;supply_node;1938.57;18.37;946.08;5.50;0
702;arms_factory;1363.00;15.46;1044.00;6.20;0
702;industrial_complex;1362.76;15.40;1044.96;3.88;0
702;air_base;1362.08;15.46;1045.68;4.10;0
702;anti_air_building;1361.14;15.46;1045.99;0.50;0
702;synthetic_refinery;1360.17;15.46;1045.82;3.72;0
702;fuel_silo;1359.40;15.40;1045.20;3.28;0
702;radar_station;1359.02;15.40;1044.28;5.19;0
702;rocket_site;1359.13;15.40;1043.30;1.98;0
702;nuclear_reactor;1359.69;15.40;1042.49;4.53;0
702;bunker;1360.58;15.40;1042.04;0.34;0
702;supply_node;1361.57;15.40;1042.08;3.57;0
703;arms_factory;2049.00;16.37;804.00;1.82;0
703;industrial_complex;2048.76;16.43;804.96;6.09;0
703;air_base;2048.08;16.37;805.68;3.04;0
703;anti_air_building;2047.14;16.49;805.99;4.74;0
703;synthetic_refinery;2046.17;16.49;805.82;0.49;0
703;fuel_silo;2045.40;16.37;805.20;0.47;0
703;radar_station;2045.02;16.31;804.28;3.84;0
703;rocket_site;2045.13;16.31;803.30;0.78;0
703;nuclear_reactor;2045.69;16.31;802.49;4.61;0
703;bunker;2046.58;16.19;802.04;0.64;0
703;supply_node;2047.57;16.25;802.08;1.00;0
704;arms_factory;1669.00;15.82;503.00;2.65;0
704;industrial_complex;1668.76;15.82;503.96;6.14;0
704;air_base;1668.08;15.82;504.68;1.69;0
704;anti_air_building;1667.14;15.70;504.99;5.06;0
704;synthetic_refinery;1666.17;15.64;504.82;5.92;0
704;fuel_silo;1665.40;15.64;504.20;1.70;0
704;radar_station;1665.02;15.64;503.28;2.90;0
704;rocket_site;1665.13;15.64;502.30;1.39;0
704;nuclear_reactor;1665.69;15.64;501.49;2.17;0
704;bunker;1666.58;15.70;501.04;3.26;0
704;supply_node;1667.57;15.76;501.08;2.33;0
705;arms_factory;2256.00;15.58;804.00;0.44;0
705;industrial_complex;2255.76;15.58;804.96;1.42;0
705;air_base;2255.08;15.58;805.68;2.26;0
705;anti_air_building;2254.14;15.64;805.99;0.85;0
705;synthetic_refinery;2253.17;15.64;805.82;3.86;0
705;fuel_silo;2252.40;15.76;805.20;1.75;0
705;radar_station;2252.02;15.76;804.28;6.11;0
705;rocket_site;2252.13;15.70;803.30;1.45;0
705;nuclear_reactor;2252.69;15.70;802.49;5.42;0
705;bunker;2253.58;15.70;802.04;0.42;0
705;supply_node;2254.57;15.64;802.08;2.04;0
706;arms_factory;2045.00;15.88;756.00;1.52;0
706;industrial_complex;2044.76;15.94;756.96;3.02;0
706;air_base;2044.08;15.94;757.68;4.53;0
706;anti_air_building;2043.14;16.06;757.99;0.88;0
706;synthetic_refinery;2042.17;16.00;757.82;2.41;0
706;fuel_silo;2041.40;15.94;757.20;2.42;0
706;radar_station;2041.02;16.06;756.28;4.52;0
706;rocket_site;2041.13;16.06;755.30;3.05;0
706;nuclear_reactor;2041.69;16.06;754.49;5.38;0
706;bunker;2042.58;16.00;754.04;1.05;0
706;supply_node;2043.57;15.88;754.08;6.18;0
707;arms_factory;1661.00;18.62;867.00;1.38;0
707;industrial_complex;1660.76;18.56;867.96;4.25;0
707;air_base;1660.08;18.44;868.68;0.53;0
707;anti_air_building;1659.14;18.56;868.99;0.84;0
707;synthetic_refinery;1658.17;18.37;868.82;3.05;0
707;fuel_silo;1657.40;18.44;868.20;0.05;0
707;radar_station;1657.02;18.50;867.28;3.01;0
707;rocket_site;1657.13;18.56;866.30;6.03;0
707;nuclear_reactor;1657.69;18.37;865.49;4.35;0
707;bunker;1658.58;18.31;865.04;1.18;0
707;supply_node;1659.57;18.50;865.08;2.72;0
708;arms_factory;2319.00;15.27;811.00;0.79;0
708;industrial_complex;2318.76;15.27;811.96;2.56;0
708;air_base;2318.08;15.27;812.68;2.48;0
708;anti_air_building;2317.14;15.27;812.99;1.64;0
708;synthetic_refinery;2316.17;15.27;812.82;2.01;0
708;fuel_silo;2315.40;15.27;812.20;3.30;0
708;radar_station;2315.02;15.27;811.28;3.25;0
708;rocket_site;2315.13;15.27;810.30;6.23;0
708;nuclear_reactor;2315.69;15.27;809.49;1.23;0
708;bunker;2316.58;15.27;809.04;4.04;0
708;supply_node;2317.57;15.27;809.08;4.41;0
709;arms_factory;2187.00;15.27;239.00;1.30;0
709;industrial_complex;2186.76;15.27;239.96;2.23;0
709;air_base;2186.08;15.27;240.68;3.01;0
709;anti_air_building;2185.14;15.27;240.99;3.74;0
709;synthetic_refinery;2184.17;15.27;240.82;3.75;0
709;fuel_silo;2183.40;15.27;240.20;1.67;0
709;radar_station;2183.02;15.27;239.28;1.97;0
709;rocket_site;2183.13;15.27;238.30;4.77;0
709;nuclear_reactor;2183.69;15.27;237.49;5.38;0
709;bunker;2184.58;15.27;237.04;4.97;0
709;supply_node;2185.57;15.27;237.08;2.74;0
710;arms_factory;1714.00;15.52;1062.00;4.64;0
710;industrial_complex;1713.76;15.46;1062.96;5.20;0
710;air_base;1713.08;15.40;1063.68;5.14;0
710;anti_air_building;1712.14;15.40;1063.99;5.69;0
710;synthetic_refinery;1711.17;15.34;1063.82;0.14;0
710;fuel_silo;1710.40;15.34;1063.20;0.53;0
710;radar_station;1710.02;15.40;1062.28;4.77;0
710;rocket_site;1710.13;15.40;1061.30;2.29;0
710;nuclear_reactor;1710.69;15.40;1060.49;5.50;0
710;bunker;1711.58;15.46;1060.04;4.74;0
710;supply_node;1712.57;15.52;1060.08;4.09;0
711;arms_factory;1295.00;15.46;862.00;5.12;0
711;industrial_complex;1294.76;15.46;862.96;0.51;0
711;air_base;1294.08;15.52;863.68;2.37;0
711;anti_air_building;1293.14;15.52;863.99;6.24;0
711;synthetic_refinery;1292.17;15.52;863.82;3.04;0
711;fuel_silo;1291.40;15.52;863.20;0.85;0
711;radar_station;1291.02;15.52;862.28;1.60;0
711;rocket_site;1291.13;15.46;861.30;0.91;0
711;nuclear_reactor;1291.69;15.46;860.49;0.75;0
711;bunker;1292.58;15.46;860.04;4.33;0
711;supply_node;1293.57;15.46;860.08;2.34;0
712;arms_factory;2015.00;15.46;1029.00;2.00;0
712;industrial_complex;2014.76;15.52;1029.96;3.29;0
712;air_base;2014.08;15.46;1030.68;1.92;0
712;anti_air_building;2013.14;15.52;1030.99;5.44;0
712;synthetic_refinery;2012.17;15.46;1030.82;4.87;0
712;fuel_silo;2011.40;15.52;1030.20;5.64;0
712;radar_station;2011.02;15.52;1029.28;4.64;0
712;rocket_site;2011.13;15.52;1028.30;3.32;0
712;nuclear_reactor;2011.69;15.52;1027.49;2.46;0
712;bunker;2012.58;15.52;1027.04;2.01;0
712;supply_node;2013.57;15.52;1027.08;4.05;0
713;arms_factory;1513.00;15.46;994.00;1.74;0
713;industrial_complex;1512.76;15.40;994.96;1.66;0
713;air_base;1512.08;15.46;995.68;3.95;0
713;anti_air_building;1511.14;15.46;995.99;1.37;0
713;synthetic_refinery;1510.17;15.46;995.82;2.89;0
713;fuel_silo;1509.40;15.40;995.20;5.08;0
713;radar_station;1509.02;15.40;994.28;5.33;0
713;rocket_site;1509.13;15.40;993.30;2.83;0
713;nuclear_reactor;1509.69;15.40;992.49;1.60;0
713;bunker;1510.58;15.46;992.04;5.37;0
713;supply_node;1511.57;15.46;992.08;2.93;0
714;arms_factory;1747.00;19.65;759.00;0.36;0
714;industrial_complex;1746.76;19.59;759.96;0.95;0
714;air_base;1746.08;20.02;760.68;2.08;0
714;anti_air_building;1745.14;20.14;760.99;4.23;0
714;synthetic_refinery;1744.17;20.20;760.82;1.95;0
714;fuel_silo;1743.40;20.26;760.20;1.70;0
714;radar_station;1743.02;20.08;759.28;5.45;0
714;rocket_site;1743.13;19.83;758.30;5.54;0
714;nuclear_reactor;1743.69;20.02;757.49;5.80;0
714;bunker;1744.58;20.08;757.04;3.42;0
714;supply_node;1745.57;20.32;757.08;5.63;0
715;arms_factory;2222.00;16.13;471.00;1.17;0
715;industrial_complex;2221.76;16.19;471.96;5.63;0
715;air_base;2221.08;16.19;472.68;2.36;0
715;anti_air_building;2220.14;16.19;472.99;3.06;0
715;synthetic_refinery;2219.17;16.25;472.82;3.98;0
715;fuel_silo;2218.40;16.19;472.20;3.23;0
715;radar_station;2218.02;16.19;471.28;4.11;0
715;rocket_site;2218.13;16.19;470.30;4.10;0
715;nuclear_reactor;2218.69;16.25;469.49;5.44;0
715;bunker;2219.58;16.19;469.04;1.06;0
715;supply_node;2220.57;16.19;469.08;4.19;0
716;arms_factory;2140.00;15.34;588.00;1.47;0
716;industrial_complex;2139.76;15.34;588.96;0.65;0
716;air_base;2139.08;15.34;589.68;1.45;0
716;anti_air_building;2138.14;15.34;589.99;3.18;0
716;synthetic_refinery;2137.17;15.34;589.82;0.69;0
716;fuel_silo;2136.40;15.34;589.20;4.56;0
716;radar_station;2136.02;15.34;588.28;3.90;0
716;rocket_site;2136.13;15.34;587.30;4.70;0
716;nuclear_reactor;2136.69;15.34;586.49;0.65;0
716;bunker;2137.58;15.34;586.04;3.79;0
716;supply_node;2138.57;15.34;586.08;6.19;0
717;arms_factory;2128.00;16.37;710.00;1.34;0
717;industrial_complex;2127.76;16.43;710.96;0.02;0
717;air_base;2127.08;16.55;711.68;2.84;0
717;anti_air_building;2126.14;16.49;711.99;0.23;0
717;synthetic_refinery;2125.17;16.55;711.82;1.92;0
717;fuel_silo;2124.40;16.55;711.20;5.09;0
717;radar_station;2124.02;16.55;710.28;0.31;0
717;rocket_site;2124.13;16.61;709.30;3.39;0
717;nuclear_reactor;2124.69;16.73;708.49;0.17;0
717;bunker;2125.58;16.61;708.04;0.97;0
717;supply_node;2126.57;16.43;708.08;4.63;0
718;arms_factory;2260.00;15.64;751.00;0.04;0
718;industrial_complex;2259.76;15.64;751.96;5.94;0
718;air_base;2259.08;15.64;752.68;4.85;0
718;anti_air_building;2258.14;15.64;752.99;3.52;0
718;synthetic_refinery;2257.17;15.70;752.82;1.18;0
718;fuel_silo;2256.40;15.70;752.20;0.68;0
718;radar_station;2256.02;15.64;751.28;4.87;0
718;rocket_site;2256.13;15.58;750.30;1.63;0
718;nuclear_reactor;2256.69;15.58;749.49;0.04;0
718;bunker;2257.58;15.52;749.04;0.63;0
718;supply_node;2258.57;15.58;749.08;4.63;0
719;arms_factory;2022.00;16.00;980.00;1.52;0
719;industrial_complex;2021.76;16.13;980.96;1.18;0
719;air_base;2021.08;16.06;981.68;1.55;0
719;anti_air_building;2020.14;16.06;981.99;4.06;0
719;synthetic_refinery;2019.17;16.13;981.82;6.28;0
719;fuel_silo;2018.40;16.19;981.20;4.12;0
719;radar_station;2018.02;16.13;980.28;2.06;0
719;rocket_site;2018.13;16.13;979.30;0.32;0
719;nuclear_reactor;2018.69;16.06;978.49;4.40;0
719;bunker;2019.58;16.00;978.04;1.98;0
719;supply_node;2020.57;16.00;978.08;3.55;0
720;arms_factory;2061.00;16.00;829.00;0.54;0
720;industrial_complex;2060.76;16.00;829.96;1.86;0
720;air_base;2060.08;16.06;830.68;0.10;0
720;anti_air_building;2059.14;16.00;830.99;2.50;0
720;synthetic_refinery;2058.17;16.13;830.82;5.24;0
720;fuel_silo;2057.40;16.06;830.20;4.46;0
720;radar_station;2057.02;16.06;829.28;4.67;0
720;rocket_site;2057.13;16.13;828.30;5.60;0
720;nuclear_reactor;2057.69;16.00;827.49;3.52;0
720;bunker;2058.58;16.00;827.04;0.24;0
720;supply_node;2059.57;16.00;827.08;2.23;0
721;arms_factory;2286.00;15.64;1219.00;2.65;0
721;industrial_complex;2285.76;15.64;1219.96;6.04;0
721;air_base;2285.08;15.64;1220.68;4.67;0
721;anti_air_building;2284.14;15.64;1220.99;0.63;0
721;synthetic_refinery;2283.17;15.70;1220.82;5.54;0
721;fuel_silo;2282.40;15.76;1220.20;3.56;0
721;radar_station;2282.02;15.76;1219.28;3.19;0
721;rocket_site;2282.13;15.76;1218.30;0.88;0
721;nuclear_reactor;2282.69;15.70;1217.49;5.81;0
721;bunker;2283.58;15.64;1217.04;3.43;0
721;supply_node;2284.57;15.64;1217.08;2.78;0
722;arms_factory;1739.00;21.60;824.00;5.61;0
722;industrial_complex;1738.76;21.84;824.96;3.11;0
722;air_base;1738.08;22.39;825.68;5.30;0
722;anti_air_building;1737.14;22.33;825.99;1.64;0
722;synthetic_refinery;1736.17;22.51;825.82;1.36;0
722;fuel_silo;1735.40;22.63;825.20;3.44;0
722;radar_station;1735.02;22.75;824.28;5.99;0
722;rocket_site;1735.13;22.33;823.30;4.72;0
722;nuclear_reactor;1735.69;22.14;822.49;4.82;0
722;bunker;1736.58;22.45;822.04;1.37;0
722;supply_node;1737.57;22.08;822.08;5.66;0
723;arms_factory;1727.00;18.01;712.00;5.73;0
723;industrial_complex;1726.76;17.83;712.96;1.67;0
723;air_base;1726.08;17.89;713.68;3.14;0
723;anti_air_building;1725.14;17.89;713.99;5.70;0
723;synthetic_refinery;1724.17;17.71;713.82;4.05;0
723;fuel_silo;1723.40;17.65;713.20;5.24;0
723;radar_station;1723.02;17.40;712.28;1.56;0
723;rocket_site;1723.13;17.22;711.30;1.67;0
723;nuclear_reactor;1723.69;16.92;710.49;2.81;0
723;bunker;1724.58;17.04;710.04;3.55;0
723;supply_node;1725.57;17.16;710.08;3.30;0
724;arms_factory;2175.00;17.46;849.00;4.74;0
724;industrial_complex;2174.76;17.65;849.96;5.82;0
724;air_base;2174.08;17.40;850.68;5.78;0
724;anti_air_building;2173.14;17.28;850.99;4.33;0
724;synthetic_refinery;2172.17;17.46;850.82;0.95;0
724;fuel_silo;2171.40;17.40;850.20;3.45;0
724;radar_station;2171.02;17.22;849.28;5.99;0
724;rocket_site;2171.13;17.34;848.30;1.77;0
724;nuclear_reactor;2171.69;17.40;847.49;2.61;0
724;bunker;2172.58;17.46;847.04;0.83;0
724;supply_node;2173.57;17.34;847.08;5.14;0
725;arms_factory;1732.00;15.34;1077.00;4.20;0
725;industrial_complex;1731.76;15.34;1077.96;5.57;0
725;air_base;1731.08;15.34;1078.68;5.04;0
725;anti_air_building;1730.14;15.34;1078.99;2.80;0
725;synthetic_refinery;1729.17;15.34;1078.82;5.48;0
725;fuel_silo;1728.40;15.34;1078.20;0.79;0
725;radar_station;1728.02;15.34;1077.28;2.35;0
725;rocket_site;1728.13;15.34;1076.30;5.41;0
725;nuclear_reactor;1728.69;15.34;1075.49;5.60;0
725;bunker;1729.58;15.34;1075.04;0.31;0
725;supply_node;1730.57;15.34;1075.08;2.09;0
726;arms_factory;1440.00;15.76;1073.00;2.10;0
726;industrial_complex;1439.76;15.76;1073.96;0.77;0
726;air_base;1439.08;15.82;1074.68;1.51;0
726;anti_air_building;1438.14;15.82;1074.99;0.70;0
726;synthetic_refinery;1437.17;15.82;1074.82;1.72;0
726;fuel_silo;1436.40;15.76;1074.20;4.46;0
726;radar_station;1436.02;15.76;1073.28;2.68;0
726;rocket_site;1436.13;15.70;1072.30;4.37;0
726;nuclear_reactor;1436.69;15.70;1071.49;4.83;0
726;bunker;1437.58;15.64;1071.04;5.93;0
726;supply_node;1438.57;15.64;1071.08;5.09;0
727;arms_factory;1504.00;15.27;1066.00;2.81;0
727;industrial_complex;1503.76;15.27;1066.96;1.70;0
727;air_base;1503.08;15.27;1067.68;1.23;0
727;anti_air_building;1502.14;15.27;1067.99;3.08;0
727;synthetic_refinery;1501.17;15.27;1067.82;1.31;0
727;fuel_silo;1500.40;15.27;1067.20;4.31;0
727;radar_station;1500.02;15.27;1066.28;1.98;0
727;rocket_site;1500.13;15.27;1065.30;3.24;0
727;nuclear_reactor;1500.69;15.27;1064.49;1.64;0
727;bunker;1501.58;15.27;1064.04;0.89;0
727;supply_node;1502.57;15.27;1064.08;1.73;0
728;arms_factory;1438.00;15.52;947.00;0.01;0
728;industrial_complex;1437.76;15.52;947.96;0.91;0
728;air_base;1437.08;15.52;948.68;2.84;0
728;anti_air_building;1436.14;15.52;948.99;3.91;0
728;synthetic_refinery;1435.17;15.52;948.82;3.44;0
728;fuel_silo;1434.40;15.52;948.20;3.71;0
728;radar_station;1434.02;15.52;947.28;4.55;0
728;rocket_site;1434.13;15.52;946.30;1.17;0
728;nuclear_reactor;1434.69;15.52;945.49;5.93;0
728;bunker;1435.58;15.58;945.04;0.32;0
728;supply_node;1436.57;15.58;945.08;0.66;0
729;arms_factory;2120.00;16.06;888.00;1.57;0
729;industrial_complex;2119.76;16.00;888.96;5.24;0
729;air_base;2119.08;16.00;889.68;1.57;0
729;anti_air_building;2118.14;16.13;889.99;6.01;0
729;synthetic_refinery;2117.17;16.13;889.82;1.17;0
729;fuel_silo;2116.40;16.19;889.20;0.40;0
729;radar_station;2116.02;16.25;888.28;6.16;0
729;rocket_site;2116.13;16.25;887.30;5.49;0
729;nuclear_reactor;2116.69;16.19;886.49;2.72;0
729;bunker;2117.58;16.25;886.04;4.68;0
729;supply_node;2118.57;16.19;886.08;4.92;0
730;arms_factory;1531.00;15.34;1073.00;0.97;0
730;industrial_complex;1530.76;15.34;1073.96;1.26;0
730;air_base;1530.08;15.34;1074.68;2.40;0
730;anti_air_building;1529.14;15.34;1074.99;4.25;0
730;synthetic_refinery;1528.17;15.34;1074.82;0.15;0
730;fuel_silo;1527.40;15.34;1074.20;4.67;0
730;radar_station;1527.02;15.34;1073.28;4.37;0
730;rocket_site;1527.13;15.34;1072.30;3.91;0
730;nuclear_reactor;1527.69;15.27;1071.49;4.77;0
730;bunker;1528.58;15.27;1071.04;6.24;0
730;supply_node;1529.57;15.34;1071.08;2.24;0
731;arms_factory;1422.00;15.27;986.00;1.73;0
731;industrial_complex;1421.76;15.27;986.96;4.28;0
731;air_base;1421.08;15.27;987.68;0.62;0
731;anti_air_building;1420.14;15.27;987.99;3.82;0
731;synthetic_refinery;1419.17;15.27;987.82;0.87;0
731;fuel_silo;1418.40;15.27;987.20;4.03;0
731;radar_station;1418.02;15.27;986.28;3.54;0
731;rocket_site;1418.13;15.27;985.30;3.10;0
731;nuclear_reactor;1418.69;15.27;984.49;4.39;0
731;bunker;1419.58;15.27;984.04;6.11;0
731;supply_node;1420.57;15.27;984.08;1.30;0
732;arms_factory;1457.00;15.27;997.00;3.18;0
732;industrial_complex;1456.76;15.27;997.96;6.14;0
732;air_base;1456.08;15.27;998.68;3.04;0
732;anti_air_building;1455.14;15.27;998.99;1.03;0
732;synthetic_refinery;1454.17;15.27;998.82;3.06;0
732;fuel_silo;1453.40;15.27;998.20;1.17;0
732;radar_station;1453.02;15.27;997.28;3.96;0
732;rocket_site;1453.13;15.27;996.30;1.98;0
732;nuclear_reactor;1453.69;15.27;995.49;5.51;0
732;bunker;1454.58;15.27;995.04;4.82;0
732;supply_node;1455.57;15.27;995.08;4.28;0
733;arms_factory;2286.00;15.27;1148.00;0.22;0
733;industrial_complex;2285.76;15.27;1148.96;2.96;0
733;air_base;2285.08;15.27;1149.68;4.44;0
733;anti_air_building;2284.14;15.27;1149.99;1.34;0
733;synthetic_refinery;2283.17;15.27;1149.82;5.29;0
733;fuel_silo;2282.40;15.27;1149.20;3.64;0
733;radar_station;2282.02;15.27;1148.28;3.74;0
733;rocket_site;2282.13;15.27;1147.30;6.12;0
733;nuclear_reactor;2282.69;15.27;1146.49;3.21;0
733;bunker;2283.58;15.27;1146.04;1.87;0
733;supply_node;2284.57;15.27;1146.08;1.28;0
734;arms_factory;2231.00;15.64;733.00;4.04;0
734;industrial_complex;2230.76;15.58;733.96;3.74;0
734;air_base;2230.08;15.58;734.68;1.47;0
734;anti_air_building;2229.14;15.58;734.99;5.81;0
734;synthetic_refinery;2228.17;15.64;734.82;5.37;0
734;fuel_silo;2227.40;15.70;734.20;2.09;0
734;radar_station;2227.02;15.70;733.28;6.02;0
734;rocket_site;2227.13;15.70;732.30;1.95;0
734;nuclear_reactor;2227.69;15.64;731.49;1.39;0
734;bunker;2228.58;15.64;731.04;1.64;0
734;supply_node;2229.57;15.64;731.08;0.89;0
735;arms_factory;1386.00;15.40;768.00;2.14;0
735;industrial_complex;1385.76;15.34;768.96;1.89;0
735;air_base;1385.08;15.34;769.68;3.02;0
735;anti_air_building;1384.14;15.34;769.99;0.81;0
735;synthetic_refinery;1383.17;15.34;769.82;5.58;0
735;fuel_silo;1382.40;15.34;769.20;5.80;0
735;radar_station;1382.02;15.34;768.28;0.64;0
735;rocket_site;1382.13;15.34;767.30;2.40;0
735;nuclear_reactor;1382.69;15.40;766.49;4.26;0
735;bunker;1383.58;15.40;766.04;5.46;0
735;supply_node;1384.57;15.40;766.08;5.03;0
736;arms_factory;1904.00;18.07;623.00;0.56;0
736;industrial_complex;1903.76;18.01;623.96;0.92;0
736;air_base;1903.08;17.95;624.68;1.72;0
736;anti_air_building;1902.14;17.83;624.99;6.12;0
736;synthetic_refinery;1901.17;18.01;624.82;0.90;0
736;fuel_silo;1900.40;17.77;624.20;4.04;0
736;radar_station;1900.02;17.89;623.28;1.43;0
736;rocket_site;1900.13;18.19;622.30;4.20;0
736;nuclear_reactor;1900.69;18.25;621.49;1.12;0
736;bunker;1901.58;18.07;621.04;4.03;0
736;supply_node;1902.57;18.31;621.08;2.77;0
737;arms_factory;2013.00;15.76;728.00;2.15;0
737;industrial_complex;2012.76;15.70;728.96;6.17;0
737;air_base;2012.08;15.70;729.68;0.36;0
737;anti_air_building;2011.14;15.70;729.99;1.01;0
737;synthetic_refinery;2010.17;15.70;729.82;5.44;0
737;fuel_silo;2009.40;15.76;729.20;2.95;0
737;radar_station;2009.02;15.76;728.28;1.16;0
737;rocket_site;2009.13;15.76;727.30;5.49;0
737;nuclear_reactor;2009.69;15.82;726.49;5.62;0
737;bunker;2010.58;15.82;726.04;2.46;0
737;supply_node;2011.57;15.76;726.08;4.92;0
738;arms_factory;1667.00;15.82;1038.00;0.44;0
738;industrial_complex;1666.76;15.94;1038.96;2.97;0
738;air_base;1666.08;15.88;1039.68;1.32;0
738;anti_air_building;1665.14;15.94;1039.99;2.69;0
738;synthetic_refinery;1664.17;16.06;1039.82;5.08;0
738;fuel_silo;1663.40;16.19;1039.20;5.97;0
738;radar_station;1663.02;16.25;1038.28;2.05;0
738;rocket_site;1663.13;16.31;1037.30;4.14;0
738;nuclear_reactor;1663.69;16.37;1036.49;3.12;0
738;bunker;1664.58;16.37;1036.04;0.35;0
738;supply_node;1665.57;16.25;1036.08;5.72;0
739;arms_factory;2001.00;15.34;334.00;6.18;0
739;industrial_complex;2000.76;15.34;334.96;3.85;0
739;air_base;2000.08;15.34;335.68;4.55;0
739;anti_air_building;1999.14;15.34;335.99;2.24;0
739;synthetic_refinery;1998.17;15.34;335.82;2.52;0
739;fuel_silo;1997.40;15.34;335.20;3.75;0
739;radar_station;1997.02;15.34;334.28;1.29;0
739;rocket_site;1997.13;15.34;333.30;3.39;0
739;nuclear_reactor;1997.69;15.34;332.49;5.20;0
739;bunker;1998.58;15.34;332.04;5.66;0
739;supply_node;1999.57;15.34;332.08;3.98;0
740;arms_factory;2284.00;15.82;797.00;1.06;0
740;industrial_complex;2283.76;15.76;797.96;2.53;0
740;air_base;2283.08;15.76;798.68;2.06;0
740;anti_air_building;2282.14;15.70;798.99;1.03;0
740;synthetic_refinery;2281.17;15.70;798.82;0.51;0
740;fuel_silo;2280.40;15.64;798.20;1.64;0
740;radar_station;2280.02;15.64;797.28;2.73;0
740;rocket_site;2280.13;15.70;796.30;3.41;0
740;nuclear_reactor;2280.69;15.70;795.49;3.42;0
740;bunker;2281.58;15.70;795.04;5.75;0
740;supply_node;2282.57;15.76;795.08;2.35;0
741;arms_factory;1380.00;15.40;731.00;5.60;0
741;industrial_complex;1379.76;15.40;731.96;2.22;0
741;air_base;1379.08;15.40;732.68;0.73;0
741;anti_air_building;1378.14;15.40;732.99;0.29;0
741;synthetic_refinery;1377.17;15.40;732.82;2.28;0
741;fuel_silo;1376.40;15.40;732.20;3.67;0
741;radar_station;1376.02;15.40;731.28;4.94;0
741;rocket_site;1376.13;15.34;730.30;0.48;0
741;nuclear_reactor;1376.69;15.34;729.49;5.40;0
741;bunker;1377.58;15.34;729.04;2.92;0
741;supply_node;1378.57;15.34;729.08;0.21;0
742;arms_factory;2204.00;15.34;312.00;4.83;0
742;industrial_complex;2203.76;15.34;312.96;1.21;0
742;air_base;2203.08;15.34;313.68;0.20;0
742;anti_air_building;2202.14;15.34;313.99;2.67;0
742;synthetic_refinery;2201.17;15.34;313.82;4.03;0
742;fuel_silo;2200.40;15.40;313.20;1.35;0
742;radar_station;2200.02;15.40;312.28;2.33;0
742;rocket_site;2200.13;15.40;311.30;4.34;0
742;nuclear_reactor;2200.69;15.34;310.49;0.15;0
742;bunker;2201.58;15.34;310.04;5.44;0
742;supply_node;2202.57;15.34;310.08;3.03;0
743;arms_factory;2003.00;16.67;945.00;0.76;0
743;industrial_complex;2002.76;16.61;945.96;5.34;0
743;air_base;2002.08;16.37;946.68;0.99;0
743;anti_air_building;2001.14;16.37;946.99;2.90;0
743;synthetic_refinery;2000.17;16.31;946.82;3.79;0
743;fuel_silo;1999.40;16.37;946.20;5.23;0
743;radar_station;1999.02;16.31;945.28;0.24;0
743;rocket_site;1999.13;16.31;944.30;0.42;0
743;nuclear_reactor;1999.69;16.37;943.49;2.68;0
743;bunker;2000.58;16.55;943.04;0.12;0
743;supply_node;2001.57;16.67;943.08;4.06;0
744;arms_factory;2175.00;16.73;717.00;2.91;0
744;industrial_complex;2174.76;16.67;717.96;1.11;0
744;air_base;2174.08;16.55;718.68;1.36;0
744;anti_air_building;2173.14;16.55;718.99;6.17;0
744;synthetic_refinery;2172.17;16.43;718.82;0.82;0
744;fuel_silo;2171.40;16.43;718.20;4.62;0
744;radar_station;2171.02;16.37;717.28;0.32;0
744;rocket_site;2171.13;16.43;716.30;1.80;0
744;nuclear_reactor;2171.69;16.55;715.49;0.11;0
744;bunker;2172.58;16.55;715.04;5.12;0
744;supply_node;2173.57;16.67;715.08;2.34;0
745;arms_factory;2071.00;16.06;757.00;4.69;0
745;industrial_complex;2070.76;16.00;757.96;4.05;0
745;air_base;2070.08;16.00;758.68;3.46;0
745;anti_air_building;2069.14;16.00;758.99;4.39;0
745;synthetic_refinery;2068.17;16.00;758.82;2.29;0
745;fuel_silo;2067.40;15.94;758.20;5.66;0
745;radar_station;2067.02;15.94;757.28;4.50;0
745;rocket_site;2067.13;15.94;756.30;1.18;0
745;nuclear_reactor;2067.69;15.94;755.49;6.00;0
745;bunker;2068.58;15.88;755.04;6.07;0
745;supply_node;2069.57;15.88;755.08;3.03;0
746;arms_factory;1911.00;15.34;817.00;2.59;0
746;industrial_complex;1910.76;15.34;817.96;4.15;0
746;air_base;1910.08;15.40;818.68;3.73;0
746;anti_air_building;1909.14;15.40;818.99;5.12;0
746;synthetic_refinery;1908.17;15.40;818.82;0.14;0
746;fuel_silo;1907.40;15.40;818.20;5.09;0
746;radar_station;1907.02;15.40;817.28;2.46;0
746;rocket_site;1907.13;15.40;816.30;4.26;0
746;nuclear_reactor;1907.69;15.40;815.49;3.74;0
746;bunker;1908.58;15.34;815.04;5.70;0
746;supply_node;1909.57;15.34;815.08;2.17;0
747;arms_factory;1969.00;15.52;298.00;1.39;0
747;industrial_complex;1968.76;15.58;298.96;1.68;0
747;air_base;1968.08;15.58;299.68;3.29;0
747;anti_air_building;1967.14;15.58;299.99;1.09;0
747;synthetic_refinery;1966.17;15.58;299.82;3.92;0
747;fuel_silo;1965.40;15.64;299.20;0.15;0
747;radar_station;1965.02;15.58;298.28;5.44;0
747;rocket_site;1965.13;15.58;297.30;4.77;0
747;nuclear_reactor;1965.69;15.58;296.49;6.18;0
747;bunker;1966.58;15.58;296.04;3.48;0
747;supply_node;1967.57;15.58;296.08;5.16;0
748;arms_factory;1907.00;16.00;699.00;3.92;0
748;industrial_complex;1906.76;16.06;699.96;5.07;0
748;air_base;1906.08;16.00;700.68;1.47;0
748;anti_air_building;1905.14;16.00;700.99;5.73;0
748;synthetic_refinery;1904.17;16.00;700.82;2.69;0
748;fuel_silo;1903.40;16.00;700.20;0.52;0
748;radar_station;1903.02;16.13;699.28;2.12;0
748;rocket_site;1903.13;16.19;698.30;5.09;0
748;nuclear_reactor;1903.69;16.19;697.49;5.87;0
748;bunker;1904.58;16.19;697.04;0.22;0
748;supply_node;1905.57;16.13;697.08;2.53;0
749;arms_factory;1660.00;19.41;960.00;3.42;0
749;industrial_complex;1659.76;19.59;960.96;5.71;0
749;air_base;1659.08;19.23;961.68;2.63;0
749;anti_air_building;1658.14;19.95;961.99;5.90;0
749;synthetic_refinery;1657.17;20.38;961.82;5.66;0
749;fuel_silo;1656.40;19.71;961.20;0.87;0
749;radar_station;1656.02;19.83;960.28;2.39;0
749;rocket_site;1656.13;20.08;959.30;2.79;0
749;nuclear_reactor;1656.69;20.50;958.49;4.00;0
749;bunker;1657.58;20.26;958.04;2.72;0
749;supply_node;1658.57;20.26;958.08;1.36;0
750;arms_factory;1968.00;15.52;338.00;1.83;0
750;industrial_complex;1967.76;15.52;338.96;0.71;0
750;air_base;1967.08;15.46;339.68;2.94;0
750;anti_air_building;1966.14;15.46;339.99;3.05;0
750;synthetic_refinery;1965.17;15.46;339.82;5.60;0
750;fuel_silo;1964.40;15.46;339.20;0.91;0
750;radar_station;1964.02;15.46;338.28;3.33;0
750;rocket_site;1964.13;15.46;337.30;4.29;0
750;nuclear_reactor;1964.69;15.46;336.49;4.58;0
750;bunker;1965.58;15.46;336.04;0.61;0
750;supply_node;1966.57;15.52;336.08;1.13;0
751;arms_factory;2144.00;16.85;796.00;0.82;0
751;industrial_complex;2143.76;16.73;796.96;1.59;0
751;air_base;2143.08;16.67;797.68;0.23;0
751;anti_air_building;2142.14;16.61;797.99;4.85;0
751;synthetic_refinery;2141.17;16.73;797.82;4.01;0
751;fuel_silo;2140.40;16.73;797.20;4.25;0
751;radar_station;2140.02;16.79;796.28;0.89;0
751;rocket_site;2140.13;16.92;795.30;2.89;0
751;nuclear_reactor;2140.69;16.79;794.49;0.64;0
751;bunker;2141.58;16.85;794.04;5.77;0
751;supply_node;2142.57;16.73;794.08;5.48;0
752;arms_factory;1937.00;16.37;884.00;2.71;0
752;industrial_complex;1936.76;16.49;884.96;0.61;0
752;air_base;1936.08;16.49;885.68;3.28;0
752;anti_air_building;1935.14;16.49;885.99;2.82;0
752;synthetic_refinery;1934.17;16.49;885.82;1.61;0
752;fuel_silo;1933.40;16.55;885.20;0.69;0
752;radar_station;1933.02;16.61;884.28;3.35;0
752;rocket_site;1933.13;16.61;883.30;2.74;0
752;nuclear_reactor;1933.69;16.49;882.49;6.07;0
752;bunker;1934.58;16.43;882.04;2.79;0
752;supply_node;1935.57;16.37;882.08;1.92;0
753;arms_factory;2004.00;15.27;213.00;5.72;0
753;industrial_complex;2003.76;15.27;213.96;6.18;0
753;air_base;2003.08;15.27;214.68;0.03;0
753;anti_air_building;2002.14;15.27;214.99;0.92;0
753;synthetic_refinery;2001.17;15.27;214.82;4.03;0
753;fuel_silo;2000.40;15.27;214.20;4.19;0
753;radar_station;2000.02;15.27;213.28;0.21;0
753;rocket_site;2000.13;15.27;212.30;3.34;0
753;nuclear_reactor;2000.69;15.27;211.49;1.60;0
753;bunker;2001.58;15.27;211.04;2.00;0
753;supply_node;2002.57;15.27;211.08;5.28;0
754;arms_factory;1971.00;15.27;422.00;4.47;0
754;industrial_complex;1970.76;15.27;422.96;5.64;0
754;air_base;1970.08;15.27;423.68;0.03;0
754;anti_air_building;1969.14;15.27;423.99;3.11;0
754;synthetic_refinery;1968.17;15.27;423.82;3.85;0
754;fuel_silo;1967.40;15.27;423.20;4.59;0
754;radar_station;1967.02;15.27;422.28;3.79;0
754;rocket_site;1967.13;15.27;421.30;5.58;0
754;nuclear_reactor;1967.69;15.27;420.49;2.91;0
754;bunker;1968.58;15.27;420.04;2.57;0
754;supply_node;1969.57;15.27;420.08;0.22;0
755;arms_factory;2183.00;15.27;997.00;1.86;0
755;industrial_complex;2182.76;15.27;997.96;3.45;0
755;air_base;2182.08;15.27;998.68;0.18;0
755;anti_air_building;2181.14;15.27;998.99;4.05;0
755;synthetic_refinery;2180.17;15.27;998.82;2.06;0
755;fuel_silo;2179.40;15.27;998.20;1.20;0
755;radar_station;2179.02;15.27;997.28;6.01;0
755;rocket_site;2179.13;15.27;996.30;2.60;0
755;nuclear_reactor;2179.69;15.27;995.49;2.24;0
755;bunker;2180.58;15.27;995.04;1.09;0
755;supply_node;2181.57;15.27;995.08;0.82;0
756;arms_factory;2073.00;15.88;802.00;2.99;0
756;industrial_complex;2072.76;15.82;802.96;3.34;0
756;air_base;2072.08;15.82;803.68;0.08;0
756;anti_air_building;2071.14;15.82;803.99;2.10;0
756;synthetic_refinery;2070.17;15.88;803.82;0.55;0
756;fuel_silo;2069.40;15.82;803.20;2.11;0
756;radar_station;2069.02;15.76;802.28;3.76;0
756;rocket_site;2069.13;15.82;801.30;4.10;0
756;nuclear_reactor;2069.69;15.82;800.49;4.18;0
756;bunker;2070.58;15.88;800.04;6.22;0
756;supply_node;2071.57;15.82;800.08;2.48;0
757;arms_factory;2123.00;15.46;475.00;3.31;0
757;industrial_complex;2122.76;15.46;475.96;2.05;0
757;air_base;2122.08;15.46;476.68;0.50;0
757;anti_air_building;2121.14;15.46;476.99;4.13;0
757;synthetic_refinery;2120.17;15.46;476.82;3.16;0
757;fuel_silo;2119.40;15.46;476.20;1.07;0
757;radar_station;2119.02;15.46;475.28;5.32;0
757;rocket_site;2119.13;15.46;474.30;2.03;0
757;nuclear_reactor;2119.69;15.46;473.49;0.90;0
757;bunker;2120.58;15.46;473.04;4.99;0
757;supply_node;2121.57;15.52;473.08;3.65;0
758;arms_factory;1628.00;15.94;773.00;2.47;0
758;industrial_complex;1627.76;15.88;773.96;5.94;0
758;air_base;1627.08;15.94;774.68;3.26;0
758;anti_air_building;1626.14;15.94;774.99;3.06;0
758;synthetic_refinery;1625.17;16.00;774.82;1.07;0
758;fuel_silo;1624.40;15.94;774.20;2.38;0
758;radar_station;1624.02;15.94;773.28;4.54;0
758;rocket_site;1624.13;15.94;772.30;5.33;0
758;nuclear_reactor;1624.69;15.94;771.49;3.40;0
758;bunker;1625.58;15.88;771.04;6.26;0
758;supply_node;1626.57;15.88;771.08;1.11;0
759;arms_factory;2171.00;15.27;601.00;1.15;0
759;industrial_complex;2170.76;15.34;601.96;6.10;0
759;air_base;2170.08;15.27;602.68;1.74;0
759;anti_air_building;2169.14;15.27;602.99;5.75;0
759;synthetic_refinery;2168.17;15.34;602.82;1.37;0
759;fuel_silo;2167.40;15.34;602.20;2.45;0
759;radar_station;2167.02;15.34;601.28;6.23;0
759;rocket_site;2167.13;15.27;600.30;0.01;0
759;nuclear_reactor;2167.69;15.27;599.49;6.13;0
759;bunker;2168.58;15.27;599.04;0.80;0
759;supply_node;2169.57;15.27;599.08;4.06;0
760;arms_factory;2045.00;15.70;670.00;3.34;0
760;industrial_complex;2044.76;15.76;670.96;2.48;0
760;air_base;2044.08;15.82;671.68;1.12;0
760;anti_air_building;2043.14;15.70;671.99;3.18;0
760;synthetic_refinery;2042.17;15.64;671.82;6.24;0
760;fuel_silo;2041.40;15.58;671.20;2.13;0
760;radar_station;2041.02;15.58;670.28;6.00;0
760;rocket_site;2041.13;15.58;669.30;2.77;0
760;nuclear_reactor;2041.69;15.58;668.49;4.03;0
760;bunker;2042.58;15.64;668.04;4.07;0
760;supply_node;2043.57;15.70;668.08;2.06;0
761;arms_factory;1460.00;15.46;759.00;5.52;0
761;industrial_complex;1459.76;15.52;759.96;3.44;0
761;air_base;1459.08;15.52;760.68;2.16;0
761;anti_air_building;1458.14;15.52;760.99;0.08;0
761;synthetic_refinery;1457.17;15.58;760.82;4.55;0
761;fuel_silo;1456.40;15.64;760.20;2.34;0
761;radar_station;1456.02;15.58;759.28;3.33;0
761;rocket_site;1456.13;15.58;758.30;5.62;0
761;nuclear_reactor;1456.69;15.58;757.49;3.30;0
761;bunker;1457.58;15.52;757.04;3.03;0
761;supply_node;1458.57;15.52;757.08;3.43;0
762;arms_factory;1423.00;15.27;1124.00;4.60;0
762;industrial_complex;1422.76;15.27;1124.96;3.10;0
762;air_base;1422.08;15.27;1125.68;1.81;0
762;anti_air_building;1421.14;15.27;1125.99;5.85;0
762;synthetic_refinery;1420.17;15.27;1125.82;4.40;0
762;fuel_silo;1419.40;15.27;1125.20;6.16;0
762;radar_station;1419.02;15.27;1124.28;2.86;0
762;rocket_site;1419.13;15.27;1123.30;2.80;0
762;nuclear_reactor;1419.69;15.27;1122.49;3.72;0
762;bunker;1420.58;15.27;1122.04;4.91;0
762;supply_node;1421.57;15.27;1122.08;0.21;0
763;arms_factory;1922.00;16.85;890.00;0.24;0
763;industrial_complex;1921.76;16.92;890.96;2.92;0
763;air_base;1921.08;16.85;891.68;3.38;0
763;anti_air_building;1920.14;16.85;891.99;4.79;0
763;synthetic_refinery;1919.17;16.98;891.82;1.75;0
763;fuel_silo;1918.40;16.98;891.20;1.09;0
763;radar_station;1918.02;16.79;890.28;3.97;0
763;rocket_site;1918.13;16.67;889.30;5.81;0
763;nuclear_reactor;1918.69;16.61;888.49;5.61;0
763;bunker;1919.58;16.67;888.04;0.56;0
763;supply_node;1920.57;16.67;888.08;2.33;0
764;arms_factory;2104.00;15.52;1144.00;4.81;0
764;industrial_complex;2103.76;15.52;1144.96;4.70;0
764;air_base;2103.08;15.52;1145.68;5.44;0
764;anti_air_building;2102.14;15.52;1145.99;0.73;0
764;synthetic_refinery;2101.17;15.58;1145.82;2.03;0
764;fuel_silo;2100.40;15.58;1145.20;1.04;0
764;radar_station;2100.02;15.58;1144.28;0.69;0
764;rocket_site;2100.13;15.58;1143.30;0.77;0
764;nuclear_reactor;2100.69;15.58;1142.49;1.52;0
764;bunker;2101.58;15.52;1142.04;0.43;0
764;supply_node;2102.57;15.52;1142.08;0.70;0
765;arms_factory;1866.00;15.58;1047.00;4.60;0
765;industrial_complex;1865.76;15.64;1047.96;3.18;0
765;air_base;1865.08;15.64;1048.68;3.71;0
765;anti_air_building;1864.14;15.70;1048.99;0.73;0
765;synthetic_refinery;1863.17;15.76;1048.82;3.37;0
765;fuel_silo;1862.40;15.88;1048.20;0.00;0
765;radar_station;1862.02;15.88;1047.28;4.69;0
765;rocket_site;1862.13;15.94;1046.30;3.13;0
765;nuclear_reactor;1862.69;15.94;1045.49;4.55;0
765;bunker;1863.58;15.82;1045.04;6.16;0
765;supply_node;1864.57;15.76;1045.08;5.96;0
766;arms_factory;1647.00;15.58;544.00;3.36;0
766;industrial_complex;1646.76;15.58;544.96;1.64;0
766;air_base;1646.08;15.58;545.68;3.81;0
766;anti_air_building;1645.14;15.52;545.99;0.24;0
766;synthetic_refinery;1644.17;15.52;545.82;3.24;0
766;fuel_silo;1643.40;15.52;545.20;2.40;0
766;radar_station;1643.02;15.52;544.28;0.39;0
766;rocket_site;1643.13;15.46;543.30;0.91;0
766;nuclear_reactor;1643.69;15.52;542.49;0.35;0
766;bunker;1644.58;15.52;542.04;3.00;0
766;supply_node;1645.57;15.58;542.08;3.02;0
767;arms_factory;2219.00;15.27;640.00;5.29;0
767;industrial_complex;2218.76;15.27;640.96;3.58;0
767;air_base;2218.08;15.27;641.68;4.83;0
767;anti_air_building;2217.14;15.27;641.99;2.85;0
767;synthetic_refinery;2216.17;15.27;641.82;0.63;0
767;fuel_silo;2215.40;15.27;641.20;5.58;0
767;radar_station;2215.02;15.27;640.28;2.80;0
767;rocket_site;2215.13;15.27;639.30;0.22;0
767;nuclear_reactor;2215.69;15.27;638.49;5.44;0
767;bunker;2216.58;15.27;638.04;5.38;0
767;supply_node;2217.57;15.27;638.08;4.39;0
768;arms_factory;1412.00;15.34;1030.00;2.12;0
768;industrial_complex;1411.76;15.34;1030.96;0.93;0
768;air_base;1411.08;15.34;1031.68;4.20;0
768;anti_air_building;1410.14;15.34;1031.99;1.41;0
768;synthetic_refinery;1409.17;15.34;1031.82;1.46;0
768;fuel_silo;1408.40;15.34;1031.20;0.58;0
768;radar_station;1408.02;15.34;1030.28;0.71;0
768;rocket_site;1408.13;15.34;1029.30;5.29;0
768;nuclear_reactor;1408.69;15.34;1028.49;1.84;0
768;bunker;1409.58;15.34;1028.04;3.84;0
768;supply_node;1410.57;15.34;1028.08;1.52;0
769;arms_factory;1946.00;15.64;1152.00;0.74;0
769;industrial_complex;1945.76;15.64;1152.96;1.55;0
769;air_base;1945.08;15.58;1153.68;2.44;0
769;anti_air_building;1944.14;15.64;1153.99;1.40;0
769;synthetic_refinery;1943.17;15.58;1153.82;0.19;0
769;fuel_silo;1942.40;15.58;1153.20;2.02;0
769;radar_station;1942.02;15.58;1152.28;3.46;0
769;rocket_site;1942.13;15.58;1151.30;3.67;0
769;nuclear_reactor;1942.69;15.58;1150.49;0.74;0
769;bunker;1943.58;15.64;1150.04;1.29;0
769;supply_node;1944.57;15.64;1150.08;3.44;0
770;arms_factory;2119.00;15.52;1147.00;0.73;0
770;industrial_complex;2118.76;15.52;1147.96;4.00;0
770;air_base;2118.08;15.52;1148.68;2.64;0
770;anti_air_building;2117.14;15.52;1148.99;4.03;0
770;synthetic_refinery;2116.17;15.52;1148.82;3.57;0
770;fuel_silo;2115.40;15.52;1148.20;5.63;0
770;radar_station;2115.02;15.52;1147.28;4.35;0
770;rocket_site;2115.13;15.52;1146.30;5.17;0
770;nuclear_reactor;2115.69;15.46;1145.49;4.57;0
770;bunker;2116.58;15.46;1145.04;1.38;0
770;supply_node;2117.57;15.46;1145.08;4.21;0
771;arms_factory;2094.00;15.58;1172.00;1.52;0
771;industrial_complex;2093.76;15.58;1172.96;3.82;0
771;air_base;2093.08;15.58;1173.68;3.29;0
771;anti_air_building;2092.14;15.58;1173.99;5.74;0
771;synthetic_refinery;2091.17;15.58;1173.82;1.81;0
771;fuel_silo;2090.40;15.58;1173.20;4.04;0
771;radar_station;2090.02;15.52;1172.28;2.62;0
771;rocket_site;2090.13;15.58;1171.30;2.41;0
771;nuclear_reactor;2090.69;15.58;1170.49;2.39;0
771;bunker;2091.58;15.58;1170.04;4.06;0
771;supply_node;2092.57;15.58;1170.08;4.09;0
772;arms_factory;2147.00;16.19;880.00;3.07;0
772;industrial_complex;2146.76;16.13;880.96;4.04;0
772;air_base;2146.08;16.06;881.68;3.31;0
772;anti_air_building;2145.14;16.13;881.99;1.94;0
772;synthetic_refinery;2144.17;16.13;881.82;0.05;0
772;fuel_silo;2143.40;16.19;881.20;1.56;0
772;radar_station;2143.02;16.19;880.28;1.72;0
772;rocket_site;2143.13;16.31;879.30;0.77;0
772;nuclear_reactor;2143.69;16.37;878.49;1.92;0
772;bunker;2144.58;16.19;878.04;0.90;0
772;supply_node;2145.57;16.19;878.08;5.00;0
773;arms_factory;2029.00;18.01;873.00;6.12;0
773;industrial_complex;2028.76;17.89;873.96;1.17;0
773;air_base;2028.08;17.95;874.68;0.10;0
773;anti_air_building;2027.14;18.07;874.99;4.30;0
773;synthetic_refinery;2026.17;18.01;874.82;6.14;0
773;fuel_silo;2025.40;18.07;874.20;3.32;0
773;radar_station;2025.02;18.13;873.28;4.48;0
773;rocket_site;2025.13;17.95;872.30;0.62;0
773;nuclear_reactor;2025.69;17.71;871.49;2.04;0
773;bunker;2026.58;17.77;871.04;2.81;0
773;supply_node;2027.57;17.77;871.08;5.29;0
774;arms_factory;1530.00;17.71;1214.00;1.27;0
774;industrial_complex;1529.76;17.58;1214.96;4.48;0
774;air_base;1529.08;17.71;1215.68;2.98;0
774;anti_air_building;1528.14;17.46;1215.99;1.54;0
774;synthetic_refinery;1527.17;17.71;1215.82;4.32;0
774;fuel_silo;1526.40;17.95;1215.20;0.26;0
774;radar_station;1526.02;18.01;1214.28;6.22;0
774;rocket_site;1526.13;18.07;1213.30;2.56;0
774;nuclear_reactor;1526.69;18.19;1212.49;4.11;0
774;bunker;1527.58;17.83;1212.04;5.31;0
774;supply_node;1528.57;17.71;1212.08;3.35;0
775;arms_factory;1967.00;15.52;1182.00;4.41;0
775;industrial_complex;1966.76;15.52;1182.96;4.95;0
775;air_base;1966.08;15.52;1183.68;3.50;0
775;anti_air_building;1965.14;15.52;1183.99;3.10;0
775;synthetic_refinery;1964.17;15.52;1183.82;1.06;0
775;fuel_silo;1963.40;15.52;1183.20;4.42;0
775;radar_station;1963.02;15.52;1182.28;3.95;0
775;rocket_site;1963.13;15.52;1181.30;1.44;0
775;nuclear_reactor;1963.69;15.52;1180.49;4.25;0
775;bunker;1964.58;15.52;1180.04;2.77;0
775;supply_node;1965.57;15.52;1180.08;5.73;0
776;arms_factory;1495.00;16.19;753.00;2.27;0
776;industrial_complex;1494.76;16.13;753.96;2.66;0
776;air_base;1494.08;16.06;754.68;1.99;0
776;anti_air_building;1493.14;16.00;754.99;5.79;0
776;synthetic_refinery;1492.17;15.94;754.82;4.78;0
776;fuel_silo;1491.40;15.88;754.20;2.25;0
776;radar_station;1491.02;15.94;753.28;3.97;0
776;rocket_site;1491.13;16.00;752.30;5.95;0
776;nuclear_reactor;1491.69;16.06;751.49;3.89;0
776;bunker;1492.58;16.19;751.04;3.72;0
776;supply_node;1493.57;16.25;751.08;5.03;0
777;arms_factory;2149.00;16.85;743.00;3.46;0
777;industrial_complex;2148.76;16.92;743.96;1.87;0
777;air_base;2148.08;17.04;744.68;5.06;0
777;anti_air_building;2147.14;17.10;744.99;5.67;0
777;synthetic_refinery;2146.17;17.16;744.82;3.27;0
777;fuel_silo;2145.40;17.04;744.20;0.01;0
777;radar_station;2145.02;17.04;743.28;2.37;0
777;rocket_site;2145.13;17.10;742.30;5.82;0
777;nuclear_reactor;2145.69;17.04;741.49;5.28;0
777;bunker;2146.58;17.04;741.04;4.20;0
777;supply_node;2147.57;17.10;741.08;6.28;0
778;arms_factory;1913.00;15.76;494.00;4.81;0
778;industrial_complex;1912.76;15.76;494.96;0.41;0
778;air_base;1912.08;15.82;495.68;4.61;0
778;anti_air_building;1911.14;15.82;495.99;0.49;0
778;synthetic_refinery;1910.17;15.76;495.82;2.97;0
778;fuel_silo;1909.40;15.76;495.20;4.96;0
778;radar_station;1909.02;15.76;494.28;2.50;0
778;rocket_site;1909.13;15.64;493.30;6.20;0
778;nuclear_reactor;1909.69;15.58;492.49;3.81;0
778;bunker;1910.58;15.64;492.04;2.11;0
778;supply_node;1911.57;15.64;492.08;5.59;0
779;arms_factory;1866.00;16.19;879.00;4.53;0
779;industrial_complex;1865.76;16.19;879.96;4.56;0
779;air_base;1865.08;16.13;880.68;2.59;0
779;anti_air_building;1864.14;16.06;880.99;3.32;0
779;synthetic_refinery;1863.17;15.94;880.82;3.50;0
779;fuel_silo;1862.40;16.00;880.20;2.59;0
779;radar_station;1862.02;16.00;879.28;4.04;0
779;rocket_site;1862.13;16.06;878.30;4.35;0
779;nuclear_reactor;1862.69;16.19;877.49;3.31;0
779;bunker;1863.58;16.25;877.04;5.36;0
779;supply_node;1864.57;16.31;877.08;3.09;0
780;arms_factory;1778.00;15.46;595.00;2.76;0
780;industrial_complex;1777.76;15.46;595.96;0.26;0
780;air_base;1777.08;15.46;596.68;2.90;0
780;anti_air_building;1776.14;15.46;596.99;2.29;0
780;synthetic_refinery;1775.17;15.40;596.82;5.13;0
780;fuel_silo;1774.40;15.40;596.20;3.49;0
780;radar_station;1774.02;15.40;595.28;3.97;0
780;rocket_site;1774.13;15.46;594.30;5.15;0
780;nuclear_reactor;1774.69;15.46;593.49;3.46;0
780;bunker;1775.58;15.46;593.04;2.89;0
780;supply_node;1776.57;15.46;593.08;3.13;0
781;arms_factory;1665.00;15.58;1117.00;3.51;0
781;industrial_complex;1664.76;15.58;1117.96;5.16;0
781;air_base;1664.08;15.58;1118.68;1.79;0
781;anti_air_building;1663.14;15.58;1118.99;2.09;0
781;synthetic_refinery;1662.17;15.64;1118.82;2.76;0
781;fuel_silo;1661.40;15.64;1118.20;1.79;0
781;radar_station;1661.02;15.64;1117.28;3.28;0
781;rocket_site;1661.13;15.70;1116.30;0.86;0
781;nuclear_reactor;1661.69;15.64;1115.49;4.67;0
781;bunker;1662.58;15.64;1115.04;5.71;0
781;supply_node;1663.57;15.58;1115.08;3.06;0
782;arms_factory;2025.00;15.27;541.00;3.42;0
782;industrial_complex;2024.76;15.27;541.96;2.75;0
782;air_base;2024.08;15.27;542.68;2.98;0
782;anti_air_building;2023.14;15.34;542.99;3.32;0
782;synthetic_refinery;2022.17;15.34;542.82;4.20;0
782;fuel_silo;2021.40;15.34;542.20;5.85;0
782;radar_station;2021.02;15.34;541.28;0.46;0
782;rocket_site;2021.13;15.34;540.30;5.97;0
782;nuclear_reactor;2021.69;15.34;539.49;0.72;0
782;bunker;2022.58;15.34;539.04;1.98;0
782;supply_node;2023.57;15.34;539.08;1.61;0
783;arms_factory;2253.00;16.13;1199.00;6.15;0
783;industrial_complex;2252.76;16.13;1199.96;3.44;0
783;air_base;2252.08;15.94;1200.68;4.67;0
783;anti_air_building;2251.14;16.00;1200.99;5.10;0
783;synthetic_refinery;2250.17;15.94;1200.82;4.24;0
783;fuel_silo;2249.40;16.00;1200.20;2.46;0
783;radar_station;2249.02;16.13;1199.28;0.08;0
783;rocket_site;2249.13;16.13;1198.30;5.76;0
783;nuclear_reactor;2249.69;16.19;1197.49;1.03;0
783;bunker;2250.58;16.25;1197.04;4.11;0
783;supply_node;2251.57;16.31;1197.08;2.40;0
784;arms_factory;1940.00;16.49;647.00;5.64;0
784;industrial_complex;1939.76;16.49;647.96;1.76;0
784;air_base;1939.08;16.37;648.68;2.35;0
784;anti_air_building;1938.14;16.55;648.99;5.01;0
784;synthetic_refinery;1937.17;16.49;648.82;5.86;0
784;fuel_silo;1936.40;16.55;648.20;3.53;0
784;radar_station;1936.02;16.61;647.28;1.09;0
784;rocket_site;1936.13;16.67;646.30;4.39;0
784;nuclear_reactor;1936.69;16.73;645.49;3.06;0
784;bunker;1937.58;16.55;645.04;5.41;0
784;supply_node;1938.57;16.61;645.08;6.09;0
785;arms_factory;1509.00;16.92;1120.00;5.90;0
785;industrial_complex;1508.76;16.85;1120.96;3.55;0
785;air_base;1508.08;16.98;1121.68;2.73;0
785;anti_air_building;1507.14;16.79;1121.99;5.80;0
785;synthetic_refinery;1506.17;16.73;1121.82;4.50;0
785;fuel_silo;1505.40;16.85;1121.20;1.19;0
785;radar_station;1505.02;16.73;1120.28;5.86;0
785;rocket_site;1505.13;16.79;1119.30;0.66;0
785;nuclear_reactor;1505.69;16.79;1118.49;4.58;0
785;bunker;1506.58;16.85;1118.04;1.02;0
785;supply_node;1507.57;16.92;1118.08;4.28;0
786;arms_factory;2268.00;15.82;829.00;3.87;0
786;industrial_complex;2267.76;15.82;829.96;4.85;0
786;air_base;2267.08;15.88;830.68;1.25;0
786;anti_air_building;2266.14;15.94;830.99;3.77;0
786;synthetic_refinery;2265.17;15.94;830.82;4.24;0
786;fuel_silo;2264.40;15.94;830.20;5.48;0
786;radar_station;2264.02;15.94;829.28;0.66;0
786;rocket_site;2264.13;15.88;828.30;6.15;0
786;nuclear_reactor;2264.69;15.94;827.49;4.76;0
786;bunker;2265.58;15.82;827.04;4.39;0
786;supply_node;2266.57;15.88;827.08;2.43;0
787;arms_factory;1315.00;15.27;906.00;4.43;0
787;industrial_complex;1314.76;15.27;906.96;0.91;0
787;air_base;1314.08;15.27;907.68;2.45;0
787;anti_air_building;1313.14;15.27;907.99;1.10;0
787;synthetic_refinery;1312.17;15.27;907.82;1.57;0
787;fuel_silo;1311.40;15.27;907.20;2.99;0
787;radar_station;1311.02;15.27;906.28;3.47;0
787;rocket_site;1311.13;15.27;905.30;1.43;0
787;nuclear_reactor;1311.69;15.27;904.49;5.05;0
787;bunker;1312.58;15.27;904.04;6.25;0
787;supply_node;1313.57;15.27;904.08;5.22;0
788;arms_factory;1949.00;15.64;1284.00;0.87;0
788;industrial_complex;1948.76;15.64;1284.96;0.67;0
788;air_base;1948.08;15.64;1285.68;2.88;0
788;anti_air_building;1947.14;15.64;1285.99;0.34;0
788;synthetic_refinery;1946.17;15.64;1285.82;3.48;0
788;fuel_silo;1945.40;15.64;1285.20;3.60;0
788;radar_station;1945.02;15.64;1284.28;2.90;0
788;rocket_site;1945.13;15.64;1283.30;4.60;0
788;nuclear_reactor;1945.69;15.64;1282.49;5.96;0
788;bunker;1946.58;15.64;1282.04;4.27;0
788;supply_node;1947.57;15.64;1282.08;4.37;0
789;arms_factory;1710.00;15.27;1592.00;3.11;0
789;industrial_complex;1709.76;15.27;1592.96;4.36;0
789;air_base;1709.08;15.27;1593.68;2.87;0
789;anti_air_building;1708.14;15.27;1593.99;2.96;0
789;synthetic_refinery;1707.17;15.27;1593.82;2.48;0
789;fuel_silo;1706.40;15.34;1593.20;1.68;0
789;radar_station;1706.02;15.34;1592.28;0.37;0
789;rocket_site;1706.13;15.34;1591.30;4.52;0
789;nuclear_reactor;1706.69;15.34;1590.49;4.26;0
789;bunker;1707.58;15.34;1590.04;0.89;0
789;supply_node;1708.57;15.34;1590.08;3.38;0
790;arms_factory;1218.00;15.27;1514.00;1.45;0
790;industrial_complex;1217.76;15.27;1514.96;5.93;0
790;air_base;1217.08;15.27;1515.68;4.53;0
790;anti_air_building;1216.14;15.27;1515.99;5.94;0
790;synthetic_refinery;1215.17;15.27;1515.82;2.82;0
790;fuel_silo;1214.40;15.27;1515.20;3.06;0
790;radar_station;1214.02;15.27;1514.28;5.77;0
790;rocket_site;1214.13;15.27;1513.30;4.23;0
790;nuclear_reactor;1214.69;15.27;1512.49;2.89;0
790;bunker;1215.58;15.27;1512.04;3.64;0
790;supply_node;1216.57;15.27;1512.08;4.66;0
791;arms_factory;1991.00;15.58;1298.00;3.50;0
791;industrial_complex;1990.76;15.64;1298.96;5.61;0
791;air_base;1990.08;15.64;1299.68;3.31;0
791;anti_air_building;1989.14;15.70;1299.99;6.02;0
791;synthetic_refinery;1988.17;15.70;1299.82;3.42;0
791;fuel_silo;1987.40;15.70;1299.20;0.62;0
791;radar_station;1987.02;15.70;1298.28;4.57;0
791;rocket_site;1987.13;15.70;1297.30;2.61;0
791;nuclear_reactor;1987.69;15.64;1296.49;1.77;0
791;bunker;1988.58;15.70;1296.04;2.25;0
791;supply_node;1989.57;15.70;1296.08;4.94;0
792;arms_factory;2013.00;15.34;1726.00;0.88;0
792;industrial_complex;2012.76;15.34;1726.96;5.06;0
792;air_base;2012.08;15.34;1727.68;2.04;0
792;anti_air_building;2011.14;15.34;1727.99;0.87;0
792;synthetic_refinery;2010.17;15.34;1727.82;3.83;0
792;fuel_silo;2009.40;15.34;1727.20;5.01;0
792;radar_station;2009.02;15.34;1726.28;1.61;0
792;rocket_site;2009.13;15.34;1725.30;3.39;0
792;nuclear_reactor;2009.69;15.34;1724.49;0.49;0
792;bunker;2010.58;15.34;1724.04;1.94;0
792;supply_node;2011.57;15.34;1724.08;1.52;0
793;arms_factory;2212.00;15.27;1417.00;0.82;0
793;industrial_complex;2211.76;15.27;1417.96;4.63;0
793;air_base;2211.08;15.27;1418.68;5.61;0
793;anti_air_building;2210.14;15.27;1418.99;1.45;0
793;synthetic_refinery;2209.17;15.27;1418.82;4.37;0
793;fuel_silo;2208.40;15.27;1418.20;3.87;0
793;radar_station;2208.02;15.27;1417.28;3.37;0
793;rocket_site;2208.13;15.27;1416.30;0.74;0
793;nuclear_reactor;2208.69;15.27;1415.49;1.37;0
793;bunker;2209.58;15.27;1415.04;4.62;0
793;supply_node;2210.57;15.27;1415.08;2.52;0
794;arms_factory;1584.00;15.34;1342.00;1.46;0
794;industrial_complex;1583.76;15.34;1342.96;0.31;0
794;air_base;1583.08;15.34;1343.68;1.91;0
794;anti_air_building;1582.14;15.34;1343.99;0.22;0
794;synthetic_refinery;1581.17;15.34;1343.82;1.05;0
794;fuel_silo;1580.40;15.34;1343.20;6.00;0
794;radar_station;1580.02;15.34;1342.28;2.87;0
794;rocket_site;1580.13;15.34;1341.30;2.04;0
794;nuclear_reactor;1580.69;15.34;1340.49;0.98;0
794;bunker;1581.58;15.34;1340.04;5.44;0
794;supply_node;1582.57;15.34;1340.08;2.50;0
795;arms_factory;1368.00;15.58;1283.00;5.17;0
795;industrial_complex;1367.76;15.64;1283.96;1.33;0
795;air_base;1367.08;15.52;1284.68;2.54;0
795;anti_air_building;1366.14;15.58;1284.99;4.39;0
795;synthetic_refinery;1365.17;15.70;1284.82;1.73;0
795;fuel_silo;1364.40;15.70;1284.20;4.32;0
795;radar_station;1364.02;15.76;1283.28;2.38;0
795;rocket_site;1364.13;15.88;1282.30;1.36;0
795;nuclear_reactor;1364.69;16.06;1281.49;2.61;0
795;bunker;1365.58;15.94;1281.04;2.71;0
795;supply_node;1366.57;15.82;1281.08;1.02;0
796;arms_factory;1806.00;15.88;1357.00;2.19;0
796;industrial_complex;1805.76;15.88;1357.96;3.58;0
796;air_base;1805.08;15.82;1358.68;5.07;0
796;anti_air_building;1804.14;15.88;1358.99;5.42;0
796;synthetic_refinery;1803.17;15.82;1358.82;3.82;0
796;fuel_silo;1802.40;15.88;1358.20;4.71;0
796;radar_station;1802.02;15.88;1357.28;4.64;0
796;rocket_site;1802.13;15.88;1356.30;5.71;0
796;nuclear_reactor;1802.69;15.88;1355.49;4.20;0
796;bunker;1803.58;15.82;1355.04;3.82;0
796;supply_node;1804.57;15.88;1355.08;0.83;0
797;arms_factory;2301.00;15.27;1646.00;4.20;0
797;industrial_complex;2300.76;15.27;1646.96;3.11;0
797;air_base;2300.08;15.27;1647.68;5.04;0
797;anti_air_building;2299.14;15.27;1647.99;5.79;0
797;synthetic_refinery;2298.17;15.27;1647.82;0.03;0
797;fuel_silo;2297.40;15.27;1647.20;4.38;0
797;radar_station;2297.02;15.27;1646.28;2.19;0
797;rocket_site;2297.13;15.27;1645.30;5.59;0
797;nuclear_reactor;2297.69;15.27;1644.49;1.19;0
797;bunker;2298.58;15.27;1644.04;3.87;0
797;supply_node;2299.57;15.27;1644.08;2.61;0
798;arms_factory;1553.00;15.88;1248.00;5.30;0
798;industrial_complex;1552.76;15.88;1248.96;2.76;0
798;air_base;1552.08;15.88;1249.68;2.16;0
798;anti_air_building;1551.14;15.88;1249.99;0.40;0
798;synthetic_refinery;1550.17;15.88;1249.82;3.51;0
798;fuel_silo;1549.40;15.88;1249.20;5.60;0
798;radar_station;1549.02;15.88;1248.28;1.01;0
798;rocket_site;1549.13;15.88;1247.30;0.19;0
798;nuclear_reactor;1549.69;15.88;1246.49;0.45;0
798;bunker;1550.58;15.88;1246.04;5.49;0
798;supply_node;1551.57;15.88;1246.08;3.37;0
799;arms_factory;1406.00;15.27;1503.00;0.64;0
799;industrial_complex;1405.76;15.27;1503.96;2.20;0
799;air_base;1405.08;15.27;1504.68;5.30;0
799;anti_air_building;1404.14;15.27;1504.99;1.47;0
799;synthetic_refinery;1403.17;15.27;1504.82;4.49;0
799;fuel_silo;1402.40;15.27;1504.20;4.53;0
799;radar_station;1402.02;15.27;1503.28;6.16;0
799;rocket_site;1402.13;15.27;1502.30;0.76;0
799;nuclear_reactor;1402.69;15.27;1501.49;5.81;0
799;bunker;1403.58;15.27;1501.04;1.57;0
799;supply_node;1404.57;15.27;1501.08;4.56;0
800;arms_factory;1861.00;15.27;1693.00;1.61;0
800;industrial_complex;1860.76;15.27;1693.96;3.83;0
800;air_base;1860.08;15.27;1694.68;5.24;0
800;anti_air_building;1859.14;15.27;1694.99;1.30;0
800;synthetic_refinery;1858.17;15.27;1694.82;2.41;0
800;fuel_silo;1857.40;15.27;1694.20;2.33;0
800;radar_station;1857.02;15.27;1693.28;1.07;0
800;rocket_site;1857.13;15.27;1692.30;3.95;0
800;nuclear_reactor;1857.69;15.27;1691.49;1.76;0
800;bunker;1858.58;15.27;1691.04;1.07;0
800;supply_node;1859.57;15.27;1691.08;1.63;0
801;arms_factory;2332.00;15.27;1281.00;0.99;0
801;industrial_complex;2331.76;15.27;1281.96;4.02;0
801;air_base;2331.08;15.27;1282.68;3.56;0
801;anti_air_building;2330.14;15.27;1282.99;0.53;0
801;synthetic_refinery;2329.17;15.27;1282.82;4.92;0
801;fuel_silo;2328.40;15.27;1282.20;0.99;0
801;radar_station;2328.02;15.27;1281.28;4.87;0
801;rocket_site;2328.13;15.27;1280.30;2.97;0
801;nuclear_reactor;2328.69;15.27;1279.49;0.28;0
801;bunker;2329.58;15.27;1279.04;2.19;0
801;supply_node;2330.57;15.27;1279.08;5.82;0
802;arms_factory;1310.00;15.27;1580.00;2.08;0
802;industrial_complex;1309.76;15.27;1580.96;2.22;0
802;air_base;1309.08;15.27;1581.68;3.89;0
802;anti_air_building;1308.14;15.27;1581.99;2.25;0
802;synthetic_refinery;1307.17;15.27;1581.82;5.92;0
802;fuel_silo;1306.40;15.27;1581.20;1.80;0
802;radar_station;1306.02;15.34;1580.28;3.03;0
802;rocket_site;1306.13;15.34;1579.30;3.64;0
802;nuclear_reactor;1306.69;15.34;1578.49;3.22;0
802;bunker;1307.58;15.34;1578.04;1.51;0
802;supply_node;1308.57;15.34;1578.08;2.08;0
803;arms_factory;1665.00;15.46;1215.00;0.41;0
803;industrial_complex;1664.76;15.40;1215.96;1.80;0
803;air_base;1664.08;15.46;1216.68;5.42;0
803;anti_air_building;1663.14;15.46;1216.99;1.08;0
803;synthetic_refinery;1662.17;15.40;1216.82;1.58;0
803;fuel_silo;1661.40;15.40;1216.20;1.65;0
803;radar_station;1661.02;15.34;1215.28;4.87;0
803;rocket_site;1661.13;15.34;1214.30;4.82;0
803;nuclear_reactor;1661.69;15.34;1213.49;5.10;0
803;bunker;1662.58;15.34;1213.04;5.15;0
803;supply_node;1663.57;15.40;1213.08;3.76;0
804;arms_factory;1816.00;16.49;1256.00;2.37;0
804;industrial_complex;1815.76;16.61;1256.96;5.74;0
804;air_base;1815.08;16.61;1257.68;5.48;0
804;anti_air_building;1814.14;16.55;1257.99;3.57;0
804;synthetic_refinery;1813.17;16.49;1257.82;5.65;0
804;fuel_silo;1812.40;16.37;1257.20;3.40;0
804;radar_station;1812.02;16.43;1256.28;1.28;0
804;rocket_site;1812.13;16.49;1255.30;4.40;0
804;nuclear_reactor;1812.69;16.43;1254.49;1.44;0
804;bunker;1813.58;16.49;1254.04;4.16;0
804;supply_node;1814.57;16.49;1254.08;2.78;0
805;arms_factory;2355.00;15.27;1447.00;5.54;0
805;industrial_complex;2354.76;15.27;1447.96;5.11;0
805;air_base;2354.08;15.27;1448.68;4.94;0
805;anti_air_building;2353.14;15.27;1448.99;0.80;0
805;synthetic_refinery;2352.17;15.27;1448.82;3.12;0
805;fuel_silo;2351.40;15.27;1448.20;1.14;0
805;radar_station;2351.02;15.27;1447.28;4.30;0
805;rocket_site;2351.13;15.27;1446.30;4.61;0
805;nuclear_reactor;2351.69;15.27;1445.49;3.66;0
805;bunker;2352.58;15.27;1445.04;5.36;0
805;supply_node;2353.57;15.27;1445.08;4.44;0
806;arms_factory;1727.00;16.43;1422.00;2.83;0
806;industrial_complex;1726.76;16.37;1422.96;4.77;0
806;air_base;1726.08;16.37;1423.68;1.72;0
806;anti_air_building;1725.14;16.37;1423.99;1.52;0
806;synthetic_refinery;1724.17;16.31;1423.82;1.90;0
806;fuel_silo;1723.40;16.19;1423.20;2.89;0
806;radar_station;1723.02;16.19;1422.28;0.22;0
806;rocket_site;1723.13;16.19;1421.30;5.25;0
806;nuclear_reactor;1723.69;16.06;1420.49;5.27;0
806;bunker;1724.58;16.25;1420.04;5.24;0
806;supply_node;1725.57;16.25;1420.08;5.28;0
807;arms_factory;1798.00;15.88;1426.00;4.54;0
807;industrial_complex;1797.76;15.94;1426.96;0.18;0
807;air_base;1797.08;15.88;1427.68;5.96;0
807;anti_air_building;1796.14;16.06;1427.99;3.68;0
807;synthetic_refinery;1795.17;16.06;1427.82;2.34;0
807;fuel_silo;1794.40;16.19;1427.20;5.24;0
807;radar_station;1794.02;16.19;1426.28;0.97;0
807;rocket_site;1794.13;16.19;1425.30;2.87;0
807;nuclear_reactor;1794.69;16.06;1424.49;5.48;0
807;bunker;1795.58;16.06;1424.04;1.36;0
807;supply_node;1796.57;16.00;1424.08;3.39;0
808;arms_factory;1963.00;16.37;1357.00;0.30;0
808;industrial_complex;1962.76;16.43;1357.96;2.97;0
808;air_base;1962.08;16.43;1358.68;6.26;0
808;anti_air_building;1961.14;16.37;1358.99;6.28;0
808;synthetic_refinery;1960.17;16.31;1358.82;4.30;0
808;fuel_silo;1959.40;16.25;1358.20;3.74;0
808;radar_station;1959.02;16.31;1357.28;5.68;0
808;rocket_site;1959.13;16.37;1356.30;4.30;0
808;nuclear_reactor;1959.69;16.31;1355.49;2.83;0
808;bunker;1960.58;16.43;1355.04;3.82;0
808;supply_node;1961.57;16.55;1355.08;4.58;0
809;arms_factory;1534.00;15.27;1668.00;5.15;0
809;industrial_complex;1533.76;15.27;1668.96;1.12;0
809;air_base;1533.08;15.27;1669.68;1.12;0
809;anti_air_building;1532.14;15.27;1669.99;5.42;0
809;synthetic_refinery;1531.17;15.27;1669.82;3.23;0
809;fuel_silo;1530.40;15.27;1669.20;4.44;0
809;radar_station;1530.02;15.27;1668.28;6.24;0
809;rocket_site;1530.13;15.27;1667.30;2.85;0
809;nuclear_reactor;1530.69;15.27;1666.49;1.09;0
809;bunker;1531.58;15.27;1666.04;4.11;0
809;supply_node;1532.57;15.27;1666.08;4.54;0
810;arms_factory;1413.00;15.34;1375.00;3.22;0
810;industrial_complex;1412.76;15.34;1375.96;4.07;0
810;air_base;1412.08;15.34;1376.68;4.06;0
810;anti_air_building;1411.14;15.34;1376.99;2.86;0
810;synthetic_refinery;1410.17;15.34;1376.82;6.22;0
810;fuel_silo;1409.40;15.34;1376.20;0.27;0
810;radar_station;1409.02;15.34;1375.28;5.17;0
810;rocket_site;1409.13;15.34;1374.30;1.34;0
810;nuclear_reactor;1409.69;15.34;1373.49;3.63;0
810;bunker;1410.58;15.34;1373.04;1.44;0
810;supply_node;1411.57;15.34;1373.08;2.09;0
811;arms_factory;1878.00;15.27;1563.00;1.42;0
811;industrial_complex;1877.76;15.27;1563.96;3.89;0
811;air_base;1877.08;15.27;1564.68;6.04;0
811;anti_air_building;1876.14;15.27;1564.99;1.55;0
811;synthetic_refinery;1875.17;15.27;1564.82;1.83;0
811;fuel_silo;1874.40;15.27;1564.20;3.12;0
811;radar_station;1874.02;15.27;1563.28;2.46;0
811;rocket_site;1874.13;15.27;1562.30;1.49;0
811;nuclear_reactor;1874.69;15.27;1561.49;4.85;0
811;bunker;1875.58;15.27;1561.04;3.26;0
811;supply_node;1876.57;15.27;1561.08;5.94;0
812;arms_factory;2046.00;15.94;1330.00;2.11;0
812;industrial_complex;2045.76;15.94;1330.96;5.90;0
812;air_base;2045.08;16.00;1331.68;5.39;0
812;anti_air_building;2044.14;16.06;1331.99;3.71;0
812;synthetic_refinery;2043.17;16.06;1331.82;2.66;0
812;fuel_silo;2042.40;16.13;1331.20;0.42;0
812;radar_station;2042.02;16.06;1330.28;4.48;0
812;rocket_site;2042.13;16.00;1329.30;5.10;0
812;nuclear_reactor;2042.69;16.06;1328.49;4.73;0
812;bunker;2043.58;16.00;1328.04;3.36;0
812;supply_node;2044.57;15.94;1328.08;0.33;0
813;arms_factory;1805.00;15.27;1590.00;5.19;0
813;industrial_complex;1804.76;15.27;1590.96;1.26;0
813;air_base;1804.08;15.27;1591.68;0.20;0
813;anti_air_building;1803.14;15.27;1591.99;4.08;0
813;synthetic_refinery;1802.17;15.27;1591.82;3.55;0
813;fuel_silo;1801.40;15.27;1591.20;4.24;0
813;radar_station;1801.02;15.27;1590.28;1.43;0
813;rocket_site;1801.13;15.27;1589.30;2.52;0
813;nuclear_reactor;1801.69;15.27;1588.49;0.02;0
813;bunker;1802.58;15.27;1588.04;5.83;0
813;supply_node;1803.57;15.27;1588.08;2.90;0
814;arms_factory;1310.00;15.27;1274.00;4.36;0
814;industrial_complex;1309.76;15.27;1274.96;3.39;0
814;air_base;1309.08;15.27;1275.68;0.84;0
814;anti_air_building;1308.14;15.27;1275.99;1.08;0
814;synthetic_refinery;1307.17;15.27;1275.82;5.41;0
814;fuel_silo;1306.40;15.27;1275.20;2.37;0
814;radar_station;1306.02;15.27;1274.28;5.87;0
814;rocket_site;1306.13;15.27;1273.30;4.15;0
814;nuclear_reactor;1306.69;15.27;1272.49;3.78;0
814;bunker;1307.58;15.27;1272.04;3.97;0
814;supply_node;1308.57;15.27;1272.08;6.05;0
815;arms_factory;2240.00;16.31;1237.00;5.23;0
815;industrial_complex;2239.76;16.31;1237.96;2.05;0
815;air_base;2239.08;16.25;1238.68;4.75;0
815;anti_air_building;2238.14;16.31;1238.99;1.25;0
815;synthetic_refinery;2237.17;16.43;1238.82;5.15;0
815;fuel_silo;2236.40;16.37;1238.20;3.17;0
815;radar_station;2236.02;16.37;1237.28;1.17;0
815;rocket_site;2236.13;16.37;1236.30;1.69;0
815;nuclear_reactor;2236.69;16.25;1235.49;2.70;0
815;bunker;2237.58;16.19;1235.04;0.86;0
815;supply_node;2238.57;16.25;1235.08;5.98;0
816;arms_factory;1562.00;15.27;1742.00;3.21;0
816;industrial_complex;1561.76;15.27;1742.96;5.63;0
816;air_base;1561.08;15.27;1743.68;4.12;0
816;anti_air_building;1560.14;15.27;1743.99;3.30;0
816;synthetic_refinery;1559.17;15.27;1743.82;5.79;0
816;fuel_silo;1558.40;15.27;1743.20;0.18;0
816;radar_station;1558.02;15.27;1742.28;4.03;0
816;rocket_site;1558.13;15.27;1741.30;3.31;0
816;nuclear_reactor;1558.69;15.27;1740.49;5.11;0
816;bunker;1559.58;15.27;1740.04;5.08;0
816;supply_node;1560.57;15.27;1740.08;3.93;0
817;arms_factory;2223.00;15.34;1679.00;0.41;0
817;industrial_complex;2222.76;15.27;1679.96;1.79;0
817;air_base;2222.08;15.27;1680.68;1.17;0
817;anti_air_building;2221.14;15.27;1680.99;1.75;0
817;synthetic_refinery;2220.17;15.27;1680.82;2.79;0
817;fuel_silo;2219.40;15.27;1680.20;0.58;0
817;radar_station;2219.02;15.27;1679.28;1.27;0
817;rocket_site;2219.13;15.27;1678.30;3.21;0
817;nuclear_reactor;2219.69;15.27;1677.49;0.66;0
817;bunker;2220.58;15.27;1677.04;1.44;0
817;supply_node;2221.57;15.27;1677.08;5.12;0
818;arms_factory;2189.00;16.85;1274.00;1.03;0
818;industrial_complex;2188.76;16.98;1274.96;6.06;0
818;air_base;2188.08;17.16;1275.68;0.95;0
818;anti_air_building;2187.14;17.22;1275.99;5.94;0
818;synthetic_refinery;2186.17;17.22;1275.82;4.72;0
818;fuel_silo;2185.40;17.16;1275.20;0.38;0
818;radar_station;2185.02;17.10;1274.28;0.41;0
818;rocket_site;2185.13;17.10;1273.30;3.33;0
818;nuclear_reactor;2185.69;16.85;1272.49;0.60;0
818;bunker;2186.58;16.85;1272.04;0.77;0
818;supply_node;2187.57;16.67;1272.08;0.75;0
819;arms_factory;1403.00;15.27;1587.00;1.65;0
819;industrial_complex;1402.76;15.27;1587.96;1.00;0
819;air_base;1402.08;15.27;1588.68;4.15;0
819;anti_air_building;1401.14;15.27;1588.99;6.21;0
819;synthetic_refinery;1400.17;15.27;1588.82;4.96;0
819;fuel_silo;1399.40;15.27;1588.20;1.16;0
819;radar_station;1399.02;15.27;1587.28;3.84;0
819;rocket_site;1399.13;15.27;1586.30;3.07;0
819;nuclear_reactor;1399.69;15.27;1585.49;2.54;0
819;bunker;1400.58;15.27;1585.04;4.20;0
819;supply_node;1401.57;15.27;1585.08;3.50;0
820;arms_factory;2001.00;15.27;1470.00;0.88;0
820;industrial_complex;2000.76;15.27;1470.96;1.18;0
820;air_base;2000.08;15.27;1471.68;6.20;0
820;anti_air_building;1999.14;15.27;1471.99;4.48;0
820;synthetic_refinery;1998.17;15.27;1471.82;5.16;0
820;fuel_silo;1997.40;15.27;1471.20;5.07;0
820;radar_station;1997.02;15.27;1470.28;0.50;0
820;rocket_site;1997.13;15.27;1469.30;0.86;0
820;nuclear_reactor;1997.69;15.27;1468.49;5.64;0
820;bunker;1998.58;15.27;1468.04;4.67;0
820;supply_node;1999.57;15.27;1468.08;0.65;0
821;arms_factory;1522.00;15.34;1395.00;5.58;0
821;industrial_complex;1521.76;15.34;1395.96;4.57;0
821;air_base;1521.08;15.34;1396.68;5.76;0
821;anti_air_building;1520.14;15.34;1396.99;3.83;0
821;synthetic_refinery;1519.17;15.34;1396.82;2.63;0
821;fuel_silo;1518.40;15.27;1396.20;3.61;0
821;radar_station;1518.02;15.27;1395.28;0.20;0
821;rocket_site;1518.13;15.27;1394.30;5.43;0
821;nuclear_reactor;1518.69;15.27;1393.49;3.77;0
821;bunker;1519.58;15.27;1393.04;6.15;0
821;supply_node;1520.57;15.34;1393.08;0.80;0
822;arms_factory;1368.00;15.34;1330.00;0.12;0
822;industrial_complex;1367.76;15.34;1330.96;5.75;0
822;air_base;1367.08;15.27;1331.68;5.92;0
822;anti_air_building;1366.14;15.27;1331.99;4.80;0
822;synthetic_refinery;1365.17;15.27;1331.82;4.26;0
822;fuel_silo;1364.40;15.27;1331.20;6.27;0
822;radar_station;1364.02;15.27;1330.28;5.56;0
822;rocket_site;1364.13;15.34;1329.30;1.95;0
822;nuclear_reactor;1364.69;15.34;1328.49;0.69;0
822;bunker;1365.58;15.34;1328.04;1.28;0
822;supply_node;1366.57;15.34;1328.08;0.39;0
823;arms_factory;1307.00;15.34;1521.00;2.20;0
823;industrial_complex;1306.76;15.34;1521.96;4.12;0
823;air_base;1306.08;15.34;1522.68;4.99;0
823;anti_air_building;1305.14;15.34;1522.99;1.29;0
823;synthetic_refinery;1304.17;15.34;1522.82;5.57;0
823;fuel_silo;1303.40;15.34;1522.20;1.97;0
823;radar_station;1303.02;15.34;1521.28;0.09;0
823;rocket_site;1303.13;15.34;1520.30;5.21;0
823;nuclear_reactor;1303.69;15.34;1519.49;6.16;0
823;bunker;1304.58;15.34;1519.04;3.02;0
823;supply_node;1305.57;15.34;1519.08;2.92;0
824;arms_factory;2165.00;17.46;1278.00;3.36;0
824;industrial_complex;2164.76;17.58;1278.96;2.79;0
824;air_base;2164.08;17.58;1279.68;1.83;0
824;anti_air_building;2163.14;17.34;1279.99;1.24;0
824;synthetic_refinery;2162.17;17.16;1279.82;0.70;0
824;fuel_silo;2161.40;17.22;1279.20;3.40;0
824;radar_station;2161.02;17.34;1278.28;5.76;0
824;rocket_site;2161.13;17.46;1277.30;1.23;0
824;nuclear_reactor;2161.69;17.52;1276.49;4.05;0
824;bunker;2162.58;17.52;1276.04;3.27;0
824;supply_node;2163.57;17.83;1276.08;1.98;0
825;arms_factory;1547.00;15.40;1507.00;5.70;0
825;industrial_complex;1546.76;15.34;1507.96;0.00;0
825;air_base;1546.08;15.40;1508.68;0.34;0
825;anti_air_building;1545.14;15.40;1508.99;0.81;0
825;synthetic_refinery;1544.17;15.34;1508.82;5.15;0
825;fuel_silo;1543.40;15.34;1508.20;5.19;0
825;radar_station;1543.02;15.34;1507.28;5.95;0
825;rocket_site;1543.13;15.34;1506.30;1.92;0
825;nuclear_reactor;1543.69;15.34;1505.49;3.37;0
825;bunker;1544.58;15.34;1505.04;4.95;0
825;supply_node;1545.57;15.34;1505.08;0.46;0
826;arms_factory;1693.00;15.58;1327.00;5.99;0
826;industrial_complex;1692.76;15.52;1327.96;0.65;0
826;air_base;1692.08;15.52;1328.68;4.17;0
826;anti_air_building;1691.14;15.46;1328.99;0.20;0
826;synthetic_refinery;1690.17;15.46;1328.82;2.28;0
826;fuel_silo;1689.40;15.40;1328.20;4.32;0
826;radar_station;1689.02;15.40;1327.28;2.56;0
826;rocket_site;1689.13;15.46;1326.30;1.83;0
826;nuclear_reactor;1689.69;15.46;1325.49;5.17;0
826;bunker;1690.58;15.46;1325.04;2.71;0
826;supply_node;1691.57;15.52;1325.08;4.41;0
827;arms_factory;2051.00;15.27;1515.00;1.40;0
827;industrial_complex;2050.76;15.27;1515.96;1.62;0
827;air_base;2050.08;15.27;1516.68;0.47;0
827;anti_air_building;2049.14;15.27;1516.99;1.04;0
827;synthetic_refinery;2048.17;15.27;1516.82;3.15;0
827;fuel_silo;2047.40;15.27;1516.20;1.60;0
827;radar_station;2047.02;15.27;1515.28;3.99;0
827;rocket_site;2047.13;15.27;1514.30;5.21;0
827;nuclear_reactor;2047.69;15.27;1513.49;5.26;0
827;bunker;2048.58;15.27;1513.04;0.50;0
827;supply_node;2049.57;15.27;1513.08;3.31;0
828;arms_factory;1666.00;15.52;1255.00;5.04;0
828;industrial_complex;1665.76;15.52;1255.96;0.81;0
828;air_base;1665.08;15.52;1256.68;0.87;0
828;anti_air_building;1664.14;15.52;1256.99;0.28;0
828;synthetic_refinery;1663.17;15.46;1256.82;5.42;0
828;fuel_silo;1662.40;15.46;1256.20;1.63;0
828;radar_station;1662.02;15.52;1255.28;2.23;0
828;rocket_site;1662.13;15.52;1254.30;5.83;0
828;nuclear_reactor;1662.69;15.52;1253.49;1.96;0
828;bunker;1663.58;15.52;1253.04;0.31;0
828;supply_node;1664.57;15.52;1253.08;3.52;0
829;arms_factory;1355.00;15.34;1438.00;2.33;0
829;industrial_complex;1354.76;15.34;1438.96;2.63;0
829;air_base;1354.08;15.34;1439.68;3.21;0
829;anti_air_building;1353.14;15.34;1439.99;5.47;0
829;synthetic_refinery;1352.17;15.34;1439.82;6.19;0
829;fuel_silo;1351.40;15.34;1439.20;2.76;0
829;radar_station;1351.02;15.34;1438.28;4.41;0
829;rocket_site;1351.13;15.34;1437.30;0.37;0
829;nuclear_reactor;1351.69;15.34;1436.49;2.27;0
829;bunker;1352.58;15.34;1436.04;0.39;0
829;supply_node;1353.57;15.34;1436.08;4.16;0
830;arms_factory;1326.00;15.34;1391.00;0.72;0
830;industrial_complex;1325.76;15.34;1391.96;1.54;0
830;air_base;1325.08;15.34;1392.68;5.85;0
830;anti_air_building;1324.14;15.34;1392.99;2.18;0
830;synthetic_refinery;1323.17;15.34;1392.82;6.27;0
830;fuel_silo;1322.40;15.34;1392.20;1.61;0
830;radar_station;1322.02;15.34;1391.28;1.00;0
830;rocket_site;1322.13;15.34;1390.30;5.04;0
830;nuclear_reactor;1322.69;15.34;1389.49;1.70;0
830;bunker;1323.58;15.34;1389.04;4.28;0
830;supply_node;1324.57;15.34;1389.08;4.11;0
831;arms_factory;1741.00;15.82;1380.00;0.05;0
831;industrial_complex;1740.76;15.82;1380.96;3.38;0
831;air_base;1740.08;15.82;1381.68;3.39;0
831;anti_air_building;1739.14;15.82;1381.99;4.62;0
831;synthetic_refinery;1738.17;15.82;1381.82;5.02;0
831;fuel_silo;1737.40;15.82;1381.20;2.98;0
831;radar_station;1737.02;15.94;1380.28;0.15;0
831;rocket_site;1737.13;15.82;1379.30;2.37;0
831;nuclear_reactor;1737.69;15.76;1378.49;3.28;0
831;bunker;1738.58;15.82;1378.04;2.79;0
831;supply_node;1739.57;15.82;1378.08;3.98;0
832;arms_factory;1287.00;15.52;1345.00;4.45;0
832;industrial_complex;1286.76;15.52;1345.96;2.36;0
832;air_base;1286.08;15.52;1346.68;1.48;0
832;anti_air_building;1285.14;15.46;1346.99;4.86;0
832;synthetic_refinery;1284.17;15.46;1346.82;2.77;0
832;fuel_silo;1283.40;15.40;1346.20;1.75;0
832;radar_station;1283.02;15.40;1345.28;2.86;0
832;rocket_site;1283.13;15.40;1344.30;1.08;0
832;nuclear_reactor;1283.69;15.40;1343.49;3.76;0
832;bunker;1284.58;15.46;1343.04;3.31;0
832;supply_node;1285.57;15.46;1343.08;0.62;0
833;arms_factory;2217.00;16.31;1312.00;3.70;0
833;industrial_complex;2216.76;16.37;1312.96;4.84;0
833;air_base;2216.08;16.13;1313.68;4.27;0
833;anti_air_building;2215.14;16.06;1313.99;4.21;0
833;synthetic_refinery;2214.17;16.06;1313.82;4.21;0
833;fuel_silo;2213.40;16.06;1313.20;1.81;0
833;radar_station;2213.02;16.19;1312.28;0.27;0
833;rocket_site;2213.13;16.31;1311.30;3.59;0
833;nuclear_reactor;2213.69;16.73;1310.49;2.41;0
833;bunker;2214.58;16.67;1310.04;6.19;0
833;supply_node;2215.57;16.55;1310.08;0.18;0
834;arms_factory;2286.00;15.27;1452.00;1.49;0
834;industrial_complex;2285.76;15.27;1452.96;3.95;0
834;air_base;2285.08;15.27;1453.68;5.30;0
834;anti_air_building;2284.14;15.27;1453.99;3.86;0
834;synthetic_refinery;2283.17;15.27;1453.82;4.96;0
834;fuel_silo;2282.40;15.27;1453.20;0.38;0
834;radar_station;2282.02;15.27;1452.28;3.50;0
834;rocket_site;2282.13;15.27;1451.30;5.59;0
834;nuclear_reactor;2282.69;15.27;1450.49;3.44;0
834;bunker;2283.58;15.27;1450.04;3.24;0
834;supply_node;2284.57;15.27;1450.08;0.84;0
835;arms_factory;2065.00;15.27;1756.00;3.40;0
835;industrial_complex;2064.76;15.27;1756.96;1.38;0
835;air_base;2064.08;15.27;1757.68;5.70;0
835;anti_air_building;2063.14;15.27;1757.99;1.22;0
835;synthetic_refinery;2062.17;15.27;1757.82;3.33;0
835;fuel_silo;2061.40;15.27;1757.20;1.14;0
835;radar_station;2061.02;15.27;1756.28;1.73;0
835;rocket_site;2061.13;15.27;1755.30;4.04;0
835;nuclear_reactor;2061.69;15.27;1754.49;4.14;0
835;bunker;2062.58;15.27;1754.04;0.64;0
835;supply_node;2063.57;15.27;1754.08;6.17;0
836;arms_factory;1959.00;15.70;1304.00;6.22;0
836;industrial_complex;1958.76;15.64;1304.96;0.63;0
836;air_base;1958.08;15.64;1305.68;4.25;0
836;anti_air_building;1957.14;15.64;1305.99;1.55;0
836;synthetic_refinery;1956.17;15.64;1305.82;5.29;0
836;fuel_silo;1955.40;15.64;1305.20;3.97;0
836;radar_station;1955.02;15.64;1304.28;1.36;0
836;rocket_site;1955.13;15.64;1303.30;3.15;0
836;nuclear_reactor;1955.69;15.64;1302.49;0.52;0
836;bunker;1956.58;15.64;1302.04;3.08;0
836;supply_node;1957.57;15.64;1302.08;2.08;0
837;arms_factory;1420.00;15.27;1510.00;2.99;0
837;industrial_complex;1419.76;15.27;1510.96;1.24;0
837;air_base;1419.08;15.27;1511.68;5.87;0
837;anti_air_building;1418.14;15.27;1511.99;3.81;0
837;synthetic_refinery;1417.17;15.27;1511.82;6.10;0
837;fuel_silo;1416.40;15.27;1511.20;5.06;0
837;radar_station;1416.02;15.27;1510.28;2.86;0
837;rocket_site;1416.13;15.27;1509.30;3.47;0
837;nuclear_reactor;1416.69;15.27;1508.49;2.35;0
837;bunker;1417.58;15.27;1508.04;4.93;0
837;supply_node;1418.57;15.27;1508.08;4.43;0
838;arms_factory;1714.00;16.92;1212.00;4.45;0
838;industrial_complex;1713.76;16.92;1212.96;5.73;0
838;air_base;1713.08;16.98;1213.68;6.01;0
838;anti_air_building;1712.14;16.85;1213.99;5.29;0
838;synthetic_refinery;1711.17;16.92;1213.82;1.34;0
838;fuel_silo;1710.40;16.98;1213.20;4.21;0
838;radar_station;1710.02;17.10;1212.28;2.05;0
838;rocket_site;1710.13;16.92;1211.30;4.85;0
838;nuclear_reactor;1710.69;16.92;1210.49;0.89;0
838;bunker;1711.58;16.98;1210.04;4.73;0
838;supply_node;1712.57;16.98;1210.08;4.74;0
839;arms_factory;1464.00;15.46;1413.00;2.26;0
839;industrial_complex;1463.76;15.46;1413.96;4.21;0
839;air_base;1463.08;15.46;1414.68;5.05;0
839;anti_air_building;1462.14;15.46;1414.99;1.22;0
839;synthetic_refinery;1461.17;15.46;1414.82;2.63;0
839;fuel_silo;1460.40;15.46;1414.20;0.23;0
839;radar_station;1460.02;15.46;1413.28;2.46;0
839;rocket_site;1460.13;15.46;1412.30;0.40;0
839;nuclear_reactor;1460.69;15.46;1411.49;0.75;0
839;bunker;1461.58;15.40;1411.04;3.02;0
839;supply_node;1462.57;15.40;1411.08;0.78;0
840;arms_factory;2324.00;15.34;1234.00;3.55;0
840;industrial_complex;2323.76;15.34;1234.96;5.22;0
840;air_base;2323.08;15.34;1235.68;4.78;0
840;anti_air_building;2322.14;15.34;1235.99;4.16;0
840;synthetic_refinery;2321.17;15.40;1235.82;4.08;0
840;fuel_silo;2320.40;15.46;1235.20;0.28;0
840;radar_station;2320.02;15.46;1234.28;5.83;0
840;rocket_site;2320.13;15.46;1233.30;4.30;0
840;nuclear_reactor;2320.69;15.46;1232.49;2.66;0
840;bunker;2321.58;15.40;1232.04;3.10;0
840;supply_node;2322.57;15.40;1232.08;3.13;0
841;arms_factory;2301.00;15.27;1386.00;0.16;0
841;industrial_complex;2300.76;15.27;1386.96;3.67;0
841;air_base;2300.08;15.27;1387.68;5.84;0
841;anti_air_building;2299.14;15.27;1387.99;4.52;0
841;synthetic_refinery;2298.17;15.27;1387.82;5.31;0
841;fuel_silo;2297.40;15.27;1387.20;1.00;0
841;radar_station;2297.02;15.27;1386.28;5.15;0
841;rocket_site;2297.13;15.27;1385.30;4.24;0
841;nuclear_reactor;2297.69;15.27;1384.49;1.82;0
841;bunker;2298.58;15.27;1384.04;3.80;0
841;supply_node;2299.57;15.27;1384.08;1.55;0
842;arms_factory;1582.00;15.40;1486.00;2.35;0
842;industrial_complex;1581.76;15.34;1486.96;0.77;0
842;air_base;1581.08;15.40;1487.68;0.92;0
842;anti_air_building;1580.14;15.34;1487.99;0.54;0
842;synthetic_refinery;1579.17;15.34;1487.82;5.50;0
842;fuel_silo;1578.40;15.34;1487.20;2.64;0
842;radar_station;1578.02;15.34;1486.28;5.48;0
842;rocket_site;1578.13;15.34;1485.30;3.53;0
842;nuclear_reactor;1578.69;15.34;1484.49;2.96;0
842;bunker;1579.58;15.34;1484.04;6.26;0
842;supply_node;1580.57;15.40;1484.08;2.89;0
843;arms_factory;1997.00;15.27;1673.00;0.23;0
843;industrial_complex;1996.76;15.27;1673.96;3.78;0
843;air_base;1996.08;15.27;1674.68;2.65;0
843;anti_air_building;1995.14;15.27;1674.99;6.23;0
843;synthetic_refinery;1994.17;15.27;1674.82;5.60;0
843;fuel_silo;1993.40;15.27;1674.20;2.24;0
843;radar_station;1993.02;15.27;1673.28;2.62;0
843;rocket_site;1993.13;15.27;1672.30;1.89;0
843;nuclear_reactor;1993.69;15.27;1671.49;1.66;0
843;bunker;1994.58;15.27;1671.04;0.63;0
843;supply_node;1995.57;15.27;1671.08;5.93;0
844;arms_factory;1486.00;15.34;1423.00;0.97;0
844;industrial_complex;1485.76;15.34;1423.96;0.33;0
844;air_base;1485.08;15.34;1424.68;4.28;0
844;anti_air_building;1484.14;15.34;1424.99;2.53;0
844;synthetic_refinery;1483.17;15.34;1424.82;0.30;0
844;fuel_silo;1482.40;15.34;1424.20;1.69;0
844;radar_station;1482.02;15.34;1423.28;2.37;0
844;rocket_site;1482.13;15.34;1422.30;0.67;0
844;nuclear_reactor;1482.69;15.34;1421.49;1.43;0
844;bunker;1483.58;15.34;1421.04;3.52;0
844;supply_node;1484.57;15.34;1421.08;3.25;0
845;arms_factory;1489.00;15.27;1643.00;3.94;0
845;industrial_complex;1488.76;15.27;1643.96;2.40;0
845;air_base;1488.08;15.27;1644.68;5.77;0
845;anti_air_building;1487.14;15.27;1644.99;3.97;0
845;synthetic_refinery;1486.17;15.27;1644.82;2.13;0
845;fuel_silo;1485.40;15.27;1644.20;3.49;0
845;radar_station;1485.02;15.27;1643.28;3.04;0
845;rocket_site;1485.13;15.27;1642.30;1.66;0
845;nuclear_reactor;1485.69;15.27;1641.49;0.83;0
845;bunker;1486.58;15.27;1641.04;3.40;0
845;supply_node;1487.57;15.27;1641.08;5.15;0
846;arms_factory;2020.00;15.70;1281.00;4.32;0
846;industrial_complex;2019.76;15.70;1281.96;3.62;0
846;air_base;2019.08;15.70;1282.68;0.63;0
846;anti_air_building;2018.14;15.70;1282.99;2.04;0
846;synthetic_refinery;2017.17;15.70;1282.82;3.87;0
846;fuel_silo;2016.40;15.76;1282.20;3.57;0
846;radar_station;2016.02;15.82;1281.28;1.22;0
846;rocket_site;2016.13;15.82;1280.30;6.10;0
846;nuclear_reactor;2016.69;15.82;1279.49;1.67;0
846;bunker;2017.58;15.82;1279.04;1.38;0
846;supply_node;2018.57;15.82;1279.08;4.75;0
847;arms_factory;1442.00;15.27;1484.00;0.46;0
847;industrial_complex;1441.76;15.27;1484.96;1.03;0
847;air_base;1441.08;15.27;1485.68;3.41;0
847;anti_air_building;1440.14;15.27;1485.99;2.60;0
847;synthetic_refinery;1439.17;15.27;1485.82;0.26;0
847;fuel_silo;1438.40;15.27;1485.20;0.12;0
847;radar_station;1438.02;15.27;1484.28;3.44;0
847;rocket_site;1438.13;15.27;1483.30;0.43;0
847;nuclear_reactor;1438.69;15.27;1482.49;5.63;0
847;bunker;1439.58;15.27;1482.04;3.87;0
847;supply_node;1440.57;15.27;1482.08;2.10;0
848;arms_factory;1391.00;15.34;1338.00;4.40;0
848;industrial_complex;1390.76;15.34;1338.96;6.03;0
848;air_base;1390.08;15.34;1339.68;0.34;0
848;anti_air_building;1389.14;15.34;1339.99;4.38;0
848;synthetic_refinery;1388.17;15.27;1339.82;4.69;0
848;fuel_silo;1387.40;15.27;1339.20;0.06;0
848;radar_station;1387.02;15.27;1338.28;3.73;0
848;rocket_site;1387.13;15.34;1337.30;2.65;0
848;nuclear_reactor;1387.69;15.34;1336.49;4.67;0
848;bunker;1388.58;15.34;1336.04;4.05;0
848;supply_node;1389.57;15.34;1336.08;5.38;0
849;arms_factory;1886.00;15.46;1616.00;3.57;0
849;industrial_complex;1885.76;15.46;1616.96;5.28;0
849;air_base;1885.08;15.46;1617.68;0.86;0
849;anti_air_building;1884.14;15.46;1617.99;5.32;0
849;synthetic_refinery;1883.17;15.46;1617.82;1.83;0
849;fuel_silo;1882.40;15.46;1617.20;2.27;0
849;radar_station;1882.02;15.46;1616.28;5.47;0
849;rocket_site;1882.13;15.46;1615.30;3.18;0
849;nuclear_reactor;1882.69;15.46;1614.49;3.29;0
849;bunker;1883.58;15.46;1614.04;3.77;0
849;supply_node;1884.57;15.46;1614.08;3.42;0
850;arms_factory;1538.00;15.34;1480.00;1.97;0
850;industrial_complex;1537.76;15.34;1480.96;0.30;0
850;air_base;1537.08;15.34;1481.68;0.12;0
850;anti_air_building;1536.14;15.34;1481.99;2.92;0
850;synthetic_refinery;1535.17;15.34;1481.82;2.79;0
850;fuel_silo;1534.40;15.34;1481.20;4.42;0
850;radar_station;1534.02;15.34;1480.28;0.31;0
850;rocket_site;1534.13;15.34;1479.30;5.97;0
850;nuclear_reactor;1534.69;15.34;1478.49;2.55;0
850;bunker;1535.58;15.34;1478.04;5.85;0
850;supply_node;1536.57;15.34;1478.08;4.01;0
851;arms_factory;2221.00;16.19;1282.00;3.25;0
851;industrial_complex;2220.76;16.13;1282.96;0.35;0
851;air_base;2220.08;16.13;1283.68;5.54;0
851;anti_air_building;2219.14;16.00;1283.99;1.58;0
851;synthetic_refinery;2218.17;16.00;1283.82;1.95;0
851;fuel_silo;2217.40;16.06;1283.20;4.60;0
851;radar_station;2217.02;16.06;1282.28;2.92;0
851;rocket_site;2217.13;16.13;1281.30;3.23;0
851;nuclear_reactor;2217.69;16.13;1280.49;1.10;0
851;bunker;2218.58;16.13;1280.04;5.44;0
851;supply_node;2219.57;16.13;1280.08;0.25;0
852;arms_factory;1789.00;16.49;1302.00;1.54;0
852;industrial_complex;1788.76;16.49;1302.96;1.92;0
852;air_base;1788.08;16.49;1303.68;4.82;0
852;anti_air_building;1787.14;16.43;1303.99;4.66;0
852;synthetic_refinery;1786.17;16.43;1303.82;4.63;0
852;fuel_silo;1785.40;16.31;1303.20;3.84;0
852;radar_station;1785.02;16.37;1302.28;0.90;0
852;rocket_site;1785.13;16.43;1301.30;2.29;0
852;nuclear_reactor;1785.69;16.43;1300.49;0.89;0
852;bunker;1786.58;16.37;1300.04;0.09;0
852;supply_node;1787.57;16.43;1300.08;5.30;0
853;arms_factory;1695.00;15.46;1362.00;4.73;0
853;industrial_complex;1694.76;15.46;1362.96;2.20;0
853;air_base;1694.08;15.40;1363.68;2.62;0
853;anti_air_building;1693.14;15.40;1363.99;3.47;0
853;synthetic_refinery;1692.17;15.40;1363.82;5.17;0
853;fuel_silo;1691.40;15.40;1363.20;5.03;0
853;radar_station;1691.02;15.40;1362.28;3.95;0
853;rocket_site;1691.13;15.40;1361.30;0.38;0
853;nuclear_reactor;1691.69;15.40;1360.49;5.33;0
853;bunker;1692.58;15.40;1360.04;4.33;0
853;supply_node;1693.57;15.40;1360.08;1.61;0
854;arms_factory;1421.00;15.27;1635.00;2.53;0
854;industrial_complex;1420.76;15.27;1635.96;3.84;0
854;air_base;1420.08;15.27;1636.68;0.97;0
854;anti_air_building;1419.14;15.27;1636.99;0.44;0
854;synthetic_refinery;1418.17;15.27;1636.82;5.22;0
854;fuel_silo;1417.40;15.27;1636.20;1.07;0
854;radar_station;1417.02;15.27;1635.28;1.77;0
854;rocket_site;1417.13;15.27;1634.30;1.90;0
854;nuclear_reactor;1417.69;15.27;1633.49;4.53;0
854;bunker;1418.58;15.27;1633.04;1.32;0
854;supply_node;1419.57;15.27;1633.08;0.52;0
855;arms_factory;2010.00;16.49;1363.00;3.18;0
855;industrial_complex;2009.76;16.43;1363.96;5.60;0
855;air_base;2009.08;16.43;1364.68;1.64;0
855;anti_air_building;2008.14;16.49;1364.99;6.26;0
855;synthetic_refinery;2007.17;16.43;1364.82;3.13;0
855;fuel_silo;2006.40;16.49;1364.20;1.32;0
855;radar_station;2006.02;16.43;1363.28;2.73;0
855;rocket_site;2006.13;16.43;1362.30;1.26;0
855;nuclear_reactor;2006.69;16.49;1361.49;6.20;0
855;bunker;2007.58;16.37;1361.04;0.97;0
855;supply_node;2008.57;16.43;1361.08;5.47;0
856;arms_factory;1735.00;15.94;1197.00;5.68;0
856;industrial_complex;1734.76;16.06;1197.96;3.32;0
856;air_base;1734.08;16.19;1198.68;3.65;0
856;anti_air_building;1733.14;16.13;1198.99;4.77;0
856;synthetic_refinery;1732.17;16.13;1198.82;1.05;0
856;fuel_silo;1731.40;16.06;1198.20;0.95;0
856;radar_station;1731.02;16.13;1197.28;0.64;0
856;rocket_site;1731.13;16.06;1196.30;0.86;0
856;nuclear_reactor;1731.69;16.00;1195.49;4.29;0
856;bunker;1732.58;15.94;1195.04;5.79;0
856;supply_node;1733.57;15.94;1195.08;3.81;0
857;arms_factory;1364.00;15.27;1200.00;5.02;0
857;industrial_complex;1363.76;15.27;1200.96;0.29;0
857;air_base;1363.08;15.27;1201.68;1.82;0
857;anti_air_building;1362.14;15.27;1201.99;2.99;0
857;synthetic_refinery;1361.17;15.27;1201.82;5.73;0
857;fuel_silo;1360.40;15.27;1201.20;5.96;0
857;radar_station;1360.02;15.27;1200.28;6.05;0
857;rocket_site;1360.13;15.27;1199.30;5.82;0
857;nuclear_reactor;1360.69;15.27;1198.49;1.92;0
857;bunker;1361.58;15.27;1198.04;6.08;0
857;supply_node;1362.57;15.27;1198.08;1.18;0
858;arms_factory;1564.00;15.34;1379.00;2.59;0
858;industrial_complex;1563.76;15.34;1379.96;0.40;0
858;air_base;1563.08;15.34;1380.68;5.42;0
858;anti_air_building;1562.14;15.34;1380.99;5.39;0
858;synthetic_refinery;1561.17;15.34;1380.82;1.46;0
858;fuel_silo;1560.40;15.34;1380.20;2.44;0
858;radar_station;1560.02;15.34;1379.28;2.79;0
858;rocket_site;1560.13;15.34;1378.30;0.16;0
858;nuclear_reactor;1560.69;15.34;1377.49;5.01;0
858;bunker;1561.58;15.34;1377.04;1.72;0
858;supply_node;1562.57;15.34;1377.08;2.15;0
859;arms_factory;1908.00;15.27;1748.00;4.73;0
859;industrial_complex;1907.76;15.27;1748.96;3.48;0
859;air_base;1907.08;15.27;1749.68;4.90;0
859;anti_air_building;1906.14;15.27;1749.99;2.60;0
859;synthetic_refinery;1905.17;15.27;1749.82;0.45;0
859;fuel_silo;1904.40;15.27;1749.20;4.10;0
859;radar_station;1904.02;15.27;1748.28;5.05;0
859;rocket_site;1904.13;15.27;1747.30;2.42;0
859;nuclear_reactor;1904.69;15.27;1746.49;2.52;0
859;bunker;1905.58;15.27;1746.04;1.11;0
859;supply_node;1906.57;15.27;1746.08;2.73;0
860;arms_factory;1858.00;16.73;1364.00;4.18;0
860;industrial_complex;1857.76;16.67;1364.96;4.47;0
860;air_base;1857.08;16.61;1365.68;2.67;0
860;anti_air_building;1856.14;16.61;1365.99;0.59;0
860;synthetic_refinery;1855.17;16.49;1365.82;5.50;0
860;fuel_silo;1854.40;16.43;1365.20;1.58;0
860;radar_station;1854.02;16.49;1364.28;5.85;0
860;rocket_site;1854.13;16.37;1363.30;1.34;0
860;nuclear_reactor;1854.69;16.37;1362.49;0.40;0
860;bunker;1855.58;16.37;1362.04;2.65;0
860;supply_node;1856.57;16.25;1362.08;2.56;0
861;arms_factory;2272.00;15.27;1623.00;2.32;0
861;industrial_complex;2271.76;15.27;1623.96;1.45;0
861;air_base;2271.08;15.27;1624.68;2.44;0
861;anti_air_building;2270.14;15.27;1624.99;2.61;0
861;synthetic_refinery;2269.17;15.27;1624.82;4.23;0
861;fuel_silo;2268.40;15.27;1624.20;1.98;0
861;radar_station;2268.02;15.27;1623.28;2.91;0
861;rocket_site;2268.13;15.27;1622.30;2.33;0
861;nuclear_reactor;2268.69;15.27;1621.49;3.80;0
861;bunker;2269.58;15.27;1621.04;5.38;0
861;supply_node;2270.57;15.27;1621.08;0.80;0
862;arms_factory;1685.00;15.40;1541.00;5.20;0
862;industrial_complex;1684.76;15.46;1541.96;1.49;0
862;air_base;1684.08;15.46;1542.68;0.16;0
862;anti_air_building;1683.14;15.46;1542.99;0.83;0
862;synthetic_refinery;1682.17;15.46;1542.82;5.20;0
862;fuel_silo;1681.40;15.46;1542.20;3.47;0
862;radar_station;1681.02;15.46;1541.28;0.26;0
862;rocket_site;1681.13;15.52;1540.30;1.39;0
862;nuclear_reactor;1681.69;15.52;1539.49;1.08;0
862;bunker;1682.58;15.52;1539.04;3.45;0
862;supply_node;1683.57;15.46;1539.08;4.87;0
863;arms_factory;1641.00;15.58;1377.00;3.40;0
863;industrial_complex;1640.76;15.58;1377.96;1.46;0
863;air_base;1640.08;15.58;1378.68;1.56;0
863;anti_air_building;1639.14;15.52;1378.99;5.89;0
863;synthetic_refinery;1638.17;15.52;1378.82;5.61;0
863;fuel_silo;1637.40;15.46;1378.20;5.90;0
863;radar_station;1637.02;15.46;1377.28;1.31;0
863;rocket_site;1637.13;15.46;1376.30;3.33;0
863;nuclear_reactor;1637.69;15.46;1375.49;4.16;0
863;bunker;1638.58;15.52;1375.04;1.77;0
863;supply_node;1639.57;15.58;1375.08;1.12;0
864;arms_factory;1361.00;15.27;1540.00;4.74;0
864;industrial_complex;1360.76;15.27;1540.96;0.61;0
864;air_base;1360.08;15.27;1541.68;0.84;0
864;anti_air_building;1359.14;15.27;1541.99;6.27;0
864;synthetic_refinery;1358.17;15.27;1541.82;3.69;0
864;fuel_silo;1357.40;15.27;1541.20;2.73;0
864;radar_station;1357.02;15.27;1540.28;5.92;0
864;rocket_site;1357.13;15.27;1539.30;4.95;0
864;nuclear_reactor;1357.69;15.27;1538.49;5.64;0
864;bunker;1358.58;15.27;1538.04;3.76;0
864;supply_node;1359.57;15.27;1538.08;1.87;0
865;arms_factory;2054.00;15.27;1431.00;0.79;0
865;industrial_complex;2053.76;15.27;1431.96;3.41;0
865;air_base;2053.08;15.27;1432.68;5.88;0
865;anti_air_building;2052.14;15.27;1432.99;3.42;0
865;synthetic_refinery;2051.17;15.27;1432.82;0.02;0
865;fuel_silo;2050.40;15.27;1432.20;5.86;0
865;radar_station;2050.02;15.27;1431.28;2.64;0
865;rocket_site;2050.13;15.27;1430.30;6.22;0
865;nuclear_reactor;2050.69;15.27;1429.49;4.81;0
865;bunker;2051.58;15.27;1429.04;5.72;0
865;supply_node;2052.57;15.27;1429.08;3.94;0
866;arms_factory;1768.00;18.56;1521.00;4.65;0
866;industrial_complex;1767.76;18.25;1521.96;4.45;0
866;air_base;1767.08;18.37;1522.68;0.11;0
866;anti_air_building;1766.14;17.89;1522.99;0.50;0
866;synthetic_refinery;1765.17;17.77;1522.82;5.67;0
866;fuel_silo;1764.40;17.71;1522.20;0.82;0
866;radar_station;1764.02;18.01;1521.28;1.01;0
866;rocket_site;1764.13;18.01;1520.30;0.15;0
866;nuclear_reactor;1764.69;17.95;1519.49;3.50;0
866;bunker;1765.58;17.95;1519.04;0.56;0
866;supply_node;1766.57;18.01;1519.08;0.51;0
867;arms_factory;1298.00;15.34;1308.00;4.92;0
867;industrial_complex;1297.76;15.34;1308.96;0.31;0
867;air_base;1297.08;15.34;1309.68;5.83;0
867;anti_air_building;1296.14;15.34;1309.99;0.18;0
867;synthetic_refinery;1295.17;15.34;1309.82;5.20;0
867;fuel_silo;1294.40;15.34;1309.20;1.99;0
867;radar_station;1294.02;15.34;1308.28;2.92;0
867;rocket_site;1294.13;15.34;1307.30;1.30;0
867;nuclear_reactor;1294.69;15.27;1306.49;6.01;0
867;bunker;1295.58;15.27;1306.04;3.13;0
867;supply_node;1296.57;15.34;1306.08;3.02;0
868;arms_factory;1707.00;15.82;1279.00;1.97;0
868;industrial_complex;1706.76;15.82;1279.96;0.91;0
868;air_base;1706.08;15.82;1280.68;4.06;0
868;anti_air_building;1705.14;15.76;1280.99;2.33;0
868;synthetic_refinery;1704.17;15.76;1280.82;1.72;0
868;fuel_silo;1703.40;15.76;1280.20;2.62;0
868;radar_station;1703.02;15.76;1279.28;5.43;0
868;rocket_site;1703.13;15.76;1278.30;3.01;0
868;nuclear_reactor;1703.69;15.76;1277.49;4.47;0
868;bunker;1704.58;15.82;1277.04;1.05;0
868;supply_node;1705.57;15.82;1277.08;2.12;0
869;arms_factory;1375.00;15.27;1559.00;5.04;0
869;industrial_complex;1374.76;15.27;1559.96;4.84;0
869;air_base;1374.08;15.27;1560.68;1.86;0
869;anti_air_building;1373.14;15.27;1560.99;0.76;0
869;synthetic_refinery;1372.17;15.27;1560.82;2.06;0
869;fuel_silo;1371.40;15.34;1560.20;1.24;0
869;radar_station;1371.02;15.34;1559.28;0.76;0
869;rocket_site;1371.13;15.34;1558.30;2.20;0
869;nuclear_reactor;1371.69;15.34;1557.49;5.33;0
869;bunker;1372.58;15.34;1557.04;0.98;0
869;supply_node;1373.57;15.27;1557.08;3.38;0
870;arms_factory;1927.00;15.76;1327.00;6.15;0
870;industrial_complex;1926.76;15.76;1327.96;3.85;0
870;air_base;1926.08;15.82;1328.68;0.02;0
870;anti_air_building;1925.14;15.76;1328.99;4.90;0
870;synthetic_refinery;1924.17;15.76;1328.82;3.50;0
870;fuel_silo;1923.40;15.82;1328.20;4.83;0
870;radar_station;1923.02;15.88;1327.28;4.39;0
870;rocket_site;1923.13;15.82;1326.30;4.31;0
870;nuclear_reactor;1923.69;15.82;1325.49;2.73;0
870;bunker;1924.58;15.82;1325.04;1.66;0
870;supply_node;1925.57;15.76;1325.08;5.23;0
871;arms_factory;2043.00;15.27;1652.00;4.30;0
871;industrial_complex;2042.76;15.27;1652.96;2.13;0
871;air_base;2042.08;15.27;1653.68;2.83;0
871;anti_air_building;2041.14;15.27;1653.99;2.64;0
871;synthetic_refinery;2040.17;15.27;1653.82;1.67;0
871;fuel_silo;2039.40;15.27;1653.20;4.74;0
871;radar_station;2039.02;15.27;1652.28;0.12;0
871;rocket_site;2039.13;15.27;1651.30;3.57;0
871;nuclear_reactor;2039.69;15.27;1650.49;4.60;0
871;bunker;2040.58;15.27;1650.04;1.00;0
871;supply_node;2041.57;15.27;1650.08;1.36;0
872;arms_factory;1585.00;15.58;1409.00;5.07;0
872;industrial_complex;1584.76;15.52;1409.96;4.94;0
872;air_base;1584.08;15.52;1410.68;0.97;0
872;anti_air_building;1583.14;15.46;1410.99;3.29;0
872;synthetic_refinery;1582.17;15.46;1410.82;1.42;0
872;fuel_silo;1581.40;15.40;1410.20;1.42;0
872;radar_station;1581.02;15.46;1409.28;2.50;0
872;rocket_site;1581.13;15.46;1408.30;4.80;0
872;nuclear_reactor;1581.69;15.46;1407.49;2.68;0
872;bunker;1582.58;15.52;1407.04;0.31;0
872;supply_node;1583.57;15.58;1407.08;2.77;0
873;arms_factory;1174.00;15.34;1558.00;4.91;0
873;industrial_complex;1173.76;15.34;1558.96;4.09;0
873;air_base;1173.08;15.34;1559.68;3.43;0
873;anti_air_building;1172.14;15.34;1559.99;2.63;0
873;synthetic_refinery;1171.17;15.34;1559.82;3.00;0
873;fuel_silo;1170.40;15.34;1559.20;6.15;0
873;radar_station;1170.02;15.34;1558.28;2.13;0
873;rocket_site;1170.13;15.34;1557.30;2.83;0
873;nuclear_reactor;1170.69;15.34;1556.49;3.88;0
873;bunker;1171.58;15.34;1556.04;0.69;0
873;supply_node;1172.57;15.34;1556.08;3.40;0
874;arms_factory;1495.00;15.52;1354.00;5.49;0
874;industrial_complex;1494.76;15.46;1354.96;1.18;0
874;air_base;1494.08;15.46;1355.68;2.38;0
874;anti_air_building;1493.14;15.40;1355.99;3.40;0
874;synthetic_refinery;1492.17;15.34;1355.82;2.38;0
874;fuel_silo;1491.40;15.27;1355.20;4.74;0
874;radar_station;1491.02;15.34;1354.28;0.31;0
874;rocket_site;1491.13;15.34;1353.30;1.18;0
874;nuclear_reactor;1491.69;15.34;1352.49;2.45;0
874;bunker;1492.58;15.40;1352.04;3.16;0
874;supply_node;1493.57;15.46;1352.08;1.33;0
875;arms_factory;2135.00;15.27;1666.00;2.52;0
875;industrial_complex;2134.76;15.27;1666.96;3.82;0
875;air_base;2134.08;15.27;1667.68;5.75;0
875;anti_air_building;2133.14;15.27;1667.99;5.64;0
875;synthetic_refinery;2132.17;15.27;1667.82;4.39;0
875;fuel_silo;2131.40;15.27;1667.20;5.11;0
875;radar_station;2131.02;15.27;1666.28;2.23;0
875;rocket_site;2131.13;15.27;1665.30;0.59;0
875;nuclear_reactor;2131.69;15.27;1664.49;3.02;0
875;bunker;2132.58;15.27;1664.04;4.15;0
875;supply_node;2133.57;15.27;1664.08;3.12;0
876;arms_factory;2110.00;15.27;1718.00;0.69;0
876;industrial_complex;2109.76;15.27;1718.96;4.24;0
876;air_base;2109.08;15.27;1719.68;5.94;0
876;anti_air_building;2108.14;15.27;1719.99;0.56;0
876;synthetic_refinery;2107.17;15.27;1719.82;0.82;0
876;fuel_silo;2106.40;15.27;1719.20;4.43;0
876;radar_station;2106.02;15.27;1718.28;6.02;0
876;rocket_site;2106.13;15.27;1717.30;3.77;0
876;nuclear_reactor;2106.69;15.27;1716.49;3.54;0
876;bunker;2107.58;15.27;1716.04;4.51;0
876;supply_node;2108.57;15.27;1716.08;4.00;0
877;arms_factory;1607.00;15.34;1480.00;0.09;0
877;industrial_complex;1606.76;15.34;1480.96;3.48;0
877;air_base;1606.08;15.34;1481.68;5.63;0
877;anti_air_building;1605.14;15.34;1481.99;5.31;0
877;synthetic_refinery;1604.17;15.34;1481.82;2.06;0
877;fuel_silo;1603.40;15.34;1481.20;1.50;0
877;radar_station;1603.02;15.34;1480.28;4.29;0
877;rocket_site;1603.13;15.34;1479.30;5.65;0
877;nuclear_reactor;1603.69;15.34;1478.49;0.23;0
877;bunker;1604.58;15.34;1478.04;5.04;0
877;supply_node;1605.57;15.34;1478.08;4.68;0
878;arms_factory;1266.00;15.27;1372.00;4.26;0
878;industrial_complex;1265.76;15.27;1372.96;0.52;0
878;air_base;1265.08;15.27;1373.68;1.78;0
878;anti_air_building;1264.14;15.27;1373.99;2.22;0
878;synthetic_refinery;1263.17;15.27;1373.82;6.03;0
878;fuel_silo;1262.40;15.27;1373.20;0.70;0
878;radar_station;1262.02;15.27;1372.28;2.11;0
878;rocket_site;1262.13;15.27;1371.30;4.77;0
878;nuclear_reactor;1262.69;15.27;1370.49;5.05;0
878;bunker;1263.58;15.27;1370.04;3.40;0
878;supply_node;1264.57;15.27;1370.08;5.20;0
879;arms_factory;2116.00;15.94;1314.00;5.43;0
879;industrial_complex;2115.76;15.88;1314.96;5.69;0
879;air_base;2115.08;15.94;1315.68;1.29;0
879;anti_air_building;2114.14;16.00;1315.99;6.05;0
879;synthetic_refinery;2113.17;16.00;1315.82;1.84;0
879;fuel_silo;2112.40;15.88;1315.20;4.87;0
879;radar_station;2112.02;15.82;1314.28;2.84;0
879;rocket_site;2112.13;15.76;1313.30;3.91;0
879;nuclear_reactor;2112.69;15.76;1312.49;2.46;0
879;bunker;2113.58;15.76;1312.04;5.89;0
879;supply_node;2114.57;15.82;1312.08;4.26;0
880;arms_factory;1910.00;15.76;1326.00;4.42;0
880;industrial_complex;1909.76;15.76;1326.96;2.16;0
880;air_base;1909.08;15.76;1327.68;0.31;0
880;anti_air_building;1908.14;15.76;1327.99;1.43;0
880;synthetic_refinery;1907.17;15.70;1327.82;5.11;0
880;fuel_silo;1906.40;15.70;1327.20;3.55;0
880;radar_station;1906.02;15.70;1326.28;5.24;0
880;rocket_site;1906.13;15.70;1325.30;5.49;0
880;nuclear_reactor;1906.69;15.70;1324.49;5.61;0
880;bunker;1907.58;15.76;1324.04;4.51;0
880;supply_node;1908.57;15.76;1324.08;4.76;0
881;arms_factory;1276.00;15.27;1445.00;1.18;0
881;industrial_complex;1275.76;15.27;1445.96;2.72;0
881;air_base;1275.08;15.34;1446.68;3.32;0
881;anti_air_building;1274.14;15.34;1446.99;1.34;0
881;synthetic_refinery;1273.17;15.27;1446.82;1.68;0
881;fuel_silo;1272.40;15.27;1446.20;3.14;0
881;radar_station;1272.02;15.27;1445.28;3.76;0
881;rocket_site;1272.13;15.27;1444.30;4.07;0
881;nuclear_reactor;1272.69;15.27;1443.49;0.42;0
881;bunker;1273.58;15.27;1443.04;5.14;0
881;supply_node;1274.57;15.27;1443.08;5.88;0
882;arms_factory;1495.00;15.82;1245.00;6.00;0
882;industrial_complex;1494.76;15.88;1245.96;0.57;0
882;air_base;1494.08;15.88;1246.68;1.80;0
882;anti_air_building;1493.14;15.88;1246.99;2.52;0
882;synthetic_refinery;1492.17;15.88;1246.82;1.80;0
882;fuel_silo;1491.40;15.82;1246.20;1.79;0
882;radar_station;1491.02;15.88;1245.28;2.37;0
882;rocket_site;1491.13;15.94;1244.30;2.66;0
882;nuclear_reactor;1491.69;15.94;1243.49;0.60;0
882;bunker;1492.58;15.88;1243.04;0.32;0
882;supply_node;1493.57;15.82;1243.08;3.83;0
883;arms_factory;1220.00;15.46;1552.00;4.45;0
883;industrial_complex;1219.76;15.46;1552.96;1.43;0
883;air_base;1219.08;15.46;1553.68;3.93;0
883;anti_air_building;1218.14;15.46;1553.99;0.53;0
883;synthetic_refinery;1217.17;15.52;1553.82;3.43;0
883;fuel_silo;1216.40;15.46;1553.20;3.33;0
883;radar_station;1216.02;15.52;1552.28;1.64;0
883;rocket_site;1216.13;15.52;1551.30;0.34;0
883;nuclear_reactor;1216.69;15.52;1550.49;5.25;0
883;bunker;1217.58;15.46;1550.04;3.90;0
883;supply_node;1218.57;15.46;1550.08;3.39;0
884;arms_factory;1864.00;15.40;1587.00;5.51;0
884;industrial_complex;1863.76;15.40;1587.96;3.33;0
884;air_base;1863.08;15.40;1588.68;2.78;0
884;anti_air_building;1862.14;15.34;1588.99;0.96;0
884;synthetic_refinery;1861.17;15.34;1588.82;0.20;0
884;fuel_silo;1860.40;15.34;1588.20;1.76;0
884;radar_station;1860.02;15.34;1587.28;1.68;0
884;rocket_site;1860.13;15.34;1586.30;2.90;0
884;nuclear_reactor;1860.69;15.34;1585.49;3.13;0
884;bunker;1861.58;15.34;1585.04;3.94;0
884;supply_node;1862.57;15.34;1585.08;5.17;0
885;arms_factory;1890.00;15.70;1249.00;3.74;0
885;industrial_complex;1889.76;15.70;1249.96;5.33;0
885;air_base;1889.08;15.76;1250.68;5.94;0
885;anti_air_building;1888.14;15.70;1250.99;2.16;0
885;synthetic_refinery;1887.17;15.70;1250.82;4.77;0
885;fuel_silo;1886.40;15.70;1250.20;3.20;0
885;radar_station;1886.02;15.70;1249.28;4.33;0
885;rocket_site;1886.13;15.70;1248.30;6.19;0
885;nuclear_reactor;1886.69;15.70;1247.49;4.10;0
885;bunker;1887.58;15.70;1247.04;0.14;0
885;supply_node;1888.57;15.70;1247.08;5.13;0
886;arms_factory;1603.00;15.40;1234.00;0.58;0
886;industrial_complex;1602.76;15.40;1234.96;4.43;0
886;air_base;1602.08;15.40;1235.68;1.96;0
886;anti_air_building;1601.14;15.40;1235.99;5.68;0
886;synthetic_refinery;1600.17;15.34;1235.82;3.02;0
886;fuel_silo;1599.40;15.40;1235.20;6.17;0
886;radar_station;1599.02;15.40;1234.28;4.76;0
886;rocket_site;1599.13;15.40;1233.30;2.41;0
886;nuclear_reactor;1599.69;15.40;1232.49;5.88;0
886;bunker;1600.58;15.40;1232.04;5.28;0
886;supply_node;1601.57;15.40;1232.08;2.79;0
887;arms_factory;2011.00;15.27;1795.00;3.73;0
887;industrial_complex;2010.76;15.27;1795.96;5.77;0
887;air_base;2010.08;15.27;1796.68;5.78;0
887;anti_air_building;2009.14;15.27;1796.99;3.44;0
887;synthetic_refinery;2008.17;15.27;1796.82;4.93;0
887;fuel_silo;2007.40;15.27;1796.20;3.63;0
887;radar_station;2007.02;15.27;1795.28;1.53;0
887;rocket_site;2007.13;15.27;1794.30;2.79;0
887;nuclear_reactor;2007.69;15.27;1793.49;3.41;0
887;bunker;2008.58;15.27;1793.04;2.49;0
887;supply_node;2009.57;15.27;1793.08;4.99;0
888;arms_factory;2261.00;15.27;1353.00;4.95;0
888;industrial_complex;2260.76;15.27;1353.96;3.64;0
888;air_base;2260.08;15.27;1354.68;2.05;0
888;anti_air_building;2259.14;15.27;1354.99;1.54;0
888;synthetic_refinery;2258.17;15.27;1354.82;4.01;0
888;fuel_silo;2257.40;15.27;1354.20;3.39;0
888;radar_station;2257.02;15.27;1353.28;4.69;0
888;rocket_site;2257.13;15.27;1352.30;2.81;0
888;nuclear_reactor;2257.69;15.27;1351.49;1.73;0
888;bunker;2258.58;15.27;1351.04;5.27;0
888;supply_node;2259.57;15.27;1351.08;5.37;0
889;arms_factory;1740.00;15.82;1130.00;3.69;0
889;industrial_complex;1739.76;15.76;1130.96;4.91;0
889;air_base;1739.08;15.82;1131.68;6.03;0
889;anti_air_building;1738.14;15.82;1131.99;4.57;0
889;synthetic_refinery;1737.17;15.82;1131.82;1.44;0
889;fuel_silo;1736.40;15.76;1131.20;1.56;0
889;radar_station;1736.02;15.76;1130.28;5.66;0
889;rocket_site;1736.13;15.70;1129.30;2.15;0
889;nuclear_reactor;1736.69;15.70;1128.49;5.84;0
889;bunker;1737.58;15.64;1128.04;0.16;0
889;supply_node;1738.57;15.64;1128.08;5.29;0
890;arms_factory;1365.00;15.27;1378.00;2.26;0
890;industrial_complex;1364.76;15.27;1378.96;5.51;0
890;air_base;1364.08;15.27;1379.68;3.07;0
890;anti_air_building;1363.14;15.27;1379.99;0.69;0
890;synthetic_refinery;1362.17;15.27;1379.82;5.36;0
890;fuel_silo;1361.40;15.27;1379.20;0.04;0
890;radar_station;1361.02;15.27;1378.28;2.31;0
890;rocket_site;1361.13;15.27;1377.30;1.23;0
890;nuclear_reactor;1361.69;15.27;1376.49;2.50;0
890;bunker;1362.58;15.27;1376.04;6.21;0
890;supply_node;1363.57;15.27;1376.08;2.18;0
891;arms_factory;2255.00;15.27;1515.00;1.56;0
891;industrial_complex;2254.76;15.27;1515.96;5.00;0
891;air_base;2254.08;15.27;1516.68;1.06;0
891;anti_air_building;2253.14;15.27;1516.99;5.33;0
891;synthetic_refinery;2252.17;15.27;1516.82;3.00;0
891;fuel_silo;2251.40;15.27;1516.20;0.90;0
891;radar_station;2251.02;15.27;1515.28;0.98;0
891;rocket_site;2251.13;15.27;1514.30;1.92;0
891;nuclear_reactor;2251.69;15.27;1513.49;0.06;0
891;bunker;2252.58;15.27;1513.04;3.33;0
891;supply_node;2253.57;15.27;1513.08;6.18;0
892;arms_factory;2028.00;15.70;1399.00;4.10;0
892;industrial_complex;2027.76;15.82;1399.96;2.26;0
892;air_base;2027.08;15.76;1400.68;3.78;0
892;anti_air_building;2026.14;15.82;1400.99;5.12;0
892;synthetic_refinery;2025.17;15.88;1400.82;3.52;0
892;fuel_silo;2024.40;16.00;1400.20;2.46;0
892;radar_station;2024.02;16.13;1399.28;4.61;0
892;rocket_site;2024.13;16.19;1398.30;5.13;0
892;nuclear_reactor;2024.69;16.37;1397.49;5.70;0
892;bunker;2025.58;16.19;1397.04;0.86;0
892;supply_node;2026.57;16.06;1397.08;3.37;0
893;arms_factory;2165.00;15.27;1613.00;4.64;0
893;industrial_complex;2164.76;15.27;1613.96;2.12;0
893;air_base;2164.08;15.27;1614.68;1.10;0
893;anti_air_building;2163.14;15.27;1614.99;6.20;0
893;synthetic_refinery;2162.17;15.27;1614.82;2.39;0
893;fuel_silo;2161.40;15.27;1614.20;3.79;0
893;radar_station;2161.02;15.27;1613.28;1.34;0
893;rocket_site;2161.13;15.27;1612.30;5.77;0
893;nuclear_reactor;2161.69;15.27;1611.49;1.15;0
893;bunker;2162.58;15.27;1611.04;0.49;0
893;supply_node;2163.57;15.27;1611.08;5.12;0
894;arms_factory;1581.00;15.27;1280.00;0.19;0
894;industrial_complex;1580.76;15.27;1280.96;5.26;0
894;air_base;1580.08;15.27;1281.68;5.62;0
894;anti_air_building;1579.14;15.27;1281.99;2.54;0
894;synthetic_refinery;1578.17;15.27;1281.82;0.31;0
894;fuel_silo;1577.40;15.27;1281.20;5.30;0
894;radar_station;1577.02;15.27;1280.28;4.82;0
894;rocket_site;1577.13;15.27;1279.30;1.84;0
894;nuclear_reactor;1577.69;15.27;1278.49;5.35;0
894;bunker;1578.58;15.27;1278.04;2.15;0
894;supply_node;1579.57;15.27;1278.08;3.77;0
895;arms_factory;1522.00;15.27;1431.00;3.43;0
895;industrial_complex;1521.76;15.27;1431.96;5.05;0
895;air_base;1521.08;15.27;1432.68;5.01;0
895;anti_air_building;1520.14;15.27;1432.99;5.18;0
895;synthetic_refinery;1519.17;15.27;1432.82;6.14;0
895;fuel_silo;1518.40;15.27;1432.20;6.25;0
895;radar_station;1518.02;15.27;1431.28;0.85;0
895;rocket_site;1518.13;15.27;1430.30;4.99;0
895;nuclear_reactor;1518.69;15.27;1429.49;1.01;0
895;bunker;1519.58;15.27;1429.04;0.06;0
895;supply_node;1520.57;15.27;1429.08;5.28;0
896;arms_factory;1676.00;15.34;1356.00;1.51;0
896;industrial_complex;1675.76;15.34;1356.96;4.63;0
896;air_base;1675.08;15.34;1357.68;5.20;0
896;anti_air_building;1674.14;15.34;1357.99;1.90;0
896;synthetic_refinery;1673.17;15.34;1357.82;1.34;0
896;fuel_silo;1672.40;15.34;1357.20;5.65;0
896;radar_station;1672.02;15.34;1356.28;3.25;0
896;rocket_site;1672.13;15.34;1355.30;2.16;0
896;nuclear_reactor;1672.69;15.34;1354.49;0.84;0
896;bunker;1673.58;15.34;1354.04;6.21;0
896;supply_node;1674.57;15.34;1354.08;3.72;0
897;arms_factory;1256.00;15.27;1406.00;4.14;0
897;industrial_complex;1255.76;15.27;1406.96;2.76;0
897;air_base;1255.08;15.27;1407.68;2.72;0
897;anti_air_building;1254.14;15.27;1407.99;6.19;0
897;synthetic_refinery;1253.17;15.27;1407.82;1.46;0
897;fuel_silo;1252.40;15.27;1407.20;5.84;0
897;radar_station;1252.02;15.27;1406.28;5.92;0
897;rocket_site;1252.13;15.27;1405.30;1.61;0
897;nuclear_reactor;1252.69;15.27;1404.49;0.47;0
897;bunker;1253.58;15.27;1404.04;5.93;0
897;supply_node;1254.57;15.27;1404.08;5.19;0
898;arms_factory;1705.00;15.88;1306.00;5.50;0
898;industrial_complex;1704.76;15.88;1306.96;3.50;0
898;air_base;1704.08;15.88;1307.68;3.13;0
898;anti_air_building;1703.14;15.94;1307.99;0.38;0
898;synthetic_refinery;1702.17;15.94;1307.82;5.12;0
898;fuel_silo;1701.40;15.88;1307.20;0.75;0
898;radar_station;1701.02;15.88;1306.28;1.81;0
898;rocket_site;1701.13;15.88;1305.30;3.43;0
898;nuclear_reactor;1701.69;15.82;1304.49;5.40;0
898;bunker;1702.58;15.88;1304.04;1.49;0
898;supply_node;1703.57;15.94;1304.08;5.49;0
899;arms_factory;2278.00;15.27;1327.00;0.60;0
899;industrial_complex;2277.76;15.27;1327.96;3.65;0
899;air_base;2277.08;15.27;1328.68;2.39;0
899;anti_air_building;2276.14;15.27;1328.99;4.24;0
899;synthetic_refinery;2275.17;15.27;1328.82;3.46;0
899;fuel_silo;2274.40;15.27;1328.20;5.98;0
899;radar_station;2274.02;15.27;1327.28;0.21;0
899;rocket_site;2274.13;15.27;1326.30;1.35;0
899;nuclear_reactor;2274.69;15.27;1325.49;0.96;0
899;bunker;2275.58;15.27;1325.04;5.88;0
899;supply_node;2276.57;15.27;1325.08;1.60;0
900;arms_factory;1430.00;15.27;1220.00;5.04;0
900;industrial_complex;1429.76;15.27;1220.96;1.84;0
900;air_base;1429.08;15.27;1221.68;2.42;0
900;anti_air_building;1428.14;15.27;1221.99;1.38;0
900;synthetic_refinery;1427.17;15.27;1221.82;0.74;0
900;fuel_silo;1426.40;15.27;1221.20;3.04;0
900;radar_station;1426.02;15.27;1220.28;2.39;0
900;rocket_site;1426.13;15.27;1219.30;4.57;0
900;nuclear_reactor;1426.69;15.27;1218.49;5.89;0
900;bunker;1427.58;15.27;1218.04;5.96;0
900;supply_node;1428.57;15.27;1218.08;1.51;0
901;arms_factory;1947.00;15.27;1692.00;1.22;0
901;industrial_complex;1946.76;15.27;1692.96;2.81;0
901;air_base;1946.08;15.27;1693.68;3.48;0
901;anti_air_building;1945.14;15.27;1693.99;2.54;0
901;synthetic_refinery;1944.17;15.27;1693.82;4.75;0
901;fuel_silo;1943.40;15.27;1693.20;5.64;0
901;radar_station;1943.02;15.27;1692.28;2.96;0
901;rocket_site;1943.13;15.27;1691.30;1.04;0
901;nuclear_reactor;1943.69;15.27;1690.49;0.89;0
901;bunker;1944.58;15.27;1690.04;5.78;0
901;supply_node;1945.57;15.27;1690.08;5.80;0
902;arms_factory;1386.00;15.34;1236.00;0.76;0
902;industrial_complex;1385.76;15.40;1236.96;1.38;0
902;air_base;1385.08;15.40;1237.68;1.47;0
902;anti_air_building;1384.14;15.40;1237.99;5.61;0
902;synthetic_refinery;1383.17;15.40;1237.82;5.24;0
902;fuel_silo;1382.40;15.40;1237.20;2.21;0
902;radar_station;1382.02;15.40;1236.28;4.00;0
902;rocket_site;1382.13;15.40;1235.30;4.25;0
902;nuclear_reactor;1382.69;15.40;1234.49;6.00;0
902;bunker;1383.58;15.40;1234.04;1.18;0
902;supply_node;1384.57;15.40;1234.08;3.77;0
903;arms_factory;1601.00;15.40;1509.00;3.43;0
903;industrial_complex;1600.76;15.40;1509.96;4.12;0
903;air_base;1600.08;15.40;1510.68;4.12;0
903;anti_air_building;1599.14;15.40;1510.99;0.24;0
903;synthetic_refinery;1598.17;15.40;1510.82;1.68;0
903;fuel_silo;1597.40;15.40;1510.20;2.12;0
903;radar_station;1597.02;15.40;1509.28;4.42;0
903;rocket_site;1597.13;15.40;1508.30;0.77;0
903;nuclear_reactor;1597.69;15.40;1507.49;4.32;0
903;bunker;1598.58;15.40;1507.04;3.54;0
903;supply_node;1599.57;15.40;1507.08;2.29;0
904;arms_factory;1408.00;15.27;1366.00;4.75;0
904;industrial_complex;1407.76;15.27;1366.96;3.35;0
904;air_base;1407.08;15.27;1367.68;4.95;0
904;anti_air_building;1406.14;15.27;1367.99;1.30;0
904;synthetic_refinery;1405.17;15.34;1367.82;4.99;0
904;fuel_silo;1404.40;15.34;1367.20;3.63;0
904;radar_station;1404.02;15.34;1366.28;1.67;0
904;rocket_site;1404.13;15.34;1365.30;1.58;0
904;nuclear_reactor;1404.69;15.34;1364.49;2.87;0
904;bunker;1405.58;15.27;1364.04;1.21;0
904;supply_node;1406.57;15.27;1364.08;0.32;0
905;arms_factory;1965.00;15.27;1730.00;2.32;0
905;industrial_complex;1964.76;15.27;1730.96;4.98;0
905;air_base;1964.08;15.27;1731.68;1.40;0
905;anti_air_building;1963.14;15.27;1731.99;2.38;0
905;synthetic_refinery;1962.17;15.27;1731.82;1.16;0
905;fuel_silo;1961.40;15.27;1731.20;4.53;0
905;radar_station;1961.02;15.27;1730.28;1.74;0
905;rocket_site;1961.13;15.27;1729.30;3.47;0
905;nuclear_reactor;1961.69;15.27;1728.49;4.89;0
905;bunker;1962.58;15.27;1728.04;2.65;0
905;supply_node;1963.57;15.27;1728.08;5.94;0
906;arms_factory;1920.00;15.27;1575.00;5.99;0
906;industrial_complex;1919.76;15.27;1575.96;2.44;0
906;air_base;1919.08;15.27;1576.68;0.28;0
906;anti_air_building;1918.14;15.27;1576.99;0.36;0
906;synthetic_refinery;1917.17;15.27;1576.82;6.15;0
906;fuel_silo;1916.40;15.27;1576.20;5.04;0
906;radar_station;1916.02;15.27;1575.28;3.78;0
906;rocket_site;1916.13;15.27;1574.30;3.39;0
906;nuclear_reactor;1916.69;15.27;1573.49;1.33;0
906;bunker;1917.58;15.27;1573.04;3.40;0
906;supply_node;1918.57;15.27;1573.08;2.08;0
907;arms_factory;1735.00;16.79;1464.00;1.76;0
907;industrial_complex;1734.76;16.79;1464.96;4.20;0
907;air_base;1734.08;16.73;1465.68;2.16;0
907;anti_air_building;1733.14;16.98;1465.99;4.78;0
907;synthetic_refinery;1732.17;16.98;1465.82;4.56;0
907;fuel_silo;1731.40;16.98;1465.20;1.79;0
907;radar_station;1731.02;17.10;1464.28;1.91;0
907;rocket_site;1731.13;17.22;1463.30;0.64;0
907;nuclear_reactor;1731.69;17.04;1462.49;0.75;0
907;bunker;1732.58;17.28;1462.04;2.64;0
907;supply_node;1733.57;17.04;1462.08;4.35;0
908;arms_factory;1752.00;16.55;1412.00;1.72;0
908;industrial_complex;1751.76;16.55;1412.96;1.16;0
908;air_base;1751.08;16.55;1413.68;2.90;0
908;anti_air_building;1750.14;16.43;1413.99;1.24;0
908;synthetic_refinery;1749.17;16.55;1413.82;1.06;0
908;fuel_silo;1748.40;16.67;1413.20;5.35;0
908;radar_station;1748.02;16.67;1412.28;5.68;0
908;rocket_site;1748.13;16.67;1411.30;2.65;0
908;nuclear_reactor;1748.69;16.61;1410.49;1.50;0
908;bunker;1749.58;16.55;1410.04;4.39;0
908;supply_node;1750.57;16.55;1410.08;5.72;0
909;arms_factory;1707.00;16.13;1324.00;1.96;0
909;industrial_complex;1706.76;16.13;1324.96;0.96;0
909;air_base;1706.08;16.06;1325.68;1.64;0
909;anti_air_building;1705.14;16.13;1325.99;0.02;0
909;synthetic_refinery;1704.17;16.00;1325.82;2.99;0
909;fuel_silo;1703.40;16.00;1325.20;1.46;0
909;radar_station;1703.02;16.06;1324.28;2.88;0
909;rocket_site;1703.13;16.13;1323.30;0.50;0
909;nuclear_reactor;1703.69;16.13;1322.49;2.14;0
909;bunker;1704.58;16.13;1322.04;0.10;0
909;supply_node;1705.57;16.19;1322.08;1.44;0
910;arms_factory;1568.00;15.27;1427.00;6.13;0
910;industrial_complex;1567.76;15.27;1427.96;1.04;0
910;air_base;1567.08;15.27;1428.68;2.61;0
910;anti_air_building;1566.14;15.27;1428.99;6.02;0
910;synthetic_refinery;1565.17;15.27;1428.82;1.82;0
910;fuel_silo;1564.40;15.34;1428.20;0.17;0
910;radar_station;1564.02;15.34;1427.28;5.95;0
910;rocket_site;1564.13;15.34;1426.30;3.78;0
910;nuclear_reactor;1564.69;15.34;1425.49;6.10;0
910;bunker;1565.58;15.34;1425.04;0.62;0
910;supply_node;1566.57;15.34;1425.08;2.48;0
911;arms_factory;1346.00;15.40;1265.00;5.76;0
911;industrial_complex;1345.76;15.40;1265.96;2.13;0
911;air_base;1345.08;15.46;1266.68;1.74;0
911;anti_air_building;1344.14;15.40;1266.99;2.47;0
911;synthetic_refinery;1343.17;15.40;1266.82;3.84;0
911;fuel_silo;1342.40;15.34;1266.20;5.80;0
911;radar_station;1342.02;15.34;1265.28;5.86;0
911;rocket_site;1342.13;15.34;1264.30;5.06;0
911;nuclear_reactor;1342.69;15.27;1263.49;3.75;0
911;bunker;1343.58;15.27;1263.04;5.13;0
911;supply_node;1344.57;15.34;1263.08;4.16;0
912;arms_factory;1747.00;15.40;1169.00;5.19;0
912;industrial_complex;1746.76;15.40;1169.96;2.80;0
912;air_base;1746.08;15.40;1170.68;0.72;0
912;anti_air_building;1745.14;15.40;1170.99;1.78;0
912;synthetic_refinery;1744.17;15.34;1170.82;1.05;0
912;fuel_silo;1743.40;15.34;1170.20;4.79;0
912;radar_station;1743.02;15.34;1169.28;3.82;0
912;rocket_site;1743.13;15.40;1168.30;6.18;0
912;nuclear_reactor;1743.69;15.40;1167.49;1.35;0
912;bunker;1744.58;15.46;1167.04;3.46;0
912;supply_node;1745.57;15.46;1167.08;3.65;0
913;arms_factory;1591.00;15.40;1642.00;3.54;0
913;industrial_complex;1590.76;15.40;1642.96;4.69;0
913;air_base;1590.08;15.40;1643.68;5.26;0
913;anti_air_building;1589.14;15.40;1643.99;2.02;0
913;synthetic_refinery;1588.17;15.46;1643.82;2.43;0
913;fuel_silo;1587.40;15.46;1643.20;4.54;0
913;radar_station;1587.02;15.46;1642.28;3.73;0
913;rocket_site;1587.13;15.46;1641.30;2.58;0
913;nuclear_reactor;1587.69;15.46;1640.49;5.64;0
913;bunker;1588.58;15.46;1640.04;0.58;0
913;supply_node;1589.57;15.46;1640.08;5.98;0
914;arms_factory;1947.00;15.27;1410.00;3.78;0
914;industrial_complex;1946.76;15.27;1410.96;3.67;0
914;air_base;1946.08;15.27;1411.68;6.15;0
914;anti_air_building;1945.14;15.27;1411.99;6.18;0
914;synthetic_refinery;1944.17;15.27;1411.82;4.41;0
914;fuel_silo;1943.40;15.27;1411.20;5.94;0
914;radar_station;1943.02;15.27;1410.28;5.68;0
914;rocket_site;1943.13;15.27;1409.30;4.25;0
914;nuclear_reactor;1943.69;15.27;1408.49;1.44;0
914;bunker;1944.58;15.27;1408.04;2.23;0
914;supply_node;1945.57;15.27;1408.08;1.33;0
915;arms_factory;2324.00;15.27;1269.00;1.61;0
915;industrial_complex;2323.76;15.27;1269.96;0.58;0
915;air_base;2323.08;15.27;1270.68;5.69;0
915;anti_air_building;2322.14;15.27;1270.99;3.44;0
915;synthetic_refinery;2321.17;15.27;1270.82;3.81;0
915;fuel_silo;2320.40;15.27;1270.20;0.45;0
915;radar_station;2320.02;15.27;1269.28;3.14;0
915;rocket_site;2320.13;15.27;1268.30;0.12;0
915;nuclear_reactor;2320.69;15.27;1267.49;0.13;0
915;bunker;2321.58;15.27;1267.04;3.12;0
915;supply_node;2322.57;15.27;1267.08;5.49;0
916;arms_factory;1406.00;15.27;1567.00;3.03;0
916;industrial_complex;1405.76;15.27;1567.96;2.74;0
916;air_base;1405.08;15.27;1568.68;2.44;0
916;anti_air_building;1404.14;15.27;1568.99;5.13;0
916;synthetic_refinery;1403.17;15.27;1568.82;2.66;0
916;fuel_silo;1402.40;15.27;1568.20;3.10;0
916;radar_station;1402.02;15.27;1567.28;3.26;0
916;rocket_site;1402.13;15.27;1566.30;4.77;0
916;nuclear_reactor;1402.69;15.27;1565.49;0.10;0
916;bunker;1403.58;15.27;1565.04;4.28;0
916;supply_node;1404.57;15.27;1565.08;0.32;0
917;arms_factory;1762.00;16.00;1211.00;1.68;0
917;industrial_complex;1761.76;16.06;1211.96;0.24;0
917;air_base;1761.08;16.06;1212.68;6.24;0
917;anti_air_building;1760.14;16.00;1212.99;2.30;0
917;synthetic_refinery;1759.17;15.88;1212.82;2.38;0
917;fuel_silo;1758.40;15.94;1212.20;4.70;0
917;radar_station;1758.02;15.88;1211.28;4.59;0
917;rocket_site;1758.13;15.88;1210.30;2.66;0
917;nuclear_reactor;1758.69;15.88;1209.49;0.82;0
917;bunker;1759.58;15.88;1209.04;3.49;0
917;supply_node;1760.57;15.94;1209.08;4.14;0
918;arms_factory;1465.00;15.34;1438.00;4.23;0
918;industrial_complex;1464.76;15.34;1438.96;2.32;0
918;air_base;1464.08;15.34;1439.68;0.96;0
918;anti_air_building;1463.14;15.34;1439.99;1.60;0
918;synthetic_refinery;1462.17;15.34;1439.82;5.46;0
918;fuel_silo;1461.40;15.34;1439.20;1.63;0
918;radar_station;1461.02;15.34;1438.28;1.32;0
918;rocket_site;1461.13;15.34;1437.30;1.67;0
918;nuclear_reactor;1461.69;15.34;1436.49;3.52;0
918;bunker;1462.58;15.34;1436.04;3.24;0
918;supply_node;1463.57;15.34;1436.08;2.79;0
919;arms_factory;1447.00;15.27;1566.00;2.45;0
919;industrial_complex;1446.76;15.27;1566.96;3.75;0
919;air_base;1446.08;15.27;1567.68;1.91;0
919;anti_air_building;1445.14;15.27;1567.99;0.23;0
919;synthetic_refinery;1444.17;15.27;1567.82;3.57;0
919;fuel_silo;1443.40;15.27;1567.20;5.75;0
919;radar_station;1443.02;15.27;1566.28;5.69;0
919;rocket_site;1443.13;15.27;1565.30;2.37;0
919;nuclear_reactor;1443.69;15.27;1564.49;2.27;0
919;bunker;1444.58;15.27;1564.04;4.02;0
919;supply_node;1445.57;15.27;1564.08;2.87;0
920;arms_factory;1923.00;15.40;1652.00;0.64;0
920;industrial_complex;1922.76;15.40;1652.96;2.16;0
920;air_base;1922.08;15.40;1653.68;2.43;0
920;anti_air_building;1921.14;15.40;1653.99;2.46;0
920;synthetic_refinery;1920.17;15.40;1653.82;5.92;0
920;fuel_silo;1919.40;15.40;1653.20;1.29;0
920;radar_station;1919.02;15.40;1652.28;4.77;0
920;rocket_site;1919.13;15.40;1651.30;1.50;0
920;nuclear_reactor;1919.69;15.40;1650.49;1.45;0
920;bunker;1920.58;15.40;1650.04;3.21;0
920;supply_node;1921.57;15.40;1650.08;2.21;0
921;arms_factory;1192.00;15.40;1569.00;4.97;0
921;industrial_complex;1191.76;15.40;1569.96;0.86;0
921;air_base;1191.08;15.40;1570.68;4.11;0
921;anti_air_building;1190.14;15.40;1570.99;1.73;0
921;synthetic_refinery;1189.17;15.40;1570.82;3.55;0
921;fuel_silo;1188.40;15.40;1570.20;6.22;0
921;radar_station;1188.02;15.40;1569.28;5.88;0
921;rocket_site;1188.13;15.46;1568.30;3.02;0
921;nuclear_reactor;1188.69;15.46;1567.49;1.98;0
921;bunker;1189.58;15.46;1567.04;2.52;0
921;supply_node;1190.57;15.40;1567.08;3.58;0
922;arms_factory;2132.00;18.62;1249.00;2.56;0
922;industrial_complex;2131.76;18.31;1249.96;0.76;0
922;air_base;2131.08;18.31;1250.68;5.30;0
922;anti_air_building;2130.14;18.31;1250.99;2.88;0
922;synthetic_refinery;2129.17;18.25;1250.82;3.64;0
922;fuel_silo;2128.40;18.50;1250.20;4.44;0
922;radar_station;2128.02;18.37;1249.28;2.21;0
922;rocket_site;2128.13;18.13;1248.30;5.39;0
922;nuclear_reactor;2128.69;18.13;1247.49;5.40;0
922;bunker;2129.58;18.19;1247.04;3.49;0
922;supply_node;2130.57;18.50;1247.08;2.91;0
923;arms_factory;2102.00;17.28;1265.00;4.69;0
923;industrial_complex;2101.76;17.34;1265.96;0.10;0
923;air_base;2101.08;17.28;1266.68;5.82;0
923;anti_air_building;2100.14;17.22;1266.99;2.68;0
923;synthetic_refinery;2099.17;17.34;1266.82;3.31;0
923;fuel_silo;2098.40;17.34;1266.20;5.51;0
923;radar_station;2098.02;17.40;1265.28;6.24;0
923;rocket_site;2098.13;17.22;1264.30;3.05;0
923;nuclear_reactor;2098.69;17.22;1263.49;0.10;0
923;bunker;2099.58;17.28;1263.04;3.47;0
923;supply_node;2100.57;17.22;1263.08;3.44;0
924;arms_factory;2079.00;16.25;1294.00;5.69;0
924;industrial_complex;2078.76;16.25;1294.96;3.98;0
924;air_base;2078.08;16.13;1295.68;3.03;0
924;anti_air_building;2077.14;16.19;1295.99;5.44;0
924;synthetic_refinery;2076.17;16.19;1295.82;0.25;0
924;fuel_silo;2075.40;16.31;1295.20;4.55;0
924;radar_station;2075.02;16.31;1294.28;4.97;0
924;rocket_site;2075.13;16.37;1293.30;2.67;0
924;nuclear_reactor;2075.69;16.43;1292.49;2.37;0
924;bunker;2076.58;16.37;1292.04;4.34;0
924;supply_node;2077.57;16.37;1292.08;6.09;0
925;arms_factory;2268.00;15.94;1246.00;3.08;0
925;industrial_complex;2267.76;15.88;1246.96;2.32;0
925;air_base;2267.08;15.88;1247.68;4.39;0
925;anti_air_building;2266.14;15.82;1247.99;5.30;0
925;synthetic_refinery;2265.17;15.82;1247.82;1.75;0
925;fuel_silo;2264.40;15.88;1247.20;0.40;0
925;radar_station;2264.02;15.94;1246.28;1.13;0
925;rocket_site;2264.13;15.94;1245.30;4.04;0
925;nuclear_reactor;2264.69;15.88;1244.49;1.01;0
925;bunker;2265.58;15.94;1244.04;2.79;0
925;supply_node;2266.57;15.94;1244.08;3.77;0
926;arms_factory;1211.00;15.40;1533.00;2.64;0
926;industrial_complex;1210.76;15.40;1533.96;4.00;0
926;air_base;1210.08;15.46;1534.68;2.85;0
926;anti_air_building;1209.14;15.40;1534.99;2.80;0
926;synthetic_refinery;1208.17;15.40;1534.82;3.65;0
926;fuel_silo;1207.40;15.40;1534.20;4.10;0
926;radar_station;1207.02;15.40;1533.28;4.89;0
926;rocket_site;1207.13;15.40;1532.30;5.33;0
926;nuclear_reactor;1207.69;15.34;1531.49;4.26;0
926;bunker;1208.58;15.40;1531.04;3.42;0
926;supply_node;1209.57;15.40;1531.08;5.26;0
927;arms_factory;2058.00;15.58;1721.00;4.32;0
927;industrial_complex;2057.76;15.58;1721.96;3.45;0
927;air_base;2057.08;15.58;1722.68;3.85;0
927;anti_air_building;2056.14;15.64;1722.99;0.31;0
927;synthetic_refinery;2055.17;15.64;1722.82;3.98;0
927;fuel_silo;2054.40;15.64;1722.20;1.99;0
927;radar_station;2054.02;15.64;1721.28;0.85;0
927;rocket_site;2054.13;15.64;1720.30;0.56;0
927;nuclear_reactor;2054.69;15.64;1719.49;3.02;0
927;bunker;2055.58;15.64;1719.04;5.38;0
927;supply_node;2056.57;15.64;1719.08;4.00;0
928;arms_factory;1641.00;15.27;1335.00;5.59;0
928;industrial_complex;1640.76;15.27;1335.96;5.89;0
928;air_base;1640.08;15.27;1336.68;4.75;0
928;anti_air_building;1639.14;15.27;1336.99;0.10;0
928;synthetic_refinery;1638.17;15.27;1336.82;5.34;0
928;fuel_silo;1637.40;15.27;1336.20;4.09;0
928;radar_station;1637.02;15.27;1335.28;1.69;0
928;rocket_site;1637.13;15.27;1334.30;1.35;0
928;nuclear_reactor;1637.69;15.27;1333.49;3.44;0
928;bunker;1638.58;15.27;1333.04;2.13;0
928;supply_node;1639.57;15.27;1333.08;2.53;0
929;arms_factory;2008.00;15.27;1439.00;1.20;0
929;industrial_complex;2007.76;15.27;1439.96;0.91;0
929;air_base;2007.08;15.27;1440.68;4.05;0
929;anti_air_building;2006.14;15.27;1440.99;5.85;0
929;synthetic_refinery;2005.17;15.27;1440.82;5.65;0
929;fuel_silo;2004.40;15.27;1440.20;5.68;0
929;radar_station;2004.02;15.27;1439.28;0.34;0
929;rocket_site;2004.13;15.27;1438.30;0.65;0
929;nuclear_reactor;2004.69;15.27;1437.49;0.68;0
929;bunker;2005.58;15.27;1437.04;2.71;0
929;supply_node;2006.57;15.27;1437.08;4.42;0
930;arms_factory;1656.00;15.40;1315.00;2.00;0
930;industrial_complex;1655.76;15.40;1315.96;2.01;0
930;air_base;1655.08;15.40;1316.68;5.12;0
930;anti_air_building;1654.14;15.40;1316.99;3.59;0
930;synthetic_refinery;1653.17;15.34;1316.82;3.78;0
930;fuel_silo;1652.40;15.34;1316.20;2.22;0
930;radar_station;1652.02;15.34;1315.28;6.28;0
930;rocket_site;1652.13;15.34;1314.30;3.07;0
930;nuclear_reactor;1652.69;15.34;1313.49;5.63;0
930;bunker;1653.58;15.40;1313.04;1.86;0
930;supply_node;1654.57;15.46;1313.08;5.68;0
931;arms_factory;1284.00;15.40;1394.00;0.85;0
931;industrial_complex;1283.76;15.40;1394.96;5.79;0
931;air_base;1283.08;15.40;1395.68;0.96;0
931;anti_air_building;1282.14;15.34;1395.99;5.81;0
931;synthetic_refinery;1281.17;15.34;1395.82;2.98;0
931;fuel_silo;1280.40;15.34;1395.20;5.73;0
931;radar_station;1280.02;15.40;1394.28;2.47;0
931;rocket_site;1280.13;15.40;1393.30;0.04;0
931;nuclear_reactor;1280.69;15.40;1392.49;1.17;0
931;bunker;1281.58;15.40;1392.04;0.19;0
931;supply_node;1282.57;15.40;1392.08;1.43;0
932;arms_factory;2282.00;15.34;1502.00;0.44;0
932;industrial_complex;2281.76;15.34;1502.96;4.82;0
932;air_base;2281.08;15.34;1503.68;2.15;0
932;anti_air_building;2280.14;15.34;1503.99;1.15;0
932;synthetic_refinery;2279.17;15.34;1503.82;5.14;0
932;fuel_silo;2278.40;15.34;1503.20;4.10;0
932;radar_station;2278.02;15.34;1502.28;2.41;0
932;rocket_site;2278.13;15.40;1501.30;4.52;0
932;nuclear_reactor;2278.69;15.34;1500.49;1.97;0
932;bunker;2279.58;15.34;1500.04;0.59;0
932;supply_node;2280.57;15.34;1500.08;3.14;0
933;arms_factory;1779.00;15.58;1363.00;4.47;0
933;industrial_complex;1778.76;15.58;1363.96;1.30;0
933;air_base;1778.08;15.52;1364.68;4.38;0
933;anti_air_building;1777.14;15.58;1364.99;5.66;0
933;synthetic_refinery;1776.17;15.52;1364.82;0.27;0
933;fuel_silo;1775.40;15.58;1364.20;5.67;0
933;radar_station;1775.02;15.58;1363.28;2.63;0
933;rocket_site;1775.13;15.58;1362.30;5.79;0
933;nuclear_reactor;1775.69;15.58;1361.49;5.41;0
933;bunker;1776.58;15.58;1361.04;5.95;0
933;supply_node;1777.57;15.58;1361.08;4.32;0
934;arms_factory;1891.00;15.27;1719.00;2.45;0
934;industrial_complex;1890.76;15.27;1719.96;0.60;0
934;air_base;1890.08;15.27;1720.68;6.01;0
934;anti_air_building;1889.14;15.27;1720.99;4.62;0
934;synthetic_refinery;1888.17;15.27;1720.82;5.75;0
934;fuel_silo;1887.40;15.27;1720.20;0.83;0
934;radar_station;1887.02;15.27;1719.28;3.54;0
934;rocket_site;1887.13;15.27;1718.30;3.79;0
934;nuclear_reactor;1887.69;15.27;1717.49;4.23;0
934;bunker;1888.58;15.27;1717.04;4.78;0
934;supply_node;1889.57;15.27;1717.08;3.05;0
935;arms_factory;1661.00;15.64;1535.00;5.28;0
935;industrial_complex;1660.76;15.70;1535.96;6.05;0
935;air_base;1660.08;15.64;1536.68;4.23;0
935;anti_air_building;1659.14;15.64;1536.99;0.94;0
935;synthetic_refinery;1658.17;15.70;1536.82;2.91;0
935;fuel_silo;1657.40;15.70;1536.20;1.16;0
935;radar_station;1657.02;15.70;1535.28;1.04;0
935;rocket_site;1657.13;15.76;1534.30;3.91;0
935;nuclear_reactor;1657.69;15.82;1533.49;0.62;0
935;bunker;1658.58;15.82;1533.04;5.88;0
935;supply_node;1659.57;15.82;1533.08;3.97;0
936;arms_factory;1380.00;15.27;1571.00;6.16;0
936;industrial_complex;1379.76;15.27;1571.96;0.81;0
936;air_base;1379.08;15.27;1572.68;3.68;0
936;anti_air_building;1378.14;15.27;1572.99;6.24;0
936;synthetic_refinery;1377.17;15.27;1572.82;4.09;0
936;fuel_silo;1376.40;15.27;1572.20;1.10;0
936;radar_station;1376.02;15.27;1571.28;3.87;0
936;rocket_site;1376.13;15.27;1570.30;4.13;0
936;nuclear_reactor;1376.69;15.27;1569.49;3.84;0
936;bunker;1377.58;15.27;1569.04;2.32;0
936;supply_node;1378.57;15.27;1569.08;3.32;0
937;arms_factory;1324.00;15.27;1335.00;5.73;0
937;industrial_complex;1323.76;15.27;1335.96;0.04;0
937;air_base;1323.08;15.27;1336.68;5.68;0
937;anti_air_building;1322.14;15.27;1336.99;5.76;0
937;synthetic_refinery;1321.17;15.27;1336.82;4.32;0
937;fuel_silo;1320.40;15.27;1336.20;2.12;0
937;radar_station;1320.02;15.27;1335.28;1.29;0
937;rocket_site;1320.13;15.27;1334.30;2.60;0
937;nuclear_reactor;1320.69;15.27;1333.49;3.67;0
937;bunker;1321.58;15.27;1333.04;0.17;0
937;supply_node;1322.57;15.27;1333.08;1.60;0
938;arms_factory;1812.00;15.88;1390.00;0.75;0
938;industrial_complex;1811.76;15.88;1390.96;1.81;0
938;air_base;1811.08;15.82;1391.68;5.53;0
938;anti_air_building;1810.14;15.82;1391.99;0.70;0
938;synthetic_refinery;1809.17;15.76;1391.82;4.14;0
938;fuel_silo;1808.40;15.76;1391.20;5.45;0
938;radar_station;1808.02;15.82;1390.28;4.79;0
938;rocket_site;1808.13;15.70;1389.30;5.30;0
938;nuclear_reactor;1808.69;15.70;1388.49;0.35;0
938;bunker;1809.58;15.82;1388.04;0.24;0
938;supply_node;1810.57;15.82;1388.08;2.86;0
939;arms_factory;1225.00;15.27;1586.00;1.32;0
939;industrial_complex;1224.76;15.27;1586.96;4.71;0
939;air_base;1224.08;15.27;1587.68;2.11;0
939;anti_air_building;1223.14;15.27;1587.99;4.06;0
939;synthetic_refinery;1222.17;15.27;1587.82;4.69;0
939;fuel_silo;1221.40;15.27;1587.20;3.47;0
939;radar_station;1221.02;15.27;1586.28;3.87;0
939;rocket_site;1221.13;15.27;1585.30;2.59;0
939;nuclear_reactor;1221.69;15.27;1584.49;5.17;0
939;bunker;1222.58;15.27;1584.04;0.55;0
939;supply_node;1223.57;15.27;1584.08;0.32;0
940;arms_factory;1851.00;17.46;1444.00;6.26;0
940;industrial_complex;1850.76;17.46;1444.96;5.45;0
940;air_base;1850.08;17.40;1445.68;1.15;0
940;anti_air_building;1849.14;17.34;1445.99;5.33;0
940;synthetic_refinery;1848.17;17.46;1445.82;1.58;0
940;fuel_silo;1847.40;17.34;1445.20;0.83;0
940;radar_station;1847.02;17.40;1444.28;3.80;0
940;rocket_site;1847.13;17.28;1443.30;1.53;0
940;nuclear_reactor;1847.69;17.22;1442.49;3.54;0
940;bunker;1848.58;17.34;1442.04;3.37;0
940;supply_node;1849.57;17.34;1442.08;3.45;0
941;arms_factory;1964.00;15.88;1335.00;3.26;0
941;industrial_complex;1963.76;15.88;1335.96;5.11;0
941;air_base;1963.08;15.88;1336.68;1.62;0
941;anti_air_building;1962.14;15.88;1336.99;3.20;0
941;synthetic_refinery;1961.17;16.00;1336.82;3.63;0
941;fuel_silo;1960.40;15.94;1336.20;3.44;0
941;radar_station;1960.02;15.88;1335.28;6.24;0
941;rocket_site;1960.13;15.88;1334.30;1.53;0
941;nuclear_reactor;1960.69;15.88;1333.49;0.59;0
941;bunker;1961.58;15.88;1333.04;3.51;0
941;supply_node;1962.57;15.88;1333.08;2.20;0
942;arms_factory;1724.00;15.34;1560.00;3.07;0
942;industrial_complex;1723.76;15.34;1560.96;3.99;0
942;air_base;1723.08;15.40;1561.68;5.37;0
942;anti_air_building;1722.14;15.40;1561.99;5.38;0
942;synthetic_refinery;1721.17;15.34;1561.82;4.12;0
942;fuel_silo;1720.40;15.34;1561.20;3.74;0
942;radar_station;1720.02;15.34;1560.28;4.76;0
942;rocket_site;1720.13;15.34;1559.30;1.64;0
942;nuclear_reactor;1720.69;15.34;1558.49;5.12;0
942;bunker;1721.58;15.34;1558.04;5.89;0
942;supply_node;1722.57;15.34;1558.08;0.23;0
943;arms_factory;2258.00;15.82;1260.00;4.17;0
943;industrial_complex;2257.76;15.94;1260.96;0.32;0
943;air_base;2257.08;16.00;1261.68;0.70;0
943;anti_air_building;2256.14;16.00;1261.99;4.90;0
943;synthetic_refinery;2255.17;16.00;1261.82;1.74;0
943;fuel_silo;2254.40;16.00;1261.20;3.66;0
943;radar_station;2254.02;15.88;1260.28;2.73;0
943;rocket_site;2254.13;15.94;1259.30;1.30;0
943;nuclear_reactor;2254.69;15.94;1258.49;4.91;0
943;bunker;2255.58;15.88;1258.04;2.50;0
943;supply_node;2256.57;15.94;1258.08;3.95;0
944;arms_factory;1807.00;15.94;1162.00;4.05;0
944;industrial_complex;1806.76;15.94;1162.96;2.61;0
944;air_base;1806.08;15.88;1163.68;1.54;0
944;anti_air_building;1805.14;15.88;1163.99;1.02;0
944;synthetic_refinery;1804.17;15.82;1163.82;3.41;0
944;fuel_silo;1803.40;15.76;1163.20;3.87;0
944;radar_station;1803.02;15.82;1162.28;4.67;0
944;rocket_site;1803.13;15.82;1161.30;0.38;0
944;nuclear_reactor;1803.69;15.88;1160.49;0.96;0
944;bunker;1804.58;15.88;1160.04;2.66;0
944;supply_node;1805.57;15.88;1160.08;4.84;0
945;arms_factory;1375.00;15.27;1629.00;3.54;0
945;industrial_complex;1374.76;15.27;1629.96;1.07;0
945;air_base;1374.08;15.27;1630.68;1.27;0
945;anti_air_building;1373.14;15.27;1630.99;5.05;0
945;synthetic_refinery;1372.17;15.27;1630.82;5.44;0
945;fuel_silo;1371.40;15.27;1630.20;3.98;0
945;radar_station;1371.02;15.27;1629.28;1.11;0
945;rocket_site;1371.13;15.27;1628.30;0.98;0
945;nuclear_reactor;1371.69;15.27;1627.49;5.54;0
945;bunker;1372.58;15.27;1627.04;3.71;0
945;supply_node;1373.57;15.27;1627.08;5.86;0
946;arms_factory;1549.00;15.76;1317.00;0.53;0
946;industrial_complex;1548.76;15.76;1317.96;1.98;0
946;air_base;1548.08;15.76;1318.68;4.69;0
946;anti_air_building;1547.14;15.82;1318.99;4.67;0
946;synthetic_refinery;1546.17;15.82;1318.82;0.10;0
946;fuel_silo;1545.40;15.94;1318.20;0.88;0
946;radar_station;1545.02;15.94;1317.28;1.59;0
946;rocket_site;1545.13;15.94;1316.30;3.94;0
946;nuclear_reactor;1545.69;16.00;1315.49;2.48;0
946;bunker;1546.58;15.88;1315.04;2.51;0
946;supply_node;1547.57;15.88;1315.08;2.78;0
947;arms_factory;1568.00;15.34;1400.00;1.64;0
947;industrial_complex;1567.76;15.34;1400.96;5.28;0
947;air_base;1567.08;15.34;1401.68;3.67;0
947;anti_air_building;1566.14;15.34;1401.99;5.61;0
947;synthetic_refinery;1565.17;15.34;1401.82;6.18;0
947;fuel_silo;1564.40;15.34;1401.20;4.62;0
947;radar_station;1564.02;15.34;1400.28;3.83;0
947;rocket_site;1564.13;15.27;1399.30;4.23;0
947;nuclear_reactor;1564.69;15.27;1398.49;2.66;0
947;bunker;1565.58;15.27;1398.04;1.34;0
947;supply_node;1566.57;15.27;1398.08;4.01;0
948;arms_factory;1409.00;15.34;1439.00;0.04;0
948;industrial_complex;1408.76;15.34;1439.96;4.39;0
948;air_base;1408.08;15.34;1440.68;5.66;0
948;anti_air_building;1407.14;15.34;1440.99;1.08;0
948;synthetic_refinery;1406.17;15.34;1440.82;0.92;0
948;fuel_silo;1405.40;15.34;1440.20;5.71;0
948;radar_station;1405.02;15.34;1439.28;4.41;0
948;rocket_site;1405.13;15.34;1438.30;5.20;0
948;nuclear_reactor;1405.69;15.34;1437.49;0.98;0
948;bunker;1406.58;15.34;1437.04;1.00;0
948;supply_node;1407.57;15.34;1437.08;4.35;0
949;arms_factory;1906.00;15.82;1341.00;5.72;0
949;industrial_complex;1905.76;15.82;1341.96;0.72;0
949;air_base;1905.08;15.88;1342.68;5.25;0
949;anti_air_building;1904.14;15.94;1342.99;2.56;0
949;synthetic_refinery;1903.17;15.88;1342.82;4.39;0
949;fuel_silo;1902.40;15.88;1342.20;0.35;0
949;radar_station;1902.02;15.88;1341.28;5.56;0
949;rocket_site;1902.13;15.88;1340.30;2.51;0
949;nuclear_reactor;1902.69;15.88;1339.49;4.23;0
949;bunker;1903.58;15.82;1339.04;2.75;0
949;supply_node;1904.57;15.76;1339.08;2.79;0
950;arms_factory;1750.00;17.16;1497.00;0.17;0
950;industrial_complex;1749.76;17.22;1497.96;3.49;0
950;air_base;1749.08;17.22;1498.68;2.65;0
950;anti_air_building;1748.14;16.92;1498.99;6.08;0
950;synthetic_refinery;1747.17;16.85;1498.82;0.59;0
950;fuel_silo;1746.40;16.79;1498.20;0.37;0
950;radar_station;1746.02;17.10;1497.28;3.24;0
950;rocket_site;1746.13;17.04;1496.30;0.12;0
950;nuclear_reactor;1746.69;17.04;1495.49;0.16;0
950;bunker;1747.58;16.92;1495.04;1.97;0
950;supply_node;1748.57;17.10;1495.08;3.36;0
951;arms_factory;1868.00;15.88;1258.00;2.87;0
951;industrial_complex;1867.76;15.88;1258.96;5.98;0
951;air_base;1867.08;15.88;1259.68;2.74;0
951;anti_air_building;1866.14;15.94;1259.99;4.85;0
951;synthetic_refinery;1865.17;15.94;1259.82;1.45;0
951;fuel_silo;1864.40;15.82;1259.20;4.52;0
951;radar_station;1864.02;15.88;1258.28;5.25;0
951;rocket_site;1864.13;15.94;1257.30;0.56;0
951;nuclear_reactor;1864.69;15.88;1256.49;4.40;0
951;bunker;1865.58;15.94;1256.04;3.87;0
951;supply_node;1866.57;15.88;1256.08;2.16;0
952;arms_factory;1693.00;15.58;1162.00;0.79;0
952;industrial_complex;1692.76;15.58;1162.96;4.62;0
952;air_base;1692.08;15.58;1163.68;6.23;0
952;anti_air_building;1691.14;15.58;1163.99;3.58;0
952;synthetic_refinery;1690.17;15.52;1163.82;1.94;0
952;fuel_silo;1689.40;15.52;1163.20;3.11;0
952;radar_station;1689.02;15.46;1162.28;1.27;0
952;rocket_site;1689.13;15.46;1161.30;0.49;0
952;nuclear_reactor;1689.69;15.46;1160.49;1.66;0
952;bunker;1690.58;15.52;1160.04;1.99;0
952;supply_node;1691.57;15.58;1160.08;1.97;0
953;arms_factory;1441.00;15.27;1437.00;4.69;0
953;industrial_complex;1440.76;15.27;1437.96;5.12;0
953;air_base;1440.08;15.34;1438.68;4.36;0
953;anti_air_building;1439.14;15.34;1438.99;4.77;0
953;synthetic_refinery;1438.17;15.34;1438.82;3.55;0
953;fuel_silo;1437.40;15.34;1438.20;3.35;0
953;radar_station;1437.02;15.34;1437.28;4.43;0
953;rocket_site;1437.13;15.34;1436.30;3.08;0
953;nuclear_reactor;1437.69;15.34;1435.49;5.61;0
953;bunker;1438.58;15.34;1435.04;5.07;0
953;supply_node;1439.57;15.34;1435.08;1.86;0
954;arms_factory;1890.00;16.06;1275.00;1.87;0
954;industrial_complex;1889.76;16.00;1275.96;5.37;0
954;air_base;1889.08;16.00;1276.68;4.12;0
954;anti_air_building;1888.14;16.00;1276.99;3.08;0
954;synthetic_refinery;1887.17;16.00;1276.82;5.79;0
954;fuel_silo;1886.40;16.00;1276.20;5.72;0
954;radar_station;1886.02;16.06;1275.28;1.24;0
954;rocket_site;1886.13;16.06;1274.30;0.11;0
954;nuclear_reactor;1886.69;16.00;1273.49;6.09;0
954;bunker;1887.58;16.00;1273.04;3.85;0
954;supply_node;1888.57;16.06;1273.08;0.04;0
955;arms_factory;1816.00;15.94;1209.00;3.92;0
955;industrial_complex;1815.76;15.94;1209.96;4.39;0
955;air_base;1815.08;15.94;1210.68;3.95;0
955;anti_air_building;1814.14;15.94;1210.99;1.10;0
955;synthetic_refinery;1813.17;16.06;1210.82;1.32;0
955;fuel_silo;1812.40;16.13;1210.20;0.62;0
955;radar_station;1812.02;16.06;1209.28;0.39;0
955;rocket_site;1812.13;16.13;1208.30;0.46;0
955;nuclear_reactor;1812.69;16.06;1207.49;6.17;0
955;bunker;1813.58;16.00;1207.04;0.64;0
955;supply_node;1814.57;15.88;1207.08;5.74;0
956;arms_factory;2217.00;16.49;1231.00;3.24;0
956;industrial_complex;2216.76;16.67;1231.96;4.62;0
956;air_base;2216.08;16.85;1232.68;3.88;0
956;anti_air_building;2215.14;16.92;1232.99;4.70;0
956;synthetic_refinery;2214.17;17.10;1232.82;2.76;0
956;fuel_silo;2213.40;17.10;1232.20;5.69;0
956;radar_station;2213.02;17.10;1231.28;5.24;0
956;rocket_site;2213.13;17.10;1230.30;3.17;0
956;nuclear_reactor;2213.69;16.73;1229.49;1.09;0
956;bunker;2214.58;16.92;1229.04;2.95;0
956;supply_node;2215.57;16.67;1229.08;4.29;0
957;arms_factory;1297.00;15.64;1357.00;0.52;0
957;industrial_complex;1296.76;15.64;1357.96;5.88;0
957;air_base;1296.08;15.64;1358.68;6.01;0
957;anti_air_building;1295.14;15.64;1358.99;1.15;0
957;synthetic_refinery;1294.17;15.64;1358.82;4.95;0
957;fuel_silo;1293.40;15.70;1358.20;6.19;0
957;radar_station;1293.02;15.70;1357.28;4.16;0
957;rocket_site;1293.13;15.70;1356.30;3.78;0
957;nuclear_reactor;1293.69;15.64;1355.49;2.14;0
957;bunker;1294.58;15.64;1355.04;4.80;0
957;supply_node;1295.57;15.64;1355.08;2.22;0
958;arms_factory;1840.00;16.43;1261.00;1.60;0
958;industrial_complex;1839.76;16.55;1261.96;3.06;0
958;air_base;1839.08;16.49;1262.68;1.99;0
958;anti_air_building;1838.14;16.55;1262.99;0.24;0
958;synthetic_refinery;1837.17;16.61;1262.82;4.17;0
958;fuel_silo;1836.40;16.49;1262.20;2.10;0
958;radar_station;1836.02;16.55;1261.28;0.40;0
958;rocket_site;1836.13;16.67;1260.30;4.89;0
958;nuclear_reactor;1836.69;16.49;1259.49;3.41;0
958;bunker;1837.58;16.43;1259.04;1.20;0
958;supply_node;1838.57;16.43;1259.08;4.07;0
959;arms_factory;1480.00;15.94;1269.00;5.41;0
959;industrial_complex;1479.76;15.94;1269.96;1.92;0
959;air_base;1479.08;16.00;1270.68;1.42;0
959;anti_air_building;1478.14;15.94;1270.99;5.97;0
959;synthetic_refinery;1477.17;15.94;1270.82;4.03;0
959;fuel_silo;1476.40;16.00;1270.20;0.14;0
959;radar_station;1476.02;15.94;1269.28;0.42;0
959;rocket_site;1476.13;15.88;1268.30;2.02;0
959;nuclear_reactor;1476.69;15.82;1267.49;3.84;0
959;bunker;1477.58;15.88;1267.04;2.07;0
959;supply_node;1478.57;15.94;1267.08;3.97;0
960;arms_factory;1724.00;15.27;1598.00;1.63;0
960;industrial_complex;1723.76;15.27;1598.96;5.04;0
960;air_base;1723.08;15.27;1599.68;3.51;0
960;anti_air_building;1722.14;15.27;1599.99;0.47;0
960;synthetic_refinery;1721.17;15.27;1599.82;1.05;0
960;fuel_silo;1720.40;15.27;1599.20;1.42;0
960;radar_station;1720.02;15.27;1598.28;6.08;0
960;rocket_site;1720.13;15.27;1597.30;2.07;0
960;nuclear_reactor;1720.69;15.27;1596.49;0.05;0
960;bunker;1721.58;15.27;1596.04;2.71;0
960;supply_node;1722.57;15.27;1596.08;3.82;0
961;arms_factory;2174.00;15.27;1638.00;1.07;0
961;industrial_complex;2173.76;15.27;1638.96;2.05;0
961;air_base;2173.08;15.27;1639.68;6.21;0
961;anti_air_building;2172.14;15.27;1639.99;1.26;0
961;synthetic_refinery;2171.17;15.27;1639.82;3.01;0
961;fuel_silo;2170.40;15.27;1639.20;1.10;0
961;radar_station;2170.02;15.27;1638.28;3.03;0
961;rocket_site;2170.13;15.27;1637.30;2.44;0
961;nuclear_reactor;2170.69;15.27;1636.49;0.59;0
961;bunker;2171.58;15.27;1636.04;4.24;0
961;supply_node;2172.57;15.27;1636.08;1.22;0
962;arms_factory;1967.00;16.43;1274.00;3.75;0
962;industrial_complex;1966.76;16.43;1274.96;1.91;0
962;air_base;1966.08;16.43;1275.68;3.62;0
962;anti_air_building;1965.14;16.37;1275.99;3.74;0
962;synthetic_refinery;1964.17;16.37;1275.82;0.78;0
962;fuel_silo;1963.40;16.43;1275.20;1.46;0
962;radar_station;1963.02;16.43;1274.28;3.75;0
962;rocket_site;1963.13;16.37;1273.30;6.27;0
962;nuclear_reactor;1963.69;16.43;1272.49;5.07;0
962;bunker;1964.58;16.37;1272.04;0.60;0
962;supply_node;1965.57;16.43;1272.08;0.92;0
963;arms_factory;2059.00;15.27;1606.00;2.88;0
963;industrial_complex;2058.76;15.27;1606.96;0.29;0
963;air_base;2058.08;15.27;1607.68;0.11;0
963;anti_air_building;2057.14;15.27;1607.99;2.36;0
963;synthetic_refinery;2056.17;15.27;1607.82;0.19;0
963;fuel_silo;2055.40;15.27;1607.20;2.82;0
963;radar_station;2055.02;15.27;1606.28;2.09;0
963;rocket_site;2055.13;15.27;1605.30;5.80;0
963;nuclear_reactor;2055.69;15.27;1604.49;4.55;0
963;bunker;2056.58;15.27;1604.04;5.63;0
963;supply_node;2057.57;15.27;1604.08;1.72;0
964;arms_factory;2078.00;15.34;1699.00;0.69;0
964;industrial_complex;2077.76;15.34;1699.96;5.86;0
964;air_base;2077.08;15.34;1700.68;4.94;0
964;anti_air_building;2076.14;15.34;1700.99;1.13;0
964;synthetic_refinery;2075.17;15.34;1700.82;5.89;0
964;fuel_silo;2074.40;15.34;1700.20;2.72;0
964;radar_station;2074.02;15.34;1699.28;0.12;0
964;rocket_site;2074.13;15.34;1698.30;2.71;0
964;nuclear_reactor;2074.69;15.34;1697.49;0.33;0
964;bunker;2075.58;15.34;1697.04;1.12;0
964;supply_node;2076.57;15.34;1697.08;2.71;0
965;arms_factory;2262.00;15.52;1302.00;1.27;0
965;industrial_complex;2261.76;15.52;1302.96;4.88;0
965;air_base;2261.08;15.46;1303.68;5.47;0
965;anti_air_building;2260.14;15.52;1303.99;3.36;0
965;synthetic_refinery;2259.17;15.58;1303.82;0.84;0
965;fuel_silo;2258.40;15.64;1303.20;6.28;0
965;radar_station;2258.02;15.70;1302.28;5.85;0
965;rocket_site;2258.13;15.76;1301.30;2.41;0
965;nuclear_reactor;2258.69;15.82;1300.49;2.38;0
965;bunker;2259.58;15.76;1300.04;0.37;0
965;supply_node;2260.57;15.70;1300.08;3.50;0
966;arms_factory;1704.00;15.64;1153.00;0.77;0
966;industrial_complex;1703.76;15.64;1153.96;4.42;0
966;air_base;1703.08;15.64;1154.68;1.23;0
966;anti_air_building;1702.14;15.64;1154.99;1.59;0
966;synthetic_refinery;1701.17;15.64;1154.82;6.00;0
966;fuel_silo;1700.40;15.70;1154.20;1.40;0
966;radar_station;1700.02;15.70;1153.28;4.26;0
966;rocket_site;1700.13;15.70;1152.30;1.04;0
966;nuclear_reactor;1700.69;15.64;1151.49;4.04;0
966;bunker;1701.58;15.70;1151.04;2.60;0
966;supply_node;1702.57;15.70;1151.08;2.91;0
967;arms_factory;1961.00;15.27;1631.00;4.11;0
967;industrial_complex;1960.76;15.27;1631.96;5.09;0
967;air_base;1960.08;15.27;1632.68;0.07;0
967;anti_air_building;1959.14;15.27;1632.99;4.38;0
967;synthetic_refinery;1958.17;15.27;1632.82;4.22;0
967;fuel_silo;1957.40;15.27;1632.20;1.45;0
967;radar_station;1957.02;15.27;1631.28;2.78;0
967;rocket_site;1957.13;15.27;1630.30;5.37;0
967;nuclear_reactor;1957.69;15.27;1629.49;3.85;0
967;bunker;1958.58;15.27;1629.04;3.68;0
967;supply_node;1959.57;15.27;1629.08;0.48;0
968;arms_factory;1329.00;15.64;1298.00;5.52;0
968;industrial_complex;1328.76;15.58;1298.96;4.77;0
968;air_base;1328.08;15.58;1299.68;4.68;0
968;anti_air_building;1327.14;15.58;1299.99;2.42;0
968;synthetic_refinery;1326.17;15.52;1299.82;3.75;0
968;fuel_silo;1325.40;15.52;1299.20;3.73;0
968;radar_station;1325.02;15.52;1298.28;2.48;0
968;rocket_site;1325.13;15.52;1297.30;1.13;0
968;nuclear_reactor;1325.69;15.46;1296.49;0.95;0
968;bunker;1326.58;15.52;1296.04;6.10;0
968;supply_node;1327.57;15.52;1296.08;1.11;0
969;arms_factory;1393.00;15.27;1593.00;5.08;0
969;industrial_complex;1392.76;15.27;1593.96;3.04;0
969;air_base;1392.08;15.27;1594.68;4.90;0
969;anti_air_building;1391.14;15.27;1594.99;5.82;0
969;synthetic_refinery;1390.17;15.27;1594.82;5.24;0
969;fuel_silo;1389.40;15.27;1594.20;0.07;0
969;radar_station;1389.02;15.27;1593.28;2.97;0
969;rocket_site;1389.13;15.27;1592.30;0.07;0
969;nuclear_reactor;1389.69;15.27;1591.49;6.03;0
969;bunker;1390.58;15.27;1591.04;3.67;0
969;supply_node;1391.57;15.27;1591.08;4.75;0
970;arms_factory;1414.00;15.27;1657.00;3.29;0
970;industrial_complex;1413.76;15.27;1657.96;0.99;0
970;air_base;1413.08;15.27;1658.68;1.65;0
970;anti_air_building;1412.14;15.27;1658.99;1.68;0
970;synthetic_refinery;1411.17;15.27;1658.82;1.68;0
970;fuel_silo;1410.40;15.27;1658.20;3.82;0
970;radar_station;1410.02;15.27;1657.28;2.66;0
970;rocket_site;1410.13;15.27;1656.30;3.24;0
970;nuclear_reactor;1410.69;15.27;1655.49;4.84;0
970;bunker;1411.58;15.27;1655.04;4.29;0
970;supply_node;1412.57;15.27;1655.08;5.20;0
971;arms_factory;1246.00;15.27;1572.00;0.50;0
971;industrial_complex;1245.76;15.34;1572.96;5.91;0
971;air_base;1245.08;15.34;1573.68;2.08;0
971;anti_air_building;1244.14;15.34;1573.99;2.34;0
971;synthetic_refinery;1243.17;15.34;1573.82;3.52;0
971;fuel_silo;1242.40;15.34;1573.20;2.41;0
971;radar_station;1242.02;15.34;1572.28;1.03;0
971;rocket_site;1242.13;15.34;1571.30;5.56;0
971;nuclear_reactor;1242.69;15.27;1570.49;4.62;0
971;bunker;1243.58;15.34;1570.04;0.61;0
971;supply_node;1244.57;15.27;1570.08;0.38;0
972;arms_factory;1324.00;15.34;1458.00;3.08;0
972;industrial_complex;1323.76;15.34;1458.96;1.04;0
972;air_base;1323.08;15.34;1459.68;1.03;0
972;anti_air_building;1322.14;15.34;1459.99;2.76;0
972;synthetic_refinery;1321.17;15.34;1459.82;1.47;0
972;fuel_silo;1320.40;15.34;1459.20;1.22;0
972;radar_station;1320.02;15.34;1458.28;3.04;0
972;rocket_site;1320.13;15.34;1457.30;6.20;0
972;nuclear_reactor;1320.69;15.34;1456.49;3.33;0
972;bunker;1321.58;15.34;1456.04;2.41;0
972;supply_node;1322.57;15.34;1456.08;0.69;0
973;arms_factory;2323.00;15.27;1333.00;6.05;0
973;industrial_complex;2322.76;15.27;1333.96;3.78;0
973;air_base;2322.08;15.27;1334.68;0.74;0
973;anti_air_building;2321.14;15.27;1334.99;3.24;0
973;synthetic_refinery;2320.17;15.27;1334.82;6.07;0
973;fuel_silo;2319.40;15.27;1334.20;1.94;0
973;radar_station;2319.02;15.27;1333.28;1.58;0
973;rocket_site;2319.13;15.27;1332.30;4.46;0
973;nuclear_reactor;2319.69;15.27;1331.49;4.89;0
973;bunker;2320.58;15.27;1331.04;5.84;0
973;supply_node;2321.57;15.27;1331.08;3.15;0
974;arms_factory;2137.00;17.28;1279.00;5.81;0
974;industrial_complex;2136.76;17.10;1279.96;1.60;0
974;air_base;2136.08;17.10;1280.68;1.42;0
974;anti_air_building;2135.14;16.98;1280.99;6.07;0
974;synthetic_refinery;2134.17;16.98;1280.82;4.13;0
974;fuel_silo;2133.40;16.92;1280.20;5.45;0
974;radar_station;2133.02;17.04;1279.28;2.78;0
974;rocket_site;2133.13;17.22;1278.30;3.23;0
974;nuclear_reactor;2133.69;17.34;1277.49;3.72;0
974;bunker;2134.58;17.58;1277.04;0.68;0
974;supply_node;2135.57;17.58;1277.08;5.24;0
975;arms_factory;2003.00;17.52;1400.00;3.35;0
975;industrial_complex;2002.76;17.40;1400.96;2.11;0
975;air_base;2002.08;17.10;1401.68;3.21;0
975;anti_air_building;2001.14;16.92;1401.99;2.97;0
975;synthetic_refinery;2000.17;16.85;1401.82;4.88;0
975;fuel_silo;1999.40;16.73;1401.20;4.67;0
975;radar_station;1999.02;16.98;1400.28;5.48;0
975;rocket_site;1999.13;17.22;1399.30;0.20;0
975;nuclear_reactor;1999.69;17.58;1398.49;6.10;0
975;bunker;2000.58;17.52;1398.04;5.68;0
975;supply_node;2001.57;17.77;1398.08;3.43;0
976;arms_factory;2010.00;15.34;1752.00;4.35;0
976;industrial_complex;2009.76;15.34;1752.96;2.77;0
976;air_base;2009.08;15.34;1753.68;2.89;0
976;anti_air_building;2008.14;15.34;1753.99;3.81;0
976;synthetic_refinery;2007.17;15.27;1753.82;2.31;0
976;fuel_silo;2006.40;15.27;1753.20;5.20;0
976;radar_station;2006.02;15.27;1752.28;4.57;0
976;rocket_site;2006.13;15.27;1751.30;4.10;0
976;nuclear_reactor;2006.69;15.27;1750.49;6.17;0
976;bunker;2007.58;15.27;1750.04;0.72;0
976;supply_node;2008.57;15.27;1750.08;5.97;0
977;arms_factory;1239.00;15.46;1531.00;0.92;0
977;industrial_complex;1238.76;15.46;1531.96;0.37;0
977;air_base;1238.08;15.46;1532.68;5.47;0
977;anti_air_building;1237.14;15.46;1532.99;1.42;0
977;synthetic_refinery;1236.17;15.46;1532.82;5.54;0
977;fuel_silo;1235.40;15.46;1532.20;5.41;0
977;radar_station;1235.02;15.46;1531.28;1.35;0
977;rocket_site;1235.13;15.46;1530.30;0.35;0
977;nuclear_reactor;1235.69;15.46;1529.49;4.33;0
977;bunker;1236.58;15.46;1529.04;3.13;0
977;supply_node;1237.57;15.52;1529.08;3.52;0
978;arms_factory;1815.00;15.64;1462.00;5.72;0
978;industrial_complex;1814.76;15.64;1462.96;3.04;0
978;air_base;1814.08;15.70;1463.68;2.21;0
978;anti_air_building;1813.14;15.70;1463.99;2.32;0
978;synthetic_refinery;1812.17;15.76;1463.82;4.59;0
978;fuel_silo;1811.40;15.76;1463.20;1.75;0
978;radar_station;1811.02;15.70;1462.28;1.50;0
978;rocket_site;1811.13;15.64;1461.30;5.67;0
978;nuclear_reactor;1811.69;15.70;1460.49;1.66;0
978;bunker;1812.58;15.64;1460.04;1.99;0
978;supply_node;1813.57;15.64;1460.08;4.37;0
979;arms_factory;2237.00;15.27;1332.00;4.15;0
979;industrial_complex;2236.76;15.27;1332.96;4.22;0
979;air_base;2236.08;15.27;1333.68;5.54;0
979;anti_air_building;2235.14;15.27;1333.99;0.18;0
979;synthetic_refinery;2234.17;15.27;1333.82;5.66;0
979;fuel_silo;2233.40;15.27;1333.20;2.14;0
979;radar_station;2233.02;15.27;1332.28;2.01;0
979;rocket_site;2233.13;15.27;1331.30;1.54;0
979;nuclear_reactor;2233.69;15.27;1330.49;3.65;0
979;bunker;2234.58;15.27;1330.04;3.71;0
979;supply_node;2235.57;15.27;1330.08;2.29;0
980;arms_factory;1292.00;15.34;1579.00;6.02;0
980;industrial_complex;1291.76;15.27;1579.96;0.40;0
980;air_base;1291.08;15.27;1580.68;5.77;0
980;anti_air_building;1290.14;15.27;1580.99;6.12;0
980;synthetic_refinery;1289.17;15.27;1580.82;5.92;0
980;fuel_silo;1288.40;15.27;1580.20;4.88;0
980;radar_station;1288.02;15.27;1579.28;2.82;0
980;rocket_site;1288.13;15.27;1578.30;3.82;0
980;nuclear_reactor;1288.69;15.27;1577.49;4.93;0
980;bunker;1289.58;15.34;1577.04;0.28;0
980;supply_node;1290.57;15.34;1577.08;5.23;0
981;arms_factory;1281.00;15.27;1313.00;5.30;0
981;industrial_complex;1280.76;15.27;1313.96;0.10;0
981;air_base;1280.08;15.27;1314.68;3.29;0
981;anti_air_building;1279.14;15.27;1314.99;3.06;0
981;synthetic_refinery;1278.17;15.27;1314.82;0.08;0
981;fuel_silo;1277.40;15.27;1314.20;3.47;0
981;radar_station;1277.02;15.27;1313.28;4.23;0
981;rocket_site;1277.13;15.27;1312.30;5.82;0
981;nuclear_reactor;1277.69;15.27;1311.49;0.44;0
981;bunker;1278.58;15.27;1311.04;3.45;0
981;supply_node;1279.57;15.27;1311.08;4.48;0
982;arms_factory;1646.00;15.70;1485.00;3.55;0
982;industrial_complex;1645.76;15.70;1485.96;0.89;0
982;air_base;1645.08;15.82;1486.68;0.01;0
982;anti_air_building;1644.14;15.88;1486.99;1.97;0
982;synthetic_refinery;1643.17;15.94;1486.82;2.84;0
982;fuel_silo;1642.40;16.00;1486.20;4.04;0
982;radar_station;1642.02;15.82;1485.28;3.01;0
982;rocket_site;1642.13;15.70;1484.30;0.78;0
982;nuclear_reactor;1642.69;15.58;1483.49;5.90;0
982;bunker;1643.58;15.58;1483.04;2.84;0
982;supply_node;1644.57;15.52;1483.08;5.51;0
983;arms_factory;1580.00;15.34;1379.00;4.50;0
983;industrial_complex;1579.76;15.34;1379.96;2.13;0
983;air_base;1579.08;15.34;1380.68;4.99;0
983;anti_air_building;1578.14;15.34;1380.99;0.90;0
983;synthetic_refinery;1577.17;15.34;1380.82;5.07;0
983;fuel_silo;1576.40;15.34;1380.20;0.60;0
983;radar_station;1576.02;15.34;1379.28;2.06;0
983;rocket_site;1576.13;15.34;1378.30;5.80;0
983;nuclear_reactor;1576.69;15.34;1377.49;6.08;0
983;bunker;1577.58;15.34;1377.04;3.01;0
983;supply_node;1578.57;15.34;1377.08;1.20;0
984;arms_factory;1809.00;15.70;1482.00;0.15;0
984;industrial_complex;1808.76;15.76;1482.96;2.64;0
984;air_base;1808.08;15.76;1483.68;4.60;0
984;anti_air_building;1807.14;15.76;1483.99;0.26;0
984;synthetic_refinery;1806.17;15.82;1483.82;5.34;0
984;fuel_silo;1805.40;15.76;1483.20;3.03;0
984;radar_station;1805.02;15.82;1482.28;0.21;0
984;rocket_site;1805.13;15.76;1481.30;4.72;0
984;nuclear_reactor;1805.69;15.82;1480.49;0.67;0
984;bunker;1806.58;15.76;1480.04;5.59;0
984;supply_node;1807.57;15.82;1480.08;4.88;0
985;arms_factory;2096.00;15.27;1699.00;2.84;0
985;industrial_complex;2095.76;15.27;1699.96;1.28;0
985;air_base;2095.08;15.27;1700.68;3.14;0
985;anti_air_building;2094.14;15.27;1700.99;0.31;0
985;synthetic_refinery;2093.17;15.27;1700.82;0.04;0
985;fuel_silo;2092.40;15.27;1700.20;2.30;0
985;radar_station;2092.02;15.27;1699.28;5.94;0
985;rocket_site;2092.13;15.27;1698.30;1.98;0
985;nuclear_reactor;2092.69;15.27;1697.49;5.69;0
985;bunker;2093.58;15.27;1697.04;4.93;0
985;supply_node;2094.57;15.27;1697.08;4.41;0
986;arms_factory;1514.00;15.34;1492.00;1.15;0
986;industrial_complex;1513.76;15.34;1492.96;1.72;0
986;air_base;1513.08;15.34;1493.68;5.94;0
986;anti_air_building;1512.14;15.34;1493.99;1.25;0
986;synthetic_refinery;1511.17;15.34;1493.82;0.43;0
986;fuel_silo;1510.40;15.34;1493.20;3.29;0
986;radar_station;1510.02;15.34;1492.28;1.81;0
986;rocket_site;1510.13;15.34;1491.30;5.82;0
986;nuclear_reactor;1510.69;15.34;1490.49;6.24;0
986;bunker;1511.58;15.34;1490.04;0.57;0
986;supply_node;1512.57;15.34;1490.08;5.25;0
987;arms_factory;1393.00;15.27;1370.00;0.33;0
987;industrial_complex;1392.76;15.27;1370.96;4.76;0
987;air_base;1392.08;15.27;1371.68;3.83;0
987;anti_air_building;1391.14;15.27;1371.99;2.98;0
987;synthetic_refinery;1390.17;15.27;1371.82;3.68;0
987;fuel_silo;1389.40;15.27;1371.20;5.36;0
987;radar_station;1389.02;15.27;1370.28;5.62;0
987;rocket_site;1389.13;15.27;1369.30;1.69;0
987;nuclear_reactor;1389.69;15.27;1368.49;5.30;0
987;bunker;1390.58;15.27;1368.04;5.56;0
987;supply_node;1391.57;15.27;1368.08;0.78;0
988;arms_factory;1385.00;15.34;1411.00;3.14;0
988;industrial_complex;1384.76;15.34;1411.96;0.29;0
988;air_base;1384.08;15.40;1412.68;4.44;0
988;anti_air_building;1383.14;15.40;1412.99;0.08;0
988;synthetic_refinery;1382.17;15.34;1412.82;2.47;0
988;fuel_silo;1381.40;15.40;1412.20;2.43;0
988;radar_station;1381.02;15.34;1411.28;2.70;0
988;rocket_site;1381.13;15.34;1410.30;3.99;0
988;nuclear_reactor;1381.69;15.34;1409.49;3.02;0
988;bunker;1382.58;15.34;1409.04;0.92;0
988;supply_node;1383.57;15.34;1409.08;3.21;0
989;arms_factory;1255.00;15.27;1450.00;6.18;0
989;industrial_complex;1254.76;15.27;1450.96;0.37;0
989;air_base;1254.08;15.27;1451.68;1.45;0
989;anti_air_building;1253.14;15.27;1451.99;3.85;0
989;synthetic_refinery;1252.17;15.27;1451.82;4.09;0
989;fuel_silo;1251.40;15.27;1451.20;2.20;0
989;radar_station;1251.02;15.27;1450.28;3.58;0
989;rocket_site;1251.13;15.27;1449.30;3.89;0
989;nuclear_reactor;1251.69;15.27;1448.49;5.16;0
989;bunker;1252.58;15.27;1448.04;3.66;0
989;supply_node;1253.57;15.27;1448.08;1.55;0
990;arms_factory;1546.00;15.94;1532.00;3.48;0
990;industrial_complex;1545.76;16.00;1532.96;6.21;0
990;air_base;1545.08;16.00;1533.68;2.65;0
990;anti_air_building;1544.14;15.88;1533.99;4.92;0
990;synthetic_refinery;1543.17;15.82;1533.82;0.31;0
990;fuel_silo;1542.40;15.76;1533.20;2.41;0
990;radar_station;1542.02;15.76;1532.28;2.29;0
990;rocket_site;1542.13;15.76;1531.30;4.26;0
990;nuclear_reactor;1542.69;15.82;1530.49;0.97;0
990;bunker;1543.58;15.82;1530.04;2.07;0
990;supply_node;1544.57;15.82;1530.08;0.17;0
991;arms_factory;1738.00;17.10;1229.00;5.17;0
991;industrial_complex;1737.76;17.04;1229.96;4.33;0
991;air_base;1737.08;16.92;1230.68;1.59;0
991;anti_air_building;1736.14;16.98;1230.99;6.21;0
991;synthetic_refinery;1735.17;17.10;1230.82;2.46;0
991;fuel_silo;1734.40;16.92;1230.20;2.76;0
991;radar_station;1734.02;16.98;1229.28;0.43;0
991;rocket_site;1734.13;17.04;1228.30;4.43;0
991;nuclear_reactor;1734.69;16.92;1227.49;4.49;0
991;bunker;1735.58;17.04;1227.04;2.02;0
991;supply_node;1736.57;16.92;1227.08;2.81;0
992;arms_factory;1253.00;15.27;1551.00;4.53;0
992;industrial_complex;1252.76;15.27;1551.96;4.22;0
992;air_base;1252.08;15.27;1552.68;3.51;0
992;anti_air_building;1251.14;15.27;1552.99;2.54;0
992;synthetic_refinery;1250.17;15.27;1552.82;3.93;0
992;fuel_silo;1249.40;15.27;1552.20;2.97;0
992;radar_station;1249.02;15.27;1551.28;1.71;0
992;rocket_site;1249.13;15.27;1550.30;4.86;0
992;nuclear_reactor;1249.69;15.27;1549.49;3.89;0
992;bunker;1250.58;15.27;1549.04;3.89;0
992;supply_node;1251.57;15.27;1549.08;3.25;0
993;arms_factory;2272.00;15.27;1463.00;5.52;0
993;industrial_complex;2271.76;15.27;1463.96;1.15;0
993;air_base;2271.08;15.27;1464.68;0.77;0
993;anti_air_building;2270.14;15.27;1464.99;1.36;0
993;synthetic_refinery;2269.17;15.27;1464.82;0.48;0
993;fuel_silo;2268.40;15.27;1464.20;0.04;0
993;radar_station;2268.02;15.27;1463.28;1.13;0
993;rocket_site;2268.13;15.27;1462.30;1.18;0
993;nuclear_reactor;2268.69;15.27;1461.49;4.75;0
993;bunker;2269.58;15.27;1461.04;0.54;0
993;supply_node;2270.57;15.27;1461.08;6.17;0
994;arms_factory;1960.00;15.27;1680.00;2.92;0
994;industrial_complex;1959.76;15.27;1680.96;4.66;0
994;air_base;1959.08;15.27;1681.68;3.56;0
994;anti_air_building;1958.14;15.27;1681.99;2.24;0
994;synthetic_refinery;1957.17;15.27;1681.82;0.60;0
994;fuel_silo;1956.40;15.27;1681.20;1.59;0
994;radar_station;1956.02;15.27;1680.28;2.33;0
994;rocket_site;1956.13;15.27;1679.30;0.95;0
994;nuclear_reactor;1956.69;15.27;1678.49;5.33;0
994;bunker;1957.58;15.27;1678.04;4.48;0
994;supply_node;1958.57;15.27;1678.08;3.87;0
995;arms_factory;1474.00;15.27;1590.00;1.17;0
995;industrial_complex;1473.76;15.27;1590.96;2.19;0
995;air_base;1473.08;15.27;1591.68;4.66;0
995;anti_air_building;1472.14;15.27;1591.99;1.21;0
995;synthetic_refinery;1471.17;15.27;1591.82;5.07;0
995;fuel_silo;1470.40;15.27;1591.20;3.37;0
995;radar_station;1470.02;15.27;1590.28;4.93;0
995;rocket_site;1470.13;15.27;1589.30;2.94;0
995;nuclear_reactor;1470.69;15.27;1588.49;3.58;0
995;bunker;1471.58;15.27;1588.04;5.22;0
995;supply_node;1472.57;15.27;1588.08;1.29;0
996;arms_factory;1853.00;15.94;1236.00;0.69;0
996;industrial_complex;1852.76;16.00;1236.96;0.11;0
996;air_base;1852.08;15.94;1237.68;4.52;0
996;anti_air_building;1851.14;15.94;1237.99;6.26;0
996;synthetic_refinery;1850.17;15.94;1237.82;4.87;0
996;fuel_silo;1849.40;15.94;1237.20;4.68;0
996;radar_station;1849.02;15.94;1236.28;1.73;0
996;rocket_site;1849.13;15.94;1235.30;2.54;0
996;nuclear_reactor;1849.69;15.94;1234.49;1.13;0
996;bunker;1850.58;15.94;1234.04;2.15;0
996;supply_node;1851.57;16.06;1234.08;2.99;0
997;arms_factory;1536.00;15.70;1358.00;0.60;0
997;industrial_complex;1535.76;15.70;1358.96;3.28;0
997;air_base;1535.08;15.64;1359.68;0.65;0
997;anti_air_building;1534.14;15.64;1359.99;5.97;0
997;synthetic_refinery;1533.17;15.64;1359.82;4.66;0
997;fuel_silo;1532.40;15.58;1359.20;5.32;0
997;radar_station;1532.02;15.64;1358.28;2.31;0
997;rocket_site;1532.13;15.76;1357.30;4.17;0
997;nuclear_reactor;1532.69;15.76;1356.49;1.81;0
997;bunker;1533.58;15.82;1356.04;5.74;0
997;supply_node;1534.57;15.82;1356.08;3.71;0
998;arms_factory;1585.00;15.27;1732.00;4.33;0
998;industrial_complex;1584.76;15.27;1732.96;1.50;0
998;air_base;1584.08;15.27;1733.68;5.82;0
998;anti_air_building;1583.14;15.27;1733.99;3.47;0
998;synthetic_refinery;1582.17;15.27;1733.82;4.41;0
998;fuel_silo;1581.40;15.34;1733.20;5.81;0
998;radar_station;1581.02;15.27;1732.28;1.55;0
998;rocket_site;1581.13;15.27;1731.30;4.28;0
998;nuclear_reactor;1581.69;15.27;1730.49;1.81;0
998;bunker;1582.58;15.27;1730.04;5.92;0
998;supply_node;1583.57;15.27;1730.08;2.69;0
999;arms_factory;2228.00;16.25;1252.00;2.30;0
999;industrial_complex;2227.76;16.37;1252.96;1.30;0
999;air_base;2227.08;16.31;1253.68;4.03;0
999;anti_air_building;2226.14;16.49;1253.99;3.45;0
999;synthetic_refinery;2225.17;16.67;1253.82;3.66;0
999;fuel_silo;2224.40;16.92;1253.20;3.59;0
999;radar_station;2224.02;16.98;1252.28;2.56;0
999;rocket_site;2224.13;16.85;1251.30;2.84;0
999;nuclear_reactor;2224.69;16.92;1250.49;4.77;0
999;bunker;2225.58;16.92;1250.04;2.32;0
999;supply_node;2226.57;16.79;1250.08;5.92;0
1000;arms_factory;1286.00;15.34;1613.00;4.18;0
1000;industrial_complex;1285.76;15.34;1613.96;3.59;0
1000;air_base;1285.08;15.34;1614.68;4.31;0
1000;anti_air_building;1284.14;15.34;1614.99;4.41;0
1000;synthetic_refinery;1283.17;15.34;1614.82;4.32;0
1000;fuel_silo;1282.40;15.34;1614.20;2.91;0
1000;radar_station;1282.02;15.34;1613.28;5.87;0
1000;rocket_site;1282.13;15.34;1612.30;0.99;0
1000;nuclear_reactor;1282.69;15.34;1611.49;5.01;0
1000;bunker;1283.58;15.34;1611.04;1.41;0
1000;supply_node;1284.57;15.34;1611.08;4.27;0
1001;arms_factory;2383.00;15.27;1271.00;0.86;0
1001;industrial_complex;2382.76;15.27;1271.96;1.91;0
1001;air_base;2382.08;15.27;1272.68;1.75;0
1001;anti_air_building;2381.14;15.27;1272.99;4.13;0
1001;synthetic_refinery;2380.17;15.27;1272.82;0.50;0
1001;fuel_silo;2379.40;15.27;1272.20;5.29;0
1001;radar_station;2379.02;15.27;1271.28;5.09;0
1001;rocket_site;2379.13;15.27;1270.30;0.30;0
1001;nuclear_reactor;2379.69;15.27;1269.49;0.03;0
1001;bunker;2380.58;15.27;1269.04;1.56;0
1001;supply_node;2381.57;15.27;1269.08;4.50;0
1002;arms_factory;2261.00;15.46;1658.00;4.30;0
1002;industrial_complex;2260.76;15.40;1658.96;5.07;0
1002;air_base;2260.08;15.40;1659.68;3.37;0
1002;anti_air_building;2259.14;15.40;1659.99;1.74;0
1002;synthetic_refinery;2258.17;15.40;1659.82;3.89;0
1002;fuel_silo;2257.40;15.40;1659.20;0.40;0
1002;radar_station;2257.02;15.40;1658.28;5.35;0
1002;rocket_site;2257.13;15.40;1657.30;5.56;0
1002;nuclear_reactor;2257.69;15.46;1656.49;2.75;0
1002;bunker;2258.58;15.46;1656.04;3.62;0
1002;supply_node;2259.57;15.40;1656.08;5.02;0
1003;arms_factory;1946.00;15.27;1720.00;5.59;0
1003;industrial_complex;1945.76;15.27;1720.96;2.27;0
1003;air_base;1945.08;15.27;1721.68;1.40;0
1003;anti_air_building;1944.14;15.27;1721.99;4.79;0
1003;synthetic_refinery;1943.17;15.27;1721.82;0.25;0
1003;fuel_silo;1942.40;15.27;1721.20;2.00;0
1003;radar_station;1942.02;15.27;1720.28;5.78;0
1003;rocket_site;1942.13;15.27;1719.30;2.10;0
1003;nuclear_reactor;1942.69;15.27;1718.49;2.29;0
1003;bunker;1943.58;15.27;1718.04;1.37;0
1003;supply_node;1944.57;15.27;1718.08;4.38;0
1004;arms_factory;2221.00;17.16;1241.00;2.41;0
1004;industrial_complex;2220.76;17.28;1241.96;5.55;0
1004;air_base;2220.08;17.22;1242.68;3.94;0
1004;anti_air_building;2219.14;17.52;1242.99;3.05;0
1004;synthetic_refinery;2218.17;17.71;1242.82;1.33;0
1004;fuel_silo;2217.40;17.95;1242.20;4.52;0
1004;radar_station;2217.02;17.58;1241.28;3.34;0
1004;rocket_site;2217.13;17.52;1240.30;6.25;0
1004;nuclear_reactor;2217.69;17.46;1239.49;5.82;0
1004;bunker;2218.58;17.52;1239.04;3.76;0
1004;supply_node;2219.57;17.28;1239.08;5.64;0
1005;arms_factory;2076.00;15.27;1373.00;3.34;0
1005;industrial_complex;2075.76;15.27;1373.96;1.44;0
1005;air_base;2075.08;15.27;1374.68;4.24;0
1005;anti_air_building;2074.14;15.27;1374.99;4.51;0
1005;synthetic_refinery;2073.17;15.27;1374.82;4.28;0
1005;fuel_silo;2072.40;15.27;1374.20;1.54;0
1005;radar_station;2072.02;15.27;1373.28;2.55;0
1005;rocket_site;2072.13;15.27;1372.30;4.09;0
1005;nuclear_reactor;2072.69;15.27;1371.49;3.88;0
1005;bunker;2073.58;15.27;1371.04;4.64;0
1005;supply_node;2074.57;15.27;1371.08;0.79;0
1006;arms_factory;1847.00;15.34;1603.00;0.02;0
1006;industrial_complex;1846.76;15.34;1603.96;1.12;0
1006;air_base;1846.08;15.34;1604.68;1.02;0
1006;anti_air_building;1845.14;15.34;1604.99;4.56;0
1006;synthetic_refinery;1844.17;15.34;1604.82;0.45;0
1006;fuel_silo;1843.40;15.27;1604.20;5.21;0
1006;radar_station;1843.02;15.34;1603.28;3.17;0
1006;rocket_site;1843.13;15.34;1602.30;2.86;0
1006;nuclear_reactor;1843.69;15.34;1601.49;1.04;0
1006;bunker;1844.58;15.34;1601.04;1.16;0
1006;supply_node;1845.57;15.34;1601.08;0.18;0
1007;arms_factory;2065.00;15.27;1680.00;4.86;0
1007;industrial_complex;2064.76;15.27;1680.96;0.45;0
1007;air_base;2064.08;15.27;1681.68;5.02;0
1007;anti_air_building;2063.14;15.27;1681.99;4.84;0
1007;synthetic_refinery;2062.17;15.27;1681.82;5.65;0
1007;fuel_silo;2061.40;15.27;1681.20;5.83;0
1007;radar_station;2061.02;15.27;1680.28;1.19;0
1007;rocket_site;2061.13;15.27;1679.30;2.32;0
1007;nuclear_reactor;2061.69;15.27;1678.49;2.85;0
1007;bunker;2062.58;15.27;1678.04;1.91;0
1007;supply_node;2063.57;15.27;1678.08;2.63;0
1008;arms_factory;1556.00;15.27;1769.00;2.09;0
1008;industrial_complex;1555.76;15.27;1769.96;1.63;0
1008;air_base;1555.08;15.27;1770.68;5.44;0
1008;anti_air_building;1554.14;15.27;1770.99;2.38;0
1008;synthetic_refinery;1553.17;15.27;1770.82;0.15;0
1008;fuel_silo;1552.40;15.27;1770.20;0.80;0
1008;radar_station;1552.02;15.27;1769.28;2.56;0
1008;rocket_site;1552.13;15.27;1768.30;2.34;0
1008;nuclear_reactor;1552.69;15.27;1767.49;0.75;0
1008;bunker;1553.58;15.27;1767.04;5.59;0
1008;supply_node;1554.57;15.27;1767.08;0.70;0
1009;arms_factory;1535.00;15.34;1443.00;3.39;0
1009;industrial_complex;1534.76;15.34;1443.96;1.57;0
1009;air_base;1534.08;15.34;1444.68;1.48;0
1009;anti_air_building;1533.14;15.34;1444.99;0.58;0
1009;synthetic_refinery;1532.17;15.34;1444.82;1.89;0
1009;fuel_silo;1531.40;15.34;1444.20;1.85;0
1009;radar_station;1531.02;15.34;1443.28;5.44;0
1009;rocket_site;1531.13;15.34;1442.30;2.01;0
1009;nuclear_reactor;1531.69;15.34;1441.49;3.16;0
1009;bunker;1532.58;15.34;1441.04;3.85;0
1009;supply_node;1533.57;15.34;1441.08;1.27;0
1010;arms_factory;1869.00;15.70;1351.00;1.20;0
1010;industrial_complex;1868.76;15.76;1351.96;0.51;0
1010;air_base;1868.08;15.82;1352.68;1.73;0
1010;anti_air_building;1867.14;15.82;1352.99;0.88;0
1010;synthetic_refinery;1866.17;15.88;1352.82;3.77;0
1010;fuel_silo;1865.40;15.88;1352.20;2.41;0
1010;radar_station;1865.02;15.82;1351.28;3.09;0
1010;rocket_site;1865.13;15.70;1350.30;4.75;0
1010;nuclear_reactor;1865.69;15.64;1349.49;1.86;0
1010;bunker;1866.58;15.64;1349.04;2.74;0
1010;supply_node;1867.57;15.58;1349.08;3.55;0
1011;arms_factory;2172.00;15.34;1336.00;1.13;0
1011;industrial_complex;2171.76;15.34;1336.96;0.94;0
1011;air_base;2171.08;15.27;1337.68;0.56;0
1011;anti_air_building;2170.14;15.34;1337.99;4.28;0
1011;synthetic_refinery;2169.17;15.34;1337.82;5.94;0
1011;fuel_silo;2168.40;15.27;1337.20;5.48;0
1011;radar_station;2168.02;15.34;1336.28;1.81;0
1011;rocket_site;2168.13;15.40;1335.30;2.64;0
1011;nuclear_reactor;2168.69;15.40;1334.49;0.82;0
1011;bunker;2169.58;15.40;1334.04;0.47;0
1011;supply_node;2170.57;15.40;1334.08;3.11;0
1012;arms_factory;1758.00;21.35;1263.00;3.68;0
1012;industrial_complex;1757.76;21.29;1263.96;1.90;0
1012;air_base;1757.08;21.23;1264.68;0.85;0
1012;anti_air_building;1756.14;20.75;1264.99;1.63;0
1012;synthetic_refinery;1755.17;20.14;1264.82;2.97;0
1012;fuel_silo;1754.40;19.77;1264.20;3.12;0
1012;radar_station;1754.02;19.95;1263.28;4.43;0
1012;rocket_site;1754.13;19.83;1262.30;2.89;0
1012;nuclear_reactor;1754.69;20.08;1261.49;1.12;0
1012;bunker;1755.58;20.38;1261.04;3.70;0
1012;supply_node;1756.57;20.20;1261.08;3.12;0
1013;arms_factory;2266.00;15.34;1434.00;0.13;0
1013;industrial_complex;2265.76;15.34;1434.96;2.81;0
1013;air_base;2265.08;15.34;1435.68;5.62;0
1013;anti_air_building;2264.14;15.34;1435.99;5.17;0
1013;synthetic_refinery;2263.17;15.34;1435.82;4.78;0
1013;fuel_silo;2262.40;15.34;1435.20;4.40;0
1013;radar_station;2262.02;15.34;1434.28;6.19;0
1013;rocket_site;2262.13;15.34;1433.30;1.90;0
1013;nuclear_reactor;2262.69;15.34;1432.49;6.01;0
1013;bunker;2263.58;15.34;1432.04;5.10;0
1013;supply_node;2264.57;15.34;1432.08;0.77;0
1014;arms_factory;2127.00;15.27;1687.00;2.19;0
1014;industrial_complex;2126.76;15.27;1687.96;4.64;0
1014;air_base;2126.08;15.27;1688.68;2.42;0
1014;anti_air_building;2125.14;15.27;1688.99;2.00;0
1014;synthetic_refinery;2124.17;15.27;1688.82;5.42;0
1014;fuel_silo;2123.40;15.27;1688.20;5.79;0
1014;radar_station;2123.02;15.27;1687.28;0.53;0
1014;rocket_site;2123.13;15.27;1686.30;6.17;0
1014;nuclear_reactor;2123.69;15.27;1685.49;4.82;0
1014;bunker;2124.58;15.27;1685.04;3.30;0
1014;supply_node;2125.57;15.27;1685.08;4.15;0
1015;arms_factory;1472.00;16.37;1239.00;1.38;0
1015;industrial_complex;1471.76;16.25;1239.96;5.28;0
1015;air_base;1471.08;16.25;1240.68;0.81;0
1015;anti_air_building;1470.14;16.25;1240.99;6.28;0
1015;synthetic_refinery;1469.17;16.25;1240.82;1.83;0
1015;fuel_silo;1468.40;16.19;1240.20;5.59;0
1015;radar_station;1468.02;16.25;1239.28;1.50;0
1015;rocket_site;1468.13;16.19;1238.30;3.07;0
1015;nuclear_reactor;1468.69;16.13;1237.49;3.00;0
1015;bunker;1469.58;16.13;1237.04;5.12;0
1015;supply_node;1470.57;16.13;1237.08;5.60;0
1016;arms_factory;1894.00;15.27;1376.00;0.41;0
1016;industrial_complex;1893.76;15.27;1376.96;4.09;0
1016;air_base;1893.08;15.27;1377.68;1.97;0
1016;anti_air_building;1892.14;15.27;1377.99;4.02;0
1016;synthetic_refinery;1891.17;15.27;1377.82;6.04;0
1016;fuel_silo;1890.40;15.27;1377.20;4.30;0
1016;radar_station;1890.02;15.27;1376.28;4.02;0
1016;rocket_site;1890.13;15.34;1375.30;6.12;0
1016;nuclear_reactor;1890.69;15.34;1374.49;3.34;0
1016;bunker;1891.58;15.34;1374.04;0.26;0
1016;supply_node;1892.57;15.34;1374.08;0.08;0
1017;arms_factory;2030.00;16.37;1255.00;3.48;0
1017;industrial_complex;2029.76;16.31;1255.96;5.23;0
1017;air_base;2029.08;16.37;1256.68;5.33;0
1017;anti_air_building;2028.14;16.31;1256.99;5.14;0
1017;synthetic_refinery;2027.17;16.25;1256.82;4.05;0
1017;fuel_silo;2026.40;16.31;1256.20;0.14;0
1017;radar_station;2026.02;16.25;1255.28;5.94;0
1017;rocket_site;2026.13;16.25;1254.30;3.04;0
1017;nuclear_reactor;2026.69;16.25;1253.49;2.24;0
1017;bunker;2027.58;16.25;1253.04;5.01;0
1017;supply_node;2028.57;16.31;1253.08;3.62;0
1018;arms_factory;1679.00;15.88;1286.00;0.94;0
1018;industrial_complex;1678.76;15.94;1286.96;3.80;0
1018;air_base;1678.08;15.94;1287.68;0.19;0
1018;anti_air_building;1677.14;15.94;1287.99;5.80;0
1018;synthetic_refinery;1676.17;15.94;1287.82;2.74;0
1018;fuel_silo;1675.40;15.88;1287.20;4.58;0
1018;radar_station;1675.02;15.82;1286.28;2.57;0
1018;rocket_site;1675.13;15.82;1285.30;0.33;0
1018;nuclear_reactor;1675.69;15.82;1284.49;5.28;0
1018;bunker;1676.58;15.82;1284.04;0.59;0
1018;supply_node;1677.57;15.82;1284.08;1.58;0
1019;arms_factory;1617.00;15.27;1281.00;1.86;0
1019;industrial_complex;1616.76;15.27;1281.96;2.19;0
1019;air_base;1616.08;15.27;1282.68;0.47;0
1019;anti_air_building;1615.14;15.27;1282.99;5.93;0
1019;synthetic_refinery;1614.17;15.27;1282.82;3.56;0
1019;fuel_silo;1613.40;15.27;1282.20;3.74;0
1019;radar_station;1613.02;15.27;1281.28;4.33;0
1019;rocket_site;1613.13;15.27;1280.30;3.11;0
1019;nuclear_reactor;1613.69;15.27;1279.49;3.07;0
1019;bunker;1614.58;15.27;1279.04;5.49;0
1019;supply_node;1615.57;15.27;1279.08;3.93;0
1020;arms_factory;1394.00;15.34;1387.00;5.28;0
1020;industrial_complex;1393.76;15.34;1387.96;2.55;0
1020;air_base;1393.08;15.34;1388.68;5.36;0
1020;anti_air_building;1392.14;15.34;1388.99;4.38;0
1020;synthetic_refinery;1391.17;15.34;1388.82;3.19;0
1020;fuel_silo;1390.40;15.34;1388.20;2.94;0
1020;radar_station;1390.02;15.34;1387.28;4.49;0
1020;rocket_site;1390.13;15.34;1386.30;4.34;0
1020;nuclear_reactor;1390.69;15.34;1385.49;5.34;0
1020;bunker;1391.58;15.34;1385.04;0.77;0
1020;supply_node;1392.57;15.34;1385.08;0.40;0
1021;arms_factory;1458.00;15.27;1473.00;4.26;0
1021;industrial_complex;1457.76;15.27;1473.96;1.29;0
1021;air_base;1457.08;15.27;1474.68;2.32;0
1021;anti_air_building;1456.14;15.27;1474.99;0.26;0
1021;synthetic_refinery;1455.17;15.27;1474.82;0.88;0
1021;fuel_silo;1454.40;15.27;1474.20;3.51;0
1021;radar_station;1454.02;15.27;1473.28;2.84;0
1021;rocket_site;1454.13;15.27;1472.30;0.20;0
1021;nuclear_reactor;1454.69;15.27;1471.49;5.23;0
1021;bunker;1455.58;15.27;1471.04;4.40;0
1021;supply_node;1456.57;15.27;1471.08;3.21;0
1022;arms_factory;1741.00;15.88;1306.00;4.43;0
1022;industrial_complex;1740.76;15.88;1306.96;3.94;0
1022;air_base;1740.08;15.82;1307.68;5.98;0
1022;anti_air_building;1739.14;15.88;1307.99;6.21;0
1022;synthetic_refinery;1738.17;15.88;1307.82;3.84;0
1022;fuel_silo;1737.40;15.88;1307.20;1.64;0
1022;radar_station;1737.02;15.88;1306.28;0.21;0
1022;rocket_site;1737.13;15.88;1305.30;5.78;0
1022;nuclear_reactor;1737.69;15.94;1304.49;1.97;0
1022;bunker;1738.58;15.88;1304.04;3.12;0
1022;supply_node;1739.57;15.88;1304.08;1.84;0
1023;arms_factory;1887.00;15.76;1303.00;5.00;0
1023;industrial_complex;1886.76;15.76;1303.96;2.62;0
1023;air_base;1886.08;15.70;1304.68;6.05;0
1023;anti_air_building;1885.14;15.70;1304.99;3.55;0
1023;synthetic_refinery;1884.17;15.76;1304.82;1.04;0
1023;fuel_silo;1883.40;15.70;1304.20;4.95;0
1023;radar_station;1883.02;15.70;1303.28;5.81;0
1023;rocket_site;1883.13;15.76;1302.30;3.51;0
1023;nuclear_reactor;1883.69;15.82;1301.49;1.33;0
1023;bunker;1884.58;15.82;1301.04;2.28;0
1023;supply_node;1885.57;15.76;1301.08;2.21;0
1024;arms_factory;2253.00;15.34;1414.00;2.31;0
1024;industrial_complex;2252.76;15.34;1414.96;0.51;0
1024;air_base;2252.08;15.34;1415.68;3.80;0
1024;anti_air_building;2251.14;15.34;1415.99;5.10;0
1024;synthetic_refinery;2250.17;15.34;1415.82;5.35;0
1024;fuel_silo;2249.40;15.34;1415.20;3.86;0
1024;radar_station;2249.02;15.34;1414.28;3.03;0
1024;rocket_site;2249.13;15.34;1413.30;6.00;0
1024;nuclear_reactor;2249.69;15.34;1412.49;0.11;0
1024;bunker;2250.58;15.34;1412.04;4.38;0
1024;supply_node;2251.57;15.34;1412.08;2.33;0
1025;arms_factory;2299.00;15.34;1617.00;5.53;0
1025;industrial_complex;2298.76;15.34;1617.96;2.05;0
1025;air_base;2298.08;15.34;1618.68;1.37;0
1025;anti_air_building;2297.14;15.34;1618.99;3.51;0
1025;synthetic_refinery;2296.17;15.34;1618.82;2.40;0
1025;fuel_silo;2295.40;15.34;1618.20;3.02;0
1025;radar_station;2295.02;15.34;1617.28;2.29;0
1025;rocket_site;2295.13;15.34;1616.30;3.11;0
1025;nuclear_reactor;2295.69;15.34;1615.49;1.60;0
1025;bunker;2296.58;15.34;1615.04;3.60;0
1025;supply_node;2297.57;15.34;1615.08;1.99;0
1026;arms_factory;1428.00;15.34;1405.00;0.74;0
1026;industrial_complex;1427.76;15.34;1405.96;3.91;0
1026;air_base;1427.08;15.34;1406.68;2.08;0
1026;anti_air_building;1426.14;15.34;1406.99;4.15;0
1026;synthetic_refinery;1425.17;15.34;1406.82;0.19;0
1026;fuel_silo;1424.40;15.34;1406.20;2.68;0
1026;radar_station;1424.02;15.34;1405.28;4.00;0
1026;rocket_site;1424.13;15.34;1404.30;0.07;0
1026;nuclear_reactor;1424.69;15.34;1403.49;0.25;0
1026;bunker;1425.58;15.34;1403.04;4.41;0
1026;supply_node;1426.57;15.34;1403.08;0.59;0
1027;arms_factory;1790.00;15.27;1570.00;6.09;0
1027;industrial_complex;1789.76;15.27;1570.96;5.49;0
1027;air_base;1789.08;15.27;1571.68;4.44;0
1027;anti_air_building;1788.14;15.27;1571.99;5.65;0
1027;synthetic_refinery;1787.17;15.27;1571.82;2.78;0
1027;fuel_silo;1786.40;15.27;1571.20;3.22;0
1027;radar_station;1786.02;15.27;1570.28;2.35;0
1027;rocket_site;1786.13;15.27;1569.30;3.92;0
1027;nuclear_reactor;1786.69;15.27;1568.49;4.44;0
1027;bunker;1787.58;15.27;1568.04;0.21;0
1027;supply_node;1788.57;15.27;1568.08;3.87;0
1028;arms_factory;1717.00;15.27;1536.00;6.18;0
1028;industrial_complex;1716.76;15.27;1536.96;5.83;0
1028;air_base;1716.08;15.27;1537.68;4.43;0
1028;anti_air_building;1715.14;15.27;1537.99;1.17;0
1028;synthetic_refinery;1714.17;15.27;1537.82;1.71;0
1028;fuel_silo;1713.40;15.27;1537.20;3.93;0
1028;radar_station;1713.02;15.27;1536.28;1.83;0
1028;rocket_site;1713.13;15.27;1535.30;1.23;0
1028;nuclear_reactor;1713.69;15.27;1534.49;0.65;0
1028;bunker;1714.58;15.27;1534.04;0.81;0
1028;supply_node;1715.57;15.27;1534.08;4.52;0
1029;arms_factory;1675.00;15.88;1458.00;3.78;0
1029;industrial_complex;1674.76;15.82;1458.96;5.32;0
1029;air_base;1674.08;15.88;1459.68;2.23;0
1029;anti_air_building;1673.14;15.88;1459.99;2.05;0
1029;synthetic_refinery;1672.17;15.88;1459.82;0.22;0
1029;fuel_silo;1671.40;15.88;1459.20;3.41;0
1029;radar_station;1671.02;15.82;1458.28;4.07;0
1029;rocket_site;1671.13;15.76;1457.30;3.84;0
1029;nuclear_reactor;1671.69;15.76;1456.49;2.76;0
1029;bunker;1672.58;15.82;1456.04;4.02;0
1029;supply_node;1673.57;15.82;1456.08;1.04;0
1030;arms_factory;1584.00;15.27;1249.00;4.59;0
1030;industrial_complex;1583.76;15.27;1249.96;4.75;0
1030;air_base;1583.08;15.27;1250.68;2.64;0
1030;anti_air_building;1582.14;15.27;1250.99;5.34;0
1030;synthetic_refinery;1581.17;15.27;1250.82;2.88;0
1030;fuel_silo;1580.40;15.27;1250.20;0.01;0
1030;radar_station;1580.02;15.27;1249.28;4.98;0
1030;rocket_site;1580.13;15.27;1248.30;0.35;0
1030;nuclear_reactor;1580.69;15.27;1247.49;2.19;0
1030;bunker;1581.58;15.27;1247.04;0.67;0
1030;supply_node;1582.57;15.27;1247.08;1.62;0
1031;arms_factory;2202.00;17.40;1239.00;0.43;0
1031;industrial_complex;2201.76;17.58;1239.96;2.68;0
1031;air_base;2201.08;17.52;1240.68;0.65;0
1031;anti_air_building;2200.14;17.46;1240.99;2.83;0
1031;synthetic_refinery;2199.17;17.22;1240.82;2.19;0
1031;fuel_silo;2198.40;16.92;1240.20;3.52;0
1031;radar_station;2198.02;16.85;1239.28;4.83;0
1031;rocket_site;2198.13;16.85;1238.30;5.60;0
1031;nuclear_reactor;2198.69;16.79;1237.49;6.24;0
1031;bunker;2199.58;17.22;1237.04;5.78;0
1031;supply_node;2200.57;17.40;1237.08;0.45;0
1032;arms_factory;1686.00;15.64;1394.00;3.45;0
1032;industrial_complex;1685.76;15.64;1394.96;4.78;0
1032;air_base;1685.08;15.64;1395.68;1.26;0
1032;anti_air_building;1684.14;15.64;1395.99;1.78;0
1032;synthetic_refinery;1683.17;15.64;1395.82;2.30;0
1032;fuel_silo;1682.40;15.58;1395.20;2.80;0
1032;radar_station;1682.02;15.58;1394.28;1.50;0
1032;rocket_site;1682.13;15.58;1393.30;5.61;0
1032;nuclear_reactor;1682.69;15.58;1392.49;5.59;0
1032;bunker;1683.58;15.58;1392.04;1.63;0
1032;supply_node;1684.57;15.58;1392.08;3.96;0
1033;arms_factory;1998.00;15.76;1308.00;2.22;0
1033;industrial_complex;1997.76;15.76;1308.96;0.68;0
1033;air_base;1997.08;15.76;1309.68;5.35;0
1033;anti_air_building;1996.14;15.76;1309.99;3.27;0
1033;synthetic_refinery;1995.17;15.82;1309.82;1.00;0
1033;fuel_silo;1994.40;15.76;1309.20;1.98;0
1033;radar_station;1994.02;15.76;1308.28;3.75;0
1033;rocket_site;1994.13;15.76;1307.30;5.52;0
1033;nuclear_reactor;1994.69;15.70;1306.49;0.04;0
1033;bunker;1995.58;15.70;1306.04;1.66;0
1033;supply_node;1996.57;15.70;1306.08;3.41;0
1034;arms_factory;1575.00;15.34;1666.00;1.30;0
1034;industrial_complex;1574.76;15.34;1666.96;0.58;0
1034;air_base;1574.08;15.34;1667.68;3.25;0
1034;anti_air_building;1573.14;15.34;1667.99;1.73;0
1034;synthetic_refinery;1572.17;15.34;1667.82;2.68;0
1034;fuel_silo;1571.40;15.34;1667.20;3.15;0
1034;radar_station;1571.02;15.40;1666.28;3.21;0
1034;rocket_site;1571.13;15.34;1665.30;3.70;0
1034;nuclear_reactor;1571.69;15.40;1664.49;2.98;0
1034;bunker;1572.58;15.40;1664.04;4.72;0
1034;supply_node;1573.57;15.40;1664.08;2.84;0
1035;arms_factory;2079.00;15.27;1353.00;4.25;0
1035;industrial_complex;2078.76;15.27;1353.96;4.67;0
1035;air_base;2078.08;15.27;1354.68;0.88;0
1035;anti_air_building;2077.14;15.27;1354.99;0.16;0
1035;synthetic_refinery;2076.17;15.27;1354.82;0.49;0
1035;fuel_silo;2075.40;15.27;1354.20;5.81;0
1035;radar_station;2075.02;15.27;1353.28;5.73;0
1035;rocket_site;2075.13;15.27;1352.30;5.73;0
1035;nuclear_reactor;2075.69;15.34;1351.49;4.13;0
1035;bunker;2076.58;15.27;1351.04;5.40;0
1035;supply_node;2077.57;15.27;1351.08;1.84;0
1036;arms_factory;1321.00;15.34;1615.00;4.75;0
1036;industrial_complex;1320.76;15.34;1615.96;5.20;0
1036;air_base;1320.08;15.34;1616.68;1.06;0
1036;anti_air_building;1319.14;15.34;1616.99;6.16;0
1036;synthetic_refinery;1318.17;15.34;1616.82;2.16;0
1036;fuel_silo;1317.40;15.34;1616.20;4.94;0
1036;radar_station;1317.02;15.34;1615.28;3.65;0
1036;rocket_site;1317.13;15.34;1614.30;5.35;0
1036;nuclear_reactor;1317.69;15.34;1613.49;5.96;0
1036;bunker;1318.58;15.34;1613.04;5.90;0
1036;supply_node;1319.57;15.34;1613.08;5.55;0
1037;arms_factory;1613.00;15.27;1443.00;0.26;0
1037;industrial_complex;1612.76;15.27;1443.96;2.66;0
1037;air_base;1612.08;15.27;1444.68;0.38;0
1037;anti_air_building;1611.14;15.27;1444.99;4.99;0
1037;synthetic_refinery;1610.17;15.27;1444.82;0.63;0
1037;fuel_silo;1609.40;15.27;1444.20;0.26;0
1037;radar_station;1609.02;15.27;1443.28;4.30;0
1037;rocket_site;1609.13;15.27;1442.30;4.35;0
1037;nuclear_reactor;1609.69;15.27;1441.49;2.66;0
1037;bunker;1610.58;15.27;1441.04;5.03;0
1037;supply_node;1611.57;15.27;1441.08;1.16;0
1038;arms_factory;1835.00;15.64;1522.00;6.11;0
1038;industrial_complex;1834.76;15.70;1522.96;2.11;0
1038;air_base;1834.08;15.64;1523.68;0.44;0
1038;anti_air_building;1833.14;15.64;1523.99;3.18;0
1038;synthetic_refinery;1832.17;15.64;1523.82;3.75;0
1038;fuel_silo;1831.40;15.70;1523.20;0.92;0
1038;radar_station;1831.02;15.70;1522.28;2.38;0
1038;rocket_site;1831.13;15.76;1521.30;3.48;0
1038;nuclear_reactor;1831.69;15.82;1520.49;1.63;0
1038;bunker;1832.58;15.82;1520.04;1.23;0
1038;supply_node;1833.57;15.82;1520.08;0.99;0
1039;arms_factory;1306.00;15.52;1327.00;0.62;0
1039;industrial_complex;1305.76;15.52;1327.96;0.17;0
1039;air_base;1305.08;15.52;1328.68;0.33;0
1039;anti_air_building;1304.14;15.52;1328.99;4.22;0
1039;synthetic_refinery;1303.17;15.58;1328.82;3.58;0
1039;fuel_silo;1302.40;15.58;1328.20;1.96;0
1039;radar_station;1302.02;15.52;1327.28;5.45;0
1039;rocket_site;1302.13;15.58;1326.30;2.11;0
1039;nuclear_reactor;1302.69;15.58;1325.49;0.97;0
1039;bunker;1303.58;15.58;1325.04;3.31;0
1039;supply_node;1304.57;15.52;1325.08;5.88;0
1040;arms_factory;1342.00;15.34;1420.00;2.65;0
1040;industrial_complex;1341.76;15.34;1420.96;6.15;0
1040;air_base;1341.08;15.34;1421.68;1.77;0
1040;anti_air_building;1340.14;15.34;1421.99;5.14;0
1040;synthetic_refinery;1339.17;15.34;1421.82;3.94;0
1040;fuel_silo;1338.40;15.34;1421.20;4.50;0
1040;radar_station;1338.02;15.34;1420.28;5.57;0
1040;rocket_site;1338.13;15.34;1419.30;4.95;0
1040;nuclear_reactor;1338.69;15.34;1418.49;6.22;0
1040;bunker;1339.58;15.34;1418.04;5.96;0
1040;supply_node;1340.57;15.34;1418.08;0.12;0
1041;arms_factory;1444.00;15.27;1621.00;4.79;0
1041;industrial_complex;1443.76;15.27;1621.96;5.03;0
1041;air_base;1443.08;15.27;1622.68;2.06;0
1041;anti_air_building;1442.14;15.27;1622.99;3.39;0
1041;synthetic_refinery;1441.17;15.27;1622.82;4.48;0
1041;fuel_silo;1440.40;15.27;1622.20;1.63;0
1041;radar_station;1440.02;15.27;1621.28;1.22;0
1041;rocket_site;1440.13;15.27;1620.30;1.48;0
1041;nuclear_reactor;1440.69;15.27;1619.49;1.04;0
1041;bunker;1441.58;15.27;1619.04;4.43;0
1041;supply_node;1442.57;15.27;1619.08;6.25;0
1042;arms_factory;2089.00;15.27;1727.00;1.36;0
1042;industrial_complex;2088.76;15.27;1727.96;5.26;0
1042;air_base;2088.08;15.27;1728.68;4.32;0
1042;anti_air_building;2087.14;15.27;1728.99;3.68;0
1042;synthetic_refinery;2086.17;15.27;1728.82;0.17;0
1042;fuel_silo;2085.40;15.27;1728.20;5.32;0
1042;radar_station;2085.02;15.27;1727.28;0.32;0
1042;rocket_site;2085.13;15.27;1726.30;3.89;0
1042;nuclear_reactor;2085.69;15.27;1725.49;5.94;0
1042;bunker;2086.58;15.27;1725.04;1.08;0
1042;supply_node;2087.57;15.27;1725.08;0.44;0
1043;arms_factory;1513.00;15.34;1414.00;2.00;0
1043;industrial_complex;1512.76;15.34;1414.96;5.65;0
1043;air_base;1512.08;15.34;1415.68;4.14;0
1043;anti_air_building;1511.14;15.34;1415.99;1.04;0
1043;synthetic_refinery;1510.17;15.34;1415.82;1.85;0
1043;fuel_silo;1509.40;15.34;1415.20;6.26;0
1043;radar_station;1509.02;15.34;1414.28;5.09;0
1043;rocket_site;1509.13;15.34;1413.30;0.00;0
1043;nuclear_reactor;1509.69;15.34;1412.49;5.99;0
1043;bunker;1510.58;15.34;1412.04;4.32;0
1043;supply_node;1511.57;15.34;1412.08;4.55;0
1044;arms_factory;1973.00;15.27;1701.00;1.13;0
1044;industrial_complex;1972.76;15.27;1701.96;5.20;0
1044;air_base;1972.08;15.27;1702.68;5.90;0
1044;anti_air_building;1971.14;15.27;1702.99;4.17;0
1044;synthetic_refinery;1970.17;15.27;1702.82;4.74;0
1044;fuel_silo;1969.40;15.27;1702.20;4.18;0
1044;radar_station;1969.02;15.27;1701.28;1.58;0
1044;rocket_site;1969.13;15.27;1700.30;0.95;0
1044;nuclear_reactor;1969.69;15.27;1699.49;3.78;0
1044;bunker;1970.58;15.27;1699.04;0.53;0
1044;supply_node;1971.57;15.27;1699.08;1.62;0
1045;arms_factory;2311.00;15.27;1590.00;4.47;0
1045;industrial_complex;2310.76;15.27;1590.96;3.22;0
1045;air_base;2310.08;15.27;1591.68;0.32;0
1045;anti_air_building;2309.14;15.27;1591.99;1.85;0
1045;synthetic_refinery;2308.17;15.27;1591.82;0.26;0
1045;fuel_silo;2307.40;15.27;1591.20;0.83;0
1045;radar_station;2307.02;15.27;1590.28;2.75;0
1045;rocket_site;2307.13;15.27;1589.30;0.44;0
1045;nuclear_reactor;2307.69;15.27;1588.49;0.84;0
1045;bunker;2308.58;15.27;1588.04;5.91;0
1045;supply_node;2309.57;15.27;1588.08;1.72;0
1046;arms_factory;2208.00;15.27;1362.00;3.69;0
1046;industrial_complex;2207.76;15.27;1362.96;4.92;0
1046;air_base;2207.08;15.27;1363.68;1.30;0
1046;anti_air_building;2206.14;15.27;1363.99;2.31;0
1046;synthetic_refinery;2205.17;15.27;1363.82;3.37;0
1046;fuel_silo;2204.40;15.27;1363.20;3.58;0
1046;radar_station;2204.02;15.27;1362.28;5.39;0
1046;rocket_site;2204.13;15.03;1361.30;3.70;0
1046;nuclear_reactor;2204.69;15.03;1360.49;4.32;0
1046;bunker;2205.58;15.03;1360.04;5.42;0
1046;supply_node;2206.57;15.27;1360.08;2.62;0
1047;arms_factory;1762.00;15.76;1173.00;1.33;0
1047;industrial_complex;1761.76;15.70;1173.96;1.25;0
1047;air_base;1761.08;15.70;1174.68;5.69;0
1047;anti_air_building;1760.14;15.70;1174.99;2.59;0
1047;synthetic_refinery;1759.17;15.64;1174.82;3.78;0
1047;fuel_silo;1758.40;15.70;1174.20;5.60;0
1047;radar_station;1758.02;15.70;1173.28;5.65;0
1047;rocket_site;1758.13;15.64;1172.30;4.17;0
1047;nuclear_reactor;1758.69;15.64;1171.49;5.76;0
1047;bunker;1759.58;15.70;1171.04;5.75;0
1047;supply_node;1760.57;15.70;1171.08;3.84;0
1048;arms_factory;1488.00;15.27;1410.00;0.90;0
1048;industrial_complex;1487.76;15.27;1410.96;2.41;0
1048;air_base;1487.08;15.27;1411.68;6.22;0
1048;anti_air_building;1486.14;15.34;1411.99;5.32;0
1048;synthetic_refinery;1485.17;15.34;1411.82;4.81;0
1048;fuel_silo;1484.40;15.34;1411.20;6.16;0
1048;radar_station;1484.02;15.34;1410.28;0.67;0
1048;rocket_site;1484.13;15.27;1409.30;6.06;0
1048;nuclear_reactor;1484.69;15.27;1408.49;5.09;0
1048;bunker;1485.58;15.27;1408.04;3.73;0
1048;supply_node;1486.57;15.27;1408.08;5.69;0
1049;arms_factory;1382.00;15.27;1528.00;1.31;0
1049;industrial_complex;1381.76;15.27;1528.96;2.61;0
1049;air_base;1381.08;15.27;1529.68;4.63;0
1049;anti_air_building;1380.14;15.27;1529.99;2.43;0
1049;synthetic_refinery;1379.17;15.27;1529.82;4.86;0
1049;fuel_silo;1378.40;15.27;1529.20;3.79;0
1049;radar_station;1378.02;15.27;1528.28;5.59;0
1049;rocket_site;1378.13;15.27;1527.30;3.79;0
1049;nuclear_reactor;1378.69;15.27;1526.49;4.03;0
1049;bunker;1379.58;15.27;1526.04;4.33;0
1049;supply_node;1380.57;15.27;1526.08;2.84;0
1050;arms_factory;1830.00;16.00;1225.00;3.16;0
1050;industrial_complex;1829.76;16.00;1225.96;2.33;0
1050;air_base;1829.08;16.06;1226.68;5.29;0
1050;anti_air_building;1828.14;16.06;1226.99;0.79;0
1050;synthetic_refinery;1827.17;16.06;1226.82;1.91;0
1050;fuel_silo;1826.40;16.00;1226.20;1.32;0
1050;radar_station;1826.02;16.00;1225.28;0.80;0
1050;rocket_site;1826.13;15.94;1224.30;4.61;0
1050;nuclear_reactor;1826.69;16.00;1223.49;5.04;0
1050;bunker;1827.58;16.00;1223.04;5.89;0
1050;supply_node;1828.57;16.00;1223.08;3.98;0
1051;arms_factory;1498.00;15.27;1468.00;3.52;0
1051;industrial_complex;1497.76;15.34;1468.96;1.88;0
1051;air_base;1497.08;15.34;1469.68;4.21;0
1051;anti_air_building;1496.14;15.27;1469.99;1.41;0
1051;synthetic_refinery;1495.17;15.27;1469.82;1.39;0
1051;fuel_silo;1494.40;15.27;1469.20;6.01;0
1051;radar_station;1494.02;15.27;1468.28;5.16;0
1051;rocket_site;1494.13;15.27;1467.30;2.27;0
1051;nuclear_reactor;1494.69;15.27;1466.49;5.29;0
1051;bunker;1495.58;15.27;1466.04;0.88;0
1051;supply_node;1496.57;15.27;1466.08;1.52;0
1052;arms_factory;1398.00;15.64;1297.00;2.71;0
1052;industrial_complex;1397.76;15.64;1297.96;0.73;0
1052;air_base;1397.08;15.70;1298.68;1.03;0
1052;anti_air_building;1396.14;15.70;1298.99;3.64;0
1052;synthetic_refinery;1395.17;15.70;1298.82;6.26;0
1052;fuel_silo;1394.40;15.70;1298.20;3.95;0
1052;radar_station;1394.02;15.70;1297.28;0.39;0
1052;rocket_site;1394.13;15.64;1296.30;4.28;0
1052;nuclear_reactor;1394.69;15.70;1295.49;1.90;0
1052;bunker;1395.58;15.64;1295.04;2.24;0
1052;supply_node;1396.57;15.70;1295.08;0.39;0
1053;arms_factory;1941.00;15.88;1259.00;0.63;0
1053;industrial_complex;1940.76;15.94;1259.96;3.33;0
1053;air_base;1940.08;15.88;1260.68;0.97;0
1053;anti_air_building;1939.14;15.88;1260.99;1.03;0
1053;synthetic_refinery;1938.17;15.88;1260.82;2.32;0
1053;fuel_silo;1937.40;15.88;1260.20;0.80;0
1053;radar_station;1937.02;15.88;1259.28;1.10;0
1053;rocket_site;1937.13;15.88;1258.30;4.08;0
1053;nuclear_reactor;1937.69;15.82;1257.49;5.09;0
1053;bunker;1938.58;15.88;1257.04;1.16;0
1053;supply_node;1939.57;15.88;1257.08;1.93;0
1054;arms_factory;1790.00;16.06;1183.00;3.74;0
1054;industrial_complex;1789.76;16.06;1183.96;1.71;0
1054;air_base;1789.08;16.06;1184.68;5.06;0
1054;anti_air_building;1788.14;16.13;1184.99;5.13;0
1054;synthetic_refinery;1787.17;16.06;1184.82;1.63;0
1054;fuel_silo;1786.40;15.94;1184.20;2.38;0
1054;radar_station;1786.02;16.06;1183.28;6.19;0
1054;rocket_site;1786.13;16.13;1182.30;5.34;0
1054;nuclear_reactor;1786.69;16.19;1181.49;3.96;0
1054;bunker;1787.58;16.19;1181.04;3.91;0
1054;supply_node;1788.57;16.19;1181.08;0.76;0
1055;arms_factory;1813.00;15.52;1554.00;2.94;0
1055;industrial_complex;1812.76;15.52;1554.96;2.12;0
1055;air_base;1812.08;15.52;1555.68;1.03;0
1055;anti_air_building;1811.14;15.52;1555.99;1.74;0
1055;synthetic_refinery;1810.17;15.58;1555.82;1.63;0
1055;fuel_silo;1809.40;15.58;1555.20;6.10;0
1055;radar_station;1809.02;15.52;1554.28;0.23;0
1055;rocket_site;1809.13;15.52;1553.30;3.74;0
1055;nuclear_reactor;1809.69;15.52;1552.49;1.87;0
1055;bunker;1810.58;15.52;1552.04;2.36;0
1055;supply_node;1811.57;15.52;1552.08;3.47;0
1056;arms_factory;1613.00;15.27;1374.00;3.66;0
1056;industrial_complex;1612.76;15.27;1374.96;0.62;0
1056;air_base;1612.08;15.27;1375.68;0.37;0
1056;anti_air_building;1611.14;15.27;1375.99;5.09;0
1056;synthetic_refinery;1610.17;15.27;1375.82;0.28;0
1056;fuel_silo;1609.40;15.27;1375.20;5.96;0
1056;radar_station;1609.02;15.27;1374.28;4.32;0
1056;rocket_site;1609.13;15.27;1373.30;4.52;0
1056;nuclear_reactor;1609.69;15.27;1372.49;5.31;0
1056;bunker;1610.58;15.27;1372.04;6.06;0
1056;supply_node;1611.57;15.27;1372.08;4.86;0
1057;arms_factory;1327.00;15.40;1478.00;3.71;0
1057;industrial_complex;1326.76;15.40;1478.96;1.55;0
1057;air_base;1326.08;15.40;1479.68;1.33;0
1057;anti_air_building;1325.14;15.40;1479.99;2.98;0
1057;synthetic_refinery;1324.17;15.40;1479.82;2.04;0
1057;fuel_silo;1323.40;15.40;1479.20;1.09;0
1057;radar_station;1323.02;15.40;1478.28;2.29;0
1057;rocket_site;1323.13;15.40;1477.30;2.96;0
1057;nuclear_reactor;1323.69;15.40;1476.49;2.86;0
1057;bunker;1324.58;15.40;1476.04;3.24;0
1057;supply_node;1325.57;15.40;1476.08;0.95;0
1058;arms_factory;1635.00;15.27;1306.00;4.61;0
1058;industrial_complex;1634.76;15.27;1306.96;4.57;0
1058;air_base;1634.08;15.27;1307.68;2.11;0
1058;anti_air_building;1633.14;15.27;1307.99;1.06;0
1058;synthetic_refinery;1632.17;15.27;1307.82;2.15;0
1058;fuel_silo;1631.40;15.27;1307.20;5.21;0
1058;radar_station;1631.02;15.27;1306.28;4.46;0
1058;rocket_site;1631.13;15.27;1305.30;1.53;0
1058;nuclear_reactor;1631.69;15.27;1304.49;0.14;0
1058;bunker;1632.58;15.27;1304.04;0.41;0
1058;supply_node;1633.57;15.27;1304.08;4.26;0
1059;arms_factory;2124.00;15.34;1339.00;1.29;0
1059;industrial_complex;2123.76;15.34;1339.96;3.23;0
1059;air_base;2123.08;15.27;1340.68;5.04;0
1059;anti_air_building;2122.14;15.27;1340.99;1.96;0
1059;synthetic_refinery;2121.17;15.27;1340.82;3.56;0
1059;fuel_silo;2120.40;15.27;1340.20;2.61;0
1059;radar_station;2120.02;15.27;1339.28;1.11;0
1059;rocket_site;2120.13;15.34;1338.30;4.80;0
1059;nuclear_reactor;2120.69;15.34;1337.49;0.88;0
1059;bunker;2121.58;15.34;1337.04;0.69;0
1059;supply_node;2122.57;15.34;1337.08;0.48;0
1060;arms_factory;2137.00;15.27;1347.00;3.01;0
1060;industrial_complex;2136.76;15.27;1347.96;1.02;0
1060;air_base;2136.08;15.27;1348.68;6.11;0
1060;anti_air_building;2135.14;15.27;1348.99;0.10;0
1060;synthetic_refinery;2134.17;15.27;1348.82;3.44;0
1060;fuel_silo;2133.40;15.27;1348.20;3.20;0
1060;radar_station;2133.02;15.27;1347.28;1.10;0
1060;rocket_site;2133.13;15.27;1346.30;4.00;0
1060;nuclear_reactor;2133.69;15.27;1345.49;2.68;0
1060;bunker;2134.58;15.27;1345.04;0.88;0
1060;supply_node;2135.57;15.27;1345.08;4.40;0
1061;arms_factory;1269.00;15.27;1617.00;5.08;0
1061;industrial_complex;1268.76;15.27;1617.96;6.23;0
1061;air_base;1268.08;15.27;1618.68;3.37;0
1061;anti_air_building;1267.14;15.27;1618.99;0.00;0
1061;synthetic_refinery;1266.17;15.27;1618.82;6.15;0
1061;fuel_silo;1265.40;15.27;1618.20;2.64;0
1061;radar_station;1265.02;15.27;1617.28;4.34;0
1061;rocket_site;1265.13;15.27;1616.30;2.52;0
1061;nuclear_reactor;1265.69;15.27;1615.49;4.87;0
1061;bunker;1266.58;15.27;1615.04;2.14;0
1061;supply_node;1267.57;15.27;1615.08;4.28;0
1062;arms_factory;2838.00;15.46;1545.00;0.16;0
1062;industrial_complex;2837.76;15.40;1545.96;1.88;0
1062;air_base;2837.08;15.46;1546.68;1.22;0
1062;anti_air_building;2836.14;15.40;1546.99;5.20;0
1062;synthetic_refinery;2835.17;15.34;1546.82;5.15;0
1062;fuel_silo;2834.40;15.34;1546.20;4.52;0
1062;radar_station;2834.02;15.34;1545.28;3.25;0
1062;rocket_site;2834.13;15.34;1544.30;1.61;0
1062;nuclear_reactor;2834.69;15.34;1543.49;3.56;0
1062;bunker;2835.58;15.34;1543.04;5.62;0
1062;supply_node;2836.57;15.34;1543.08;6.17;0
1063;arms_factory;2922.00;15.27;1817.00;4.69;0
1063;industrial_complex;2921.76;15.27;1817.96;0.10;0
1063;air_base;2921.08;15.27;1818.68;3.82;0
1063;anti_air_building;2920.14;15.27;1818.99;0.53;0
1063;synthetic_refinery;2919.17;15.27;1818.82;4.75;0
1063;fuel_silo;2918.40;15.27;1818.20;6.22;0
1063;radar_station;2918.02;15.27;1817.28;3.49;0
1063;rocket_site;2918.13;15.27;1816.30;4.40;0
1063;nuclear_reactor;2918.69;15.27;1815.49;6.02;0
1063;bunker;2919.58;15.27;1815.04;1.35;0
1063;supply_node;2920.57;15.27;1815.08;5.64;0
1064;arms_factory;2477.00;15.27;1868.00;1.72;0
1064;industrial_complex;2476.76;15.27;1868.96;1.08;0
1064;air_base;2476.08;15.27;1869.68;4.84;0
1064;anti_air_building;2475.14;15.27;1869.99;1.31;0
1064;synthetic_refinery;2474.17;15.27;1869.82;5.58;0
1064;fuel_silo;2473.40;15.27;1869.20;3.67;0
1064;radar_station;2473.02;15.27;1868.28;2.38;0
1064;rocket_site;2473.13;15.27;1867.30;1.73;0
1064;nuclear_reactor;2473.69;15.27;1866.49;4.09;0
1064;bunker;2474.58;15.27;1866.04;3.60;0
1064;supply_node;2475.57;15.27;1866.08;1.29;0
1065;arms_factory;2921.00;15.40;1395.00;5.88;0
1065;industrial_complex;2920.76;15.46;1395.96;0.37;0
1065;air_base;2920.08;15.46;1396.68;4.07;0
1065;anti_air_building;2919.14;15.46;1396.99;6.27;0
1065;synthetic_refinery;2918.17;15.52;1396.82;1.82;0
1065;fuel_silo;2917.40;15.58;1396.20;1.64;0
1065;radar_station;2917.02;15.58;1395.28;4.80;0
1065;rocket_site;2917.13;15.58;1394.30;4.04;0
1065;nuclear_reactor;2917.69;15.58;1393.49;2.84;0
1065;bunker;2918.58;15.58;1393.04;4.55;0
1065;supply_node;2919.57;15.52;1393.08;6.22;0
1066;arms_factory;2773.00;16.43;1800.00;4.15;0
1066;industrial_complex;2772.76;16.49;1800.96;1.43;0
1066;air_base;2772.08;16.49;1801.68;2.79;0
1066;anti_air_building;2771.14;16.37;1801.99;0.67;0
1066;synthetic_refinery;2770.17;16.37;1801.82;1.53;0
1066;fuel_silo;2769.40;16.31;1801.20;3.81;0
1066;radar_station;2769.02;16.37;1800.28;0.29;0
1066;rocket_site;2769.13;16.37;1799.30;5.67;0
1066;nuclear_reactor;2769.69;16.43;1798.49;2.54;0
1066;bunker;2770.58;16.37;1798.04;4.14;0
1066;supply_node;2771.57;16.37;1798.08;0.43;0
1067;arms_factory;2677.00;15.34;1766.00;0.27;0
1067;industrial_complex;2676.76;15.34;1766.96;3.71;0
1067;air_base;2676.08;15.27;1767.68;1.94;0
1067;anti_air_building;2675.14;15.27;1767.99;1.24;0
1067;synthetic_refinery;2674.17;15.27;1767.82;2.69;0
1067;fuel_silo;2673.40;15.27;1767.20;1.49;0
1067;radar_station;2673.02;15.27;1766.28;0.11;0
1067;rocket_site;2673.13;15.27;1765.30;3.61;0
1067;nuclear_reactor;2673.69;15.27;1764.49;5.64;0
1067;bunker;2674.58;15.27;1764.04;1.53;0
1067;supply_node;2675.57;15.34;1764.08;5.68;0
1068;arms_factory;2852.00;17.16;1822.00;1.00;0
1068;industrial_complex;2851.76;17.10;1822.96;4.12;0
1068;air_base;2851.08;17.10;1823.68;4.17;0
1068;anti_air_building;2850.14;16.98;1823.99;1.35;0
1068;synthetic_refinery;2849.17;16.98;1823.82;3.49;0
1068;fuel_silo;2848.40;17.04;1823.20;5.42;0
1068;radar_station;2848.02;17.04;1822.28;1.37;0
1068;rocket_site;2848.13;16.92;1821.30;2.60;0
1068;nuclear_reactor;2848.69;16.98;1820.49;3.58;0
1068;bunker;2849.58;16.98;1820.04;2.31;0
1068;supply_node;2850.57;16.79;1820.08;4.97;0
1069;arms_factory;2777.00;15.64;1951.00;4.92;0
1069;industrial_complex;2776.76;15.70;1951.96;5.83;0
1069;air_base;2776.08;15.70;1952.68;4.81;0
1069;anti_air_building;2775.14;15.70;1952.99;0.88;0
1069;synthetic_refinery;2774.17;15.82;1952.82;4.66;0
1069;fuel_silo;2773.40;15.82;1952.20;0.16;0
1069;radar_station;2773.02;15.82;1951.28;0.56;0
1069;rocket_site;2773.13;15.82;1950.30;2.25;0
1069;nuclear_reactor;2773.69;15.76;1949.49;5.24;0
1069;bunker;2774.58;15.76;1949.04;3.14;0
1069;supply_node;2775.57;15.70;1949.08;4.75;0
1070;arms_factory;2892.00;15.09;1728.00;0.36;0
1070;industrial_complex;2891.76;15.27;1728.96;0.39;0
1070;air_base;2891.08;15.27;1729.68;6.27;0
1070;anti_air_building;2890.14;15.27;1729.99;1.57;0
1070;synthetic_refinery;2889.17;15.27;1729.82;3.12;0
1070;fuel_silo;2888.40;15.27;1729.20;5.32;0
1070;radar_station;2888.02;15.27;1728.28;2.70;0
1070;rocket_site;2888.13;15.27;1727.30;5.62;0
1070;nuclear_reactor;2888.69;15.27;1726.49;2.46;0
1070;bunker;2889.58;15.27;1726.04;3.71;0
1070;supply_node;2890.57;15.27;1726.08;3.34;0
1071;arms_factory;2796.00;15.52;1672.00;4.30;0
1071;industrial_complex;2795.76;15.52;1672.96;3.92;0
1071;air_base;2795.08;15.52;1673.68;0.51;0
1071;anti_air_building;2794.14;15.52;1673.99;0.80;0
1071;synthetic_refinery;2793.17;15.52;1673.82;3.22;0
1071;fuel_silo;2792.40;15.46;1673.20;4.82;0
1071;radar_station;2792.02;15.46;1672.28;4.02;0
1071;rocket_site;2792.13;15.46;1671.30;3.55;0
1071;nuclear_reactor;2792.69;15.46;1670.49;2.88;0
1071;bunker;2793.58;15.46;1670.04;4.45;0
1071;supply_node;2794.57;15.52;1670.08;0.46;0
1072;arms_factory;2691.00;15.34;1663.00;0.93;0
1072;industrial_complex;2690.76;15.34;1663.96;5.63;0
1072;air_base;2690.08;15.34;1664.68;3.79;0
1072;anti_air_building;2689.14;15.34;1664.99;4.55;0
1072;synthetic_refinery;2688.17;15.34;1664.82;0.47;0
1072;fuel_silo;2687.40;15.27;1664.20;4.38;0
1072;radar_station;2687.02;15.34;1663.28;5.24;0
1072;rocket_site;2687.13;15.34;1662.30;4.79;0
1072;nuclear_reactor;2687.69;15.27;1661.49;6.20;0
1072;bunker;2688.58;15.27;1661.04;2.05;0
1072;supply_node;2689.57;15.27;1661.08;2.08;0
1073;arms_factory;2965.00;15.27;1303.00;1.47;0
1073;industrial_complex;2964.76;15.27;1303.96;3.03;0
1073;air_base;2964.08;15.27;1304.68;5.54;0
1073;anti_air_building;2963.14;15.27;1304.99;2.77;0
1073;synthetic_refinery;2962.17;15.27;1304.82;5.78;0
1073;fuel_silo;2961.40;15.27;1304.20;3.98;0
1073;radar_station;2961.02;15.27;1303.28;2.92;0
1073;rocket_site;2961.13;15.27;1302.30;2.53;0
1073;nuclear_reactor;2961.69;15.27;1301.49;1.39;0
1073;bunker;2962.58;15.27;1301.04;2.23;0
1073;supply_node;2963.57;15.27;1301.08;3.11;0
1074;arms_factory;2765.00;16.73;1740.00;3.42;0
1074;industrial_complex;2764.76;16.79;1740.96;0.00;0
1074;air_base;2764.08;16.73;1741.68;4.93;0
1074;anti_air_building;2763.14;16.85;1741.99;0.04;0
1074;synthetic_refinery;2762.17;16.79;1741.82;2.46;0
1074;fuel_silo;2761.40;16.73;1741.20;3.85;0
1074;radar_station;2761.02;16.67;1740.28;5.89;0
1074;rocket_site;2761.13;16.55;1739.30;0.95;0
1074;nuclear_reactor;2761.69;16.49;1738.49;0.54;0
1074;bunker;2762.58;16.61;1738.04;2.78;0
1074;supply_node;2763.57;16.67;1738.08;3.68;0
1075;arms_factory;2755.00;16.37;1929.00;3.46;0
1075;industrial_complex;2754.76;16.43;1929.96;4.68;0
1075;air_base;2754.08;16.31;1930.68;0.35;0
1075;anti_air_building;2753.14;16.49;1930.99;2.84;0
1075;synthetic_refinery;2752.17;16.49;1930.82;3.38;0
1075;fuel_silo;2751.40;16.43;1930.20;1.05;0
1075;radar_station;2751.02;16.43;1929.28;2.45;0
1075;rocket_site;2751.13;16.49;1928.30;0.38;0
1075;nuclear_reactor;2751.69;16.55;1927.49;1.41;0
1075;bunker;2752.58;16.55;1927.04;1.28;0
1075;supply_node;2753.57;16.49;1927.08;0.30;0
1076;arms_factory;2881.00;15.70;1336.00;1.39;0
1076;industrial_complex;2880.76;15.70;1336.96;0.63;0
1076;air_base;2880.08;15.76;1337.68;2.73;0
1076;anti_air_building;2879.14;15.76;1337.99;5.75;0
1076;synthetic_refinery;2878.17;15.76;1337.82;2.55;0
1076;fuel_silo;2877.40;15.82;1337.20;0.52;0
1076;radar_station;2877.02;15.82;1336.28;2.79;0
1076;rocket_site;2877.13;15.82;1335.30;0.95;0
1076;nuclear_reactor;2877.69;15.82;1334.49;2.93;0
1076;bunker;2878.58;15.76;1334.04;2.32;0
1076;supply_node;2879.57;15.76;1334.08;1.39;0
1077;arms_factory;2801.00;15.64;1639.00;0.33;0
1077;industrial_complex;2800.76;15.58;1639.96;6.11;0
1077;air_base;2800.08;15.64;1640.68;3.01;0
1077;anti_air_building;2799.14;15.64;1640.99;1.86;0
1077;synthetic_refinery;2798.17;15.64;1640.82;4.99;0
1077;fuel_silo;2797.40;15.58;1640.20;4.95;0
1077;radar_station;2797.02;15.58;1639.28;5.39;0
1077;rocket_site;2797.13;15.52;1638.30;5.90;0
1077;nuclear_reactor;2797.69;15.52;1637.49;3.42;0
1077;bunker;2798.58;15.52;1637.04;3.79;0
1077;supply_node;2799.57;15.52;1637.08;1.42;0
1078;arms_factory;2897.00;15.46;1517.00;0.29;0
1078;industrial_complex;2896.76;15.46;1517.96;4.34;0
1078;air_base;2896.08;15.52;1518.68;0.07;0
1078;anti_air_building;2895.14;15.52;1518.99;5.05;0
1078;synthetic_refinery;2894.17;15.58;1518.82;4.08;0
1078;fuel_silo;2893.40;15.64;1518.20;5.37;0
1078;radar_station;2893.02;15.64;1517.28;1.07;0
1078;rocket_site;2893.13;15.64;1516.30;0.90;0
1078;nuclear_reactor;2893.69;15.64;1515.49;1.13;0
1078;bunker;2894.58;15.58;1515.04;4.49;0
1078;supply_node;2895.57;15.52;1515.08;0.73;0
1079;arms_factory;2757.00;16.13;1781.00;1.67;0
1079;industrial_complex;2756.76;16.13;1781.96;3.01;0
1079;air_base;2756.08;16.06;1782.68;5.34;0
1079;anti_air_building;2755.14;16.06;1782.99;5.14;0
1079;synthetic_refinery;2754.17;16.00;1782.82;5.85;0
1079;fuel_silo;2753.40;16.06;1782.20;1.72;0
1079;radar_station;2753.02;16.06;1781.28;5.91;0
1079;rocket_site;2753.13;16.25;1780.30;4.14;0
1079;nuclear_reactor;2753.69;16.31;1779.49;5.06;0
1079;bunker;2754.58;16.31;1779.04;5.95;0
1079;supply_node;2755.57;16.37;1779.08;3.21;0
1080;arms_factory;2878.00;16.19;1780.00;3.56;0
1080;industrial_complex;2877.76;16.31;1780.96;0.92;0
1080;air_base;2877.08;16.43;1781.68;5.02;0
1080;anti_air_building;2876.14;16.37;1781.99;2.30;0
1080;synthetic_refinery;2875.17;16.31;1781.82;3.36;0
1080;fuel_silo;2874.40;16.25;1781.20;3.36;0
1080;radar_station;2874.02;16.25;1780.28;5.08;0
1080;rocket_site;2874.13;16.25;1779.30;4.41;0
1080;nuclear_reactor;2874.69;16.19;1778.49;2.06;0
1080;bunker;2875.58;16.25;1778.04;2.45;0
1080;supply_node;2876.57;16.25;1778.08;1.40;0
1081;arms_factory;2824.00;17.46;1781.00;1.64;0
1081;industrial_complex;2823.76;17.52;1781.96;3.21;0
1081;air_base;2823.08;17.46;1782.68;1.83;0
1081;anti_air_building;2822.14;17.40;1782.99;3.31;0
1081;synthetic_refinery;2821.17;17.22;1782.82;4.35;0
1081;fuel_silo;2820.40;17.52;1782.20;2.86;0
1081;radar_station;2820.02;17.34;1781.28;5.26;0
1081;rocket_site;2820.13;17.34;1780.30;5.70;0
1081;nuclear_reactor;2820.69;17.28;1779.49;3.13;0
1081;bunker;2821.58;17.40;1779.04;4.70;0
1081;supply_node;2822.57;17.34;1779.08;0.65;0
1082;arms_factory;2850.00;16.00;1389.00;4.20;0
1082;industrial_complex;2849.76;15.94;1389.96;1.88;0
1082;air_base;2849.08;15.94;1390.68;4.28;0
1082;anti_air_building;2848.14;15.88;1390.99;1.69;0
1082;synthetic_refinery;2847.17;15.88;1390.82;0.01;0
1082;fuel_silo;2846.40;15.88;1390.20;5.64;0
1082;radar_station;2846.02;15.88;1389.28;2.94;0
1082;rocket_site;2846.13;15.94;1388.30;4.58;0
1082;nuclear_reactor;2846.69;15.88;1387.49;4.98;0
1082;bunker;2847.58;15.94;1387.04;3.72;0
1082;supply_node;2848.57;15.94;1387.08;2.35;0
1083;arms_factory;2736.00;15.46;1697.00;3.10;0
1083;industrial_complex;2735.76;15.46;1697.96;2.06;0
1083;air_base;2735.08;15.52;1698.68;3.13;0
1083;anti_air_building;2734.14;15.46;1698.99;0.38;0
1083;synthetic_refinery;2733.17;15.52;1698.82;3.27;0
1083;fuel_silo;2732.40;15.46;1698.20;5.14;0
1083;radar_station;2732.02;15.46;1697.28;1.99;0
1083;rocket_site;2732.13;15.46;1696.30;0.89;0
1083;nuclear_reactor;2732.69;15.46;1695.49;3.39;0
1083;bunker;2733.58;15.40;1695.04;3.22;0
1083;supply_node;2734.57;15.40;1695.08;4.54;0
1084;arms_factory;2652.00;15.27;1744.00;1.10;0
1084;industrial_complex;2651.76;15.27;1744.96;6.23;0
1084;air_base;2651.08;15.27;1745.68;2.33;0
1084;anti_air_building;2650.14;15.27;1745.99;3.89;0
1084;synthetic_refinery;2649.17;15.27;1745.82;3.13;0
1084;fuel_silo;2648.40;15.27;1745.20;1.14;0
1084;radar_station;2648.02;15.27;1744.28;5.66;0
1084;rocket_site;2648.13;15.27;1743.30;5.90;0
1084;nuclear_reactor;2648.69;15.27;1742.49;0.72;0
1084;bunker;2649.58;15.34;1742.04;4.52;0
1084;supply_node;2650.57;15.34;1742.08;4.54;0
1085;arms_factory;2531.00;15.40;1862.00;2.98;0
1085;industrial_complex;2530.76;15.34;1862.96;4.88;0
1085;air_base;2530.08;15.34;1863.68;4.15;0
1085;anti_air_building;2529.14;15.34;1863.99;2.00;0
1085;synthetic_refinery;2528.17;15.34;1863.82;1.89;0
1085;fuel_silo;2527.40;15.27;1863.20;4.05;0
1085;radar_station;2527.02;15.27;1862.28;2.64;0
1085;rocket_site;2527.13;15.27;1861.30;0.89;0
1085;nuclear_reactor;2527.69;15.27;1860.49;2.58;0
1085;bunker;2528.58;15.27;1860.04;5.22;0
1085;supply_node;2529.57;15.34;1860.08;4.97;0
1086;arms_factory;2872.00;15.27;1445.00;1.35;0
1086;industrial_complex;2871.76;15.27;1445.96;5.60;0
1086;air_base;2871.08;15.27;1446.68;1.61;0
1086;anti_air_building;2870.14;15.27;1446.99;2.79;0
1086;synthetic_refinery;2869.17;15.27;1446.82;2.77;0
1086;fuel_silo;2868.40;15.27;1446.20;4.36;0
1086;radar_station;2868.02;15.27;1445.28;1.27;0
1086;rocket_site;2868.13;15.27;1444.30;4.28;0
1086;nuclear_reactor;2868.69;15.27;1443.49;3.69;0
1086;bunker;2869.58;15.27;1443.04;3.19;0
1086;supply_node;2870.57;15.27;1443.08;0.83;0
1087;arms_factory;2871.00;15.76;1525.00;1.22;0
1087;industrial_complex;2870.76;15.76;1525.96;3.39;0
1087;air_base;2870.08;15.76;1526.68;2.35;0
1087;anti_air_building;2869.14;15.76;1526.99;1.21;0
1087;synthetic_refinery;2868.17;15.76;1526.82;0.52;0
1087;fuel_silo;2867.40;15.82;1526.20;3.25;0
1087;radar_station;2867.02;15.82;1525.28;2.22;0
1087;rocket_site;2867.13;15.82;1524.30;1.75;0
1087;nuclear_reactor;2867.69;15.76;1523.49;4.54;0
1087;bunker;2868.58;15.76;1523.04;4.60;0
1087;supply_node;2869.57;15.76;1523.08;5.61;0
1088;arms_factory;2680.00;15.27;1871.00;0.09;0
1088;industrial_complex;2679.76;15.27;1871.96;0.96;0
1088;air_base;2679.08;15.27;1872.68;5.76;0
1088;anti_air_building;2678.14;15.27;1872.99;3.16;0
1088;synthetic_refinery;2677.17;15.27;1872.82;3.56;0
1088;fuel_silo;2676.40;15.27;1872.20;3.11;0
1088;radar_station;2676.02;15.27;1871.28;0.98;0
1088;rocket_site;2676.13;15.27;1870.30;4.29;0
1088;nuclear_reactor;2676.69;15.27;1869.49;5.59;0
1088;bunker;2677.58;15.27;1869.04;4.67;0
1088;supply_node;2678.57;15.27;1869.08;4.66;0
1089;arms_factory;2843.00;16.43;1767.00;1.97;0
1089;industrial_complex;2842.76;16.37;1767.96;4.98;0
1089;air_base;2842.08;16.43;1768.68;5.28;0
1089;anti_air_building;2841.14;16.49;1768.99;5.87;0
1089;synthetic_refinery;2840.17;16.61;1768.82;5.46;0
1089;fuel_silo;2839.40;16.55;1768.20;4.43;0
1089;radar_station;2839.02;16.61;1767.28;5.78;0
1089;rocket_site;2839.13;16.61;1766.30;5.48;0
1089;nuclear_reactor;2839.69;16.61;1765.49;2.69;0
1089;bunker;2840.58;16.61;1765.04;3.22;0
1089;supply_node;2841.57;16.55;1765.08;1.99;0
1090;arms_factory;2916.00;15.58;1474.00;5.27;0
1090;industrial_complex;2915.76;15.64;1474.96;1.38;0
1090;air_base;2915.08;15.58;1475.68;1.36;0
1090;anti_air_building;2914.14;15.58;1475.99;1.05;0
1090;synthetic_refinery;2913.17;15.64;1475.82;1.65;0
1090;fuel_silo;2912.40;15.64;1475.20;1.93;0
1090;radar_station;2912.02;15.70;1474.28;0.81;0
1090;rocket_site;2912.13;15.70;1473.30;2.05;0
1090;nuclear_reactor;2912.69;15.70;1472.49;4.82;0
1090;bunker;2913.58;15.70;1472.04;6.19;0
1090;supply_node;2914.57;15.70;1472.08;3.77;0
1091;arms_factory;2845.00;15.27;1595.00;4.87;0
1091;industrial_complex;2844.76;15.27;1595.96;5.60;0
1091;air_base;2844.08;15.27;1596.68;4.94;0
1091;anti_air_building;2843.14;15.27;1596.99;2.83;0
1091;synthetic_refinery;2842.17;15.34;1596.82;2.18;0
1091;fuel_silo;2841.40;15.34;1596.20;2.99;0
1091;radar_station;2841.02;15.34;1595.28;4.42;0
1091;rocket_site;2841.13;15.34;1594.30;2.84;0
1091;nuclear_reactor;2841.69;15.34;1593.49;0.07;0
1091;bunker;2842.58;15.27;1593.04;5.44;0
1091;supply_node;2843.57;15.27;1593.08;5.68;0
1092;arms_factory;2844.00;15.27;1411.00;3.35;0
1092;industrial_complex;2843.76;15.27;1411.96;0.17;0
1092;air_base;2843.08;15.27;1412.68;4.37;0
1092;anti_air_building;2842.14;15.27;1412.99;0.87;0
1092;synthetic_refinery;2841.17;15.27;1412.82;5.10;0
1092;fuel_silo;2840.40;15.27;1412.20;1.11;0
1092;radar_station;2840.02;15.27;1411.28;0.48;0
1092;rocket_site;2840.13;15.27;1410.30;1.61;0
1092;nuclear_reactor;2840.69;15.34;1409.49;1.14;0
1092;bunker;2841.58;15.34;1409.04;4.50;0
1092;supply_node;2842.57;15.34;1409.08;1.83;0
1093;arms_factory;2830.00;15.40;1396.00;5.43;0
1093;industrial_complex;2829.76;15.40;1396.96;4.40;0
1093;air_base;2829.08;15.34;1397.68;2.64;0
1093;anti_air_building;2828.14;15.34;1397.99;4.03;0
1093;synthetic_refinery;2827.17;15.34;1397.82;1.36;0
1093;fuel_silo;2826.40;15.27;1397.20;5.05;0
1093;radar_station;2826.02;15.27;1396.28;1.12;0
1093;rocket_site;2826.13;15.27;1395.30;3.47;0
1093;nuclear_reactor;2826.69;15.34;1394.49;3.28;0
1093;bunker;2827.58;15.34;1394.04;3.46;0
1093;supply_node;2828.57;15.34;1394.08;5.46;0
1094;arms_factory;2800.00;15.76;1575.00;0.33;0
1094;industrial_complex;2799.76;15.70;1575.96;3.03;0
1094;air_base;2799.08;15.76;1576.68;3.07;0
1094;anti_air_building;2798.14;15.70;1576.99;4.69;0
1094;synthetic_refinery;2797.17;15.64;1576.82;4.14;0
1094;fuel_silo;2796.40;15.64;1576.20;3.88;0
1094;radar_station;2796.02;15.58;1575.28;0.35;0
1094;rocket_site;2796.13;15.58;1574.30;3.83;0
1094;nuclear_reactor;2796.69;15.58;1573.49;0.02;0
1094;bunker;2797.58;15.64;1573.04;0.80;0
1094;supply_node;2798.57;15.64;1573.08;2.83;0
1095;arms_factory;2818.00;16.19;1713.00;1.95;0
1095;industrial_complex;2817.76;16.13;1713.96;1.48;0
1095;air_base;2817.08;16.06;1714.68;0.51;0
1095;anti_air_building;2816.14;16.06;1714.99;3.53;0
1095;synthetic_refinery;2815.17;16.19;1714.82;2.21;0
1095;fuel_silo;2814.40;16.25;1714.20;6.26;0
1095;radar_station;2814.02;16.06;1713.28;0.37;0
1095;rocket_site;2814.13;16.00;1712.30;1.91;0
1095;nuclear_reactor;2814.69;16.06;1711.49;2.41;0
1095;bunker;2815.58;16.13;1711.04;6.21;0
1095;supply_node;2816.57;16.19;1711.08;2.11;0
1096;arms_factory;2506.00;15.46;1911.00;5.00;0
1096;industrial_complex;2505.76;15.46;1911.96;5.84;0
1096;air_base;2505.08;15.40;1912.68;2.14;0
1096;anti_air_building;2504.14;15.40;1912.99;4.64;0
1096;synthetic_refinery;2503.17;15.34;1912.82;3.54;0
1096;fuel_silo;2502.40;15.34;1912.20;3.93;0
1096;radar_station;2502.02;15.40;1911.28;4.54;0
1096;rocket_site;2502.13;15.40;1910.30;0.00;0
1096;nuclear_reactor;2502.69;15.46;1909.49;4.00;0
1096;bunker;2503.58;15.46;1909.04;4.68;0
1096;supply_node;2504.57;15.52;1909.08;5.75;0
1097;arms_factory;2798.00;15.27;1945.00;6.09;0
1097;industrial_complex;2797.76;15.27;1945.96;5.48;0
1097;air_base;2797.08;15.27;1946.68;1.89;0
1097;anti_air_building;2796.14;15.27;1946.99;5.67;0
1097;synthetic_refinery;2795.17;15.27;1946.82;5.66;0
1097;fuel_silo;2794.40;15.27;1946.20;0.42;0
1097;radar_station;2794.02;15.27;1945.28;0.45;0
1097;rocket_site;2794.13;15.27;1944.30;4.00;0
1097;nuclear_reactor;2794.69;15.27;1943.49;0.30;0
1097;bunker;2795.58;15.27;1943.04;4.85;0
1097;supply_node;2796.57;15.27;1943.08;1.55;0
1098;arms_factory;2943.00;15.34;1484.00;0.07;0
1098;industrial_complex;2942.76;15.27;1484.96;4.91;0
1098;air_base;2942.08;15.27;1485.68;3.51;0
1098;anti_air_building;2941.14;15.27;1485.99;4.91;0
1098;synthetic_refinery;2940.17;15.27;1485.82;3.19;0
1098;fuel_silo;2939.40;15.27;1485.20;5.05;0
1098;radar_station;2939.02;15.27;1484.28;5.51;0
1098;rocket_site;2939.13;15.27;1483.30;2.09;0
1098;nuclear_reactor;2939.69;15.27;1482.49;1.00;0
1098;bunker;2940.58;15.27;1482.04;4.82;0
1098;supply_node;2941.57;15.34;1482.08;2.06;0
1099;arms_factory;2820.00;15.64;1353.00;1.63;0
1099;industrial_complex;2819.76;15.58;1353.96;3.52;0
1099;air_base;2819.08;15.64;1354.68;1.57;0
1099;anti_air_building;2818.14;15.64;1354.99;3.18;0
1099;synthetic_refinery;2817.17;15.64;1354.82;5.47;0
1099;fuel_silo;2816.40;15.58;1354.20;3.84;0
1099;radar_station;2816.02;15.52;1353.28;0.38;0
1099;rocket_site;2816.13;15.52;1352.30;4.27;0
1099;nuclear_reactor;2816.69;15.46;1351.49;2.27;0
1099;bunker;2817.58;15.46;1351.04;4.17;0
1099;supply_node;2818.57;15.52;1351.08;1.71;0
1100;arms_factory;2906.00;15.27;1676.00;1.55;0
1100;industrial_complex;2905.76;15.27;1676.96;4.93;0
1100;air_base;2905.08;15.27;1677.68;1.26;0
1100;anti_air_building;2904.14;15.27;1677.99;0.47;0
1100;synthetic_refinery;2903.17;15.34;1677.82;5.07;0
1100;fuel_silo;2902.40;15.34;1677.20;2.02;0
1100;radar_station;2902.02;15.34;1676.28;4.16;0
1100;rocket_site;2902.13;15.34;1675.30;3.57;0
1100;nuclear_reactor;2902.69;15.27;1674.49;2.68;0
1100;bunker;2903.58;15.27;1674.04;1.60;0
1100;supply_node;2904.57;15.27;1674.08;6.23;0
1101;arms_factory;2816.00;15.88;1660.00;1.13;0
1101;industrial_complex;2815.76;15.82;1660.96;2.95;0
1101;air_base;2815.08;15.88;1661.68;3.47;0
1101;anti_air_building;2814.14;15.82;1661.99;1.96;0
1101;synthetic_refinery;2813.17;15.88;1661.82;5.12;0
1101;fuel_silo;2812.40;15.82;1661.20;0.70;0
1101;radar_station;2812.02;15.88;1660.28;3.67;0
1101;rocket_site;2812.13;15.82;1659.30;4.67;0
1101;nuclear_reactor;2812.69;15.76;1658.49;2.84;0
1101;bunker;2813.58;15.76;1658.04;3.32;0
1101;supply_node;2814.57;15.82;1658.08;3.45;0
1102;arms_factory;2879.00;15.64;1839.00;1.66;0
1102;industrial_complex;2878.76;15.70;1839.96;5.38;0
1102;air_base;2878.08;15.70;1840.68;6.27;0
1102;anti_air_building;2877.14;15.64;1840.99;5.98;0
1102;synthetic_refinery;2876.17;15.70;1840.82;4.10;0
1102;fuel_silo;2875.40;15.76;1840.20;1.83;0
1102;radar_station;2875.02;15.76;1839.28;4.41;0
1102;rocket_site;2875.13;15.70;1838.30;2.42;0
1102;nuclear_reactor;2875.69;15.76;1837.49;5.42;0
1102;bunker;2876.58;15.70;1837.04;4.64;0
1102;supply_node;2877.57;15.70;1837.08;5.53;0
1103;arms_factory;2660.00;15.40;1720.00;3.66;0
1103;industrial_complex;2659.76;15.40;1720.96;2.99;0
1103;air_base;2659.08;15.46;1721.68;3.08;0
1103;anti_air_building;2658.14;15.46;1721.99;5.23;0
1103;synthetic_refinery;2657.17;15.40;1721.82;0.54;0
1103;fuel_silo;2656.40;15.46;1721.20;5.86;0
1103;radar_station;2656.02;15.46;1720.28;3.01;0
1103;rocket_site;2656.13;15.40;1719.30;2.24;0
1103;nuclear_reactor;2656.69;15.40;1718.49;0.55;0
1103;bunker;2657.58;15.40;1718.04;0.20;0
1103;supply_node;2658.57;15.40;1718.08;1.70;0
1104;arms_factory;2737.00;17.34;1900.00;2.39;0
1104;industrial_complex;2736.76;17.34;1900.96;1.98;0
1104;air_base;2736.08;17.16;1901.68;4.81;0
1104;anti_air_building;2735.14;17.34;1901.99;5.31;0
1104;synthetic_refinery;2734.17;17.16;1901.82;2.04;0
1104;fuel_silo;2733.40;17.34;1901.20;1.65;0
1104;radar_station;2733.02;17.40;1900.28;3.92;0
1104;rocket_site;2733.13;17.46;1899.30;3.86;0
1104;nuclear_reactor;2733.69;17.40;1898.49;2.32;0
1104;bunker;2734.58;17.34;1898.04;4.81;0
1104;supply_node;2735.57;17.40;1898.08;4.12;0
1105;arms_factory;2852.00;15.34;1892.00;3.98;0
1105;industrial_complex;2851.76;15.34;1892.96;1.61;0
1105;air_base;2851.08;15.34;1893.68;2.20;0
1105;anti_air_building;2850.14;15.34;1893.99;0.61;0
1105;synthetic_refinery;2849.17;15.34;1893.82;4.34;0
1105;fuel_silo;2848.40;15.34;1893.20;3.99;0
1105;radar_station;2848.02;15.34;1892.28;0.32;0
1105;rocket_site;2848.13;15.34;1891.30;4.75;0
1105;nuclear_reactor;2848.69;15.40;1890.49;0.37;0
1105;bunker;2849.58;15.40;1890.04;5.07;0
1105;supply_node;2850.57;15.40;1890.08;1.63;0
1106;arms_factory;2843.00;15.94;1668.00;1.44;0
1106;industrial_complex;2842.76;16.00;1668.96;0.61;0
1106;air_base;2842.08;16.00;1669.68;4.54;0
1106;anti_air_building;2841.14;16.00;1669.99;2.50;0
1106;synthetic_refinery;2840.17;16.13;1669.82;4.49;0
1106;fuel_silo;2839.40;16.25;1669.20;5.54;0
1106;radar_station;2839.02;16.25;1668.28;4.81;0
1106;rocket_site;2839.13;16.13;1667.30;2.13;0
1106;nuclear_reactor;2839.69;16.06;1666.49;2.24;0
1106;bunker;2840.58;15.94;1666.04;3.93;0
1106;supply_node;2841.57;15.94;1666.08;1.31;0
1107;arms_factory;2948.00;15.27;1732.00;4.87;0
1107;industrial_complex;2947.76;15.27;1732.96;4.46;0
1107;air_base;2947.08;15.27;1733.68;5.42;0
1107;anti_air_building;2946.14;15.27;1733.99;4.36;0
1107;synthetic_refinery;2945.17;15.27;1733.82;5.72;0
1107;fuel_silo;2944.40;15.27;1733.20;4.59;0
1107;radar_station;2944.02;15.27;1732.28;1.23;0
1107;rocket_site;2944.13;15.27;1731.30;2.95;0
1107;nuclear_reactor;2944.69;15.27;1730.49;2.53;0
1107;bunker;2945.58;15.27;1730.04;5.55;0
1107;supply_node;2946.57;15.27;1730.08;2.70;0
1108;arms_factory;2681.00;15.27;1860.00;0.13;0
1108;industrial_complex;2680.76;15.27;1860.96;1.64;0
1108;air_base;2680.08;15.27;1861.68;4.96;0
1108;anti_air_building;2679.14;15.27;1861.99;3.64;0
1108;synthetic_refinery;2678.17;15.27;1861.82;3.86;0
1108;fuel_silo;2677.40;15.27;1861.20;6.19;0
1108;radar_station;2677.02;15.27;1860.28;3.77;0
1108;rocket_site;2677.13;15.27;1859.30;1.25;0
1108;nuclear_reactor;2677.69;15.27;1858.49;2.77;0
1108;bunker;2678.58;15.27;1858.04;4.47;0
1108;supply_node;2679.57;15.27;1858.08;2.70;0
1109;arms_factory;2733.00;16.19;1756.00;5.40;0
1109;industrial_complex;2732.76;16.06;1756.96;3.12;0
1109;air_base;2732.08;16.13;1757.68;6.09;0
1109;anti_air_building;2731.14;16.06;1757.99;2.56;0
1109;synthetic_refinery;2730.17;16.06;1757.82;3.02;0
1109;fuel_silo;2729.40;16.13;1757.20;2.21;0
1109;radar_station;2729.02;16.00;1756.28;5.87;0
1109;rocket_site;2729.13;15.94;1755.30;2.04;0
1109;nuclear_reactor;2729.69;15.94;1754.49;3.73;0
1109;bunker;2730.58;16.00;1754.04;2.22;0
1109;supply_node;2731.57;16.00;1754.08;5.32;0
1110;arms_factory;2896.00;15.58;1838.00;0.41;0
1110;industrial_complex;2895.76;15.58;1838.96;2.84;0
1110;air_base;2895.08;15.64;1839.68;4.15;0
1110;anti_air_building;2894.14;15.58;1839.99;1.64;0
1110;synthetic_refinery;2893.17;15.64;1839.82;3.06;0
1110;fuel_silo;2892.40;15.64;1839.20;4.88;0
1110;radar_station;2892.02;15.64;1838.28;2.35;0
1110;rocket_site;2892.13;15.64;1837.30;1.16;0
1110;nuclear_reactor;2892.69;15.64;1836.49;1.79;0
1110;bunker;2893.58;15.58;1836.04;2.22;0
1110;supply_node;2894.57;15.58;1836.08;0.70;0
1111;arms_factory;2908.00;15.27;1372.00;2.44;0
1111;industrial_complex;2907.76;15.27;1372.96;2.20;0
1111;air_base;2907.08;15.27;1373.68;5.86;0
1111;anti_air_building;2906.14;15.27;1373.99;4.15;0
1111;synthetic_refinery;2905.17;15.27;1373.82;2.89;0
1111;fuel_silo;2904.40;15.27;1373.20;1.29;0
1111;radar_station;2904.02;15.27;1372.28;5.94;0
1111;rocket_site;2904.13;15.27;1371.30;4.21;0
1111;nuclear_reactor;2904.69;15.27;1370.49;2.19;0
1111;bunker;2905.58;15.27;1370.04;1.35;0
1111;supply_node;2906.57;15.27;1370.08;5.06;0
1112;arms_factory;2831.00;15.27;1984.00;3.08;0
1112;industrial_complex;2830.76;15.27;1984.96;3.41;0
1112;air_base;2830.08;15.27;1985.68;1.55;0
1112;anti_air_building;2829.14;15.27;1985.99;3.81;0
1112;synthetic_refinery;2828.17;15.27;1985.82;3.81;0
1112;fuel_silo;2827.40;15.27;1985.20;3.56;0
1112;radar_station;2827.02;15.27;1984.28;3.84;0
1112;rocket_site;2827.13;15.27;1983.30;4.76;0
1112;nuclear_reactor;2827.69;15.27;1982.49;3.75;0
1112;bunker;2828.58;15.27;1982.04;0.83;0
1112;supply_node;2829.57;15.27;1982.08;4.95;0
1113;arms_factory;2578.00;16.00;1885.00;3.47;0
1113;industrial_complex;2577.76;15.94;1885.96;1.45;0
1113;air_base;2577.08;15.94;1886.68;1.79;0
1113;anti_air_building;2576.14;16.00;1886.99;1.25;0
1113;synthetic_refinery;2575.17;16.00;1886.82;4.84;0
1113;fuel_silo;2574.40;15.94;1886.20;3.34;0
1113;radar_station;2574.02;16.00;1885.28;5.59;0
1113;rocket_site;2574.13;15.94;1884.30;2.51;0
1113;nuclear_reactor;2574.69;16.00;1883.49;6.14;0
1113;bunker;2575.58;15.94;1883.04;5.37;0
1113;supply_node;2576.57;15.94;1883.08;5.68;0
1114;arms_factory;2752.00;16.13;1868.00;6.12;0
1114;industrial_complex;2751.76;16.13;1868.96;3.89;0
1114;air_base;2751.08;16.13;1869.68;4.32;0
1114;anti_air_building;2750.14;16.13;1869.99;2.95;0
1114;synthetic_refinery;2749.17;16.13;1869.82;4.02;0
1114;fuel_silo;2748.40;16.06;1869.20;1.19;0
1114;radar_station;2748.02;16.06;1868.28;5.78;0
1114;rocket_site;2748.13;16.06;1867.30;3.08;0
1114;nuclear_reactor;2748.69;16.06;1866.49;4.54;0
1114;bunker;2749.58;16.06;1866.04;5.81;0
1114;supply_node;2750.57;16.13;1866.08;4.36;0
1115;arms_factory;2835.00;16.55;1368.00;6.13;0
1115;industrial_complex;2834.76;16.43;1368.96;4.90;0
1115;air_base;2834.08;16.49;1369.68;0.28;0
1115;anti_air_building;2833.14;16.49;1369.99;1.66;0
1115;synthetic_refinery;2832.17;16.31;1369.82;5.55;0
1115;fuel_silo;2831.40;16.31;1369.20;5.83;0
1115;radar_station;2831.02;16.25;1368.28;3.91;0
1115;rocket_site;2831.13;16.19;1367.30;5.60;0
1115;nuclear_reactor;2831.69;16.13;1366.49;5.56;0
1115;bunker;2832.58;16.31;1366.04;3.26;0
1115;supply_node;2833.57;16.25;1366.08;1.76;0
1116;arms_factory;2995.00;15.52;1792.00;4.11;0
1116;industrial_complex;2994.76;15.52;1792.96;4.03;0
1116;air_base;2994.08;15.46;1793.68;0.58;0
1116;anti_air_building;2993.14;15.46;1793.99;0.36;0
1116;synthetic_refinery;2992.17;15.46;1793.82;0.77;0
1116;fuel_silo;2991.40;15.46;1793.20;2.71;0
1116;radar_station;2991.02;15.46;1792.28;1.10;0
1116;rocket_site;2991.13;15.46;1791.30;4.48;0
1116;nuclear_reactor;2991.69;15.52;1790.49;5.72;0
1116;bunker;2992.58;15.52;1790.04;3.11;0
1116;supply_node;2993.57;15.52;1790.08;0.18;0
1117;arms_factory;2748.00;15.94;1803.00;5.01;0
1117;industrial_complex;2747.76;15.82;1803.96;0.78;0
1117;air_base;2747.08;15.82;1804.68;3.83;0
1117;anti_air_building;2746.14;15.82;1804.99;2.16;0
1117;synthetic_refinery;2745.17;15.76;1804.82;5.93;0
1117;fuel_silo;2744.40;15.76;1804.20;4.99;0
1117;radar_station;2744.02;15.76;1803.28;5.41;0
1117;rocket_site;2744.13;15.76;1802.30;0.24;0
1117;nuclear_reactor;2744.69;15.82;1801.49;1.80;0
1117;bunker;2745.58;15.88;1801.04;5.97;0
1117;supply_node;2746.57;15.94;1801.08;4.36;0
1118;arms_factory;2948.00;15.09;1798.00;0.05;0
1118;industrial_complex;2947.76;15.09;1798.96;3.65;0
1118;air_base;2947.08;15.09;1799.68;1.66;0
1118;anti_air_building;2946.14;15.27;1799.99;3.47;0
1118;synthetic_refinery;2945.17;15.27;1799.82;2.83;0
1118;fuel_silo;2944.40;15.27;1799.20;0.20;0
1118;radar_station;2944.02;15.27;1798.28;1.68;0
1118;rocket_site;2944.13;15.27;1797.30;4.44;0
1118;nuclear_reactor;2944.69;15.27;1796.49;4.88;0
1118;bunker;2945.58;15.27;1796.04;4.59;0
1118;supply_node;2946.57;15.27;1796.08;5.39;0
1119;arms_factory;2813.00;15.76;1623.00;1.82;0
1119;industrial_complex;2812.76;15.70;1623.96;1.47;0
1119;air_base;2812.08;15.64;1624.68;5.02;0
1119;anti_air_building;2811.14;15.70;1624.99;0.45;0
1119;synthetic_refinery;2810.17;15.64;1624.82;4.74;0
1119;fuel_silo;2809.40;15.64;1624.20;3.75;0
1119;radar_station;2809.02;15.64;1623.28;3.60;0
1119;rocket_site;2809.13;15.64;1622.30;4.40;0
1119;nuclear_reactor;2809.69;15.70;1621.49;6.11;0
1119;bunker;2810.58;15.64;1621.04;4.13;0
1119;supply_node;2811.57;15.64;1621.08;3.06;0
1120;arms_factory;2713.00;15.27;1795.00;5.57;0
1120;industrial_complex;2712.76;15.27;1795.96;2.76;0
1120;air_base;2712.08;15.27;1796.68;2.89;0
1120;anti_air_building;2711.14;15.27;1796.99;1.50;0
1120;synthetic_refinery;2710.17;15.27;1796.82;0.95;0
1120;fuel_silo;2709.40;15.27;1796.20;5.50;0
1120;radar_station;2709.02;15.27;1795.28;1.56;0
1120;rocket_site;2709.13;15.27;1794.30;4.30;0
1120;nuclear_reactor;2709.69;15.27;1793.49;2.21;0
1120;bunker;2710.58;15.27;1793.04;2.25;0
1120;supply_node;2711.57;15.27;1793.08;6.14;0
1121;arms_factory;2753.00;15.27;1982.00;0.10;0
1121;industrial_complex;2752.76;15.27;1982.96;4.84;0
1121;air_base;2752.08;15.27;1983.68;4.88;0
1121;anti_air_building;2751.14;15.27;1983.99;5.30;0
1121;synthetic_refinery;2750.17;15.27;1983.82;5.89;0
1121;fuel_silo;2749.40;15.27;1983.20;4.04;0
1121;radar_station;2749.02;15.27;1982.28;5.40;0
1121;rocket_site;2749.13;15.27;1981.30;3.04;0
1121;nuclear_reactor;2749.69;15.27;1980.49;2.05;0
1121;bunker;2750.58;15.27;1980.04;2.24;0
1121;supply_node;2751.57;15.27;1980.08;4.53;0
1122;arms_factory;2795.00;15.64;1845.00;3.34;0
1122;industrial_complex;2794.76;15.76;1845.96;6.04;0
1122;air_base;2794.08;15.76;1846.68;5.53;0
1122;anti_air_building;2793.14;15.94;1846.99;3.07;0
1122;synthetic_refinery;2792.17;16.00;1846.82;0.21;0
1122;fuel_silo;2791.40;16.06;1846.20;1.67;0
1122;radar_station;2791.02;16.00;1845.28;4.15;0
1122;rocket_site;2791.13;16.06;1844.30;2.34;0
1122;nuclear_reactor;2791.69;16.13;1843.49;5.41;0
1122;bunker;2792.58;16.00;1843.04;2.83;0
1122;supply_node;2793.57;15.94;1843.08;4.84;0
1123;arms_factory;2796.00;16.79;1736.00;1.80;0
1123;industrial_complex;2795.76;16.79;1736.96;2.97;0
1123;air_base;2795.08;16.79;1737.68;0.94;0
1123;anti_air_building;2794.14;16.67;1737.99;3.63;0
1123;synthetic_refinery;2793.17;16.49;1737.82;4.55;0
1123;fuel_silo;2792.40;16.49;1737.20;5.45;0
1123;radar_station;2792.02;16.37;1736.28;3.76;0
1123;rocket_site;2792.13;16.31;1735.30;3.34;0
1123;nuclear_reactor;2792.69;16.37;1734.49;0.35;0
1123;bunker;2793.58;16.55;1734.04;5.96;0
1123;supply_node;2794.57;16.49;1734.08;3.61;0
1124;arms_factory;2895.00;15.76;1388.00;4.51;0
1124;industrial_complex;2894.76;15.76;1388.96;2.93;0
1124;air_base;2894.08;15.82;1389.68;5.01;0
1124;anti_air_building;2893.14;15.82;1389.99;3.63;0
1124;synthetic_refinery;2892.17;15.82;1389.82;5.22;0
1124;fuel_silo;2891.40;15.88;1389.20;0.39;0
1124;radar_station;2891.02;15.82;1388.28;2.77;0
1124;rocket_site;2891.13;15.76;1387.30;1.52;0
1124;nuclear_reactor;2891.69;15.70;1386.49;3.46;0
1124;bunker;2892.58;15.70;1386.04;5.38;0
1124;supply_node;2893.57;15.64;1386.08;0.23;0
1125;arms_factory;2605.00;15.52;1985.00;2.90;0
1125;industrial_complex;2604.76;15.46;1985.96;0.39;0
1125;air_base;2604.08;15.52;1986.68;1.62;0
1125;anti_air_building;2603.14;15.46;1986.99;1.51;0
1125;synthetic_refinery;2602.17;15.46;1986.82;0.21;0
1125;fuel_silo;2601.40;15.46;1986.20;4.65;0
1125;radar_station;2601.02;15.40;1985.28;4.02;0
1125;rocket_site;2601.13;15.40;1984.30;6.16;0
1125;nuclear_reactor;2601.69;15.40;1983.49;3.42;0
1125;bunker;2602.58;15.40;1983.04;3.22;0
1125;supply_node;2603.57;15.46;1983.08;4.68;0
1126;arms_factory;2857.00;15.70;1697.00;2.02;0
1126;industrial_complex;2856.76;15.70;1697.96;1.63;0
1126;air_base;2856.08;15.70;1698.68;1.40;0
1126;anti_air_building;2855.14;15.76;1698.99;3.02;0
1126;synthetic_refinery;2854.17;15.76;1698.82;0.07;0
1126;fuel_silo;2853.40;15.82;1698.20;3.16;0
1126;radar_station;2853.02;15.76;1697.28;3.72;0
1126;rocket_site;2853.13;15.70;1696.30;0.02;0
1126;nuclear_reactor;2853.69;15.76;1695.49;4.71;0
1126;bunker;2854.58;15.76;1695.04;3.32;0
1126;supply_node;2855.57;15.70;1695.08;5.06;0
1127;arms_factory;2686.00;17.22;1926.00;1.19;0
1127;industrial_complex;2685.76;17.10;1926.96;2.84;0
1127;air_base;2685.08;17.28;1927.68;3.22;0
1127;anti_air_building;2684.14;17.10;1927.99;4.51;0
1127;synthetic_refinery;2683.17;17.16;1927.82;4.12;0
1127;fuel_silo;2682.40;17.16;1927.20;3.54;0
1127;radar_station;2682.02;17.10;1926.28;3.01;0
1127;rocket_site;2682.13;16.92;1925.30;4.27;0
1127;nuclear_reactor;2682.69;16.85;1924.49;1.27;0
1127;bunker;2683.58;16.98;1924.04;2.22;0
1127;supply_node;2684.57;17.10;1924.08;4.80;0
1128;arms_factory;2784.00;15.46;1360.00;5.55;0
1128;industrial_complex;2783.76;15.40;1360.96;1.19;0
1128;air_base;2783.08;15.40;1361.68;3.60;0
1128;anti_air_building;2782.14;15.40;1361.99;5.20;0
1128;synthetic_refinery;2781.17;15.34;1361.82;5.77;0
1128;fuel_silo;2780.40;15.34;1361.20;2.38;0
1128;radar_station;2780.02;15.34;1360.28;0.37;0
1128;rocket_site;2780.13;15.34;1359.30;1.33;0
1128;nuclear_reactor;2780.69;15.27;1358.49;0.16;0
1128;bunker;2781.58;15.34;1358.04;2.08;0
1128;supply_node;2782.57;15.34;1358.08;0.18;0
1129;arms_factory;2771.00;15.27;1691.00;2.78;0
1129;industrial_complex;2770.76;15.27;1691.96;0.10;0
1129;air_base;2770.08;15.27;1692.68;6.18;0
1129;anti_air_building;2769.14;15.27;1692.99;4.65;0
1129;synthetic_refinery;2768.17;15.27;1692.82;4.66;0
1129;fuel_silo;2767.40;15.27;1692.20;5.15;0
1129;radar_station;2767.02;15.27;1691.28;5.06;0
1129;rocket_site;2767.13;15.27;1690.30;2.17;0
1129;nuclear_reactor;2767.69;15.27;1689.49;3.42;0
1129;bunker;2768.58;15.27;1689.04;0.31;0
1129;supply_node;2769.57;15.27;1689.08;1.66;0
1130;arms_factory;2900.00;15.64;1804.00;4.62;0
1130;industrial_complex;2899.76;15.70;1804.96;1.43;0
1130;air_base;2899.08;15.70;1805.68;5.64;0
1130;anti_air_building;2898.14;15.76;1805.99;3.92;0
1130;synthetic_refinery;2897.17;15.76;1805.82;0.92;0
1130;fuel_silo;2896.40;15.76;1805.20;2.48;0
1130;radar_station;2896.02;15.70;1804.28;0.62;0
1130;rocket_site;2896.13;15.70;1803.30;5.48;0
1130;nuclear_reactor;2896.69;15.76;1802.49;3.80;0
1130;bunker;2897.58;15.76;1802.04;3.41;0
1130;supply_node;2898.57;15.76;1802.08;2.21;0
1131;arms_factory;2985.00;15.27;1777.00;3.39;0
1131;industrial_complex;2984.76;15.34;1777.96;0.80;0
1131;air_base;2984.08;15.34;1778.68;0.63;0
1131;anti_air_building;2983.14;15.34;1778.99;3.51;0
1131;synthetic_refinery;2982.17;15.34;1778.82;3.00;0
1131;fuel_silo;2981.40;15.40;1778.20;1.50;0
1131;radar_station;2981.02;15.34;1777.28;4.05;0
1131;rocket_site;2981.13;15.34;1776.30;5.42;0
1131;nuclear_reactor;2981.69;15.34;1775.49;6.24;0
1131;bunker;2982.58;15.27;1775.04;0.67;0
1131;supply_node;2983.57;15.27;1775.08;2.23;0
1132;arms_factory;2919.00;15.82;1751.00;2.68;0
1132;industrial_complex;2918.76;15.76;1751.96;3.95;0
1132;air_base;2918.08;15.82;1752.68;2.94;0
1132;anti_air_building;2917.14;15.82;1752.99;4.43;0
1132;synthetic_refinery;2916.17;15.88;1752.82;1.83;0
1132;fuel_silo;2915.40;15.94;1752.20;4.94;0
1132;radar_station;2915.02;15.88;1751.28;3.17;0
1132;rocket_site;2915.13;15.82;1750.30;3.03;0
1132;nuclear_reactor;2915.69;15.76;1749.49;4.37;0
1132;bunker;2916.58;15.70;1749.04;2.75;0
1132;supply_node;2917.57;15.76;1749.08;5.67;0
1133;arms_factory;2730.00;17.04;1881.00;5.20;0
1133;industrial_complex;2729.76;17.04;1881.96;4.33;0
1133;air_base;2729.08;17.22;1882.68;5.34;0
1133;anti_air_building;2728.14;17.16;1882.99;2.23;0
1133;synthetic_refinery;2727.17;17.22;1882.82;2.83;0
1133;fuel_silo;2726.40;17.10;1882.20;4.63;0
1133;radar_station;2726.02;17.22;1881.28;2.22;0
1133;rocket_site;2726.13;17.04;1880.30;2.84;0
1133;nuclear_reactor;2726.69;17.10;1879.49;2.20;0
1133;bunker;2727.58;16.98;1879.04;2.61;0
1133;supply_node;2728.57;16.98;1879.08;6.03;0
1134;arms_factory;2868.00;15.76;1413.00;4.06;0
1134;industrial_complex;2867.76;15.70;1413.96;3.16;0
1134;air_base;2867.08;15.64;1414.68;5.94;0
1134;anti_air_building;2866.14;15.58;1414.99;0.11;0
1134;synthetic_refinery;2865.17;15.52;1414.82;0.94;0
1134;fuel_silo;2864.40;15.52;1414.20;3.82;0
1134;radar_station;2864.02;15.52;1413.28;5.69;0
1134;rocket_site;2864.13;15.58;1412.30;5.47;0
1134;nuclear_reactor;2864.69;15.58;1411.49;0.78;0
1134;bunker;2865.58;15.64;1411.04;3.47;0
1134;supply_node;2866.57;15.64;1411.08;5.72;0
1135;arms_factory;2893.00;16.19;1417.00;0.84;0
1135;industrial_complex;2892.76;16.25;1417.96;4.13;0
1135;air_base;2892.08;16.13;1418.68;1.28;0
1135;anti_air_building;2891.14;16.19;1418.99;5.62;0
1135;synthetic_refinery;2890.17;16.31;1418.82;2.59;0
1135;fuel_silo;2889.40;16.25;1418.20;2.99;0
1135;radar_station;2889.02;16.25;1417.28;4.37;0
1135;rocket_site;2889.13;16.25;1416.30;4.60;0
1135;nuclear_reactor;2889.69;16.25;1415.49;1.77;0
1135;bunker;2890.58;16.25;1415.04;3.02;0
1135;supply_node;2891.57;16.25;1415.08;1.79;0
1136;arms_factory;2635.00;15.27;1903.00;2.55;0
1136;industrial_complex;2634.76;15.27;1903.96;6.21;0
1136;air_base;2634.08;15.27;1904.68;4.70;0
1136;anti_air_building;2633.14;15.34;1904.99;2.36;0
1136;synthetic_refinery;2632.17;15.34;1904.82;5.95;0
1136;fuel_silo;2631.40;15.34;1904.20;0.16;0
1136;radar_station;2631.02;15.34;1903.28;5.73;0
1136;rocket_site;2631.13;15.34;1902.30;2.73;0
1136;nuclear_reactor;2631.69;15.34;1901.49;3.46;0
1136;bunker;2632.58;15.27;1901.04;4.42;0
1136;supply_node;2633.57;15.27;1901.08;3.44;0
1137;arms_factory;3008.00;15.27;1766.00;1.68;0
1137;industrial_complex;3007.76;15.27;1766.96;5.01;0
1137;air_base;3007.08;15.27;1767.68;0.21;0
1137;anti_air_building;3006.14;15.27;1767.99;2.89;0
1137;synthetic_refinery;3005.17;15.27;1767.82;4.22;0
1137;fuel_silo;3004.40;15.27;1767.20;1.00;0
1137;radar_station;3004.02;15.27;1766.28;5.15;0
1137;rocket_site;3004.13;15.27;1765.30;4.54;0
1137;nuclear_reactor;3004.69;15.27;1764.49;3.83;0
1137;bunker;3005.58;15.27;1764.04;1.20;0
1137;supply_node;3006.57;15.27;1764.08;1.52;0
1138;arms_factory;2859.00;15.76;1732.00;6.06;0
1138;industrial_complex;2858.76;15.82;1732.96;4.26;0
1138;air_base;2858.08;15.82;1733.68;4.47;0
1138;anti_air_building;2857.14;15.82;1733.99;5.51;0
1138;synthetic_refinery;2856.17;15.82;1733.82;5.48;0
1138;fuel_silo;2855.40;15.88;1733.20;5.05;0
1138;radar_station;2855.02;15.82;1732.28;4.03;0
1138;rocket_site;2855.13;15.76;1731.30;0.73;0
1138;nuclear_reactor;2855.69;15.76;1730.49;2.69;0
1138;bunker;2856.58;15.76;1730.04;5.54;0
1138;supply_node;2857.57;15.76;1730.08;5.04;0
1139;arms_factory;2906.00;16.25;1446.00;3.53;0
1139;industrial_complex;2905.76;16.25;1446.96;4.39;0
1139;air_base;2905.08;16.31;1447.68;3.24;0
1139;anti_air_building;2904.14;16.25;1447.99;3.36;0
1139;synthetic_refinery;2903.17;16.19;1447.82;2.03;0
1139;fuel_silo;2902.40;16.19;1447.20;2.70;0
1139;radar_station;2902.02;16.19;1446.28;1.18;0
1139;rocket_site;2902.13;16.25;1445.30;4.22;0
1139;nuclear_reactor;2902.69;16.19;1444.49;0.09;0
1139;bunker;2903.58;16.25;1444.04;1.88;0
1139;supply_node;2904.57;16.19;1444.08;2.17;0
1140;arms_factory;2735.00;15.76;1844.00;6.18;0
1140;industrial_complex;2734.76;15.76;1844.96;5.78;0
1140;air_base;2734.08;15.76;1845.68;5.90;0
1140;anti_air_building;2733.14;15.76;1845.99;1.51;0
1140;synthetic_refinery;2732.17;15.76;1845.82;5.30;0
1140;fuel_silo;2731.40;15.76;1845.20;3.80;0
1140;radar_station;2731.02;15.70;1844.28;3.41;0
1140;rocket_site;2731.13;15.70;1843.30;3.82;0
1140;nuclear_reactor;2731.69;15.70;1842.49;4.60;0
1140;bunker;2732.58;15.70;1842.04;5.17;0
1140;supply_node;2733.57;15.70;1842.08;6.00;0
1141;arms_factory;2893.00;15.27;1349.00;4.20;0
1141;industrial_complex;2892.76;15.27;1349.96;5.95;0
1141;air_base;2892.08;15.27;1350.68;3.14;0
1141;anti_air_building;2891.14;15.27;1350.99;4.63;0
1141;synthetic_refinery;2890.17;15.27;1350.82;6.17;0
1141;fuel_silo;2889.40;15.34;1350.20;4.82;0
1141;radar_station;2889.02;15.34;1349.28;4.56;0
1141;rocket_site;2889.13;15.34;1348.30;3.09;0
1141;nuclear_reactor;2889.69;15.34;1347.49;1.27;0
1141;bunker;2890.58;15.34;1347.04;4.71;0
1141;supply_node;2891.57;15.34;1347.08;4.18;0
1142;arms_factory;2950.00;15.46;1482.00;5.71;0
1142;industrial_complex;2949.76;15.46;1482.96;2.08;0
1142;air_base;2949.08;15.40;1483.68;4.88;0
1142;anti_air_building;2948.14;15.40;1483.99;5.58;0
1142;synthetic_refinery;2947.17;15.40;1483.82;1.41;0
1142;fuel_silo;2946.40;15.34;1483.20;2.19;0
1142;radar_station;2946.02;15.40;1482.28;5.66;0
1142;rocket_site;2946.13;15.40;1481.30;5.95;0
1142;nuclear_reactor;2946.69;15.46;1480.49;2.95;0
1142;bunker;2947.58;15.46;1480.04;0.62;0
1142;supply_node;2948.57;15.46;1480.08;3.81;0
1143;arms_factory;2765.00;15.52;1898.00;3.34;0
1143;industrial_complex;2764.76;15.58;1898.96;4.94;0
1143;air_base;2764.08;15.58;1899.68;0.76;0
1143;anti_air_building;2763.14;15.64;1899.99;6.02;0
1143;synthetic_refinery;2762.17;15.70;1899.82;4.50;0
1143;fuel_silo;2761.40;15.70;1899.20;3.58;0
1143;radar_station;2761.02;15.76;1898.28;0.51;0
1143;rocket_site;2761.13;15.76;1897.30;5.65;0
1143;nuclear_reactor;2761.69;15.76;1896.49;5.67;0
1143;bunker;2762.58;15.70;1896.04;3.32;0
1143;supply_node;2763.57;15.64;1896.08;1.87;0
1144;arms_factory;2706.00;15.34;1781.00;3.81;0
1144;industrial_complex;2705.76;15.34;1781.96;1.03;0
1144;air_base;2705.08;15.27;1782.68;2.38;0
1144;anti_air_building;2704.14;15.27;1782.99;3.59;0
1144;synthetic_refinery;2703.17;15.27;1782.82;4.28;0
1144;fuel_silo;2702.40;15.27;1782.20;1.19;0
1144;radar_station;2702.02;15.34;1781.28;6.12;0
1144;rocket_site;2702.13;15.34;1780.30;4.41;0
1144;nuclear_reactor;2702.69;15.40;1779.49;2.54;0
1144;bunker;2703.58;15.34;1779.04;5.26;0
1144;supply_node;2704.57;15.40;1779.08;2.46;0
1145;arms_factory;2830.00;15.27;1421.00;1.07;0
1145;industrial_complex;2829.76;15.27;1421.96;4.77;0
1145;air_base;2829.08;15.27;1422.68;5.81;0
1145;anti_air_building;2828.14;15.27;1422.99;0.55;0
1145;synthetic_refinery;2827.17;15.27;1422.82;2.36;0
1145;fuel_silo;2826.40;15.27;1422.20;0.31;0
1145;radar_station;2826.02;15.27;1421.28;4.48;0
1145;rocket_site;2826.13;15.27;1420.30;5.55;0
1145;nuclear_reactor;2826.69;15.27;1419.49;1.15;0
1145;bunker;2827.58;15.27;1419.04;1.65;0
1145;supply_node;2828.57;15.27;1419.08;3.80;0
1146;arms_factory;2845.00;17.40;1803.00;1.12;0
1146;industrial_complex;2844.76;17.28;1803.96;1.12;0
1146;air_base;2844.08;17.16;1804.68;5.21;0
1146;anti_air_building;2843.14;17.10;1804.99;3.23;0
1146;synthetic_refinery;2842.17;17.04;1804.82;2.94;0
1146;fuel_silo;2841.40;16.98;1804.20;5.33;0
1146;radar_station;2841.02;17.04;1803.28;1.88;0
1146;rocket_site;2841.13;17.28;1802.30;3.58;0
1146;nuclear_reactor;2841.69;17.40;1801.49;1.92;0
1146;bunker;2842.58;17.46;1801.04;5.22;0
1146;supply_node;2843.57;17.52;1801.08;5.79;0
1147;arms_factory;2884.00;15.27;1718.00;3.17;0
1147;industrial_complex;2883.76;15.27;1718.96;2.42;0
1147;air_base;2883.08;15.27;1719.68;2.64;0
1147;anti_air_building;2882.14;15.27;1719.99;1.46;0
1147;synthetic_refinery;2881.17;15.34;1719.82;4.44;0
1147;fuel_silo;2880.40;15.34;1719.20;3.43;0
1147;radar_station;2880.02;15.34;1718.28;1.24;0
1147;rocket_site;2880.13;15.34;1717.30;4.48;0
1147;nuclear_reactor;2880.69;15.34;1716.49;3.84;0
1147;bunker;2881.58;15.34;1716.04;0.13;0
1147;supply_node;2882.57;15.34;1716.08;5.32;0
1148;arms_factory;1465.00;15.52;258.00;0.35;0
1148;industrial_complex;1464.76;15.52;258.96;0.40;0
1148;air_base;1464.08;15.52;259.68;3.28;0
1148;anti_air_building;1463.14;15.52;259.99;2.87;0
1148;synthetic_refinery;1462.17;15.46;259.82;5.78;0
1148;fuel_silo;1461.40;15.46;259.20;3.76;0
1148;radar_station;1461.02;15.46;258.28;4.01;0
1148;rocket_site;1461.13;15.58;257.30;5.73;0
1148;nuclear_reactor;1461.69;15.58;256.49;5.49;0
1148;bunker;1462.58;15.58;256.04;2.72;0
1148;supply_node;1463.57;15.58;256.08;4.92;0
1149;arms_factory;1506.00;15.34;262.00;5.85;0
1149;industrial_complex;1505.76;15.34;262.96;0.61;0
1149;air_base;1505.08;15.34;263.68;5.50;0
1149;anti_air_building;1504.14;15.34;263.99;3.68;0
1149;synthetic_refinery;1503.17;15.34;263.82;4.30;0
1149;fuel_silo;1502.40;15.34;263.20;3.42;0
1149;radar_station;1502.02;15.34;262.28;1.63;0
1149;rocket_site;1502.13;15.34;261.30;4.70;0
1149;nuclear_reactor;1502.69;15.40;260.49;2.60;0
1149;bunker;1503.58;15.34;260.04;0.72;0
1149;supply_node;1504.57;15.34;260.08;0.09;0
1150;arms_factory;1437.00;15.27;250.00;0.23;0
1150;industrial_complex;1436.76;15.34;250.96;0.75;0
1150;air_base;1436.08;15.27;251.68;1.91;0
1150;anti_air_building;1435.14;15.27;251.99;0.23;0
1150;synthetic_refinery;1434.17;15.27;251.82;0.02;0
1150;fuel_silo;1433.40;15.27;251.20;3.11;0
1150;radar_station;1433.02;15.27;250.28;0.99;0
1150;rocket_site;1433.13;15.27;249.30;0.95;0
1150;nuclear_reactor;1433.69;15.27;248.49;0.20;0
1150;bunker;1434.58;15.34;248.04;4.17;0
1150;supply_node;1435.57;15.34;248.08;0.39;0
1151;arms_factory;2273.00;15.27;1117.00;0.80;0
1151;industrial_complex;2272.76;15.27;1117.96;3.56;0
1151;air_base;2272.08;15.27;1118.68;1.18;0
1151;anti_air_building;2271.14;15.27;1118.99;4.47;0
1151;synthetic_refinery;2270.17;15.27;1118.82;5.50;0
1151;fuel_silo;2269.40;15.27;1118.20;4.54;0
1151;radar_station;2269.02;15.27;1117.28;6.00;0
1151;rocket_site;2269.13;15.27;1116.30;0.56;0
1151;nuclear_reactor;2269.69;15.27;1115.49;3.99;0
1151;bunker;2270.58;15.34;1115.04;0.86;0
1151;supply_node;2271.57;15.34;1115.08;1.21;0
1152;arms_factory;2272.00;15.27;997.00;3.71;0
1152;industrial_complex;2271.76;15.27;997.96;1.02;0
1152;air_base;2271.08;15.27;998.68;0.32;0
1152;anti_air_building;2270.14;15.27;998.99;4.84;0
1152;synthetic_refinery;2269.17;15.27;998.82;3.22;0
1152;fuel_silo;2268.40;15.27;998.20;4.16;0
1152;radar_station;2268.02;15.27;997.28;3.25;0
1152;rocket_site;2268.13;15.27;996.30;1.67;0
1152;nuclear_reactor;2268.69;15.27;995.49;5.34;0
1152;bunker;2269.58;15.27;995.04;1.62;0
1152;supply_node;2270.57;15.27;995.08;0.63;0
1153;arms_factory;2250.00;15.70;1056.00;0.97;0
1153;industrial_complex;2249.76;15.70;1056.96;0.68;0
1153;air_base;2249.08;15.70;1057.68;4.92;0
1153;anti_air_building;2248.14;15.76;1057.99;0.12;0
1153;synthetic_refinery;2247.17;15.70;1057.82;2.87;0
1153;fuel_silo;2246.40;15.76;1057.20;1.44;0
1153;radar_station;2246.02;15.64;1056.28;2.35;0
1153;rocket_site;2246.13;15.70;1055.30;0.98;0
1153;nuclear_reactor;2246.69;15.70;1054.49;4.37;0
1153;bunker;2247.58;15.76;1054.04;4.43;0
1153;supply_node;2248.57;15.76;1054.08;0.47;0
1154;arms_factory;1027.00;15.52;169.00;4.65;0
1154;industrial_complex;1026.76;15.52;169.96;2.21;0
1154;air_base;1026.08;15.58;170.68;2.45;0
1154;anti_air_building;1025.14;15.58;170.99;3.49;0
1154;synthetic_refinery;1024.17;15.58;170.82;4.25;0
1154;fuel_silo;1023.40;15.58;170.20;0.71;0
1154;radar_station;1023.02;15.58;169.28;2.40;0
1154;rocket_site;1023.13;15.52;168.30;5.27;0
1154;nuclear_reactor;1023.69;15.52;167.49;0.26;0
1154;bunker;1024.58;15.52;167.04;1.28;0
1154;supply_node;1025.57;15.52;167.08;5.21;0
1155;arms_factory;1051.00;15.64;291.00;0.42;0
1155;industrial_complex;1050.76;15.64;291.96;5.48;0
1155;air_base;1050.08;15.58;292.68;5.48;0
1155;anti_air_building;1049.14;15.58;292.99;5.03;0
1155;synthetic_refinery;1048.17;15.52;292.82;1.22;0
1155;fuel_silo;1047.40;15.52;292.20;0.25;0
1155;radar_station;1047.02;15.58;291.28;3.29;0
1155;rocket_site;1047.13;15.52;290.30;6.20;0
1155;nuclear_reactor;1047.69;15.46;289.49;0.82;0
1155;bunker;1048.58;15.52;289.04;0.70;0
1155;supply_node;1049.57;15.58;289.08;1.56;0
1156;arms_factory;1103.00;15.34;239.00;1.64;0
1156;industrial_complex;1102.76;15.34;239.96;3.90;0
1156;air_base;1102.08;15.34;240.68;2.42;0
1156;anti_air_building;1101.14;15.40;240.99;5.16;0
1156;synthetic_refinery;1100.17;15.46;240.82;0.64;0
1156;fuel_silo;1099.40;15.46;240.20;1.61;0
1156;radar_station;1099.02;15.46;239.28;3.30;0
1156;rocket_site;1099.13;15.46;238.30;3.53;0
1156;nuclear_reactor;1099.69;15.40;237.49;4.22;0
1156;bunker;1100.58;15.40;237.04;0.76;0
1156;supply_node;1101.57;15.40;237.08;5.28;0
1157;arms_factory;1046.00;15.58;196.00;6.00;0
1157;industrial_complex;1045.76;15.58;196.96;4.35;0
1157;air_base;1045.08;15.58;197.68;1.85;0
1157;anti_air_building;1044.14;15.52;197.99;3.63;0
1157;synthetic_refinery;1043.17;15.46;197.82;2.79;0
1157;fuel_silo;1042.40;15.46;197.20;2.71;0
1157;radar_station;1042.02;15.46;196.28;3.15;0
1157;rocket_site;1042.13;15.52;195.30;5.07;0
1157;nuclear_reactor;1042.69;15.52;194.49;5.05;0
1157;bunker;1043.58;15.58;194.04;5.58;0
1157;supply_node;1044.57;15.58;194.08;2.77;0
1158;arms_factory;1075.00;15.52;306.00;0.70;0
1158;industrial_complex;1074.76;15.58;306.96;4.86;0
1158;air_base;1074.08;15.58;307.68;2.94;0
1158;anti_air_building;1073.14;15.58;307.99;5.67;0
1158;synthetic_refinery;1072.17;15.70;307.82;0.49;0
1158;fuel_silo;1071.40;15.70;307.20;2.57;0
1158;radar_station;1071.02;15.70;306.28;2.77;0
1158;rocket_site;1071.13;15.76;305.30;4.26;0
1158;nuclear_reactor;1071.69;15.70;304.49;4.12;0
1158;bunker;1072.58;15.64;304.04;1.03;0
1158;supply_node;1073.57;15.64;304.08;0.61;0
1159;arms_factory;2396.00;15.27;1146.00;5.75;0
1159;industrial_complex;2395.76;15.27;1146.96;4.02;0
1159;air_base;2395.08;15.27;1147.68;3.35;0
1159;anti_air_building;2394.14;15.27;1147.99;2.97;0
1159;synthetic_refinery;2393.17;15.27;1147.82;2.54;0
1159;fuel_silo;2392.40;15.27;1147.20;4.10;0
1159;radar_station;2392.02;15.27;1146.28;2.27;0
1159;rocket_site;2392.13;15.27;1145.30;3.30;0
1159;nuclear_reactor;2392.69;15.27;1144.49;6.18;0
1159;bunker;2393.58;15.27;1144.04;0.62;0
1159;supply_node;2394.57;15.27;1144.08;3.83;0
1160;arms_factory;2300.00;15.27;1056.00;1.71;0
1160;industrial_complex;2299.76;15.27;1056.96;4.32;0
1160;air_base;2299.08;15.27;1057.68;0.97;0
1160;anti_air_building;2298.14;15.27;1057.99;2.36;0
1160;synthetic_refinery;2297.17;15.27;1057.82;2.87;0
1160;fuel_silo;2296.40;15.27;1057.20;2.47;0
1160;radar_station;2296.02;15.27;1056.28;4.84;0
1160;rocket_site;2296.13;15.27;1055.30;1.65;0
1160;nuclear_reactor;2296.69;15.27;1054.49;4.93;0
1160;bunker;2297.58;15.27;1054.04;2.19;0
1160;supply_node;2298.57;15.27;1054.08;2.00;0
1161;arms_factory;2407.00;15.27;1126.00;4.27;0
1161;industrial_complex;2406.76;15.27;1126.96;5.46;0
1161;air_base;2406.08;15.27;1127.68;1.85;0
1161;anti_air_building;2405.14;15.27;1127.99;0.34;0
1161;synthetic_refinery;2404.17;15.27;1127.82;2.99;0
1161;fuel_silo;2403.40;15.27;1127.20;3.66;0
1161;radar_station;2403.02;15.27;1126.28;6.14;0
1161;rocket_site;2403.13;15.27;1125.30;2.47;0
1161;nuclear_reactor;2403.69;15.27;1124.49;4.71;0
1161;bunker;2404.58;15.27;1124.04;2.78;0
1161;supply_node;2405.57;15.27;1124.08;2.97;0
1162;arms_factory;2361.00;15.27;1083.00;2.12;0
1162;industrial_complex;2360.76;15.27;1083.96;0.29;0
1162;air_base;2360.08;15.34;1084.68;4.35;0
1162;anti_air_building;2359.14;15.34;1084.99;4.62;0
1162;synthetic_refinery;2358.17;15.34;1084.82;4.03;0
1162;fuel_silo;2357.40;15.34;1084.20;4.45;0
1162;radar_station;2357.02;15.34;1083.28;3.62;0
1162;rocket_site;2357.13;15.34;1082.30;4.68;0
1162;nuclear_reactor;2357.69;15.27;1081.49;1.91;0
1162;bunker;2358.58;15.27;1081.04;0.67;0
1162;supply_node;2359.57;15.27;1081.08;0.84;0
1163;arms_factory;2341.00;15.58;1083.00;1.79;0
1163;industrial_complex;2340.76;15.58;1083.96;0.40;0
1163;air_base;2340.08;15.64;1084.68;2.45;0
1163;anti_air_building;2339.14;15.58;1084.99;0.33;0
1163;synthetic_refinery;2338.17;15.64;1084.82;1.00;0
1163;fuel_silo;2337.40;15.58;1084.20;3.03;0
1163;radar_station;2337.02;15.58;1083.28;2.20;0
1163;rocket_site;2337.13;15.52;1082.30;6.05;0
1163;nuclear_reactor;2337.69;15.58;1081.49;0.61;0
1163;bunker;2338.58;15.58;1081.04;5.52;0
1163;supply_node;2339.57;15.64;1081.08;2.16;0
1164;arms_factory;2375.00;15.40;1121.00;5.32;0
1164;industrial_complex;2374.76;15.34;1121.96;0.95;0
1164;air_base;2374.08;15.34;1122.68;2.39;0
1164;anti_air_building;2373.14;15.34;1122.99;3.32;0
1164;synthetic_refinery;2372.17;15.34;1122.82;3.62;0
1164;fuel_silo;2371.40;15.27;1122.20;4.47;0
1164;radar_station;2371.02;15.34;1121.28;0.79;0
1164;rocket_site;2371.13;15.34;1120.30;5.10;0
1164;nuclear_reactor;2371.69;15.34;1119.49;4.80;0
1164;bunker;2372.58;15.34;1119.04;0.29;0
1164;supply_node;2373.57;15.40;1119.08;1.35;0
1165;arms_factory;2838.00;15.27;1140.00;3.71;0
1165;industrial_complex;2837.76;15.27;1140.96;6.18;0
1165;air_base;2837.08;15.27;1141.68;2.91;0
1165;anti_air_building;2836.14;15.27;1141.99;5.00;0
1165;synthetic_refinery;2835.17;15.27;1141.82;0.30;0
1165;fuel_silo;2834.40;15.27;1141.20;5.08;0
1165;radar_station;2834.02;15.27;1140.28;4.36;0
1165;rocket_site;2834.13;15.27;1139.30;4.19;0
1165;nuclear_reactor;2834.69;15.27;1138.49;4.53;0
1165;bunker;2835.58;15.27;1138.04;2.24;0
1165;supply_node;2836.57;15.27;1138.08;2.30;0
1166;arms_factory;2766.00;15.27;1053.00;1.36;0
1166;industrial_complex;2765.76;15.27;1053.96;0.81;0
1166;air_base;2765.08;15.27;1054.68;5.82;0
1166;anti_air_building;2764.14;15.27;1054.99;1.15;0
1166;synthetic_refinery;2763.17;15.27;1054.82;4.06;0
1166;fuel_silo;2762.40;15.27;1054.20;3.12;0
1166;radar_station;2762.02;15.27;1053.28;3.98;0
1166;rocket_site;2762.13;15.27;1052.30;3.58;0
1166;nuclear_reactor;2762.69;15.27;1051.49;2.11;0
1166;bunker;2763.58;15.27;1051.04;4.47;0
1166;supply_node;2764.57;15.27;1051.08;4.31;0
1167;arms_factory;2888.00;15.46;1152.00;3.73;0
1167;industrial_complex;2887.76;15.52;1152.96;0.71;0
1167;air_base;2887.08;15.52;1153.68;2.49;0
1167;anti_air_building;2886.14;15.52;1153.99;1.12;0
1167;synthetic_refinery;2885.17;15.52;1153.82;5.99;0
1167;fuel_silo;2884.40;15.58;1153.20;2.96;0
1167;radar_station;2884.02;15.58;1152.28;0.05;0
1167;rocket_site;2884.13;15.52;1151.30;2.71;0
1167;nuclear_reactor;2884.69;15.52;1150.49;0.98;0
1167;bunker;2885.58;15.52;1150.04;5.70;0
1167;supply_node;2886.57;15.52;1150.08;2.67;0
1168;arms_factory;2816.00;15.46;1133.00;1.79;0
1168;industrial_complex;2815.76;15.46;1133.96;0.32;0
1168;air_base;2815.08;15.46;1134.68;6.15;0
1168;anti_air_building;2814.14;15.46;1134.99;3.52;0
1168;synthetic_refinery;2813.17;15.46;1134.82;4.97;0
1168;fuel_silo;2812.40;15.46;1134.20;4.79;0
1168;radar_station;2812.02;15.46;1133.28;1.36;0
1168;rocket_site;2812.13;15.46;1132.30;2.50;0
1168;nuclear_reactor;2812.69;15.46;1131.49;1.91;0
1168;bunker;2813.58;15.46;1131.04;0.47;0
1168;supply_node;2814.57;15.46;1131.08;1.10;0
1169;arms_factory;2668.00;15.34;1269.00;4.29;0
1169;industrial_complex;2667.76;15.34;1269.96;5.76;0
1169;air_base;2667.08;15.34;1270.68;3.31;0
1169;anti_air_building;2666.14;15.34;1270.99;0.73;0
1169;synthetic_refinery;2665.17;15.34;1270.82;0.38;0
1169;fuel_silo;2664.40;15.34;1270.20;5.79;0
1169;radar_station;2664.02;15.34;1269.28;5.41;0
1169;rocket_site;2664.13;15.34;1268.30;1.03;0
1169;nuclear_reactor;2664.69;15.34;1267.49;2.90;0
1169;bunker;2665.58;15.34;1267.04;2.40;0
1169;supply_node;2666.57;15.34;1267.08;3.90;0
1170;arms_factory;2681.00;15.27;1319.00;5.30;0
1170;industrial_complex;2680.76;15.34;1319.96;4.82;0
1170;air_base;2680.08;15.34;1320.68;1.59;0
1170;anti_air_building;2679.14;15.34;1320.99;5.44;0
1170;synthetic_refinery;2678.17;15.27;1320.82;1.84;0
1170;fuel_silo;2677.40;15.34;1320.20;1.45;0
1170;radar_station;2677.02;15.34;1319.28;0.10;0
1170;rocket_site;2677.13;15.34;1318.30;3.35;0
1170;nuclear_reactor;2677.69;15.34;1317.49;0.56;0
1170;bunker;2678.58;15.34;1317.04;0.28;0
1170;supply_node;2679.57;15.34;1317.08;3.24;0
1171;arms_factory;2601.00;15.27;1243.00;6.19;0
1171;industrial_complex;2600.76;15.27;1243.96;1.24;0
1171;air_base;2600.08;15.27;1244.68;2.88;0
1171;anti_air_building;2599.14;15.27;1244.99;3.15;0
1171;synthetic_refinery;2598.17;15.27;1244.82;1.40;0
1171;fuel_silo;2597.40;15.27;1244.20;6.13;0
1171;radar_station;2597.02;15.27;1243.28;3.29;0
1171;rocket_site;2597.13;15.27;1242.30;0.39;0
1171;nuclear_reactor;2597.69;15.27;1241.49;1.43;0
1171;bunker;2598.58;15.27;1241.04;3.96;0
1171;supply_node;2599.57;15.27;1241.08;5.53;0
1172;arms_factory;2659.00;15.27;1290.00;5.75;0
1172;industrial_complex;2658.76;15.27;1290.96;5.19;0
1172;air_base;2658.08;15.27;1291.68;3.21;0
1172;anti_air_building;2657.14;15.27;1291.99;3.23;0
1172;synthetic_refinery;2656.17;15.27;1291.82;5.89;0
1172;fuel_silo;2655.40;15.27;1291.20;6.05;0
1172;radar_station;2655.02;15.27;1290.28;6.22;0
1172;rocket_site;2655.13;15.27;1289.30;1.67;0
1172;nuclear_reactor;2655.69;15.27;1288.49;1.62;0
1172;bunker;2656.58;15.27;1288.04;5.11;0
1172;supply_node;2657.57;15.27;1288.08;2.55;0
1173;arms_factory;2678.00;15.27;1293.00;3.57;0
1173;industrial_complex;2677.76;15.27;1293.96;1.13;0
1173;air_base;2677.08;15.27;1294.68;2.12;0
1173;anti_air_building;2676.14;15.34;1294.99;3.49;0
1173;synthetic_refinery;2675.17;15.34;1294.82;5.28;0
1173;fuel_silo;2674.40;15.34;1294.20;0.81;0
1173;radar_station;2674.02;15.34;1293.28;3.62;0
1173;rocket_site;2674.13;15.34;1292.30;5.48;0
1173;nuclear_reactor;2674.69;15.34;1291.49;2.96;0
1173;bunker;2675.58;15.34;1291.04;3.69;0
1173;supply_node;2676.57;15.34;1291.08;4.82;0
1174;arms_factory;2624.00;15.27;1259.00;0.07;0
1174;industrial_complex;2623.76;15.27;1259.96;0.21;0
1174;air_base;2623.08;15.27;1260.68;5.93;0
1174;anti_air_building;2622.14;15.27;1260.99;5.56;0
1174;synthetic_refinery;2621.17;15.27;1260.82;2.87;0
1174;fuel_silo;2620.40;15.27;1260.20;3.35;0
1174;radar_station;2620.02;15.27;1259.28;4.42;0
1174;rocket_site;2620.13;15.27;1258.30;4.65;0
1174;nuclear_reactor;2620.69;15.27;1257.49;1.10;0
1174;bunker;2621.58;15.27;1257.04;4.36;0
1174;supply_node;2622.57;15.27;1257.08;2.69;0
1175;arms_factory;2579.00;15.27;1213.00;3.39;0
1175;industrial_complex;2578.76;15.27;1213.96;2.56;0
1175;air_base;2578.08;15.27;1214.68;1.75;0
1175;anti_air_building;2577.14;15.27;1214.99;4.53;0
1175;synthetic_refinery;2576.17;15.27;1214.82;0.51;0
1175;fuel_silo;2575.40;15.27;1214.20;0.46;0
1175;radar_station;2575.02;15.27;1213.28;3.62;0
1175;rocket_site;2575.13;15.27;1212.30;3.66;0
1175;nuclear_reactor;2575.69;15.27;1211.49;0.25;0
1175;bunker;2576.58;15.27;1211.04;1.73;0
1175;supply_node;2577.57;15.27;1211.08;3.88;0
1176;arms_factory;2644.00;15.27;1277.00;0.41;0
1176;industrial_complex;2643.76;15.27;1277.96;4.58;0
1176;air_base;2643.08;15.27;1278.68;1.13;0
1176;anti_air_building;2642.14;15.27;1278.99;1.05;0
1176;synthetic_refinery;2641.17;15.27;1278.82;3.63;0
1176;fuel_silo;2640.40;15.27;1278.20;6.08;0
1176;radar_station;2640.02;15.27;1277.28;4.29;0
1176;rocket_site;2640.13;15.27;1276.30;4.13;0
1176;nuclear_reactor;2640.69;15.27;1275.49;0.74;0
1176;bunker;2641.58;15.27;1275.04;0.91;0
1176;supply_node;2642.57;15.27;1275.08;3.97;0
1177;arms_factory;2685.00;15.40;1263.00;1.10;0
1177;industrial_complex;2684.76;15.40;1263.96;0.46;0
1177;air_base;2684.08;15.40;1264.68;4.06;0
1177;anti_air_building;2683.14;15.40;1264.99;0.96;0
1177;synthetic_refinery;2682.17;15.40;1264.82;5.90;0
1177;fuel_silo;2681.40;15.40;1264.20;1.69;0
1177;radar_station;2681.02;15.40;1263.28;4.07;0
1177;rocket_site;2681.13;15.40;1262.30;2.42;0
1177;nuclear_reactor;2681.69;15.40;1261.49;0.33;0
1177;bunker;2682.58;15.40;1261.04;5.23;0
1177;supply_node;2683.57;15.40;1261.08;5.54;0
1178;arms_factory;1449.00;15.46;595.00;0.43;0
1178;industrial_complex;1448.76;15.46;595.96;3.60;0
1178;air_base;1448.08;15.46;596.68;4.28;0
1178;anti_air_building;1447.14;15.40;596.99;1.48;0
1178;synthetic_refinery;1446.17;15.40;596.82;5.63;0
1178;fuel_silo;1445.40;15.40;596.20;2.04;0
1178;radar_station;1445.02;15.40;595.28;4.13;0
1178;rocket_site;1445.13;15.40;594.30;0.11;0
1178;nuclear_reactor;1445.69;15.34;593.49;5.28;0
1178;bunker;1446.58;15.34;593.04;2.18;0
1178;supply_node;1447.57;15.34;593.08;5.30;0
1179;arms_factory;1461.00;15.64;643.00;1.90;0
1179;industrial_complex;1460.76;15.70;643.96;1.40;0
1179;air_base;1460.08;15.64;644.68;4.39;0
1179;anti_air_building;1459.14;15.70;644.99;5.40;0
1179;synthetic_refinery;1458.17;15.70;644.82;3.20;0
1179;fuel_silo;1457.40;15.64;644.20;2.84;0
1179;radar_station;1457.02;15.76;643.28;1.68;0
1179;rocket_site;1457.13;15.82;642.30;2.43;0
1179;nuclear_reactor;1457.69;15.82;641.49;2.78;0
1179;bunker;1458.58;15.82;641.04;3.71;0
1179;supply_node;1459.57;15.76;641.08;0.61;0
1180;arms_factory;1419.00;15.27;634.00;3.76;0
1180;industrial_complex;1418.76;15.27;634.96;4.40;0
1180;air_base;1418.08;15.27;635.68;6.23;0
1180;anti_air_building;1417.14;15.27;635.99;6.23;0
1180;synthetic_refinery;1416.17;15.27;635.82;3.09;0
1180;fuel_silo;1415.40;15.27;635.20;0.86;0
1180;radar_station;1415.02;15.27;634.28;3.09;0
1180;rocket_site;1415.13;15.27;633.30;2.32;0
1180;nuclear_reactor;1415.69;15.27;632.49;4.65;0
1180;bunker;1416.58;15.27;632.04;5.94;0
1180;supply_node;1417.57;15.27;632.08;0.62;0
1181;arms_factory;1430.00;15.34;596.00;1.01;0
1181;industrial_complex;1429.76;15.34;596.96;2.44;0
1181;air_base;1429.08;15.34;597.68;4.03;0
1181;anti_air_building;1428.14;15.34;597.99;5.37;0
1181;synthetic_refinery;1427.17;15.34;597.82;3.52;0
1181;fuel_silo;1426.40;15.34;597.20;0.72;0
1181;radar_station;1426.02;15.34;596.28;2.16;0
1181;rocket_site;1426.13;15.34;595.30;3.32;0
1181;nuclear_reactor;1426.69;15.34;594.49;4.67;0
1181;bunker;1427.58;15.34;594.04;0.25;0
1181;supply_node;1428.57;15.34;594.08;4.19;0
1182;arms_factory;1436.00;15.40;620.00;1.31;0
1182;industrial_complex;1435.76;15.40;620.96;3.04;0
1182;air_base;1435.08;15.34;621.68;3.76;0
1182;anti_air_building;1434.14;15.34;621.99;5.38;0
1182;synthetic_refinery;1433.17;15.34;621.82;3.00;0
1182;fuel_silo;1432.40;15.34;621.20;4.34;0
1182;radar_station;1432.02;15.34;620.28;5.83;0
1182;rocket_site;1432.13;15.40;619.30;6.16;0
1182;nuclear_reactor;1432.69;15.40;618.49;2.94;0
1182;bunker;1433.58;15.40;618.04;0.42;0
1182;supply_node;1434.57;15.40;618.08;1.10;0
1183;arms_factory;1410.00;15.27;592.00;0.57;0
1183;industrial_complex;1409.76;15.27;592.96;2.72;0
1183;air_base;1409.08;15.27;593.68;2.61;0
1183;anti_air_building;1408.14;15.27;593.99;4.15;0
1183;synthetic_refinery;1407.17;15.27;593.82;5.48;0
1183;fuel_silo;1406.40;15.27;593.20;2.57;0
1183;radar_station;1406.02;15.27;592.28;0.93;0
1183;rocket_site;1406.13;15.27;591.30;3.60;0
1183;nuclear_reactor;1406.69;15.27;590.49;0.36;0
1183;bunker;1407.58;15.27;590.04;2.58;0
1183;supply_node;1408.57;15.27;590.08;0.17;0
1184;arms_factory;2147.00;15.27;1512.00;2.55;0
1184;industrial_complex;2146.76;15.27;1512.96;2.84;0
1184;air_base;2146.08;15.27;1513.68;2.81;0
1184;anti_air_building;2145.14;15.27;1513.99;0.64;0
1184;synthetic_refinery;2144.17;15.27;1513.82;1.46;0
1184;fuel_silo;2143.40;15.27;1513.20;5.87;0
1184;radar_station;2143.02;15.27;1512.28;4.79;0
1184;rocket_site;2143.13;15.27;1511.30;3.04;0
1184;nuclear_reactor;2143.69;15.27;1510.49;3.85;0
1184;bunker;2144.58;15.27;1510.04;6.04;0
1184;supply_node;2145.57;15.27;1510.08;3.83;0
1185;arms_factory;2174.00;15.27;1526.00;4.21;0
1185;industrial_complex;2173.76;15.27;1526.96;1.67;0
1185;air_base;2173.08;15.27;1527.68;0.13;0
1185;anti_air_building;2172.14;15.27;1527.99;1.72;0
1185;synthetic_refinery;2171.17;15.27;1527.82;3.75;0
1185;fuel_silo;2170.40;15.27;1527.20;4.71;0
1185;radar_station;2170.02;15.27;1526.28;4.15;0
1185;rocket_site;2170.13;15.27;1525.30;5.36;0
1185;nuclear_reactor;2170.69;15.27;1524.49;2.31;0
1185;bunker;2171.58;15.27;1524.04;2.77;0
1185;supply_node;2172.57;15.27;1524.08;3.81;0
1186;arms_factory;2569.00;15.27;1595.00;1.75;0
1186;industrial_complex;2568.76;15.27;1595.96;3.73;0
1186;air_base;2568.08;15.27;1596.68;0.23;0
1186;anti_air_building;2567.14;15.27;1596.99;4.57;0
1186;synthetic_refinery;2566.17;15.27;1596.82;4.87;0
1186;fuel_silo;2565.40;15.27;1596.20;5.08;0
1186;radar_station;2565.02;15.27;1595.28;1.91;0
1186;rocket_site;2565.13;15.27;1594.30;5.27;0
1186;nuclear_reactor;2565.69;15.34;1593.49;3.77;0
1186;bunker;2566.58;15.27;1593.04;5.65;0
1186;supply_node;2567.57;15.27;1593.08;1.49;0
1187;arms_factory;2533.00;15.27;1591.00;5.83;0
1187;industrial_complex;2532.76;15.27;1591.96;6.11;0
1187;air_base;2532.08;15.27;1592.68;2.14;0
1187;anti_air_building;2531.14;15.27;1592.99;1.50;0
1187;synthetic_refinery;2530.17;15.27;1592.82;6.21;0
1187;fuel_silo;2529.40;15.27;1592.20;1.98;0
1187;radar_station;2529.02;15.27;1591.28;0.91;0
1187;rocket_site;2529.13;15.27;1590.30;0.77;0
1187;nuclear_reactor;2529.69;15.27;1589.49;0.27;0
1187;bunker;2530.58;15.27;1589.04;3.68;0
1187;supply_node;2531.57;15.27;1589.08;5.03;0
1188;arms_factory;2549.00;15.27;1586.00;3.59;0
1188;industrial_complex;2548.76;15.27;1586.96;5.66;0
1188;air_base;2548.08;15.27;1587.68;0.32;0
1188;anti_air_building;2547.14;15.27;1587.99;5.05;0
1188;synthetic_refinery;2546.17;15.27;1587.82;1.13;0
1188;fuel_silo;2545.40;15.27;1587.20;4.58;0
1188;radar_station;2545.02;15.27;1586.28;2.40;0
1188;rocket_site;2545.13;15.27;1585.30;3.76;0
1188;nuclear_reactor;2545.69;15.27;1584.49;5.12;0
1188;bunker;2546.58;15.27;1584.04;4.56;0
1188;supply_node;2547.57;15.27;1584.08;3.62;0
1189;arms_factory;2573.00;15.27;1549.00;2.05;0
1189;industrial_complex;2572.76;15.27;1549.96;3.39;0
1189;air_base;2572.08;15.27;1550.68;2.69;0
1189;anti_air_building;2571.14;15.27;1550.99;3.91;0
1189;synthetic_refinery;2570.17;15.27;1550.82;1.62;0
1189;fuel_silo;2569.40;15.27;1550.20;5.13;0
1189;radar_station;2569.02;15.27;1549.28;5.96;0
1189;rocket_site;2569.13;15.27;1548.30;4.61;0
1189;nuclear_reactor;2569.69;15.27;1547.49;3.60;0
1189;bunker;2570.58;15.27;1547.04;1.07;0
1189;supply_node;2571.57;15.27;1547.08;5.95;0
1190;arms_factory;1554.00;15.27;485.00;0.93;0
1190;industrial_complex;1553.76;15.27;485.96;5.91;0
1190;air_base;1553.08;15.27;486.68;4.88;0
1190;anti_air_building;1552.14;15.27;486.99;0.65;0
1190;synthetic_refinery;1551.17;15.27;486.82;5.99;0
1190;fuel_silo;1550.40;15.27;486.20;4.50;0
1190;radar_station;1550.02;15.27;485.28;1.93;0
1190;rocket_site;1550.13;15.27;484.30;5.71;0
1190;nuclear_reactor;1550.69;15.27;483.49;0.81;0
1190;bunker;1551.58;15.27;483.04;6.19;0
1190;supply_node;1552.57;15.27;483.08;0.22;0
1191;arms_factory;1591.00;15.34;469.00;2.13;0
1191;industrial_complex;1590.76;15.40;469.96;4.93;0
1191;air_base;1590.08;15.34;470.68;4.11;0
1191;anti_air_building;1589.14;15.34;470.99;3.52;0
1191;synthetic_refinery;1588.17;15.34;470.82;2.87;0
1191;fuel_silo;1587.40;15.34;470.20;3.56;0
1191;radar_station;1587.02;15.40;469.28;2.61;0
1191;rocket_site;1587.13;15.40;468.30;6.16;0
1191;nuclear_reactor;1587.69;15.40;467.49;1.68;0
1191;bunker;1588.58;15.40;467.04;0.61;0
1191;supply_node;1589.57;15.40;467.08;2.14;0
1192;arms_factory;1230.00;15.40;27.00;4.76;0
1192;industrial_complex;1229.76;15.40;27.96;0.02;0
1192;air_base;1229.08;15.40;28.68;1.11;0
1192;anti_air_building;1228.14;15.40;28.99;1.27;0
1192;synthetic_refinery;1227.17;15.46;28.82;5.28;0
1192;fuel_silo;1226.40;15.46;28.20;0.69;0
1192;radar_station;1226.02;15.40;27.28;3.66;0
1192;rocket_site;1226.13;15.40;26.30;4.00;0
1192;nuclear_reactor;1226.69;15.40;25.49;6.14;0
1192;bunker;1227.58;15.40;25.04;6.07;0
1192;supply_node;1228.57;15.40;25.08;4.98;0
1193;arms_factory;1213.00;15.46;42.00;4.62;0
1193;industrial_complex;1212.76;15.46;42.96;0.78;0
1193;air_base;1212.08;15.46;43.68;1.58;0
1193;anti_air_building;1211.14;15.40;43.99;6.25;0
1193;synthetic_refinery;1210.17;15.46;43.82;2.64;0
1193;fuel_silo;1209.40;15.40;43.20;1.55;0
1193;radar_station;1209.02;15.40;42.28;5.00;0
1193;rocket_site;1209.13;15.40;41.30;0.97;0
1193;nuclear_reactor;1209.69;15.40;40.49;4.36;0
1193;bunker;1210.58;15.46;40.04;4.06;0
1193;supply_node;1211.57;15.46;40.08;1.00;0
1194;arms_factory;983.00;15.52;1579.00;3.03;0
1194;industrial_complex;982.76;15.64;1579.96;0.90;0
1194;air_base;982.08;15.58;1580.68;0.37;0
1194;anti_air_building;981.14;15.64;1580.99;5.29;0
1194;synthetic_refinery;980.17;15.64;1580.82;2.89;0
1194;fuel_silo;979.40;15.70;1580.20;6.09;0
1194;radar_station;979.02;15.76;1579.28;4.02;0
1194;rocket_site;979.13;15.82;1578.30;5.96;0
1194;nuclear_reactor;979.69;15.88;1577.49;1.96;0
1194;bunker;980.58;15.82;1577.04;0.12;0
1194;supply_node;981.57;15.82;1577.08;5.43;0
1195;arms_factory;969.00;15.94;1568.00;2.44;0
1195;industrial_complex;968.76;15.82;1568.96;3.82;0
1195;air_base;968.08;15.82;1569.68;0.13;0
1195;anti_air_building;967.14;15.76;1569.99;1.04;0
1195;synthetic_refinery;966.17;15.64;1569.82;1.06;0
1195;fuel_silo;965.40;15.58;1569.20;3.38;0
1195;radar_station;965.02;15.58;1568.28;3.92;0
1195;rocket_site;965.13;15.58;1567.30;0.65;0
1195;nuclear_reactor;965.69;15.58;1566.49;5.75;0
1195;bunker;966.58;15.70;1566.04;0.76;0
1195;supply_node;967.57;15.70;1566.08;0.49;0
1196;arms_factory;964.00;15.70;1541.00;2.61;0
1196;industrial_complex;963.76;15.82;1541.96;2.27;0
1196;air_base;963.08;15.82;1542.68;3.88;0
1196;anti_air_building;962.14;15.76;1542.99;5.94;0
1196;synthetic_refinery;961.17;15.76;1542.82;3.37;0
1196;fuel_silo;960.40;15.88;1542.20;6.06;0
1196;radar_station;960.02;15.82;1541.28;3.92;0
1196;rocket_site;960.13;15.76;1540.30;4.82;0
1196;nuclear_reactor;960.69;15.70;1539.49;3.69;0
1196;bunker;961.58;15.70;1539.04;2.18;0
1196;supply_node;962.57;15.76;1539.08;5.17;0
1197;arms_factory;2450.00;15.27;1455.00;1.03;0
1197;industrial_complex;2449.76;15.27;1455.96;6.06;0
1197;air_base;2449.08;15.27;1456.68;3.34;0
1197;anti_air_building;2448.14;15.27;1456.99;4.32;0
1197;synthetic_refinery;2447.17;15.27;1456.82;5.59;0
1197;fuel_silo;2446.40;15.27;1456.20;1.38;0
1197;radar_station;2446.02;15.27;1455.28;1.51;0
1197;rocket_site;2446.13;15.27;1454.30;4.27;0
1197;nuclear_reactor;2446.69;15.27;1453.49;3.43;0
1197;bunker;2447.58;15.27;1453.04;2.23;0
1197;supply_node;2448.57;15.27;1453.08;4.45;0
1198;arms_factory;1723.00;15.27;1734.00;0.83;0
1198;industrial_complex;1722.76;15.27;1734.96;4.96;0
1198;air_base;1722.08;15.27;1735.68;5.12;0
1198;anti_air_building;1721.14;15.27;1735.99;0.34;0
1198;synthetic_refinery;1720.17;15.27;1735.82;5.08;0
1198;fuel_silo;1719.40;15.27;1735.20;4.11;0
1198;radar_station;1719.02;15.27;1734.28;2.55;0
1198;rocket_site;1719.13;15.27;1733.30;4.14;0
1198;nuclear_reactor;1719.69;15.27;1732.49;5.70;0
1198;bunker;1720.58;15.27;1732.04;5.55;0
1198;supply_node;1721.57;15.27;1732.08;1.43;0
1199;arms_factory;2361.00;15.27;1148.00;5.50;0
1199;industrial_complex;2360.76;15.27;1148.96;3.40;0
1199;air_base;2360.08;15.27;1149.68;2.78;0
1199;anti_air_building;2359.14;15.27;1149.99;0.42;0
1199;synthetic_refinery;2358.17;15.27;1149.82;2.07;0
1199;fuel_silo;2357.40;15.27;1149.20;0.40;0
1199;radar_station;2357.02;15.27;1148.28;5.09;0
1199;rocket_site;2357.13;15.27;1147.30;0.12;0
1199;nuclear_reactor;2357.69;15.27;1146.49;5.60;0
1199;bunker;2358.58;15.27;1146.04;4.19;0
1199;supply_node;2359.57;15.27;1146.08;1.32;0
1200;arms_factory;2372.00;15.27;1210.00;3.98;0
1200;industrial_complex;2371.76;15.27;1210.96;3.86;0
1200;air_base;2371.08;15.27;1211.68;0.21;0
1200;anti_air_building;2370.14;15.27;1211.99;1.95;0
1200;synthetic_refinery;2369.17;15.27;1211.82;1.75;0
1200;fuel_silo;2368.40;15.27;1211.20;1.84;0
1200;radar_station;2368.02;15.27;1210.28;3.47;0
1200;rocket_site;2368.13;15.27;1209.30;0.34;0
1200;nuclear_reactor;2368.69;15.27;1208.49;0.01;0
1200;bunker;2369.58;15.27;1208.04;0.60;0
1200;supply_node;2370.57;15.27;1208.08;4.99;0
1201;arms_factory;2374.00;15.27;1169.00;4.23;0
1201;industrial_complex;2373.76;15.27;1169.96;1.29;0
1201;air_base;2373.08;15.27;1170.68;5.06;0
1201;anti_air_building;2372.14;15.27;1170.99;1.77;0
1201;synthetic_refinery;2371.17;15.27;1170.82;2.59;0
1201;fuel_silo;2370.40;15.27;1170.20;2.59;0
1201;radar_station;2370.02;15.27;1169.28;1.42;0
1201;rocket_site;2370.13;15.27;1168.30;5.56;0
1201;nuclear_reactor;2370.69;15.27;1167.49;0.74;0
1201;bunker;2371.58;15.27;1167.04;2.94;0
1201;supply_node;2372.57;15.27;1167.08;3.01;0
1202;arms_factory;2360.00;15.27;1159.00;2.93;0
1202;industrial_complex;2359.76;15.27;1159.96;4.55;0
1202;air_base;2359.08;15.27;1160.68;4.32;0
1202;anti_air_building;2358.14;15.27;1160.99;4.72;0
1202;synthetic_refinery;2357.17;15.27;1160.82;2.38;0
1202;fuel_silo;2356.40;15.27;1160.20;1.94;0
1202;radar_station;2356.02;15.27;1159.28;4.84;0
1202;rocket_site;2356.13;15.27;1158.30;1.61;0
1202;nuclear_reactor;2356.69;15.27;1157.49;3.01;0
1202;bunker;2357.58;15.27;1157.04;4.50;0
1202;supply_node;2358.57;15.27;1157.08;5.62;0
1203;arms_factory;3017.00;15.34;634.00;6.15;0
1203;industrial_complex;3016.76;15.34;634.96;3.09;0
1203;air_base;3016.08;15.34;635.68;0.27;0
1203;anti_air_building;3015.14;15.34;635.99;6.25;0
1203;synthetic_refinery;3014.17;15.34;635.82;2.08;0
1203;fuel_silo;3013.40;15.34;635.20;3.99;0
1203;radar_station;3013.02;15.34;634.28;3.24;0
1203;rocket_site;3013.13;15.34;633.30;3.22;0
1203;nuclear_reactor;3013.69;15.34;632.49;2.96;0
1203;bunker;3014.58;15.34;632.04;0.36;0
1203;supply_node;3015.57;15.34;632.08;4.76;0
1204;arms_factory;1129.00;15.27;713.00;5.38;0
1204;industrial_complex;1128.76;15.27;713.96;3.90;0
1204;air_base;1128.08;15.27;714.68;4.69;0
1204;anti_air_building;1127.14;15.27;714.99;1.27;0
1204;synthetic_refinery;1126.17;15.27;714.82;5.70;0
1204;fuel_silo;1125.40;15.27;714.20;5.92;0
1204;radar_station;1125.02;15.27;713.28;6.17;0
1204;rocket_site;1125.13;15.27;712.30;4.51;0
1204;nuclear_reactor;1125.69;15.27;711.49;5.01;0
1204;bunker;1126.58;15.27;711.04;5.22;0
1204;supply_node;1127.57;15.27;711.08;2.14;0
1205;arms_factory;1244.00;15.40;1079.00;0.13;0
1205;industrial_complex;1243.76;15.46;1079.96;3.10;0
1205;air_base;1243.08;15.46;1080.68;0.78;0
1205;anti_air_building;1242.14;15.46;1080.99;0.85;0
1205;synthetic_refinery;1241.17;15.46;1080.82;0.00;0
1205;fuel_silo;1240.40;15.40;1080.20;1.64;0
1205;radar_station;1240.02;15.40;1079.28;5.79;0
1205;rocket_site;1240.13;15.40;1078.30;3.45;0
1205;nuclear_reactor;1240.69;15.40;1077.49;4.67;0
1205;bunker;1241.58;15.46;1077.04;3.46;0
1205;supply_node;1242.57;15.40;1077.08;1.69;0
1206;arms_factory;2111.00;15.27;1368.00;0.69;0
1206;industrial_complex;2110.76;15.27;1368.96;5.03;0
1206;air_base;2110.08;15.27;1369.68;2.60;0
1206;anti_air_building;2109.14;15.27;1369.99;6.11;0
1206;synthetic_refinery;2108.17;15.27;1369.82;0.74;0
1206;fuel_silo;2107.40;15.27;1369.20;1.61;0
1206;radar_station;2107.02;15.27;1368.28;0.34;0
1206;rocket_site;2107.13;15.27;1367.30;2.85;0
1206;nuclear_reactor;2107.69;15.27;1366.49;5.61;0
1206;bunker;2108.58;15.27;1366.04;6.16;0
1206;supply_node;2109.57;15.27;1366.08;5.95;0
1207;arms_factory;2111.00;15.27;1392.00;2.55;0
1207;industrial_complex;2110.76;15.27;1392.96;1.73;0
1207;air_base;2110.08;15.27;1393.68;1.89;0
1207;anti_air_building;2109.14;15.27;1393.99;1.48;0
1207;synthetic_refinery;2108.17;15.27;1393.82;1.46;0
1207;fuel_silo;2107.40;15.27;1393.20;2.36;0
1207;radar_station;2107.02;15.27;1392.28;1.12;0
1207;rocket_site;2107.13;15.27;1391.30;2.34;0
1207;nuclear_reactor;2107.69;15.27;1390.49;2.88;0
1207;bunker;2108.58;15.27;1390.04;6.08;0
1207;supply_node;2109.57;15.27;1390.08;5.42;0
1208;arms_factory;2226.00;15.27;1102.00;5.18;0
1208;industrial_complex;2225.76;15.27;1102.96;4.24;0
1208;air_base;2225.08;15.27;1103.68;0.63;0
1208;anti_air_building;2224.14;15.27;1103.99;4.84;0
1208;synthetic_refinery;2223.17;15.27;1103.82;1.07;0
1208;fuel_silo;2222.40;15.27;1103.20;4.67;0
1208;radar_station;2222.02;15.27;1102.28;2.44;0
1208;rocket_site;2222.13;15.27;1101.30;2.34;0
1208;nuclear_reactor;2222.69;15.27;1100.49;2.25;0
1208;bunker;2223.58;15.27;1100.04;0.78;0
1208;supply_node;2224.57;15.27;1100.08;3.94;0
1209;arms_factory;2209.00;15.27;1081.00;0.31;0
1209;industrial_complex;2208.76;15.27;1081.96;5.27;0
1209;air_base;2208.08;15.27;1082.68;4.78;0
1209;anti_air_building;2207.14;15.27;1082.99;4.95;0
1209;synthetic_refinery;2206.17;15.27;1082.82;3.91;0
1209;fuel_silo;2205.40;15.27;1082.20;2.08;0
1209;radar_station;2205.02;15.27;1081.28;2.85;0
1209;rocket_site;2205.13;15.27;1080.30;1.71;0
1209;nuclear_reactor;2205.69;15.27;1079.49;5.37;0
1209;bunker;2206.58;15.27;1079.04;4.68;0
1209;supply_node;2207.57;15.27;1079.08;1.16;0
1210;arms_factory;1206.00;15.40;1051.00;3.12;0
1210;industrial_complex;1205.76;15.40;1051.96;0.62;0
1210;air_base;1205.08;15.40;1052.68;6.07;0
1210;anti_air_building;1204.14;15.40;1052.99;3.51;0
1210;synthetic_refinery;1203.17;15.46;1052.82;3.08;0
1210;fuel_silo;1202.40;15.46;1052.20;5.45;0
1210;radar_station;1202.02;15.46;1051.28;3.77;0
1210;rocket_site;1202.13;15.46;1050.30;0.68;0
1210;nuclear_reactor;1202.69;15.46;1049.49;0.37;0
1210;bunker;1203.58;15.46;1049.04;1.39;0
1210;supply_node;1204.57;15.46;1049.08;5.42;0
1211;arms_factory;2285.00;15.27;1046.00;3.10;0
1211;industrial_complex;2284.76;15.27;1046.96;6.18;0
1211;air_base;2284.08;15.27;1047.68;0.32;0
1211;anti_air_building;2283.14;15.27;1047.99;2.33;0
1211;synthetic_refinery;2282.17;15.27;1047.82;3.68;0
1211;fuel_silo;2281.40;15.27;1047.20;1.99;0
1211;radar_station;2281.02;15.27;1046.28;1.94;0
1211;rocket_site;2281.13;15.27;1045.30;4.71;0
1211;nuclear_reactor;2281.69;15.27;1044.49;4.65;0
1211;bunker;2282.58;15.27;1044.04;5.81;0
1211;supply_node;2283.57;15.27;1044.08;4.60;0
1212;arms_factory;2282.00;15.27;1012.00;1.64;0
1212;industrial_complex;2281.76;15.27;1012.96;0.01;0
1212;air_base;2281.08;15.27;1013.68;0.09;0
1212;anti_air_building;2280.14;15.27;1013.99;4.65;0
1212;synthetic_refinery;2279.17;15.27;1013.82;6.25;0
1212;fuel_silo;2278.40;15.27;1013.20;5.21;0
1212;radar_station;2278.02;15.27;1012.28;3.21;0
1212;rocket_site;2278.13;15.27;1011.30;1.07;0
1212;nuclear_reactor;2278.69;15.27;1010.49;5.20;0
1212;bunker;2279.58;15.27;1010.04;3.34;0
1212;supply_node;2280.57;15.27;1010.08;0.09;0
1213;arms_factory;2101.00;15.27;1426.00;0.63;0
1213;industrial_complex;2100.76;15.27;1426.96;3.38;0
1213;air_base;2100.08;15.27;1427.68;0.23;0
1213;anti_air_building;2099.14;15.27;1427.99;2.95;0
1213;synthetic_refinery;2098.17;15.27;1427.82;3.02;0
1213;fuel_silo;2097.40;15.27;1427.20;3.32;0
1213;radar_station;2097.02;15.27;1426.28;3.44;0
1213;rocket_site;2097.13;15.27;1425.30;2.72;0
1213;nuclear_reactor;2097.69;15.27;1424.49;3.08;0
1213;bunker;2098.58;15.27;1424.04;2.14;0
1213;supply_node;2099.57;15.27;1424.08;1.07;0
1214;arms_factory;2086.00;15.27;1432.00;3.75;0
1214;industrial_complex;2085.76;15.27;1432.96;5.99;0
1214;air_base;2085.08;15.27;1433.68;4.04;0
1214;anti_air_building;2084.14;15.27;1433.99;2.09;0
1214;synthetic_refinery;2083.17;15.27;1433.82;1.17;0
1214;fuel_silo;2082.40;15.27;1433.20;2.33;0
1214;radar_station;2082.02;15.27;1432.28;5.25;0
1214;rocket_site;2082.13;15.27;1431.30;0.66;0
1214;nuclear_reactor;2082.69;15.27;1430.49;1.07;0
1214;bunker;2083.58;15.27;1430.04;5.75;0
1214;supply_node;2084.57;15.27;1430.08;4.85;0
1215;arms_factory;2087.00;15.27;1417.00;4.99;0
1215;industrial_complex;2086.76;15.27;1417.96;5.68;0
1215;air_base;2086.08;15.27;1418.68;3.60;0
1215;anti_air_building;2085.14;15.27;1418.99;3.43;0
1215;synthetic_refinery;2084.17;15.27;1418.82;5.94;0
1215;fuel_silo;2083.40;15.27;1418.20;4.44;0
1215;radar_station;2083.02;15.27;1417.28;0.02;0
1215;rocket_site;2083.13;15.27;1416.30;1.12;0
1215;nuclear_reactor;2083.69;15.27;1415.49;3.09;0
1215;bunker;2084.58;15.27;1415.04;1.97;0
1215;supply_node;2085.57;15.27;1415.08;6.15;0
1216;arms_factory;2123.00;15.27;1479.00;4.55;0
1216;industrial_complex;2122.76;15.27;1479.96;4.70;0
1216;air_base;2122.08;15.27;1480.68;5.21;0
1216;anti_air_building;2121.14;15.27;1480.99;0.38;0
1216;synthetic_refinery;2120.17;15.27;1480.82;6.01;0
1216;fuel_silo;2119.40;15.27;1480.20;3.92;0
1216;radar_station;2119.02;15.27;1479.28;1.73;0
1216;rocket_site;2119.13;15.27;1478.30;0.78;0
1216;nuclear_reactor;2119.69;15.03;1477.49;4.36;0
1216;bunker;2120.58;15.27;1477.04;2.37;0
1216;supply_node;2121.57;15.27;1477.08;0.73;0
1217;arms_factory;1223.00;15.27;419.00;1.07;0
1217;industrial_complex;1222.76;15.27;419.96;3.90;0
1217;air_base;1222.08;15.27;420.68;0.55;0
1217;anti_air_building;1221.14;15.27;420.99;3.23;0
1217;synthetic_refinery;1220.17;15.27;420.82;1.02;0
1217;fuel_silo;1219.40;15.27;420.20;5.81;0
1217;radar_station;1219.02;15.27;419.28;2.96;0
1217;rocket_site;1219.13;15.27;418.30;1.42;0
1217;nuclear_reactor;1219.69;15.27;417.49;6.03;0
1217;bunker;1220.58;15.27;417.04;4.18;0
1217;supply_node;1221.57;15.27;417.08;0.37;0
1218;arms_factory;1647.00;15.34;412.00;2.66;0
1218;industrial_complex;1646.76;15.34;412.96;4.55;0
1218;air_base;1646.08;15.34;413.68;3.05;0
1218;anti_air_building;1645.14;15.34;413.99;3.82;0
1218;synthetic_refinery;1644.17;15.34;413.82;3.06;0
1218;fuel_silo;1643.40;15.34;413.20;2.32;0
1218;radar_station;1643.02;15.34;412.28;3.61;0
1218;rocket_site;1643.13;15.34;411.30;5.86;0
1218;nuclear_reactor;1643.69;15.34;410.49;5.25;0
1218;bunker;1644.58;15.34;410.04;2.70;0
1218;supply_node;1645.57;15.40;410.08;2.25;0
1219;arms_factory;2139.00;15.27;1449.00;3.85;0
1219;industrial_complex;2138.76;15.27;1449.96;3.84;0
1219;air_base;2138.08;15.27;1450.68;1.17;0
1219;anti_air_building;2137.14;15.27;1450.99;4.81;0
1219;synthetic_refinery;2136.17;15.27;1450.82;6.11;0
1219;fuel_silo;2135.40;15.27;1450.20;5.26;0
1219;radar_station;2135.02;15.27;1449.28;5.43;0
1219;rocket_site;2135.13;15.27;1448.30;5.72;0
1219;nuclear_reactor;2135.69;15.27;1447.49;1.39;0
1219;bunker;2136.58;15.27;1447.04;6.06;0
1219;supply_node;2137.57;15.27;1447.08;2.06;0
1220;arms_factory;2213.00;15.27;1467.00;3.92;0
1220;industrial_complex;2212.76;15.27;1467.96;3.27;0
1220;air_base;2212.08;15.27;1468.68;5.30;0
1220;anti_air_building;2211.14;15.27;1468.99;6.02;0
1220;synthetic_refinery;2210.17;15.27;1468.82;0.37;0
1220;fuel_silo;2209.40;15.27;1468.20;2.56;0
1220;radar_station;2209.02;15.27;1467.28;3.29;0
1220;rocket_site;2209.13;15.27;1466.30;3.06;0
1220;nuclear_reactor;2209.69;15.27;1465.49;5.74;0
1220;bunker;2210.58;15.27;1465.04;3.45;0
1220;supply_node;2211.57;15.27;1465.08;0.34;0
1221;arms_factory;2385.00;15.27;1222.00;4.12;0
1221;industrial_complex;2384.76;15.27;1222.96;4.69;0
1221;air_base;2384.08;15.27;1223.68;4.95;0
1221;anti_air_building;2383.14;15.27;1223.99;5.24;0
1221;synthetic_refinery;2382.17;15.27;1223.82;0.25;0
1221;fuel_silo;2381.40;15.27;1223.20;2.93;0
1221;radar_station;2381.02;15.27;1222.28;6.17;0
1221;rocket_site;2381.13;15.27;1221.30;2.08;0
1221;nuclear_reactor;2381.69;15.27;1220.49;2.84;0
1221;bunker;2382.58;15.27;1220.04;4.61;0
1221;supply_node;2383.57;15.27;1220.08;4.98;0
1222;arms_factory;2395.00;15.27;1230.00;4.45;0
1222;industrial_complex;2394.76;15.27;1230.96;5.55;0
1222;air_base;2394.08;15.27;1231.68;0.06;0
1222;anti_air_building;2393.14;15.27;1231.99;2.65;0
1222;synthetic_refinery;2392.17;15.27;1231.82;2.77;0
1222;fuel_silo;2391.40;15.27;1231.20;1.46;0
1222;radar_station;2391.02;15.27;1230.28;1.54;0
1222;rocket_site;2391.13;15.27;1229.30;1.79;0
1222;nuclear_reactor;2391.69;15.27;1228.49;1.01;0
1222;bunker;2392.58;15.27;1228.04;3.41;0
1222;supply_node;2393.57;15.27;1228.08;1.48;0
1223;arms_factory;1261.00;15.27;487.00;4.13;0
1223;industrial_complex;1260.76;15.27;487.96;3.32;0
1223;air_base;1260.08;15.27;488.68;4.78;0
1223;anti_air_building;1259.14;15.27;488.99;2.00;0
1223;synthetic_refinery;1258.17;15.27;488.82;4.49;0
1223;fuel_silo;1257.40;15.27;488.20;5.01;0
1223;radar_station;1257.02;15.27;487.28;1.02;0
1223;rocket_site;1257.13;15.27;486.30;1.28;0
1223;nuclear_reactor;1257.69;15.27;485.49;3.02;0
1223;bunker;1258.58;15.27;485.04;5.26;0
1223;supply_node;1259.57;15.27;485.08;1.55;0
1224;arms_factory;2211.00;15.27;980.00;3.83;0
1224;industrial_complex;2210.76;15.27;980.96;4.63;0
1224;air_base;2210.08;15.27;981.68;1.12;0
1224;anti_air_building;2209.14;15.27;981.99;2.97;0
1224;synthetic_refinery;2208.17;15.27;981.82;3.75;0
1224;fuel_silo;2207.40;15.27;981.20;6.14;0
1224;radar_station;2207.02;15.27;980.28;4.47;0
1224;rocket_site;2207.13;15.27;979.30;1.24;0
1224;nuclear_reactor;2207.69;15.27;978.49;4.36;0
1224;bunker;2208.58;15.27;978.04;0.48;0
1224;supply_node;2209.57;15.27;978.08;1.00;0
1225;arms_factory;2205.00;15.27;994.00;1.67;0
1225;industrial_complex;2204.76;15.27;994.96;5.93;0
1225;air_base;2204.08;15.27;995.68;0.55;0
1225;anti_air_building;2203.14;15.27;995.99;1.83;0
1225;synthetic_refinery;2202.17;15.27;995.82;0.59;0
1225;fuel_silo;2201.40;15.27;995.20;4.89;0
1225;radar_station;2201.02;15.27;994.28;4.72;0
1225;rocket_site;2201.13;15.27;993.30;0.07;0
1225;nuclear_reactor;2201.69;15.27;992.49;2.17;0
1225;bunker;2202.58;15.27;992.04;5.14;0
1225;supply_node;2203.57;15.27;992.08;4.14;0
1226;arms_factory;2125.00;15.27;1530.00;3.99;0
1226;industrial_complex;2124.76;15.27;1530.96;3.10;0
1226;air_base;2124.08;15.27;1531.68;1.80;0
1226;anti_air_building;2123.14;15.27;1531.99;5.73;0
1226;synthetic_refinery;2122.17;15.27;1531.82;6.23;0
1226;fuel_silo;2121.40;15.27;1531.20;2.84;0
1226;radar_station;2121.02;15.27;1530.28;3.64;0
1226;rocket_site;2121.13;15.27;1529.30;0.74;0
1226;nuclear_reactor;2121.69;15.27;1528.49;0.47;0
1226;bunker;2122.58;15.27;1528.04;0.03;0
1226;supply_node;2123.57;15.27;1528.08;1.52;0
1227;arms_factory;2114.00;15.27;1547.00;4.85;0
1227;industrial_complex;2113.76;15.27;1547.96;3.33;0
1227;air_base;2113.08;15.27;1548.68;3.07;0
1227;anti_air_building;2112.14;15.27;1548.99;3.17;0
1227;synthetic_refinery;2111.17;15.27;1548.82;0.16;0
1227;fuel_silo;2110.40;15.27;1548.20;5.99;0
1227;radar_station;2110.02;15.27;1547.28;5.67;0
1227;rocket_site;2110.13;15.27;1546.30;4.04;0
1227;nuclear_reactor;2110.69;15.27;1545.49;2.10;0
1227;bunker;2111.58;15.27;1545.04;0.66;0
1227;supply_node;2112.57;15.27;1545.08;2.38;0
1228;arms_factory;2176.00;15.27;1406.00;0.19;0
1228;industrial_complex;2175.76;15.27;1406.96;0.56;0
1228;air_base;2175.08;15.27;1407.68;4.51;0
1228;anti_air_building;2174.14;15.27;1407.99;4.64;0
1228;synthetic_refinery;2173.17;15.27;1407.82;4.17;0
1228;fuel_silo;2172.40;15.27;1407.20;0.35;0
1228;radar_station;2172.02;15.27;1406.28;2.51;0
1228;rocket_site;2172.13;15.27;1405.30;2.56;0
1228;nuclear_reactor;2172.69;15.27;1404.49;0.27;0
1228;bunker;2173.58;15.27;1404.04;3.36;0
1228;supply_node;2174.57;15.27;1404.08;6.21;0
1229;arms_factory;2163.00;15.27;1401.00;3.65;0
1229;industrial_complex;2162.76;15.27;1401.96;4.34;0
1229;air_base;2162.08;15.27;1402.68;5.86;0
1229;anti_air_building;2161.14;15.27;1402.99;3.23;0
1229;synthetic_refinery;2160.17;15.27;1402.82;4.86;0
1229;fuel_silo;2159.40;15.27;1402.20;5.73;0
1229;radar_station;2159.02;15.27;1401.28;0.10;0
1229;rocket_site;2159.13;15.27;1400.30;3.23;0
1229;nuclear_reactor;2159.69;15.27;1399.49;1.62;0
1229;bunker;2160.58;15.27;1399.04;0.93;0
1229;supply_node;2161.57;15.27;1399.08;1.94;0
1230;arms_factory;2424.00;15.27;1138.00;0.23;0
1230;industrial_complex;2423.76;15.27;1138.96;2.75;0
1230;air_base;2423.08;15.27;1139.68;3.15;0
1230;anti_air_building;2422.14;15.27;1139.99;3.45;0
1230;synthetic_refinery;2421.17;15.27;1139.82;4.46;0
1230;fuel_silo;2420.40;15.27;1139.20;6.27;0
1230;radar_station;2420.02;15.27;1138.28;2.87;0
1230;rocket_site;2420.13;15.27;1137.30;3.93;0
1230;nuclear_reactor;2420.69;15.27;1136.49;0.27;0
1230;bunker;2421.58;15.27;1136.04;4.56;0
1230;supply_node;2422.57;15.27;1136.08;2.37;0
1231;arms_factory;2432.00;15.27;1127.00;2.55;0
1231;industrial_complex;2431.76;15.27;1127.96;0.90;0
1231;air_base;2431.08;15.27;1128.68;0.14;0
1231;anti_air_building;2430.14;15.27;1128.99;3.48;0
1231;synthetic_refinery;2429.17;15.27;1128.82;0.40;0
1231;fuel_silo;2428.40;15.27;1128.20;4.10;0
1231;radar_station;2428.02;15.27;1127.28;1.95;0
1231;rocket_site;2428.13;15.27;1126.30;5.28;0
1231;nuclear_reactor;2428.69;15.27;1125.49;0.89;0
1231;bunker;2429.58;15.27;1125.04;3.57;0
1231;supply_node;2430.57;15.27;1125.08;0.83;0
1232;arms_factory;2433.00;15.27;1116.00;5.10;0
1232;industrial_complex;2432.76;15.27;1116.96;2.01;0
1232;air_base;2432.08;15.27;1117.68;2.53;0
1232;anti_air_building;2431.14;15.27;1117.99;1.30;0
1232;synthetic_refinery;2430.17;15.27;1117.82;2.21;0
1232;fuel_silo;2429.40;15.27;1117.20;4.53;0
1232;radar_station;2429.02;15.27;1116.28;1.76;0
1232;rocket_site;2429.13;15.27;1115.30;0.89;0
1232;nuclear_reactor;2429.69;15.27;1114.49;4.60;0
1232;bunker;2430.58;15.27;1114.04;4.79;0
1232;supply_node;2431.57;15.27;1114.08;0.82;0
1233;arms_factory;2161.00;15.27;1473.00;2.42;0
1233;industrial_complex;2160.76;15.27;1473.96;1.17;0
1233;air_base;2160.08;15.27;1474.68;5.58;0
1233;anti_air_building;2159.14;15.27;1474.99;5.11;0
1233;synthetic_refinery;2158.17;15.27;1474.82;5.48;0
1233;fuel_silo;2157.40;15.27;1474.20;4.59;0
1233;radar_station;2157.02;15.27;1473.28;2.46;0
1233;rocket_site;2157.13;15.27;1472.30;3.65;0
1233;nuclear_reactor;2157.69;15.27;1471.49;0.39;0
1233;bunker;2158.58;15.27;1471.04;0.32;0
1233;supply_node;2159.57;15.27;1471.08;4.17;0
1234;arms_factory;2175.00;15.27;1473.00;6.13;0
1234;industrial_complex;2174.76;15.27;1473.96;5.87;0
1234;air_base;2174.08;15.27;1474.68;3.64;0
1234;anti_air_building;2173.14;15.27;1474.99;3.24;0
1234;synthetic_refinery;2172.17;15.27;1474.82;4.16;0
1234;fuel_silo;2171.40;15.27;1474.20;1.73;0
1234;radar_station;2171.02;15.27;1473.28;5.78;0
1234;rocket_site;2171.13;15.27;1472.30;0.04;0
1234;nuclear_reactor;2171.69;15.27;1471.49;2.80;0
1234;bunker;2172.58;15.27;1471.04;2.31;0
1234;supply_node;2173.57;15.27;1471.08;2.34;0
1235;arms_factory;2164.00;15.27;1368.00;0.18;0
1235;industrial_complex;2163.76;15.27;1368.96;4.77;0
1235;air_base;2163.08;15.27;1369.68;5.25;0
1235;anti_air_building;2162.14;15.27;1369.99;1.86;0
1235;synthetic_refinery;2161.17;15.27;1369.82;4.48;0
1235;fuel_silo;2160.40;15.27;1369.20;0.54;0
1235;radar_station;2160.02;15.27;1368.28;3.60;0
1235;rocket_site;2160.13;15.27;1367.30;2.35;0
1235;nuclear_reactor;2160.69;15.27;1366.49;0.28;0
1235;bunker;2161.58;15.27;1366.04;2.71;0
1235;supply_node;2162.57;15.27;1366.08;1.67;0
1236;arms_factory;1170.00;15.34;99.00;1.74;0
1236;industrial_complex;1169.76;15.34;99.96;2.05;0
1236;air_base;1169.08;15.34;100.68;1.89;0
1236;anti_air_building;1168.14;15.34;100.99;2.22;0
1236;synthetic_refinery;1167.17;15.34;100.82;4.99;0
1236;fuel_silo;1166.40;15.34;100.20;2.91;0
1236;radar_station;1166.02;15.34;99.28;5.94;0
1236;rocket_site;1166.13;15.34;98.30;3.42;0
1236;nuclear_reactor;1166.69;15.34;97.49;2.03;0
1236;bunker;1167.58;15.34;97.04;4.57;0
1236;supply_node;1168.57;15.34;97.08;5.44;0
1237;arms_factory;2162.00;15.27;1447.00;0.44;0
1237;industrial_complex;2161.76;15.27;1447.96;3.08;0
1237;air_base;2161.08;15.27;1448.68;2.30;0
1237;anti_air_building;2160.14;15.27;1448.99;2.82;0
1237;synthetic_refinery;2159.17;15.27;1448.82;4.24;0
1237;fuel_silo;2158.40;15.27;1448.20;3.89;0
1237;radar_station;2158.02;15.27;1447.28;1.74;0
1237;rocket_site;2158.13;15.27;1446.30;0.25;0
1237;nuclear_reactor;2158.69;15.27;1445.49;3.44;0
1237;bunker;2159.58;15.27;1445.04;2.44;0
1237;supply_node;2160.57;15.27;1445.08;5.37;0
1238;arms_factory;2087.00;15.27;1454.00;1.34;0
1238;industrial_complex;2086.76;15.27;1454.96;1.05;0
1238;air_base;2086.08;15.27;1455.68;4.70;0
1238;anti_air_building;2085.14;15.27;1455.99;0.31;0
1238;synthetic_refinery;2084.17;15.27;1455.82;6.22;0
1238;fuel_silo;2083.40;15.27;1455.20;3.32;0
1238;radar_station;2083.02;15.27;1454.28;4.39;0
1238;rocket_site;2083.13;15.27;1453.30;2.74;0
1238;nuclear_reactor;2083.69;15.27;1452.49;1.49;0
1238;bunker;2084.58;15.27;1452.04;3.82;0
1238;supply_node;2085.57;15.27;1452.08;3.02;0
1239;arms_factory;2139.00;15.27;1549.00;0.25;0
1239;industrial_complex;2138.76;15.27;1549.96;4.79;0
1239;air_base;2138.08;15.27;1550.68;6.21;0
1239;anti_air_building;2137.14;15.27;1550.99;1.19;0
1239;synthetic_refinery;2136.17;15.27;1550.82;3.15;0
1239;fuel_silo;2135.40;15.27;1550.20;1.61;0
1239;radar_station;2135.02;15.27;1549.28;3.24;0
1239;rocket_site;2135.13;15.27;1548.30;3.80;0
1239;nuclear_reactor;2135.69;15.27;1547.49;4.47;0
1239;bunker;2136.58;15.27;1547.04;3.26;0
1239;supply_node;2137.57;15.27;1547.08;4.80;0
1240;arms_factory;2216.00;15.27;1035.00;4.83;0
1240;industrial_complex;2215.76;15.27;1035.96;4.71;0
1240;air_base;2215.08;15.27;1036.68;0.93;0
1240;anti_air_building;2214.14;15.27;1036.99;2.91;0
1240;synthetic_refinery;2213.17;15.27;1036.82;4.08;0
1240;fuel_silo;2212.40;15.27;1036.20;0.24;0
1240;radar_station;2212.02;15.27;1035.28;1.18;0
1240;rocket_site;2212.13;15.27;1034.30;2.90;0
1240;nuclear_reactor;2212.69;15.27;1033.49;0.59;0
1240;bunker;2213.58;15.27;1033.04;0.89;0
1240;supply_node;2214.57;15.27;1033.08;1.93;0
1241;arms_factory;2210.00;15.27;1053.00;3.60;0
1241;industrial_complex;2209.76;15.27;1053.96;6.14;0
1241;air_base;2209.08;15.27;1054.68;3.97;0
1241;anti_air_building;2208.14;15.27;1054.99;2.82;0
1241;synthetic_refinery;2207.17;15.27;1054.82;6.09;0
1241;fuel_silo;2206.40;15.27;1054.20;5.73;0
1241;radar_station;2206.02;15.27;1053.28;0.43;0
1241;rocket_site;2206.13;15.27;1052.30;4.42;0
1241;nuclear_reactor;2206.69;15.27;1051.49;0.86;0
1241;bunker;2207.58;15.27;1051.04;4.24;0
1241;supply_node;2208.57;15.27;1051.08;3.51;0
1242;arms_factory;2351.00;15.27;816.00;0.67;0
1242;industrial_complex;2350.76;15.27;816.96;4.21;0
1242;air_base;2350.08;15.27;817.68;0.10;0
1242;anti_air_building;2349.14;15.27;817.99;3.00;0
1242;synthetic_refinery;2348.17;15.27;817.82;3.24;0
1242;fuel_silo;2347.40;15.27;817.20;2.79;0
1242;radar_station;2347.02;15.27;816.28;5.45;0
1242;rocket_site;2347.13;15.27;815.30;0.56;0
1242;nuclear_reactor;2347.69;15.27;814.49;1.81;0
1242;bunker;2348.58;15.27;814.04;1.71;0
1242;supply_node;2349.57;15.27;814.08;0.61;0
1243;arms_factory;2025.00;15.27;210.00;6.12;0
1243;industrial_complex;2024.76;15.27;210.96;5.02;0
1243;air_base;2024.08;15.27;211.68;3.40;0
1243;anti_air_building;2023.14;15.27;211.99;4.42;0
1243;synthetic_refinery;2022.17;15.27;211.82;0.48;0
1243;fuel_silo;2021.40;15.27;211.20;0.13;0
1243;radar_station;2021.02;15.27;210.28;5.34;0
1243;rocket_site;2021.13;15.27;209.30;4.76;0
1243;nuclear_reactor;2021.69;15.27;208.49;1.51;0
1243;bunker;2022.58;15.27;208.04;3.59;0
1243;supply_node;2023.57;15.27;208.08;3.81;0
1244;arms_factory;1911.00;15.27;1449.00;1.98;0
1244;industrial_complex;1910.76;15.27;1449.96;2.36;0
1244;air_base;1910.08;15.27;1450.68;2.41;0
1244;anti_air_building;1909.14;15.27;1450.99;0.44;0
1244;synthetic_refinery;1908.17;15.27;1450.82;0.80;0
1244;fuel_silo;1907.40;15.27;1450.20;3.90;0
1244;radar_station;1907.02;15.27;1449.28;4.52;0
1244;rocket_site;1907.13;15.03;1448.30;1.55;0
1244;nuclear_reactor;1907.69;15.03;1447.49;3.29;0
1244;bunker;1908.58;15.03;1447.04;4.15;0
1244;supply_node;1909.57;15.03;1447.08;0.21;0
1245;arms_factory;1813.00;15.27;1637.00;2.58;0
1245;industrial_complex;1812.76;15.27;1637.96;4.98;0
1245;air_base;1812.08;15.27;1638.68;5.98;0
1245;anti_air_building;1811.14;15.27;1638.99;3.67;0
1245;synthetic_refinery;1810.17;15.27;1638.82;0.06;0
1245;fuel_silo;1809.40;15.27;1638.20;2.79;0
1245;radar_station;1809.02;15.27;1637.28;5.78;0
1245;rocket_site;1809.13;15.27;1636.30;2.00;0
1245;nuclear_reactor;1809.69;15.27;1635.49;1.85;0
1245;bunker;1810.58;15.27;1635.04;2.96;0
1245;supply_node;1811.57;15.27;1635.08;0.12;0
1246;arms_factory;2324.00;15.27;1145.00;0.95;0
1246;industrial_complex;2323.76;15.27;1145.96;2.42;0
1246;air_base;2323.08;15.27;1146.68;2.47;0
1246;anti_air_building;2322.14;15.27;1146.99;3.48;0
1246;synthetic_refinery;2321.17;15.27;1146.82;0.14;0
1246;fuel_silo;2320.40;15.27;1146.20;6.00;0
1246;radar_station;2320.02;15.27;1145.28;6.18;0
1246;rocket_site;2320.13;15.27;1144.30;1.99;0
1246;nuclear_reactor;2320.69;15.27;1143.49;4.75;0
1246;bunker;2321.58;15.27;1143.04;2.26;0
1246;supply_node;2322.57;15.27;1143.08;2.49;0
1247;arms_factory;2080.00;15.27;1528.00;1.85;0
1247;industrial_complex;2079.76;15.27;1528.96;4.23;0
1247;air_base;2079.08;15.27;1529.68;5.92;0
1247;anti_air_building;2078.14;15.27;1529.99;1.08;0
1247;synthetic_refinery;2077.17;15.27;1529.82;4.45;0
1247;fuel_silo;2076.40;15.27;1529.20;2.66;0
1247;radar_station;2076.02;15.27;1528.28;5.22;0
1247;rocket_site;2076.13;15.27;1527.30;1.79;0
1247;nuclear_reactor;2076.69;15.27;1526.49;5.46;0
1247;bunker;2077.58;15.27;1526.04;0.67;0
1247;supply_node;2078.57;15.27;1526.08;4.34;0
1248;arms_factory;1106.00;15.27;725.00;4.72;0
1248;industrial_complex;1105.76;15.27;725.96;4.23;0
1248;air_base;1105.08;15.27;726.68;0.37;0
1248;anti_air_building;1104.14;15.27;726.99;5.24;0
1248;synthetic_refinery;1103.17;15.27;726.82;1.46;0
1248;fuel_silo;1102.40;15.27;726.20;4.02;0
1248;radar_station;1102.02;15.27;725.28;0.78;0
1248;rocket_site;1102.13;15.27;724.30;1.37;0
1248;nuclear_reactor;1102.69;15.27;723.49;5.72;0
1248;bunker;1103.58;15.27;723.04;4.79;0
1248;supply_node;1104.57;15.27;723.08;4.08;0
1249;arms_factory;2768.00;15.52;935.00;5.01;0
1249;industrial_complex;2767.76;15.52;935.96;1.51;0
1249;air_base;2767.08;15.52;936.68;0.97;0
1249;anti_air_building;2766.14;15.52;936.99;1.66;0
1249;synthetic_refinery;2765.17;15.46;936.82;2.38;0
1249;fuel_silo;2764.40;15.46;936.20;4.91;0
1249;radar_station;2764.02;15.52;935.28;4.50;0
1249;rocket_site;2764.13;15.52;934.30;6.01;0
1249;nuclear_reactor;2764.69;15.52;933.49;3.55;0
1249;bunker;2765.58;15.52;933.04;0.69;0
1249;supply_node;2766.57;15.46;933.08;3.34;0
1250;arms_factory;1441.00;15.58;678.00;6.04;0
1250;industrial_complex;1440.76;15.64;678.96;3.00;0
1250;air_base;1440.08;15.64;679.68;1.32;0
1250;anti_air_building;1439.14;15.64;679.99;3.57;0
1250;synthetic_refinery;1438.17;15.58;679.82;4.76;0
1250;fuel_silo;1437.40;15.52;679.20;0.65;0
1250;radar_station;1437.02;15.58;678.28;3.27;0
1250;rocket_site;1437.13;15.58;677.30;2.77;0
1250;nuclear_reactor;1437.69;15.58;676.49;4.74;0
1250;bunker;1438.58;15.58;676.04;5.57;0
1250;supply_node;1439.57;15.52;676.08;2.26;0
1251;arms_factory;2075.00;15.27;1498.00;5.89;0
1251;industrial_complex;2074.76;15.27;1498.96;4.30;0
1251;air_base;2074.08;15.27;1499.68;4.77;0
1251;anti_air_building;2073.14;15.27;1499.99;5.70;0
1251;synthetic_refinery;2072.17;15.27;1499.82;2.32;0
1251;fuel_silo;2071.40;15.27;1499.20;0.08;0
1251;radar_station;2071.02;15.27;1498.28;5.16;0
1251;rocket_site;2071.13;15.27;1497.30;4.36;0
1251;nuclear_reactor;2071.69;15.27;1496.49;2.12;0
1251;bunker;2072.58;15.27;1496.04;3.01;0
1251;supply_node;2073.57;15.27;1496.08;4.62;0
1252;arms_factory;2384.00;15.27;1078.00;4.80;0
1252;industrial_complex;2383.76;15.27;1078.96;5.90;0
1252;air_base;2383.08;15.27;1079.68;3.49;0
1252;anti_air_building;2382.14;15.27;1079.99;1.41;0
1252;synthetic_refinery;2381.17;15.27;1079.82;0.32;0
1252;fuel_silo;2380.40;15.27;1079.20;3.69;0
1252;radar_station;2380.02;15.27;1078.28;5.63;0
1252;rocket_site;2380.13;15.27;1077.30;4.40;0
1252;nuclear_reactor;2380.69;15.27;1076.49;3.84;0
1252;bunker;2381.58;15.27;1076.04;4.77;0
1252;supply_node;2382.57;15.27;1076.08;5.30;0
1253;arms_factory;2076.00;15.27;1400.00;5.20;0
1253;industrial_complex;2075.76;15.27;1400.96;5.49;0
1253;air_base;2075.08;15.27;1401.68;4.98;0
1253;anti_air_building;2074.14;15.27;1401.99;3.93;0
1253;synthetic_refinery;2073.17;15.27;1401.82;5.03;0
1253;fuel_silo;2072.40;15.27;1401.20;0.21;0
1253;radar_station;2072.02;15.27;1400.28;5.67;0
1253;rocket_site;2072.13;15.27;1399.30;3.14;0
1253;nuclear_reactor;2072.69;15.27;1398.49;3.41;0
1253;bunker;2073.58;15.27;1398.04;3.27;0
1253;supply_node;2074.57;15.27;1398.08;0.11;0
1254;arms_factory;1575.00;15.34;433.00;4.17;0
1254;industrial_complex;1574.76;15.34;433.96;1.00;0
1254;air_base;1574.08;15.27;434.68;3.38;0
1254;anti_air_building;1573.14;15.34;434.99;0.88;0
1254;synthetic_refinery;1572.17;15.27;434.82;6.04;0
1254;fuel_silo;1571.40;15.27;434.20;5.24;0
1254;radar_station;1571.02;15.34;433.28;1.04;0
1254;rocket_site;1571.13;15.27;432.30;5.62;0
1254;nuclear_reactor;1571.69;15.27;431.49;4.55;0
1254;bunker;1572.58;15.27;431.04;1.15;0
1254;supply_node;1573.57;15.27;431.08;5.36;0
1255;arms_factory;1163.00;15.15;1714.00;2.58;0
1255;industrial_complex;1162.76;15.15;1714.96;5.83;0
1255;air_base;1162.08;15.27;1715.68;1.14;0
1255;anti_air_building;1161.14;15.27;1715.99;5.76;0
1255;synthetic_refinery;1160.17;15.27;1715.82;4.70;0
1255;fuel_silo;1159.40;15.27;1715.20;1.85;0
1255;radar_station;1159.02;15.27;1714.28;2.00;0
1255;rocket_site;1159.13;15.27;1713.30;4.77;0
1255;nuclear_reactor;1159.69;15.27;1712.49;5.34;0
1255;bunker;1160.58;15.27;1712.04;3.43;0
1255;supply_node;1161.57;15.27;1712.08;4.72;0
1256;arms_factory;1180.00;15.27;1673.00;4.78;0
1256;industrial_complex;1179.76;15.27;1673.96;2.17;0
1256;air_base;1179.08;15.27;1674.68;4.84;0
1256;anti_air_building;1178.14;15.27;1674.99;1.76;0
1256;synthetic_refinery;1177.17;15.27;1674.82;0.77;0
1256;fuel_silo;1176.40;15.27;1674.20;2.78;0
1256;radar_station;1176.02;15.27;1673.28;3.67;0
1256;rocket_site;1176.13;15.27;1672.30;3.23;0
1256;nuclear_reactor;1176.69;15.27;1671.49;1.25;0
1256;bunker;1177.58;15.27;1671.04;2.92;0
1256;supply_node;1178.57;15.27;1671.08;6.11;0
1257;arms_factory;1239.00;15.27;514.00;4.51;0
1257;industrial_complex;1238.76;15.27;514.96;6.18;0
1257;air_base;1238.08;15.27;515.68;4.81;0
1257;anti_air_building;1237.14;15.27;515.99;0.34;0
1257;synthetic_refinery;1236.17;15.27;515.82;0.44;0
1257;fuel_silo;1235.40;15.27;515.20;5.74;0
1257;radar_station;1235.02;15.27;514.28;3.55;0
1257;rocket_site;1235.13;15.27;513.30;3.90;0
1257;nuclear_reactor;1235.69;15.27;512.49;1.55;0
1257;bunker;1236.58;15.27;512.04;1.45;0
1257;supply_node;1237.57;15.27;512.08;4.93;0
1258;arms_factory;1211.00;15.27;372.00;0.20;0
1258;industrial_complex;1210.76;15.27;372.96;2.30;0
1258;air_base;1210.08;15.27;373.68;4.46;0
1258;anti_air_building;1209.14;15.27;373.99;3.77;0
1258;synthetic_refinery;1208.17;15.27;373.82;4.45;0
1258;fuel_silo;1207.40;15.27;373.20;5.73;0
1258;radar_station;1207.02;15.27;372.28;6.26;0
1258;rocket_site;1207.13;15.27;371.30;2.59;0
1258;nuclear_reactor;1207.69;15.27;370.49;4.69;0
1258;bunker;1208.58;15.27;370.04;3.29;0
1258;supply_node;1209.57;15.27;370.08;1.82;0
1259;arms_factory;2181.00;15.27;1383.00;2.20;0
1259;industrial_complex;2180.76;15.27;1383.96;2.11;0
1259;air_base;2180.08;15.27;1384.68;3.87;0
1259;anti_air_building;2179.14;15.27;1384.99;2.24;0
1259;synthetic_refinery;2178.17;15.27;1384.82;6.14;0
1259;fuel_silo;2177.40;15.27;1384.20;0.54;0
1259;radar_station;2177.02;15.27;1383.28;0.80;0
1259;rocket_site;2177.13;15.27;1382.30;2.46;0
1259;nuclear_reactor;2177.69;15.27;1381.49;0.99;0
1259;bunker;2178.58;15.27;1381.04;2.32;0
1259;supply_node;2179.57;15.27;1381.08;2.25;0
1260;arms_factory;1884.00;15.27;42.00;6.07;0
1260;industrial_complex;1883.76;15.27;42.96;0.80;0
1260;air_base;1883.08;15.27;43.68;5.77;0
1260;anti_air_building;1882.14;15.27;43.99;2.96;0
1260;synthetic_refinery;1881.17;15.27;43.82;3.04;0
1260;fuel_silo;1880.40;15.27;43.20;2.17;0
1260;radar_station;1880.02;15.27;42.28;3.14;0
1260;rocket_site;1880.13;15.27;41.30;3.03;0
1260;nuclear_reactor;1880.69;15.27;40.49;4.47;0
1260;bunker;1881.58;15.27;40.04;1.52;0
1260;supply_node;1882.57;15.27;40.08;0.15;0
1261;arms_factory;2411.00;15.27;1091.00;6.16;0
1261;industrial_complex;2410.76;15.27;1091.96;2.85;0
1261;air_base;2410.08;15.27;1092.68;0.08;0
1261;anti_air_building;2409.14;15.27;1092.99;1.61;0
1261;synthetic_refinery;2408.17;15.27;1092.82;5.49;0
1261;fuel_silo;2407.40;15.27;1092.20;1.37;0
1261;radar_station;2407.02;15.27;1091.28;0.86;0
1261;rocket_site;2407.13;15.27;1090.30;1.99;0
1261;nuclear_reactor;2407.69;15.27;1089.49;3.28;0
1261;bunker;2408.58;15.27;1089.04;5.42;0
1261;supply_node;2409.57;15.27;1089.08;1.03;0
1262;arms_factory;2152.00;15.03;1418.00;0.97;0
1262;industrial_complex;2151.76;15.27;1418.96;3.02;0
1262;air_base;2151.08;15.27;1419.68;1.49;0
1262;anti_air_building;2150.14;15.27;1419.99;5.40;0
1262;synthetic_refinery;2149.17;15.27;1419.82;2.22;0
1262;fuel_silo;2148.40;15.27;1419.20;0.58;0
1262;radar_station;2148.02;15.27;1418.28;3.75;0
1262;rocket_site;2148.13;15.27;1417.30;4.36;0
1262;nuclear_reactor;2148.69;15.27;1416.49;5.48;0
1262;bunker;2149.58;15.27;1416.04;0.75;0
1262;supply_node;2150.57;15.27;1416.08;4.23;0
1263;arms_factory;1544.00;15.58;655.00;3.61;0
1263;industrial_complex;1543.76;15.58;655.96;4.58;0
1263;air_base;1543.08;15.64;656.68;3.67;0
1263;anti_air_building;1542.14;15.64;656.99;3.90;0
1263;synthetic_refinery;1541.17;15.70;656.82;1.94;0
1263;fuel_silo;1540.40;15.70;656.20;0.17;0
1263;radar_station;1540.02;15.70;655.28;4.03;0
1263;rocket_site;1540.13;15.64;654.30;1.55;0
1263;nuclear_reactor;1540.69;15.58;653.49;1.49;0
1263;bunker;1541.58;15.64;653.04;2.44;0
1263;supply_node;1542.57;15.64;653.08;3.38;0
1264;arms_factory;2260.00;15.27;964.00;4.42;0
1264;industrial_complex;2259.76;15.27;964.96;4.07;0
1264;air_base;2259.08;15.27;965.68;2.84;0
1264;anti_air_building;2258.14;15.27;965.99;6.02;0
1264;synthetic_refinery;2257.17;15.27;965.82;5.98;0
1264;fuel_silo;2256.40;15.27;965.20;5.02;0
1264;radar_station;2256.02;15.27;964.28;4.10;0
1264;rocket_site;2256.13;15.27;963.30;4.64;0
1264;nuclear_reactor;2256.69;15.27;962.49;0.04;0
1264;bunker;2257.58;15.27;962.04;1.69;0
1264;supply_node;2258.57;15.27;962.08;1.49;0
1265;arms_factory;2912.00;15.27;1987.00;4.33;0
1265;industrial_complex;2911.76;15.27;1987.96;4.77;0
1265;air_base;2911.08;15.27;1988.68;6.01;0
1265;anti_air_building;2910.14;15.27;1988.99;5.25;0
1265;synthetic_refinery;2909.17;15.27;1988.82;4.16;0
1265;fuel_silo;2908.40;15.27;1988.20;3.42;0
1265;radar_station;2908.02;15.27;1987.28;6.07;0
1265;rocket_site;2908.13;15.27;1986.30;2.76;0
1265;nuclear_reactor;2908.69;15.09;1985.49;2.92;0
1265;bunker;2909.58;15.27;1985.04;2.79;0
1265;supply_node;2910.57;15.27;1985.08;0.40;0
1266;arms_factory;1169.00;15.46;573.00;1.91;0
1266;industrial_complex;1168.76;15.46;573.96;2.83;0
1266;air_base;1168.08;15.46;574.68;4.28;0
1266;anti_air_building;1167.14;15.46;574.99;4.00;0
1266;synthetic_refinery;1166.17;15.52;574.82;4.18;0
1266;fuel_silo;1165.40;15.46;574.20;5.34;0
1266;radar_station;1165.02;15.46;573.28;3.91;0
1266;rocket_site;1165.13;15.46;572.30;6.12;0
1266;nuclear_reactor;1165.69;15.46;571.49;1.20;0
1266;bunker;1166.58;15.40;571.04;1.38;0
1266;supply_node;1167.57;15.40;571.08;1.64;0
1267;arms_factory;2404.00;15.27;1256.00;1.60;0
1267;industrial_complex;2403.76;15.27;1256.96;3.72;0
1267;air_base;2403.08;15.27;1257.68;5.11;0
1267;anti_air_building;2402.14;15.27;1257.99;1.85;0
1267;synthetic_refinery;2401.17;15.27;1257.82;6.22;0
1267;fuel_silo;2400.40;15.27;1257.20;5.71;0
1267;radar_station;2400.02;15.27;1256.28;2.75;0
1267;rocket_site;2400.13;15.27;1255.30;0.36;0
1267;nuclear_reactor;2400.69;15.27;1254.49;4.15;0
1267;bunker;2401.58;15.27;1254.04;1.91;0
1267;supply_node;2402.57;15.27;1254.08;5.62;0
1268;arms_factory;1185.00;15.40;702.00;3.91;0
1268;industrial_complex;1184.76;15.40;702.96;0.98;0
1268;air_base;1184.08;15.40;703.68;5.60;0
1268;anti_air_building;1183.14;15.40;703.99;2.73;0
1268;synthetic_refinery;1182.17;15.40;703.82;1.18;0
1268;fuel_silo;1181.40;15.34;703.20;2.35;0
1268;radar_station;1181.02;15.40;702.28;0.78;0
1268;rocket_site;1181.13;15.40;701.30;0.20;0
1268;nuclear_reactor;1181.69;15.40;700.49;5.48;0
1268;bunker;1182.58;15.46;700.04;0.27;0
1268;supply_node;1183.57;15.46;700.08;4.92;0
1269;arms_factory;2782.00;15.27;722.00;5.88;0
1269;industrial_complex;2781.76;15.27;722.96;4.90;0
1269;air_base;2781.08;15.27;723.68;2.05;0
1269;anti_air_building;2780.14;15.27;723.99;1.34;0
1269;synthetic_refinery;2779.17;15.27;723.82;5.60;0
1269;fuel_silo;2778.40;15.27;723.20;2.19;0
1269;radar_station;2778.02;15.27;722.28;5.65;0
1269;rocket_site;2778.13;15.27;721.30;0.05;0
1269;nuclear_reactor;2778.69;15.27;720.49;2.13;0
1269;bunker;2779.58;15.27;720.04;4.50;0
1269;supply_node;2780.57;15.27;720.08;5.69;0
1270;arms_factory;2775.00;15.27;735.00;5.79;0
1270;industrial_complex;2774.76;15.27;735.96;4.98;0
1270;air_base;2774.08;15.27;736.68;5.65;0
1270;anti_air_building;2773.14;15.27;736.99;6.12;0
1270;synthetic_refinery;2772.17;15.27;736.82;2.37;0
1270;fuel_silo;2771.40;15.27;736.20;5.41;0
1270;radar_station;2771.02;15.27;735.28;1.12;0
1270;rocket_site;2771.13;15.27;734.30;4.81;0
1270;nuclear_reactor;2771.69;15.27;733.49;2.19;0
1270;bunker;2772.58;15.27;733.04;4.78;0
1270;supply_node;2773.57;15.27;733.08;5.22;0
1271;arms_factory;2361.00;15.34;883.00;1.78;0
1271;industrial_complex;2360.76;15.34;883.96;0.87;0
1271;air_base;2360.08;15.34;884.68;2.53;0
1271;anti_air_building;2359.14;15.34;884.99;4.96;0
1271;synthetic_refinery;2358.17;15.34;884.82;6.04;0
1271;fuel_silo;2357.40;15.27;884.20;0.84;0
1271;radar_station;2357.02;15.27;883.28;2.83;0
1271;rocket_site;2357.13;15.27;882.30;0.25;0
1271;nuclear_reactor;2357.69;15.27;881.49;3.89;0
1271;bunker;2358.58;15.27;881.04;3.95;0
1271;supply_node;2359.57;15.27;881.08;3.41;0
1272;arms_factory;2993.00;15.27;1154.00;3.76;0
1272;industrial_complex;2992.76;15.27;1154.96;2.80;0
1272;air_base;2992.08;15.27;1155.68;0.68;0
1272;anti_air_building;2991.14;15.27;1155.99;5.65;0
1272;synthetic_refinery;2990.17;15.27;1155.82;3.10;0
1272;fuel_silo;2989.40;15.27;1155.20;3.93;0
1272;radar_station;2989.02;15.27;1154.28;4.81;0
1272;rocket_site;2989.13;15.27;1153.30;6.24;0
1272;nuclear_reactor;2989.69;15.27;1152.49;0.84;0
1272;bunker;2990.58;15.27;1152.04;4.23;0
1272;supply_node;2991.57;15.27;1152.08;2.89;0
1273;arms_factory;1319.00;15.27;1169.00;2.39;0
1273;industrial_complex;1318.76;15.27;1169.96;5.24;0
1273;air_base;1318.08;15.27;1170.68;5.00;0
1273;anti_air_building;1317.14;15.27;1170.99;5.00;0
1273;synthetic_refinery;1316.17;15.27;1170.82;3.76;0
1273;fuel_silo;1315.40;15.27;1170.20;1.56;0
1273;radar_station;1315.02;15.27;1169.28;2.58;0
1273;rocket_site;1315.13;15.27;1168.30;1.06;0
1273;nuclear_reactor;1315.69;15.27;1167.49;2.78;0
1273;bunker;1316.58;15.27;1167.04;5.40;0
1273;supply_node;1317.57;15.27;1167.08;4.13;0
1274;arms_factory;1299.00;15.27;1688.00;3.69;0
1274;industrial_complex;1298.76;15.27;1688.96;2.51;0
1274;air_base;1298.08;15.27;1689.68;6.13;0
1274;anti_air_building;1297.14;15.27;1689.99;2.72;0
1274;synthetic_refinery;1296.17;15.27;1689.82;3.83;0
1274;fuel_silo;1295.40;15.27;1689.20;0.60;0
1274;radar_station;1295.02;15.27;1688.28;1.48;0
1274;rocket_site;1295.13;15.27;1687.30;0.51;0
1274;nuclear_reactor;1295.69;15.27;1686.49;2.42;0
1274;bunker;1296.58;15.27;1686.04;1.04;0
1274;supply_node;1297.57;15.27;1686.08;5.84;0
1275;arms_factory;1650.00;15.27;169.00;4.86;0
1275;industrial_complex;1649.76;15.27;169.96;0.46;0
1275;air_base;1649.08;15.27;170.68;1.54;0
1275;anti_air_building;1648.14;15.27;170.99;1.61;0
1275;synthetic_refinery;1647.17;15.27;170.82;1.07;0
1275;fuel_silo;1646.40;15.27;170.20;6.19;0
1275;radar_station;1646.02;15.27;169.28;2.47;0
1275;rocket_site;1646.13;15.27;168.30;2.69;0
1275;nuclear_reactor;1646.69;15.27;167.49;6.25;0
1275;bunker;1647.58;15.27;167.04;5.70;0
1275;supply_node;1648.57;15.27;167.08;5.49;0
1276;arms_factory;1606.00;15.27;1301.00;5.36;0
1276;industrial_complex;1605.76;15.27;1301.96;4.70;0
1276;air_base;1605.08;15.27;1302.68;3.78;0
1276;anti_air_building;1604.14;15.27;1302.99;0.45;0
1276;synthetic_refinery;1603.17;15.27;1302.82;3.65;0
1276;fuel_silo;1602.40;15.27;1302.20;1.04;0
1276;radar_station;1602.02;15.27;1301.28;5.03;0
1276;rocket_site;1602.13;15.27;1300.30;5.04;0
1276;nuclear_reactor;1602.69;15.27;1299.49;5.40;0
1276;bunker;1603.58;15.27;1299.04;2.57;0
1276;supply_node;1604.57;15.27;1299.08;1.18;0
1277;arms_factory;1485.00;15.46;700.00;6.05;0
1277;industrial_complex;1484.76;15.52;700.96;4.75;0
1277;air_base;1484.08;15.46;701.68;4.84;0
1277;anti_air_building;1483.14;15.52;701.99;4.77;0
1277;synthetic_refinery;1482.17;15.52;701.82;2.06;0
1277;fuel_silo;1481.40;15.52;701.20;5.37;0
1277;radar_station;1481.02;15.52;700.28;0.65;0
1277;rocket_site;1481.13;15.46;699.30;3.49;0
1277;nuclear_reactor;1481.69;15.40;698.49;1.97;0
1277;bunker;1482.58;15.46;698.04;5.00;0
1277;supply_node;1483.57;15.52;698.08;2.38;0
1278;arms_factory;1714.00;15.27;320.00;1.03;0
1278;industrial_complex;1713.76;15.27;320.96;3.22;0
1278;air_base;1713.08;15.27;321.68;1.97;0
1278;anti_air_building;1712.14;15.27;321.99;2.69;0
1278;synthetic_refinery;1711.17;15.27;321.82;1.55;0
1278;fuel_silo;1710.40;15.27;321.20;2.61;0
1278;radar_station;1710.02;15.27;320.28;0.08;0
1278;rocket_site;1710.13;15.27;319.30;3.22;0
1278;nuclear_reactor;1710.69;15.27;318.49;4.27;0
1278;bunker;1711.58;15.27;318.04;1.55;0
1278;supply_node;1712.57;15.34;318.08;4.71;0
1279;arms_factory;1918.00;15.27;1510.00;2.30;0
1279;industrial_complex;1917.76;15.27;1510.96;1.12;0
1279;air_base;1917.08;15.27;1511.68;0.18;0
1279;anti_air_building;1916.14;15.27;1511.99;6.04;0
1279;synthetic_refinery;1915.17;15.27;1511.82;2.16;0
1279;fuel_silo;1914.40;15.27;1511.20;3.26;0
1279;radar_station;1914.02;15.27;1510.28;2.48;0
1279;rocket_site;1914.13;15.27;1509.30;1.70;0
1279;nuclear_reactor;1914.69;15.27;1508.49;1.16;0
1279;bunker;1915.58;15.27;1508.04;2.45;0
1279;supply_node;1916.57;15.27;1508.08;2.67;0
1280;arms_factory;1846.00;15.27;18.00;4.23;0
1280;industrial_complex;1845.76;15.27;18.96;4.95;0
1280;air_base;1845.08;15.27;19.68;0.51;0
1280;anti_air_building;1844.14;15.27;19.99;3.59;0
1280;synthetic_refinery;1843.17;15.27;19.82;1.47;0
1280;fuel_silo;1842.40;15.27;19.20;5.55;0
1280;radar_station;1842.02;15.27;18.28;0.15;0
1280;rocket_site;1842.13;15.27;17.30;3.69;0
1280;nuclear_reactor;1842.69;15.27;16.49;5.00;0
1280;bunker;1843.58;15.27;16.04;2.38;0
1280;supply_node;1844.57;15.27;16.08;1.23;0
1281;arms_factory;1886.00;15.27;1502.00;5.90;0
1281;industrial_complex;1885.76;15.27;1502.96;1.99;0
1281;air_base;1885.08;15.27;1503.68;5.49;0
1281;anti_air_building;1884.14;15.27;1503.99;1.95;0
1281;synthetic_refinery;1883.17;15.27;1503.82;3.59;0
1281;fuel_silo;1882.40;15.27;1503.20;4.64;0
1281;radar_station;1882.02;15.27;1502.28;1.84;0
1281;rocket_site;1882.13;15.27;1501.30;1.47;0
1281;nuclear_reactor;1882.69;15.27;1500.49;0.28;0
1281;bunker;1883.58;15.27;1500.04;0.96;0
1281;supply_node;1884.57;15.27;1500.08;1.27;0
1282;arms_factory;3182.00;15.34;392.00;1.48;0
1282;industrial_complex;3181.76;15.34;392.96;3.13;0
1282;air_base;3181.08;15.34;393.68;4.13;0
1282;anti_air_building;3180.14;15.34;393.99;1.37;0
1282;synthetic_refinery;3179.17;15.34;393.82;3.87;0
1282;fuel_silo;3178.40;15.27;393.20;2.13;0
1282;radar_station;3178.02;15.27;392.28;3.15;0
1282;rocket_site;3178.13;15.27;391.30;3.73;0
1282;nuclear_reactor;3178.69;15.27;390.49;2.64;0
1282;bunker;3179.58;15.34;390.04;3.36;0
1282;supply_node;3180.57;15.34;390.08;5.23;0
1283;arms_factory;1888.00;15.27;1529.00;1.17;0
1283;industrial_complex;1887.76;15.27;1529.96;1.13;0
1283;air_base;1887.08;15.27;1530.68;3.38;0
1283;anti_air_building;1886.14;15.27;1530.99;3.08;0
1283;synthetic_refinery;1885.17;15.27;1530.82;1.28;0
1283;fuel_silo;1884.40;15.27;1530.20;1.52;0
1283;radar_station;1884.02;15.27;1529.28;2.74;0
1283;rocket_site;1884.13;15.27;1528.30;0.88;0
1283;nuclear_reactor;1884.69;15.27;1527.49;2.07;0
1283;bunker;1885.58;15.27;1527.04;2.99;0
1283;supply_node;1886.57;15.27;1527.08;6.18;0
1284;arms_factory;1338.00;15.27;1135.00;1.01;0
1284;industrial_complex;1337.76;15.27;1135.96;0.38;0
1284;air_base;1337.08;15.27;1136.68;5.00;0
1284;anti_air_building;1336.14;15.27;1136.99;5.61;0
1284;synthetic_refinery;1335.17;15.27;1136.82;2.50;0
1284;fuel_silo;1334.40;15.15;1136.20;5.53;0
1284;radar_station;1334.02;15.15;1135.28;1.53;0
1284;rocket_site;1334.13;15.27;1134.30;0.35;0
1284;nuclear_reactor;1334.69;15.27;1133.49;0.26;0
1284;bunker;1335.58;15.27;1133.04;0.57;0
1284;supply_node;1336.57;15.27;1133.08;4.35;0
1285;arms_factory;2193.00;15.27;1393.00;0.81;0
1285;industrial_complex;2192.76;15.27;1393.96;4.04;0
1285;air_base;2192.08;15.27;1394.68;5.24;0
1285;anti_air_building;2191.14;15.27;1394.99;0.17;0
1285;synthetic_refinery;2190.17;15.27;1394.82;0.15;0
1285;fuel_silo;2189.40;15.27;1394.20;1.44;0
1285;radar_station;2189.02;15.27;1393.28;6.13;0
1285;rocket_site;2189.13;15.27;1392.30;3.36;0
1285;nuclear_reactor;2189.69;15.27;1391.49;4.07;0
1285;bunker;2190.58;15.27;1391.04;0.49;0
1285;supply_node;2191.57;15.27;1391.08;3.49;0
1286;arms_factory;2552.00;15.27;301.00;3.93;0
1286;industrial_complex;2551.76;15.27;301.96;0.10;0
1286;air_base;2551.08;15.27;302.68;2.97;0
1286;anti_air_building;2550.14;15.27;302.99;0.59;0
1286;synthetic_refinery;2549.17;15.27;302.82;0.63;0
1286;fuel_silo;2548.40;15.27;302.20;4.81;0
1286;radar_station;2548.02;15.27;301.28;1.52;0
1286;rocket_site;2548.13;15.27;300.30;3.22;0
1286;nuclear_reactor;2548.69;15.27;299.49;4.50;0
1286;bunker;2549.58;15.27;299.04;5.95;0
1286;supply_node;2550.57;15.27;299.08;0.19;0
1287;arms_factory;2988.00;15.27;562.00;2.97;0
1287;industrial_complex;2987.76;15.27;562.96;6.12;0
1287;air_base;2987.08;15.27;563.68;1.17;0
1287;anti_air_building;2986.14;15.27;563.99;5.63;0
1287;synthetic_refinery;2985.17;15.27;563.82;4.48;0
1287;fuel_silo;2984.40;15.27;563.20;4.44;0
1287;radar_station;2984.02;15.27;562.28;4.67;0
1287;rocket_site;2984.13;15.27;561.30;2.57;0
1287;nuclear_reactor;2984.69;15.27;560.49;4.34;0
1287;bunker;2985.58;15.27;560.04;1.69;0
1287;supply_node;2986.57;15.27;560.08;0.95;0
1288;arms_factory;1090.00;15.34;693.00;1.46;0
1288;industrial_complex;1089.76;15.40;693.96;1.95;0
1288;air_base;1089.08;15.40;694.68;5.19;0
1288;anti_air_building;1088.14;15.40;694.99;0.03;0
1288;synthetic_refinery;1087.17;15.34;694.82;3.50;0
1288;fuel_silo;1086.40;15.34;694.20;2.13;0
1288;radar_station;1086.02;15.34;693.28;0.75;0
1288;rocket_site;1086.13;15.34;692.30;4.17;0
1288;nuclear_reactor;1086.69;15.34;691.49;0.67;0
1288;bunker;1087.58;15.34;691.04;2.89;0
1288;supply_node;1088.57;15.40;691.08;5.61;0
1289;arms_factory;1115.00;15.40;619.00;0.43;0
1289;industrial_complex;1114.76;15.40;619.96;2.36;0
1289;air_base;1114.08;15.40;620.68;0.61;0
1289;anti_air_building;1113.14;15.46;620.99;5.65;0
1289;synthetic_refinery;1112.17;15.40;620.82;4.51;0
1289;fuel_silo;1111.40;15.40;620.20;5.76;0
1289;radar_station;1111.02;15.34;619.28;1.56;0
1289;rocket_site;1111.13;15.34;618.30;3.53;0
1289;nuclear_reactor;1111.69;15.34;617.49;6.10;0
1289;bunker;1112.58;15.34;617.04;6.18;0
1289;supply_node;1113.57;15.40;617.08;2.62;0
1290;arms_factory;1882.00;15.27;76.00;5.27;0
1290;industrial_complex;1881.76;15.27;76.96;5.89;0
1290;air_base;1881.08;15.27;77.68;4.00;0
1290;anti_air_building;1880.14;15.27;77.99;4.26;0
1290;synthetic_refinery;1879.17;15.27;77.82;0.40;0
1290;fuel_silo;1878.40;15.27;77.20;0.96;0
1290;radar_station;1878.02;15.27;76.28;3.56;0
1290;rocket_site;1878.13;15.27;75.30;3.83;0
1290;nuclear_reactor;1878.69;15.27;74.49;1.47;0
1290;bunker;1879.58;15.27;74.04;5.20;0
1290;supply_node;1880.57;15.27;74.08;2.93;0
1291;arms_factory;1335.00;15.27;1152.00;1.07;0
1291;industrial_complex;1334.76;15.27;1152.96;2.48;0
1291;air_base;1334.08;15.27;1153.68;2.11;0
1291;anti_air_building;1333.14;15.27;1153.99;0.59;0
1291;synthetic_refinery;1332.17;15.27;1153.82;0.64;0
1291;fuel_silo;1331.40;15.27;1153.20;5.59;0
1291;radar_station;1331.02;15.27;1152.28;4.72;0
1291;rocket_site;1331.13;15.27;1151.30;1.34;0
1291;nuclear_reactor;1331.69;15.27;1150.49;6.13;0
1291;bunker;1332.58;15.27;1150.04;0.70;0
1291;supply_node;1333.57;15.27;1150.08;4.23;0
1292;arms_factory;1168.00;15.27;719.00;0.53;0
1292;industrial_complex;1167.76;15.27;719.96;4.27;0
1292;air_base;1167.08;15.27;720.68;4.17;0
1292;anti_air_building;1166.14;15.27;720.99;2.48;0
1292;synthetic_refinery;1165.17;15.27;720.82;1.83;0
1292;fuel_silo;1164.40;15.27;720.20;3.99;0
1292;radar_station;1164.02;15.27;719.28;0.39;0
1292;rocket_site;1164.13;15.15;718.30;4.70;0
1292;nuclear_reactor;1164.69;15.15;717.49;3.16;0
1292;bunker;1165.58;15.27;717.04;0.25;0
1292;supply_node;1166.57;15.27;717.08;2.84;0
1293;arms_factory;1927.00;15.27;44.00;1.81;0
1293;industrial_complex;1926.76;15.27;44.96;4.16;0
1293;air_base;1926.08;15.27;45.68;1.11;0
1293;anti_air_building;1925.14;15.27;45.99;4.54;0
1293;synthetic_refinery;1924.17;15.27;45.82;1.99;0
1293;fuel_silo;1923.40;15.27;45.20;5.52;0
1293;radar_station;1923.02;15.27;44.28;2.24;0
1293;rocket_site;1923.13;15.27;43.30;0.09;0
1293;nuclear_reactor;1923.69;15.27;42.49;2.20;0
1293;bunker;1924.58;15.27;42.04;3.17;0
1293;supply_node;1925.57;15.27;42.08;2.35;0
1294;arms_factory;2869.00;15.27;453.00;5.48;0
1294;industrial_complex;2868.76;15.27;453.96;2.63;0
1294;air_base;2868.08;15.27;454.68;4.60;0
1294;anti_air_building;2867.14;15.27;454.99;4.55;0
1294;synthetic_refinery;2866.17;15.27;454.82;5.25;0
1294;fuel_silo;2865.40;15.27;454.20;0.82;0
1294;radar_station;2865.02;15.27;453.28;2.67;0
1294;rocket_site;2865.13;15.27;452.30;0.47;0
1294;nuclear_reactor;2865.69;15.27;451.49;5.05;0
1294;bunker;2866.58;15.27;451.04;0.18;0
1294;supply_node;2867.57;15.27;451.08;2.65;0
1295;arms_factory;2923.00;15.34;933.00;1.95;0
1295;industrial_complex;2922.76;15.34;933.96;1.67;0
1295;air_base;2922.08;15.27;934.68;3.46;0
1295;anti_air_building;2921.14;15.27;934.99;5.50;0
1295;synthetic_refinery;2920.17;15.34;934.82;1.83;0
1295;fuel_silo;2919.40;15.34;934.20;4.91;0
1295;radar_station;2919.02;15.27;933.28;2.96;0
1295;rocket_site;2919.13;15.27;932.30;4.91;0
1295;nuclear_reactor;2919.69;15.27;931.49;6.14;0
1295;bunker;2920.58;15.27;931.04;1.22;0
1295;supply_node;2921.57;15.27;931.08;0.10;0
1296;arms_factory;1927.00;15.27;1532.00;2.10;0
1296;industrial_complex;1926.76;15.27;1532.96;6.14;0
1296;air_base;1926.08;15.27;1533.68;4.87;0
1296;anti_air_building;1925.14;15.27;1533.99;5.76;0
1296;synthetic_refinery;1924.17;15.27;1533.82;5.21;0
1296;fuel_silo;1923.40;15.27;1533.20;2.43;0
1296;radar_station;1923.02;15.27;1532.28;2.77;0
1296;rocket_site;1923.13;15.27;1531.30;4.55;0
1296;nuclear_reactor;1923.69;15.27;1530.49;5.65;0
1296;bunker;1924.58;15.27;1530.04;3.65;0
1296;supply_node;1925.57;15.27;1530.08;0.47;0
1297;arms_factory;2347.00;15.27;840.00;4.61;0
1297;industrial_complex;2346.76;15.27;840.96;0.16;0
1297;air_base;2346.08;15.27;841.68;2.22;0
1297;anti_air_building;2345.14;15.27;841.99;1.44;0
1297;synthetic_refinery;2344.17;15.27;841.82;0.91;0
1297;fuel_silo;2343.40;15.27;841.20;5.93;0
1297;radar_station;2343.02;15.27;840.28;1.95;0
1297;rocket_site;2343.13;15.27;839.30;5.15;0
1297;nuclear_reactor;2343.69;15.27;838.49;5.46;0
1297;bunker;2344.58;15.27;838.04;3.20;0
1297;supply_node;2345.57;15.27;838.08;0.43;0
1298;arms_factory;1132.00;15.27;729.00;5.94;0
1298;industrial_complex;1131.76;15.27;729.96;2.93;0
1298;air_base;1131.08;15.27;730.68;0.33;0
1298;anti_air_building;1130.14;15.27;730.99;1.96;0
1298;synthetic_refinery;1129.17;15.27;730.82;1.84;0
1298;fuel_silo;1128.40;15.27;730.20;3.45;0
1298;radar_station;1128.02;15.27;729.28;2.44;0
1298;rocket_site;1128.13;15.27;728.30;1.49;0
1298;nuclear_reactor;1128.69;15.27;727.49;1.43;0
1298;bunker;1129.58;15.27;727.04;1.95;0
1298;supply_node;1130.57;15.27;727.08;0.01;0
1299;arms_factory;1456.00;15.27;569.00;0.16;0
1299;industrial_complex;1455.76;15.27;569.96;1.90;0
1299;air_base;1455.08;15.27;570.68;0.36;0
1299;anti_air_building;1454.14;15.27;570.99;4.19;0
1299;synthetic_refinery;1453.17;15.27;570.82;2.82;0
1299;fuel_silo;1452.40;15.27;570.20;6.28;0
1299;radar_station;1452.02;15.27;569.28;2.75;0
1299;rocket_site;1452.13;15.27;568.30;1.79;0
1299;nuclear_reactor;1452.69;15.27;567.49;1.61;0
1299;bunker;1453.58;15.27;567.04;2.29;0
1299;supply_node;1454.57;15.27;567.08;2.92;0
1300;arms_factory;2733.00;15.27;1043.00;1.66;0
1300;industrial_complex;2732.76;15.27;1043.96;1.71;0
1300;air_base;2732.08;15.27;1044.68;3.90;0
1300;anti_air_building;2731.14;15.27;1044.99;5.79;0
1300;synthetic_refinery;2730.17;15.27;1044.82;1.76;0
1300;fuel_silo;2729.40;15.27;1044.20;1.80;0
1300;radar_station;2729.02;15.27;1043.28;1.92;0
1300;rocket_site;2729.13;15.27;1042.30;4.71;0
1300;nuclear_reactor;2729.69;15.15;1041.49;4.04;0
1300;bunker;2730.58;15.15;1041.04;5.13;0
1300;supply_node;2731.57;15.27;1041.08;1.98;0
1301;arms_factory;2216.00;15.27;1488.00;0.51;0
1301;industrial_complex;2215.76;15.27;1488.96;6.20;0
1301;air_base;2215.08;15.27;1489.68;4.69;0
1301;anti_air_building;2214.14;15.27;1489.99;4.20;0
1301;synthetic_refinery;2213.17;15.27;1489.82;2.80;0
1301;fuel_silo;2212.40;15.27;1489.20;1.05;0
1301;radar_station;2212.02;15.27;1488.28;0.69;0
1301;rocket_site;2212.13;15.27;1487.30;5.95;0
1301;nuclear_reactor;2212.69;15.27;1486.49;3.23;0
1301;bunker;2213.58;15.27;1486.04;0.26;0
1301;supply_node;2214.57;15.27;1486.08;1.96;0
1302;arms_factory;1161.00;15.27;688.00;2.22;0
1302;industrial_complex;1160.76;15.34;688.96;1.22;0
1302;air_base;1160.08;15.34;689.68;3.53;0
1302;anti_air_building;1159.14;15.27;689.99;1.62;0
1302;synthetic_refinery;1158.17;15.27;689.82;5.20;0
1302;fuel_silo;1157.40;15.27;689.20;3.31;0
1302;radar_station;1157.02;15.27;688.28;6.27;0
1302;rocket_site;1157.13;15.27;687.30;5.57;0
1302;nuclear_reactor;1157.69;15.27;686.49;0.25;0
1302;bunker;1158.58;15.34;686.04;1.95;0
1302;supply_node;1159.57;15.27;686.08;0.77;0
1303;arms_factory;1190.00;15.27;721.00;0.24;0
1303;industrial_complex;1189.76;15.27;721.96;3.08;0
1303;air_base;1189.08;15.27;722.68;3.51;0
1303;anti_air_building;1188.14;15.27;722.99;5.93;0
1303;synthetic_refinery;1187.17;15.27;722.82;5.60;0
1303;fuel_silo;1186.40;15.27;722.20;1.44;0
1303;radar_station;1186.02;15.27;721.28;3.12;0
1303;rocket_site;1186.13;15.27;720.30;5.82;0
1303;nuclear_reactor;1186.69;15.27;719.49;1.27;0
1303;bunker;1187.58;15.27;719.04;1.97;0
1303;supply_node;1188.57;15.27;719.08;0.25;0
1304;arms_factory;1534.00;15.40;647.00;3.45;0
1304;industrial_complex;1533.76;15.34;647.96;3.54;0
1304;air_base;1533.08;15.34;648.68;3.32;0
1304;anti_air_building;1532.14;15.40;648.99;6.17;0
1304;synthetic_refinery;1531.17;15.40;648.82;1.33;0
1304;fuel_silo;1530.40;15.34;648.20;0.08;0
1304;radar_station;1530.02;15.34;647.28;2.92;0
1304;rocket_site;1530.13;15.34;646.30;5.55;0
1304;nuclear_reactor;1530.69;15.27;645.49;3.80;0
1304;bunker;1531.58;15.27;645.04;4.20;0
1304;supply_node;1532.57;15.34;645.08;2.28;0
1305;arms_factory;2380.00;15.27;1250.00;1.69;0
1305;industrial_complex;2379.76;15.27;1250.96;1.46;0
1305;air_base;2379.08;15.27;1251.68;3.24;0
1305;anti_air_building;2378.14;15.27;1251.99;0.58;0
1305;synthetic_refinery;2377.17;15.27;1251.82;1.97;0
1305;fuel_silo;2376.40;15.27;1251.20;5.53;0
1305;radar_station;2376.02;15.27;1250.28;1.92;0
1305;rocket_site;2376.13;15.27;1249.30;1.39;0
1305;nuclear_reactor;2376.69;15.27;1248.49;0.84;0
1305;bunker;2377.58;15.27;1248.04;3.29;0
1305;supply_node;2378.57;15.27;1248.08;3.33;0
1306;arms_factory;2380.00;15.27;1253.00;2.02;0
1306;industrial_complex;2379.76;15.27;1253.96;5.21;0
1306;air_base;2379.08;15.27;1254.68;4.58;0
1306;anti_air_building;2378.14;15.27;1254.99;3.73;0
1306;synthetic_refinery;2377.17;15.27;1254.82;3.68;0
1306;fuel_silo;2376.40;15.27;1254.20;1.80;0
1306;radar_station;2376.02;15.27;1253.28;1.29;0
1306;rocket_site;2376.13;15.27;1252.30;3.04;0
1306;nuclear_reactor;2376.69;15.27;1251.49;1.01;0
1306;bunker;2377.58;15.27;1251.04;0.54;0
1306;supply_node;2378.57;15.27;1251.08;1.13;0
1307;arms_factory;1912.00;15.27;1540.00;1.26;0
1307;industrial_complex;1911.76;15.27;1540.96;3.57;0
1307;air_base;1911.08;15.27;1541.68;4.25;0
1307;anti_air_building;1910.14;15.27;1541.99;5.04;0
1307;synthetic_refinery;1909.17;15.27;1541.82;1.21;0
1307;fuel_silo;1908.40;15.27;1541.20;4.08;0
1307;radar_station;1908.02;15.27;1540.28;3.87;0
1307;rocket_site;1908.13;15.27;1539.30;5.23;0
1307;nuclear_reactor;1908.69;15.27;1538.49;1.41;0
1307;bunker;1909.58;15.27;1538.04;0.07;0
1307;supply_node;1910.57;15.27;1538.08;6.01;0
1308;arms_factory;1113.00;15.15;646.00;0.49;0
1308;industrial_complex;1112.76;15.27;646.96;6.08;0
1308;air_base;1112.08;15.27;647.68;0.86;0
1308;anti_air_building;1111.14;15.27;647.99;2.11;0
1308;synthetic_refinery;1110.17;15.27;647.82;3.71;0
1308;fuel_silo;1109.40;15.27;647.20;4.11;0
1308;radar_station;1109.02;15.27;646.28;3.24;0
1308;rocket_site;1109.13;15.27;645.30;0.31;0
1308;nuclear_reactor;1109.69;15.27;644.49;5.70;0
1308;bunker;1110.58;15.27;644.04;4.15;0
1308;supply_node;1111.57;15.27;644.08;4.62;0
1309;arms_factory;2331.00;15.27;1346.00;4.23;0
1309;industrial_complex;2330.76;15.27;1346.96;5.96;0
1309;air_base;2330.08;15.27;1347.68;3.12;0
1309;anti_air_building;2329.14;15.27;1347.99;2.68;0
1309;synthetic_refinery;2328.17;15.27;1347.82;4.33;0
1309;fuel_silo;2327.40;15.27;1347.20;3.06;0
1309;radar_station;2327.02;15.27;1346.28;3.60;0
1309;rocket_site;2327.13;15.27;1345.30;0.96;0
1309;nuclear_reactor;2327.69;15.27;1344.49;2.25;0
1309;bunker;2328.58;15.27;1344.04;0.80;0
1309;supply_node;2329.57;15.27;1344.08;5.08;0
1310;arms_factory;1085.00;15.27;1253.00;3.09;0
1310;industrial_complex;1084.76;15.27;1253.96;0.23;0
1310;air_base;1084.08;15.27;1254.68;1.05;0
1310;anti_air_building;1083.14;15.27;1254.99;6.05;0
1310;synthetic_refinery;1082.17;15.27;1254.82;2.23;0
1310;fuel_silo;1081.40;15.27;1254.20;0.47;0
1310;radar_station;1081.02;15.27;1253.28;5.64;0
1310;rocket_site;1081.13;15.27;1252.30;3.39;0
1310;nuclear_reactor;1081.69;15.15;1251.49;3.54;0
1310;bunker;1082.58;15.15;1251.04;3.09;0
1310;supply_node;1083.57;15.27;1251.08;1.85;0
1311;arms_factory;2233.00;15.03;1497.00;5.68;0
1311;industrial_complex;2232.76;15.27;1497.96;1.97;0
1311;air_base;2232.08;15.27;1498.68;3.52;0
1311;anti_air_building;2231.14;15.27;1498.99;5.47;0
1311;synthetic_refinery;2230.17;15.27;1498.82;1.08;0
1311;fuel_silo;2229.40;15.03;1498.20;3.42;0
1311;radar_station;2229.02;15.03;1497.28;4.85;0
1311;rocket_site;2229.13;15.27;1496.30;4.76;0
1311;nuclear_reactor;2229.69;15.27;1495.49;5.74;0
1311;bunker;2230.58;15.27;1495.04;4.18;0
1311;supply_node;2231.57;15.27;1495.08;5.88;0
1312;arms_factory;2381.00;15.27;872.00;1.01;0
1312;industrial_complex;2380.76;15.27;872.96;0.44;0
1312;air_base;2380.08;15.27;873.68;2.70;0
1312;anti_air_building;2379.14;15.27;873.99;3.95;0
1312;synthetic_refinery;2378.17;15.27;873.82;0.76;0
1312;fuel_silo;2377.40;15.27;873.20;3.15;0
1312;radar_station;2377.02;15.27;872.28;0.50;0
1312;rocket_site;2377.13;15.27;871.30;0.61;0
1312;nuclear_reactor;2377.69;15.27;870.49;0.17;0
1312;bunker;2378.58;15.27;870.04;4.48;0
1312;supply_node;2379.57;15.27;870.08;4.14;0
1313;arms_factory;2116.00;15.27;1426.00;5.14;0
1313;industrial_complex;2115.76;15.27;1426.96;2.54;0
1313;air_base;2115.08;15.27;1427.68;0.61;0
1313;anti_air_building;2114.14;15.27;1427.99;2.02;0
1313;synthetic_refinery;2113.17;15.27;1427.82;1.96;0
1313;fuel_silo;2112.40;15.27;1427.20;0.35;0
1313;radar_station;2112.02;15.27;1426.28;5.86;0
1313;rocket_site;2112.13;15.27;1425.30;2.75;0
1313;nuclear_reactor;2112.69;15.03;1424.49;1.98;0
1313;bunker;2113.58;15.03;1424.04;4.94;0
1313;supply_node;2114.57;15.03;1424.08;0.58;0
1314;arms_factory;1153.00;15.15;669.00;3.13;0
1314;industrial_complex;1152.76;15.27;669.96;5.59;0
1314;air_base;1152.08;15.27;670.68;0.93;0
1314;anti_air_building;1151.14;15.27;670.99;1.82;0
1314;synthetic_refinery;1150.17;15.27;670.82;1.19;0
1314;fuel_silo;1149.40;15.15;670.20;1.86;0
1314;radar_station;1149.02;15.15;669.28;5.76;0
1314;rocket_site;1149.13;15.15;668.30;5.70;0
1314;nuclear_reactor;1149.69;15.15;667.49;1.57;0
1314;bunker;1150.58;15.27;667.04;0.52;0
1314;supply_node;1151.57;15.27;667.08;3.13;0
1315;arms_factory;1076.00;15.27;1262.00;2.20;0
1315;industrial_complex;1075.76;15.27;1262.96;2.93;0
1315;air_base;1075.08;15.27;1263.68;5.29;0
1315;anti_air_building;1074.14;15.27;1263.99;5.22;0
1315;synthetic_refinery;1073.17;15.15;1263.82;3.42;0
1315;fuel_silo;1072.40;15.15;1263.20;1.45;0
1315;radar_station;1072.02;15.15;1262.28;0.58;0
1315;rocket_site;1072.13;15.27;1261.30;5.75;0
1315;nuclear_reactor;1072.69;15.27;1260.49;3.65;0
1315;bunker;1073.58;15.27;1260.04;3.96;0
1315;supply_node;1074.57;15.27;1260.08;0.62;0
1316;arms_factory;1943.00;15.03;1490.00;5.22;0
1316;industrial_complex;1942.76;15.03;1490.96;1.64;0
1316;air_base;1942.08;15.03;1491.68;3.57;0
1316;anti_air_building;1941.14;15.03;1491.99;0.46;0
1316;synthetic_refinery;1940.17;15.03;1491.82;1.00;0
1316;fuel_silo;1939.40;15.27;1491.20;5.47;0
1316;radar_station;1939.02;15.03;1490.28;3.94;0
1316;rocket_site;1939.13;15.03;1489.30;1.00;0
1316;nuclear_reactor;1939.69;15.03;1488.49;3.45;0
1316;bunker;1940.58;15.03;1488.04;4.09;0
1316;supply_node;1941.57;15.03;1488.08;5.21;0
1317;arms_factory;2606.00;15.27;756.00;5.54;0
1317;industrial_complex;2605.76;15.27;756.96;2.38;0
1317;air_base;2605.08;15.27;757.68;3.98;0
1317;anti_air_building;2604.14;15.27;757.99;2.32;0
1317;synthetic_refinery;2603.17;15.27;757.82;2.86;0
1317;fuel_silo;2602.40;15.03;757.20;6.06;0
1317;radar_station;2602.02;15.27;756.28;0.87;0
1317;rocket_site;2602.13;15.27;755.30;6.08;0
1317;nuclear_reactor;2602.69;15.27;754.49;2.73;0
1317;bunker;2603.58;15.27;754.04;2.13;0
1317;supply_node;2604.57;15.27;754.08;6.01;0
1318;arms_factory;2218.00;15.27;1480.00;3.96;0
1318;industrial_complex;2217.76;15.27;1480.96;2.56;0
1318;air_base;2217.08;15.27;1481.68;4.89;0
1318;anti_air_building;2216.14;15.27;1481.99;2.45;0
1318;synthetic_refinery;2215.17;15.27;1481.82;1.85;0
1318;fuel_silo;2214.40;15.27;1481.20;5.46;0
1318;radar_station;2214.02;15.27;1480.28;3.06;0
1318;rocket_site;2214.13;15.03;1479.30;4.52;0
1318;nuclear_reactor;2214.69;15.03;1478.49;0.08;0
1318;bunker;2215.58;15.03;1478.04;0.96;0
1318;supply_node;2216.57;15.03;1478.08;0.41;0
1319;arms_factory;1438.00;15.27;1197.00;0.55;0
1319;industrial_complex;1437.76;15.27;1197.96;1.76;0
1319;air_base;1437.08;15.27;1198.68;4.54;0
1319;anti_air_building;1436.14;15.27;1198.99;0.94;0
1319;synthetic_refinery;1435.17;15.27;1198.82;0.80;0
1319;fuel_silo;1434.40;15.15;1198.20;5.28;0
1319;radar_station;1434.02;15.27;1197.28;5.87;0
1319;rocket_site;1434.13;15.27;1196.30;0.22;0
1319;nuclear_reactor;1434.69;15.27;1195.49;6.22;0
1319;bunker;1435.58;15.27;1195.04;5.95;0
1319;supply_node;1436.57;15.27;1195.08;0.79;0
1320;arms_factory;2998.00;15.15;654.00;5.49;0
1320;industrial_complex;2997.76;15.27;654.96;3.41;0
1320;air_base;2997.08;15.27;655.68;0.23;0
1320;anti_air_building;2996.14;15.27;655.99;3.78;0
1320;synthetic_refinery;2995.17;15.27;655.82;5.84;0
1320;fuel_silo;2994.40;15.15;655.20;0.74;0
1320;radar_station;2994.02;15.15;654.28;2.77;0
1320;rocket_site;2994.13;15.15;653.30;5.22;0
1320;nuclear_reactor;2994.69;15.15;652.49;4.50;0
1320;bunker;2995.58;15.15;652.04;3.10;0
1320;supply_node;2996.57;15.27;652.08;5.84;0
1321;arms_factory;1146.00;15.27;738.00;5.48;0
1321;industrial_complex;1145.76;15.27;738.96;5.57;0
1321;air_base;1145.08;15.27;739.68;6.08;0
1321;anti_air_building;1144.14;15.27;739.99;3.49;0
1321;synthetic_refinery;1143.17;15.27;739.82;1.25;0
1321;fuel_silo;1142.40;15.27;739.20;0.07;0
1321;radar_station;1142.02;15.27;738.28;1.65;0
1321;rocket_site;1142.13;15.27;737.30;1.54;0
1321;nuclear_reactor;1142.69;15.15;736.49;3.14;0
1321;bunker;1143.58;15.15;736.04;0.32;0
1321;supply_node;1144.57;15.15;736.08;5.73;0
1322;arms_factory;2985.00;15.27;747.00;0.03;0
1322;industrial_complex;2984.76;15.27;747.96;3.91;0
1322;air_base;2984.08;15.27;748.68;3.07;0
1322;anti_air_building;2983.14;15.27;748.99;5.36;0
1322;synthetic_refinery;2982.17;15.27;748.82;1.20;0
1322;fuel_silo;2981.40;15.27;748.20;5.05;0
1322;radar_station;2981.02;15.27;747.28;1.96;0
1322;rocket_site;2981.13;15.27;746.30;5.38;0
1322;nuclear_reactor;2981.69;15.15;745.49;3.56;0
1322;bunker;2982.58;15.27;745.04;4.65;0
1322;supply_node;2983.57;15.27;745.08;4.18;0
1323;arms_factory;1667.00;15.15;392.00;4.80;0
1323;industrial_complex;1666.76;15.27;392.96;0.07;0
1323;air_base;1666.08;15.27;393.68;0.86;0
1323;anti_air_building;1665.14;15.27;393.99;2.26;0
1323;synthetic_refinery;1664.17;15.27;393.82;5.13;0
1323;fuel_silo;1663.40;15.27;393.20;0.86;0
1323;radar_station;1663.02;15.27;392.28;3.77;0
1323;rocket_site;1663.13;15.27;391.30;5.61;0
1323;nuclear_reactor;1663.69;15.15;390.49;2.69;0
1323;bunker;1664.58;15.15;390.04;2.15;0
1323;supply_node;1665.57;15.27;390.08;0.81;0
1324;arms_factory;2122.00;15.27;541.00;1.79;0
1324;industrial_complex;2121.76;15.27;541.96;0.51;0
1324;air_base;2121.08;15.27;542.68;5.47;0
1324;anti_air_building;2120.14;15.27;542.99;5.90;0
1324;synthetic_refinery;2119.17;15.27;542.82;4.45;0
1324;fuel_silo;2118.40;15.27;542.20;6.21;0
1324;radar_station;2118.02;15.27;541.28;4.77;0
1324;rocket_site;2118.13;15.27;540.30;0.69;0
1324;nuclear_reactor;2118.69;15.15;539.49;4.94;0
1324;bunker;2119.58;15.27;539.04;1.05;0
1324;supply_node;2120.57;15.15;539.08;2.12;0
1325;arms_factory;1092.00;15.27;1243.00;4.94;0
1325;industrial_complex;1091.76;15.27;1243.96;0.42;0
1325;air_base;1091.08;15.27;1244.68;0.11;0
1325;anti_air_building;1090.14;15.27;1244.99;0.09;0
1325;synthetic_refinery;1089.17;15.27;1244.82;3.02;0
1325;fuel_silo;1088.40;15.15;1244.20;4.16;0
1325;radar_station;1088.02;15.27;1243.28;0.78;0
1325;rocket_site;1088.13;15.27;1242.30;5.72;0
1325;nuclear_reactor;1088.69;15.15;1241.49;6.12;0
1325;bunker;1089.58;15.27;1241.04;5.31;0
1325;supply_node;1090.57;15.15;1241.08;4.13;0
1326;arms_factory;1345.00;15.15;1134.00;3.43;0
1326;industrial_complex;1344.76;15.27;1134.96;6.26;0
1326;air_base;1344.08;15.27;1135.68;0.72;0
1326;anti_air_building;1343.14;15.27;1135.99;3.39;0
1326;synthetic_refinery;1342.17;15.15;1135.82;3.92;0
1326;fuel_silo;1341.40;15.15;1135.20;2.66;0
1326;radar_station;1341.02;15.15;1134.28;4.02;0
1326;rocket_site;1341.13;15.15;1133.30;2.06;0
1326;nuclear_reactor;1341.69;15.27;1132.49;0.53;0
1326;bunker;1342.58;15.27;1132.04;1.09;0
1326;supply_node;1343.57;15.27;1132.08;6.19;0
1327;arms_factory;2542.00;15.27;719.00;6.14;0
1327;industrial_complex;2541.76;15.27;719.96;0.77;0
1327;air_base;2541.08;15.27;720.68;2.94;0
1327;anti_air_building;2540.14;15.27;720.99;5.45;0
1327;synthetic_refinery;2539.17;15.27;720.82;5.54;0
1327;fuel_silo;2538.40;15.27;720.20;4.08;0
1327;radar_station;2538.02;15.27;719.28;4.35;0
1327;rocket_site;2538.13;15.03;718.30;4.02;0
1327;nuclear_reactor;2538.69;15.03;717.49;1.49;0
1327;bunker;2539.58;15.03;717.04;1.47;0
1327;supply_node;2540.57;15.27;717.08;0.34;0
1328;arms_factory;2378.00;15.27;879.00;5.00;0
1328;industrial_complex;2377.76;15.27;879.96;1.47;0
1328;air_base;2377.08;15.27;880.68;4.07;0
1328;anti_air_building;2376.14;15.27;880.99;3.35;0
1328;synthetic_refinery;2375.17;15.27;880.82;1.09;0
1328;fuel_silo;2374.40;15.27;880.20;5.49;0
1328;radar_station;2374.02;15.15;879.28;5.83;0
1328;rocket_site;2374.13;15.15;878.30;3.91;0
1328;nuclear_reactor;2374.69;15.15;877.49;2.68;0
1328;bunker;2375.58;15.15;877.04;4.17;0
1328;supply_node;2376.57;15.27;877.08;0.01;0
1329;arms_factory;1371.00;15.15;623.00;3.14;0
1329;industrial_complex;1370.76;15.27;623.96;0.54;0
1329;air_base;1370.08;15.27;624.68;2.28;0
1329;anti_air_building;1369.14;15.27;624.99;5.80;0
1329;synthetic_refinery;1368.17;15.27;624.82;5.77;0
1329;fuel_silo;1367.40;15.15;624.20;5.09;0
1329;radar_station;1367.02;15.15;623.28;0.03;0
1329;rocket_site;1367.13;15.27;622.30;0.58;0
1329;nuclear_reactor;1367.69;15.27;621.49;4.80;0
1329;bunker;1368.58;15.27;621.04;0.41;0
1329;supply_node;1369.57;15.15;621.08;0.77;0
1330;arms_factory;2913.00;15.15;930.00;2.30;0
1330;industrial_complex;2912.76;15.27;930.96;0.29;0
1330;air_base;2912.08;15.27;931.68;1.68;0
1330;anti_air_building;2911.14;15.27;931.99;5.03;0
1330;synthetic_refinery;2910.17;15.27;931.82;5.78;0
1330;fuel_silo;2909.40;15.27;931.20;4.89;0
1330;radar_station;2909.02;15.27;930.28;1.43;0
1330;rocket_site;2909.13;15.27;929.30;2.17;0
1330;nuclear_reactor;2909.69;15.15;928.49;6.05;0
1330;bunker;2910.58;15.27;928.04;0.41;0
1330;supply_node;2911.57;15.27;928.08;4.01;0
1331;arms_factory;1624.00;15.27;469.00;3.70;0
1331;industrial_complex;1623.76;15.27;469.96;1.16;0
1331;air_base;1623.08;15.27;470.68;0.12;0
1331;anti_air_building;1622.14;15.27;470.99;1.92;0
1331;synthetic_refinery;1621.17;15.27;470.82;0.12;0
1331;fuel_silo;1620.40;15.15;470.20;1.36;0
1331;radar_station;1620.02;15.15;469.28;5.86;0
1331;rocket_site;1620.13;15.27;468.30;6.15;0
1331;nuclear_reactor;1620.69;15.15;467.49;3.12;0
1331;bunker;1621.58;15.27;467.04;4.89;0
1331;supply_node;1622.57;15.27;467.08;4.18;0
1332;arms_factory;2603.00;15.27;693.00;5.34;0
1332;industrial_complex;2602.76;15.27;693.96;2.11;0
1332;air_base;2602.08;15.27;694.68;2.00;0
1332;anti_air_building;2601.14;15.27;694.99;2.74;0
1332;synthetic_refinery;2600.17;15.27;694.82;1.34;0
1332;fuel_silo;2599.40;15.27;694.20;5.47;0
1332;radar_station;2599.02;15.27;693.28;4.91;0
1332;rocket_site;2599.13;15.27;692.30;6.13;0
1332;nuclear_reactor;2599.69;15.03;691.49;1.37;0
1332;bunker;2600.58;15.27;691.04;4.32;0
1332;supply_node;2601.57;15.03;691.08;2.61;0
1333;arms_factory;1999.00;15.03;1659.00;0.35;0
1333;industrial_complex;1998.76;15.27;1659.96;3.57;0
1333;air_base;1998.08;15.27;1660.68;3.53;0
1333;anti_air_building;1997.14;15.27;1660.99;1.06;0
1333;synthetic_refinery;1996.17;15.27;1660.82;4.54;0
1333;fuel_silo;1995.40;15.27;1660.20;3.64;0
1333;radar_station;1995.02;15.27;1659.28;6.09;0
1333;rocket_site;1995.13;15.27;1658.30;4.21;0
1333;nuclear_reactor;1995.69;15.27;1657.49;1.77;0
1333;bunker;1996.58;15.27;1657.04;5.93;0
1333;supply_node;1997.57;15.27;1657.08;1.27;0
1334;arms_factory;1219.00;15.27;1758.00;3.10;0
1334;industrial_complex;1218.76;15.27;1758.96;1.94;0
1334;air_base;1218.08;15.27;1759.68;1.63;0
1334;anti_air_building;1217.14;15.15;1759.99;4.06;0
1334;synthetic_refinery;1216.17;15.15;1759.82;4.52;0
1334;fuel_silo;1215.40;15.15;1759.20;0.54;0
1334;radar_station;1215.02;15.27;1758.28;5.55;0
1334;rocket_site;1215.13;15.27;1757.30;2.54;0
1334;nuclear_reactor;1215.69;15.15;1756.49;4.04;0
1334;bunker;1216.58;15.15;1756.04;4.92;0
1334;supply_node;1217.57;15.15;1756.08;0.35;0
1335;arms_factory;2977.00;15.27;564.00;5.55;0
1335;industrial_complex;2976.76;15.27;564.96;1.04;0
1335;air_base;2976.08;15.27;565.68;5.20;0
1335;anti_air_building;2975.14;15.27;565.99;0.37;0
1335;synthetic_refinery;2974.17;15.27;565.82;5.83;0
1335;fuel_silo;2973.40;15.15;565.20;4.35;0
1335;radar_station;2973.02;15.15;564.28;6.21;0
1335;rocket_site;2973.13;15.15;563.30;5.97;0
1335;nuclear_reactor;2973.69;15.15;562.49;0.92;0
1335;bunker;2974.58;15.15;562.04;2.79;0
1335;supply_node;2975.57;15.27;562.08;3.29;0
1336;arms_factory;1218.00;15.27;398.00;1.84;0
1336;industrial_complex;1217.76;15.27;398.96;1.32;0
1336;air_base;1217.08;15.27;399.68;1.34;0
1336;anti_air_building;1216.14;15.27;399.99;2.69;0
1336;synthetic_refinery;1215.17;15.27;399.82;3.98;0
1336;fuel_silo;1214.40;15.27;399.20;3.61;0
1336;radar_station;1214.02;15.27;398.28;2.15;0
1336;rocket_site;1214.13;15.15;397.30;0.56;0
1336;nuclear_reactor;1214.69;15.15;396.49;5.95;0
1336;bunker;1215.58;15.15;396.04;1.95;0
1336;supply_node;1216.57;15.15;396.08;4.84;0
1337;arms_factory;1604.00;15.27;434.00;2.32;0
1337;industrial_complex;1603.76;15.27;434.96;5.82;0
1337;air_base;1603.08;15.15;435.68;4.62;0
1337;anti_air_building;1602.14;15.15;435.99;2.04;0
1337;synthetic_refinery;1601.17;15.15;435.82;0.45;0
1337;fuel_silo;1600.40;15.15;435.20;0.45;0
1337;radar_station;1600.02;15.27;434.28;2.67;0
1337;rocket_site;1600.13;15.27;433.30;4.66;0
1337;nuclear_reactor;1600.69;15.15;432.49;0.20;0
1337;bunker;1601.58;15.27;432.04;0.73;0
1337;supply_node;1602.57;15.27;432.08;0.04;0
1338;arms_factory;1631.00;15.15;469.00;4.43;0
1338;industrial_complex;1630.76;15.27;469.96;5.75;0
1338;air_base;1630.08;15.15;470.68;3.43;0
1338;anti_air_building;1629.14;15.27;470.99;1.21;0
1338;synthetic_refinery;1628.17;15.27;470.82;5.29;0
1338;fuel_silo;1627.40;15.27;470.20;1.77;0
1338;radar_station;1627.02;15.27;469.28;0.20;0
1338;rocket_site;1627.13;15.27;468.30;2.76;0
1338;nuclear_reactor;1627.69;15.15;467.49;3.21;0
1338;bunker;1628.58;15.15;467.04;2.68;0
1338;supply_node;1629.57;15.27;467.08;5.49;0
1339;arms_factory;1426.00;15.15;683.00;4.22;0
1339;industrial_complex;1425.76;15.27;683.96;4.64;0
1339;air_base;1425.08;15.27;684.68;2.30;0
1339;anti_air_building;1424.14;15.27;684.99;5.62;0
1339;synthetic_refinery;1423.17;15.27;684.82;2.13;0
1339;fuel_silo;1422.40;15.15;684.20;1.26;0
1339;radar_station;1422.02;15.27;683.28;2.58;0
1339;rocket_site;1422.13;15.27;682.30;2.98;0
1339;nuclear_reactor;1422.69;15.15;681.49;4.73;0
1339;bunker;1423.58;15.27;681.04;0.36;0
1339;supply_node;1424.57;15.27;681.08;1.47;0
1340;arms_factory;1200.00;15.27;1750.00;5.31;0
1340;industrial_complex;1199.76;15.27;1750.96;5.00;0
1340;air_base;1199.08;15.27;1751.68;3.58;0
1340;anti_air_building;1198.14;15.15;1751.99;3.19;0
1340;synthetic_refinery;1197.17;15.15;1751.82;4.49;0
1340;fuel_silo;1196.40;15.15;1751.20;4.05;0
1340;radar_station;1196.02;15.15;1750.28;3.47;0
1340;rocket_site;1196.13;15.15;1749.30;5.10;0
1340;nuclear_reactor;1196.69;15.27;1748.49;1.16;0
1340;bunker;1197.58;15.27;1748.04;5.46;0
1340;supply_node;1198.57;15.15;1748.08;4.57;0
1341;arms_factory;1224.00;15.15;1768.00;5.79;0
1341;industrial_complex;1223.76;15.27;1768.96;4.03;0
1341;air_base;1223.08;15.27;1769.68;5.99;0
1341;anti_air_building;1222.14;15.27;1769.99;6.02;0
1341;synthetic_refinery;1221.17;15.15;1769.82;2.88;0
1341;fuel_silo;1220.40;15.15;1769.20;0.82;0
1341;radar_station;1220.02;15.15;1768.28;4.53;0
1341;rocket_site;1220.13;15.27;1767.30;0.90;0
1341;nuclear_reactor;1220.69;15.15;1766.49;2.43;0
1341;bunker;1221.58;15.27;1766.04;0.88;0
1341;supply_node;1222.57;15.15;1766.08;3.86;0
1342;arms_factory;1321.00;15.15;1777.00;5.51;0
1342;industrial_complex;1320.76;15.27;1777.96;1.27;0
1342;air_base;1320.08;15.15;1778.68;2.33;0
1342;anti_air_building;1319.14;15.27;1778.99;5.43;0
1342;synthetic_refinery;1318.17;15.27;1778.82;5.23;0
1342;fuel_silo;1317.40;15.15;1778.20;4.50;0
1342;radar_station;1317.02;15.27;1777.28;1.74;0
1342;rocket_site;1317.13;15.15;1776.30;0.48;0
1342;nuclear_reactor;1317.69;15.15;1775.49;1.07;0
1342;bunker;1318.58;15.15;1775.04;0.82;0
1342;supply_node;1319.57;15.27;1775.08;4.01;0
1343;arms_factory;1177.00;15.27;1728.00;6.03;0
1343;industrial_complex;1176.76;15.27;1728.96;1.99;0
1343;air_base;1176.08;15.27;1729.68;6.12;0
1343;anti_air_building;1175.14;15.27;1729.99;6.26;0
1343;synthetic_refinery;1174.17;15.15;1729.82;0.55;0
1343;fuel_silo;1173.40;15.15;1729.20;1.13;0
1343;radar_station;1173.02;15.15;1728.28;2.38;0
1343;rocket_site;1173.13;15.15;1727.30;4.17;0
1343;nuclear_reactor;1173.69;15.15;1726.49;2.78;0
1343;bunker;1174.58;15.15;1726.04;5.14;0
1343;supply_node;1175.57;15.15;1726.08;4.34;0
1344;arms_factory;2365.00;15.27;844.00;0.61;0
1344;industrial_complex;2364.76;15.27;844.96;1.48;0
1344;air_base;2364.08;15.27;845.68;6.10;0
1344;anti_air_building;2363.14;15.27;845.99;6.08;0
1344;synthetic_refinery;2362.17;15.27;845.82;3.19;0
1344;fuel_silo;2361.40;15.27;845.20;1.75;0
1344;radar_station;2361.02;15.27;844.28;5.28;0
1344;rocket_site;2361.13;15.27;843.30;4.30;0
1344;nuclear_reactor;2361.69;15.27;842.49;0.74;0
1344;bunker;2362.58;15.27;842.04;4.61;0
1344;supply_node;2363.57;15.27;842.08;1.00;0
1345;arms_factory;2362.00;15.27;801.00;4.19;0
1345;industrial_complex;2361.76;15.27;801.96;1.29;0
1345;air_base;2361.08;15.27;802.68;2.61;0
1345;anti_air_building;2360.14;15.27;802.99;1.27;0
1345;synthetic_refinery;2359.17;15.27;802.82;0.14;0
1345;fuel_silo;2358.40;15.27;802.20;2.18;0
1345;radar_station;2358.02;15.27;801.28;5.10;0
1345;rocket_site;2358.13;15.27;800.30;6.07;0
1345;nuclear_reactor;2358.69;15.27;799.49;6.10;0
1345;bunker;2359.58;15.27;799.04;4.79;0
1345;supply_node;2360.57;15.27;799.08;0.54;0
1346;arms_factory;1807.00;15.27;1121.00;6.11;0
1346;industrial_complex;1806.76;15.27;1121.96;4.64;0
1346;air_base;1806.08;15.34;1122.68;5.15;0
1346;anti_air_building;1805.14;15.34;1122.99;3.15;0
1346;synthetic_refinery;1804.17;15.34;1122.82;0.15;0
1346;fuel_silo;1803.40;15.34;1122.20;1.28;0
1346;radar_station;1803.02;15.27;1121.28;5.22;0
1346;rocket_site;1803.13;15.27;1120.30;3.89;0
1346;nuclear_reactor;1803.69;15.27;1119.49;2.78;0
1346;bunker;1804.58;15.27;1119.04;0.55;0
1346;supply_node;1805.57;15.27;1119.08;5.50;0
1347;arms_factory;1789.00;15.34;1102.00;0.96;0
1347;industrial_complex;1788.76;15.34;1102.96;0.74;0
1347;air_base;1788.08;15.27;1103.68;5.20;0
1347;anti_air_building;1787.14;15.27;1103.99;1.19;0
1347;synthetic_refinery;1786.17;15.27;1103.82;5.82;0
1347;fuel_silo;1785.40;15.27;1103.20;5.44;0
1347;radar_station;1785.02;15.34;1102.28;5.62;0
1347;rocket_site;1785.13;15.34;1101.30;3.64;0
1347;nuclear_reactor;1785.69;15.34;1100.49;5.09;0
1347;bunker;1786.58;15.34;1100.04;4.05;0
1347;supply_node;1787.57;15.34;1100.08;5.57;0
1348;arms_factory;2448.00;15.34;830.00;3.12;0
1348;industrial_complex;2447.76;15.34;830.96;3.99;0
1348;air_base;2447.08;15.27;831.68;3.63;0
1348;anti_air_building;2446.14;15.27;831.99;3.84;0
1348;synthetic_refinery;2445.17;15.27;831.82;2.79;0
1348;fuel_silo;2444.40;15.27;831.20;6.04;0
1348;radar_station;2444.02;15.27;830.28;4.49;0
1348;rocket_site;2444.13;15.34;829.30;4.63;0
1348;nuclear_reactor;2444.69;15.34;828.49;0.85;0
1348;bunker;2445.58;15.34;828.04;4.29;0
1348;supply_node;2446.57;15.34;828.08;4.96;0
1349;arms_factory;2333.00;15.27;832.00;3.06;0
1349;industrial_complex;2332.76;15.27;832.96;2.31;0
1349;air_base;2332.08;15.27;833.68;0.66;0
1349;anti_air_building;2331.14;15.27;833.99;6.22;0
1349;synthetic_refinery;2330.17;15.27;833.82;2.92;0
1349;fuel_silo;2329.40;15.27;833.20;0.63;0
1349;radar_station;2329.02;15.27;832.28;2.71;0
1349;rocket_site;2329.13;15.27;831.30;5.49;0
1349;nuclear_reactor;2329.69;15.27;830.49;6.08;0
1349;bunker;2330.58;15.27;830.04;0.11;0
1349;supply_node;2331.57;15.27;830.08;2.18;0
1350;arms_factory;2322.00;15.27;881.00;1.08;0
1350;industrial_complex;2321.76;15.27;881.96;1.35;0
1350;air_base;2321.08;15.27;882.68;0.31;0
1350;anti_air_building;2320.14;15.27;882.99;2.69;0
1350;synthetic_refinery;2319.17;15.27;882.82;3.25;0
1350;fuel_silo;2318.40;15.27;882.20;1.16;0
1350;radar_station;2318.02;15.27;881.28;4.67;0
1350;rocket_site;2318.13;15.27;880.30;3.29;0
1350;nuclear_reactor;2318.69;15.27;879.49;5.96;0
1350;bunker;2319.58;15.27;879.04;3.25;0
1350;supply_node;2320.57;15.27;879.08;2.74;0
1351;arms_factory;2426.00;15.27;709.00;4.41;0
1351;industrial_complex;2425.76;15.27;709.96;1.72;0
1351;air_base;2425.08;15.27;710.68;4.97;0
1351;anti_air_building;2424.14;15.27;710.99;4.65;0
1351;synthetic_refinery;2423.17;15.27;710.82;2.06;0
1351;fuel_silo;2422.40;15.27;710.20;4.58;0
1351;radar_station;2422.02;15.27;709.28;3.78;0
1351;rocket_site;2422.13;15.27;708.30;5.20;0
1351;nuclear_reactor;2422.69;15.27;707.49;5.42;0
1351;bunker;2423.58;15.27;707.04;6.22;0
1351;supply_node;2424.57;15.27;707.08;5.51;0
1352;arms_factory;2277.00;15.27;914.00;5.73;0
1352;industrial_complex;2276.76;15.27;914.96;3.48;0
1352;air_base;2276.08;15.27;915.68;5.53;0
1352;anti_air_building;2275.14;15.27;915.99;1.26;0
1352;synthetic_refinery;2274.17;15.27;915.82;0.10;0
1352;fuel_silo;2273.40;15.27;915.20;5.17;0
1352;radar_station;2273.02;15.27;914.28;0.21;0
1352;rocket_site;2273.13;15.27;913.30;3.43;0
1352;nuclear_reactor;2273.69;15.27;912.49;1.08;0
1352;bunker;2274.58;15.27;912.04;4.86;0
1352;supply_node;2275.57;15.27;912.08;1.50;0
1353;arms_factory;2275.00;15.27;889.00;6.08;0
1353;industrial_complex;2274.76;15.34;889.96;5.14;0
1353;air_base;2274.08;15.34;890.68;5.56;0
1353;anti_air_building;2273.14;15.34;890.99;3.96;0
1353;synthetic_refinery;2272.17;15.34;890.82;2.43;0
1353;fuel_silo;2271.40;15.40;890.20;2.18;0
1353;radar_station;2271.02;15.40;889.28;2.48;0
1353;rocket_site;2271.13;15.40;888.30;6.11;0
1353;nuclear_reactor;2271.69;15.46;887.49;1.15;0
1353;bunker;2272.58;15.40;887.04;4.27;0
1353;supply_node;2273.57;15.34;887.08;0.52;0
1354;arms_factory;2068.00;15.27;583.00;2.68;0
1354;industrial_complex;2067.76;15.27;583.96;1.42;0
1354;air_base;2067.08;15.27;584.68;4.80;0
1354;anti_air_building;2066.14;15.27;584.99;5.96;0
1354;synthetic_refinery;2065.17;15.27;584.82;2.85;0
1354;fuel_silo;2064.40;15.27;584.20;4.76;0
1354;radar_station;2064.02;15.27;583.28;3.82;0
1354;rocket_site;2064.13;15.27;582.30;4.56;0
1354;nuclear_reactor;2064.69;15.27;581.49;2.86;0
1354;bunker;2065.58;15.27;581.04;3.12;0
1354;supply_node;2066.57;15.27;581.08;5.90;0
1355;arms_factory;2064.00;15.15;568.00;4.29;0
1355;industrial_complex;2063.76;15.15;568.96;5.79;0
1355;air_base;2063.08;15.15;569.68;1.76;0
1355;anti_air_building;2062.14;15.27;569.99;2.55;0
1355;synthetic_refinery;2061.17;15.27;569.82;2.96;0
1355;fuel_silo;2060.40;15.27;569.20;0.19;0
1355;radar_station;2060.02;15.27;568.28;0.52;0
1355;rocket_site;2060.13;15.27;567.30;5.62;0
1355;nuclear_reactor;2060.69;15.27;566.49;6.11;0
1355;bunker;2061.58;15.27;566.04;2.92;0
1355;supply_node;2062.57;15.27;566.08;0.67;0
1356;arms_factory;2064.00;15.27;551.00;2.43;0
1356;industrial_complex;2063.76;15.27;551.96;5.97;0
1356;air_base;2063.08;15.27;552.68;3.56;0
1356;anti_air_building;2062.14;15.27;552.99;5.15;0
1356;synthetic_refinery;2061.17;15.27;552.82;5.55;0
1356;fuel_silo;2060.40;15.27;552.20;3.26;0
1356;radar_station;2060.02;15.27;551.28;1.64;0
1356;rocket_site;2060.13;15.27;550.30;5.11;0
1356;nuclear_reactor;2060.69;15.27;549.49;1.00;0
1356;bunker;2061.58;15.27;549.04;5.04;0
1356;supply_node;2062.57;15.27;549.08;6.01;0
1357;arms_factory;2085.00;15.27;496.00;5.80;0
1357;industrial_complex;2084.76;15.27;496.96;3.59;0
1357;air_base;2084.08;15.27;497.68;1.42;0
1357;anti_air_building;2083.14;15.27;497.99;3.20;0
1357;synthetic_refinery;2082.17;15.27;497.82;1.48;0
1357;fuel_silo;2081.40;15.27;497.20;3.07;0
1357;radar_station;2081.02;15.27;496.28;4.03;0
1357;rocket_site;2081.13;15.27;495.30;0.12;0
1357;nuclear_reactor;2081.69;15.27;494.49;1.04;0
1357;bunker;2082.58;15.27;494.04;3.95;0
1357;supply_node;2083.57;15.27;494.08;5.75;0
1358;arms_factory;2064.00;15.27;528.00;0.47;0
1358;industrial_complex;2063.76;15.27;528.96;3.07;0
1358;air_base;2063.08;15.27;529.68;1.08;0
1358;anti_air_building;2062.14;15.27;529.99;0.73;0
1358;synthetic_refinery;2061.17;15.27;529.82;3.40;0
1358;fuel_silo;2060.40;15.34;529.20;5.28;0
1358;radar_station;2060.02;15.34;528.28;5.06;0
1358;rocket_site;2060.13;15.34;527.30;5.84;0
1358;nuclear_reactor;2060.69;15.34;526.49;0.27;0
1358;bunker;2061.58;15.27;526.04;4.21;0
1358;supply_node;2062.57;15.27;526.08;1.66;0
1359;arms_factory;2067.00;15.27;516.00;1.31;0
1359;industrial_complex;2066.76;15.27;516.96;3.68;0
1359;air_base;2066.08;15.27;517.68;1.30;0
1359;anti_air_building;2065.14;15.27;517.99;4.28;0
1359;synthetic_refinery;2064.17;15.27;517.82;3.16;0
1359;fuel_silo;2063.40;15.27;517.20;5.86;0
1359;radar_station;2063.02;15.34;516.28;0.02;0
1359;rocket_site;2063.13;15.34;515.30;3.58;0
1359;nuclear_reactor;2063.69;15.34;514.49;1.58;0
1359;bunker;2064.58;15.34;514.04;2.91;0
1359;supply_node;2065.57;15.34;514.08;4.99;0
1360;arms_factory;2063.00;15.34;507.00;4.92;0
1360;industrial_complex;2062.76;15.34;507.96;5.33;0
1360;air_base;2062.08;15.34;508.68;6.04;0
1360;anti_air_building;2061.14;15.34;508.99;5.70;0
1360;synthetic_refinery;2060.17;15.40;508.82;3.01;0
1360;fuel_silo;2059.40;15.40;508.20;0.81;0
1360;radar_station;2059.02;15.40;507.28;1.34;0
1360;rocket_site;2059.13;15.40;506.30;5.31;0
1360;nuclear_reactor;2059.69;15.40;505.49;0.03;0
1360;bunker;2060.58;15.40;505.04;5.29;0
1360;supply_node;2061.57;15.40;505.08;4.31;0
1361;arms_factory;2052.00;15.34;522.00;5.72;0
1361;industrial_complex;2051.76;15.40;522.96;4.54;0
1361;air_base;2051.08;15.40;523.68;3.14;0
1361;anti_air_building;2050.14;15.40;523.99;0.45;0
1361;synthetic_refinery;2049.17;15.40;523.82;3.56;0
1361;fuel_silo;2048.40;15.40;523.20;4.62;0
1361;radar_station;2048.02;15.40;522.28;1.84;0
1361;rocket_site;2048.13;15.46;521.30;2.66;0
1361;nuclear_reactor;2048.69;15.46;520.49;0.81;0
1361;bunker;2049.58;15.46;520.04;6.15;0
1361;supply_node;2050.57;15.40;520.08;3.85;0
1362;arms_factory;2116.00;15.27;492.00;4.18;0
1362;industrial_complex;2115.76;15.27;492.96;5.59;0
1362;air_base;2115.08;15.27;493.68;4.73;0
1362;anti_air_building;2114.14;15.27;493.99;4.46;0
1362;synthetic_refinery;2113.17;15.27;493.82;3.96;0
1362;fuel_silo;2112.40;15.27;493.20;3.12;0
1362;radar_station;2112.02;15.27;492.28;6.01;0
1362;rocket_site;2112.13;15.27;491.30;6.03;0
1362;nuclear_reactor;2112.69;15.27;490.49;1.23;0
1362;bunker;2113.58;15.27;490.04;5.84;0
1362;supply_node;2114.57;15.27;490.08;6.01;0
1363;arms_factory;2109.00;15.27;482.00;3.47;0
1363;industrial_complex;2108.76;15.27;482.96;2.65;0
1363;air_base;2108.08;15.27;483.68;4.81;0
1363;anti_air_building;2107.14;15.27;483.99;5.38;0
1363;synthetic_refinery;2106.17;15.27;483.82;1.92;0
1363;fuel_silo;2105.40;15.27;483.20;5.11;0
1363;radar_station;2105.02;15.27;482.28;1.37;0
1363;rocket_site;2105.13;15.27;481.30;0.39;0
1363;nuclear_reactor;2105.69;15.27;480.49;1.20;0
1363;bunker;2106.58;15.27;480.04;2.35;0
1363;supply_node;2107.57;15.27;480.08;3.27;0
1364;arms_factory;2105.00;15.27;455.00;0.05;0
1364;industrial_complex;2104.76;15.27;455.96;4.71;0
1364;air_base;2104.08;15.27;456.68;2.24;0
1364;anti_air_building;2103.14;15.27;456.99;6.13;0
1364;synthetic_refinery;2102.17;15.27;456.82;1.11;0
1364;fuel_silo;2101.40;15.27;456.20;6.22;0
1364;radar_station;2101.02;15.27;455.28;0.93;0
1364;rocket_site;2101.13;15.27;454.30;2.52;0
1364;nuclear_reactor;2101.69;15.27;453.49;3.32;0
1364;bunker;2102.58;15.27;453.04;3.76;0
1364;supply_node;2103.57;15.27;453.08;1.62;0
1365;arms_factory;2119.00;15.27;552.00;5.17;0
1365;industrial_complex;2118.76;15.27;552.96;0.58;0
1365;air_base;2118.08;15.27;553.68;0.05;0
1365;anti_air_building;2117.14;15.27;553.99;2.77;0
1365;synthetic_refinery;2116.17;15.27;553.82;3.71;0
1365;fuel_silo;2115.40;15.27;553.20;4.34;0
1365;radar_station;2115.02;15.27;552.28;0.23;0
1365;rocket_site;2115.13;15.27;551.30;4.50;0
1365;nuclear_reactor;2115.69;15.27;550.49;4.56;0
1365;bunker;2116.58;15.27;550.04;1.66;0
1365;supply_node;2117.57;15.27;550.08;3.78;0
1366;arms_factory;2136.00;15.34;573.00;0.63;0
1366;industrial_complex;2135.76;15.34;573.96;4.30;0
1366;air_base;2135.08;15.34;574.68;2.58;0
1366;anti_air_building;2134.14;15.34;574.99;2.16;0
1366;synthetic_refinery;2133.17;15.34;574.82;1.78;0
1366;fuel_silo;2132.40;15.34;574.20;2.50;0
1366;radar_station;2132.02;15.34;573.28;4.96;0
1366;rocket_site;2132.13;15.34;572.30;0.56;0
1366;nuclear_reactor;2132.69;15.34;571.49;1.70;0
1366;bunker;2133.58;15.34;571.04;1.75;0
1366;supply_node;2134.57;15.34;571.08;4.09;0
1367;arms_factory;2112.00;15.27;548.00;1.40;0
1367;industrial_complex;2111.76;15.27;548.96;0.72;0
1367;air_base;2111.08;15.27;549.68;0.40;0
1367;anti_air_building;2110.14;15.27;549.99;2.08;0
1367;synthetic_refinery;2109.17;15.27;549.82;2.41;0
1367;fuel_silo;2108.40;15.15;549.20;2.28;0
1367;radar_station;2108.02;15.15;548.28;4.74;0
1367;rocket_site;2108.13;15.15;547.30;5.65;0
1367;nuclear_reactor;2108.69;15.15;546.49;1.77;0
1367;bunker;2109.58;15.27;546.04;1.22;0
1367;supply_node;2110.57;15.27;546.08;4.38;0
1368;arms_factory;2100.00;15.27;571.00;3.93;0
1368;industrial_complex;2099.76;15.27;571.96;3.93;0
1368;air_base;2099.08;15.27;572.68;5.28;0
1368;anti_air_building;2098.14;15.27;572.99;5.57;0
1368;synthetic_refinery;2097.17;15.27;572.82;1.63;0
1368;fuel_silo;2096.40;15.27;572.20;5.94;0
1368;radar_station;2096.02;15.27;571.28;5.88;0
1368;rocket_site;2096.13;15.27;570.30;1.21;0
1368;nuclear_reactor;2096.69;15.27;569.49;0.62;0
1368;bunker;2097.58;15.27;569.04;5.90;0
1368;supply_node;2098.57;15.27;569.08;2.07;0