0;0;0;0;land;false;unknown;0
1;202;6;1;land;false;plains;6
2;235;20;1;land;false;plains;6
3;176;199;1;land;false;forest;6
4;188;200;1;land;false;forest;6
5;171;175;1;land;false;urban;6
6;168;137;1;land;false;urban;6
7;207;207;1;land;false;forest;6
8;144;189;1;land;false;urban;6
9;149;191;1;land;false;plains;6
10;174;210;1;land;false;forest;6
11;211;159;1;land;false;plains;6
12;189;187;1;land;false;plains;6
13;176;155;1;land;false;urban;6
14;219;210;1;land;false;plains;6
15;160;189;1;land;false;urban;6
16;173;162;1;land;false;urban;6
17;160;186;1;land;false;plains;6
18;188;190;1;land;false;plains;6
19;182;206;1;land;false;urban;6
20;194;198;1;land;false;plains;6
21;189;168;1;land;false;plains;6
22;136;135;1;land;false;plains;6
23;133;185;1;land;false;urban;6
24;104;179;1;land;true;urban;6
25;86;141;1;land;false;urban;6
26;58;156;1;land;false;plains;6
27;95;145;1;land;false;plains;6
28;100;175;1;land;false;plains;6
29;127;130;1;land;false;plains;6
30;64;135;1;land;false;plains;6
31;67;164;1;land;true;urban;6
32;84;136;1;land;false;plains;6
33;83;143;1;land;false;plains;6
34;98;127;1;land;false;plains;6
35;84;29;1;land;false;urban;6
36;109;56;1;land;false;plains;6
37;104;33;1;land;true;plains;6
38;105;64;1;land;false;urban;6
39;150;76;1;land;false;plains;6
40;159;50;1;land;true;urban;6
41;103;37;1;land;true;plains;6
42;96;83;1;land;false;urban;6
43;125;98;1;land;false;plains;6
44;109;30;1;land;true;forest;6
45;132;51;1;land;false;urban;6
46;125;100;1;land;true;urban;6
47;152;212;1;land;true;plains;1
48;168;159;1;land;false;plains;1
49;211;149;1;land;false;urban;1
50;189;157;1;land;false;forest;1
51;146;149;1;land;false;urban;1
52;173;214;1;land;false;plains;1
53;156;189;1;land;false;urban;1
54;181;150;1;land;true;plains;1
55;210;206;1;land;true;urban;1
56;149;166;1;land;true;plains;1
57;189;143;1;land;false;forest;1
58;216;155;1;land;true;urban;1
59;162;201;1;land;false;plains;1
60;179;196;1;land;false;plains;1
61;159;138;1;land;false;plains;1
62;169;211;1;land;true;urban;1
63;176;161;1;land;false;plains;1
64;202;171;1;land;true;urban;1
65;163;140;1;land;false;urban;1
66;178;205;1;land;false;plains;1
67;207;171;1;land;false;forest;1
68;155;176;1;land;true;urban;1
69;162;181;1;land;false;forest;1
70;172;190;1;land;true;forest;1
71;198;157;1;land;false;plains;1
72;187;210;1;land;true;plains;1
73;150;144;1;land;false;urban;1
74;195;149;1;land;false;plains;1
75;180;208;1;land;false;forest;1
76;219;148;1;land;false;plains;1
77;217;168;1;land;false;urban;1
78;220;155;1;land;true;plains;1
79;191;198;1;land;false;urban;1
80;170;178;1;land;true;urban;1
81;152;141;1;land;false;plains;1
82;183;196;1;land;false;plains;1
83;222;166;1;land;true;plains;1
84;152;196;1;land;true;urban;1
85;188;4;1;land;false;urban;6
86;195;21;1;land;false;plains;6
87;215;28;1;land;false;urban;6
88;237;8;1;land;false;forest;6
89;222;49;1;land;false;forest;6
90;206;14;1;land;false;forest;6
91;243;42;1;land;false;forest;6
92;218;52;1;land;false;urban;6
93;181;32;1;land;false;plains;6
94;232;23;1;land;false;forest;6
95;198;4;1;land;false;urban;6
96;173;29;1;land;false;forest;6
97;201;2;1;land;false;forest;6
98;187;49;1;land;false;urban;6
99;250;46;1;land;false;forest;6
100;244;40;1;land;false;forest;6
101;199;17;1;land;false;forest;6
102;181;11;1;land;false;forest;6
103;201;19;1;land;false;urban;6
104;237;36;1;land;false;forest;6
105;224;11;1;land;false;urban;6
106;136;27;1;land;false;forest;1
107;201;16;1;land;false;forest;1
108;175;10;1;land;false;urban;1
109;209;33;1;land;false;forest;1
110;161;1;1;land;false;urban;1
111;201;1;1;land;false;forest;1
112;154;4;1;land;false;forest;1
113;200;4;1;land;false;forest;1
114;200;35;1;land;false;forest;1
115;156;219;1;land;false;forest;6
116;160;211;1;land;false;forest;6
117;129;244;1;land;false;forest;6
118;136;244;1;land;false;forest;6
119;166;237;1;land;false;forest;6
120;141;221;1;land;false;forest;6
121;134;251;1;land;false;forest;6
122;177;212;1;land;false;forest;6
123;143;222;1;land;false;forest;6
124;144;213;1;land;false;forest;6
125;181;216;1;land;false;forest;6
126;188;212;1;land;false;forest;6
127;156;235;1;land;false;forest;6
128;148;249;1;land;false;forest;6
129;187;226;1;land;false;forest;6
130;88;115;1;land;false;plains;6
131;74;150;1;land;false;urban;6
132;102;178;1;land;false;plains;6
133;80;159;1;land;true;urban;6
134;111;154;1;land;false;plains;6
135;57;132;1;land;false;urban;6
136;106;148;1;land;true;plains;6
137;127;124;1;land;true;plains;6
138;110;158;1;land;false;plains;6
139;99;116;1;land;false;urban;6
140;56;160;1;land;true;plains;6
141;86;128;1;land;true;urban;6
142;73;130;1;land;true;plains;6
143;122;110;1;land;false;plains;6
144;117;108;1;land;false;plains;6
145;80;157;1;land;false;plains;6
146;103;175;1;land;true;plains;6
147;82;231;1;land;false;forest;6
148;112;209;1;land;false;urban;6
149;129;220;1;land;false;urban;6
150;122;229;1;land;false;urban;6
151;215;224;1;land;false;forest;6
152;217;174;1;land;false;forest;6
153;234;188;1;land;false;plains;6
154;228;220;1;land;false;forest;6
155;221;169;1;land;false;forest;6
156;250;232;1;land;false;forest;6
157;222;183;1;land;false;forest;6
158;251;211;1;land;false;plains;6
159;187;174;1;land;false;plains;6
160;226;155;1;land;false;forest;6
161;183;151;1;land;false;forest;6
162;230;188;1;land;false;urban;6
163;195;186;1;land;false;urban;6
164;233;213;1;land;false;forest;6
165;206;198;1;land;false;plains;6
166;227;160;1;land;false;forest;6
167;245;156;1;land;false;plains;6
168;186;179;1;land;false;forest;6
169;216;204;1;land;false;plains;6
170;194;146;1;land;false;plains;6
171;19;97;1;land;false;urban;6
172;49;79;1;land;false;urban;6
173;39;117;1;land;false;plains;6
174;25;141;1;land;true;plains;6
175;18;119;1;land;true;urban;6
176;51;108;1;land;false;plains;6
177;32;148;1;land;false;urban;6
178;18;103;1;land;true;plains;6
179;22;135;1;land;false;urban;6
180;20;101;1;land;false;urban;6
181;41;81;1;land;true;urban;6
182;6;125;1;land;false;plains;6
183;21;148;1;land;false;urban;6
184;180;104;1;land;false;forest;6
185;167;112;1;land;false;forest;6
186;216;116;1;land;false;forest;6
187;199;81;1;land;false;forest;6
188;220;124;1;land;false;urban;6
189;81;100;1;land;false;urban;6
190;120;60;1;land;false;urban;6
191;117;40;1;land;false;plains;6
192;132;32;1;land;false;forest;6
193;75;56;1;land;false;urban;6
194;138;84;1;land;false;forest;6
195;98;33;1;land;false;plains;6
196;85;69;1;land;false;urban;6
197;120;58;1;land;false;urban;6
198;92;31;1;land;false;forest;6
199;94;53;1;land;false;urban;6
200;98;75;1;land;false;forest;6
201;133;78;1;land;false;plains;6
202;140;44;1;land;false;urban;6
203;115;190;1;land;false;forest;6
204;145;130;1;land;false;urban;6
205;15;53;1;land;false;forest;1
206;37;75;1;land;true;plains;1
207;56;55;1;land;true;plains;1
208;32;43;1;land;false;forest;1
209;75;47;1;land;true;forest;1
210;62;62;1;land;false;forest;1
211;30;59;1;land;false;urban;1
212;12;44;1;land;true;urban;1
213;46;5;1;land;true;forest;1
214;4;27;1;land;false;urban;1
215;28;3;1;land;false;urban;1
216;204;17;1;land;true;plains;1
217;222;26;1;land;false;forest;1
218;193;27;1;land;false;plains;1
219;212;31;1;land;false;plains;1
220;244;8;1;land;false;plains;1
221;244;24;1;land;false;forest;1
222;199;37;1;land;false;plains;1
223;184;42;1;land;false;plains;1
224;235;44;1;land;false;urban;1
225;176;27;1;land;false;forest;1
226;187;5;1;land;false;plains;1
227;250;44;1;land;false;plains;1
228;231;15;1;land;false;plains;1
229;176;3;1;land;false;forest;1
230;181;33;1;land;false;plains;1
231;83;188;1;land;false;forest;1
232;101;214;1;land;false;forest;1
233;119;250;1;land;false;plains;1
234;61;235;1;land;false;forest;1
235;167;86;1;land;true;forest;1
236;161;60;1;land;true;plains;1
237;148;70;1;land;true;plains;1
238;125;58;1;land;true;plains;1
239;124;57;1;land;true;forest;1
240;53;72;1;land;false;urban;6
241;9;64;1;land;false;urban;6
242;35;34;1;land;false;urban;6
243;6;72;1;land;false;urban;6
244;10;89;1;land;false;urban;6
245;143;127;1;land;false;forest;1
246;77;156;1;land;false;forest;1
247;75;161;1;land;false;urban;1
248;114;139;1;land;true;plains;1
249;137;145;1;land;false;forest;1
250;98;118;1;land;false;forest;1
251;145;134;1;land;false;forest;1
252;84;133;1;land;true;plains;1
253;93;4;1;land;false;forest;6
254;95;30;1;land;false;urban;6
255;88;33;1;land;false;forest;6
256;124;11;1;land;false;forest;6
257;101;24;1;land;false;urban;6
258;123;0;1;land;false;forest;6
259;104;26;1;land;false;plains;6
260;124;6;1;land;false;forest;6
261;160;33;1;land;false;urban;6
262;93;23;1;land;false;forest;6
263;132;8;1;land;false;forest;6
264;131;10;1;land;false;urban;6
265;239;240;1;land;false;urban;6
266;217;192;1;land;false;urban;6
267;216;237;1;land;false;forest;6
268;219;194;1;land;false;forest;6
269;252;249;1;land;false;forest;6
270;226;238;1;land;false;urban;6
271;230;240;1;land;false;urban;6
272;19;147;1;land;false;plains;6
273;3;91;1;land;true;urban;6
274;48;127;1;land;false;plains;6
275;34;154;1;land;true;plains;6
276;0;123;1;land;true;plains;6
277;10;101;1;land;true;plains;6
278;34;147;1;land;true;plains;6
279;21;124;1;land;false;urban;6
280;61;87;1;land;false;plains;6
281;3;108;1;land;true;urban;6
282;191;38;1;land;false;urban;6
283;188;73;1;land;false;urban;6
284;149;69;1;land;false;urban;6
285;194;81;1;land;false;urban;6
286;143;104;1;land;false;urban;6
287;178;41;1;land;false;urban;6
288;190;70;1;land;false;forest;6
289;208;111;1;land;false;urban;6
290;219;76;1;land;false;forest;6
291;180;107;1;land;false;urban;6
292;234;56;1;land;false;forest;6
293;100;46;1;land;false;plains;6
294;130;102;1;land;false;plains;6
295;125;24;1;land;false;forest;6
296;158;92;1;land;false;urban;6
297;145;80;1;land;false;urban;6
298;95;41;1;land;false;plains;6
299;145;76;1;land;false;forest;6
300;104;47;1;land;false;plains;6
301;87;94;1;land;false;plains;6
302;85;74;1;land;false;urban;6
303;130;82;1;land;false;forest;6
304;134;47;1;land;false;urban;6
305;149;140;1;land;false;plains;6
306;131;200;1;land;false;urban;6
307;169;189;1;land;false;urban;6
308;94;169;1;land;false;urban;6
309;129;192;1;land;false;forest;6
310;134;163;1;land;false;forest;6
311;147;165;1;land;false;plains;6
312;106;193;1;land;false;urban;6
313;112;176;1;land;false;forest;6
314;165;189;1;land;false;forest;6
315;94;146;1;land;false;forest;6
316;162;167;1;land;false;urban;6
317;164;204;1;land;false;forest;6
318;110;160;1;land;true;forest;6
319;93;150;1;land;true;urban;6
320;106;147;1;land;false;plains;6
321;113;166;1;land;true;urban;6
322;148;142;1;land;true;urban;6
323;155;150;1;land;true;urban;6
324;91;40;1;land;false;urban;1
325;107;31;1;land;false;plains;1
326;98;74;1;land;false;urban;1
327;76;46;1;land;false;plains;1
328;83;18;1;land;false;urban;1
329;240;32;1;land;false;plains;6
330;213;9;1;land;false;urban;6
331;247;7;1;land;false;urban;6
332;236;25;1;land;false;urban;6
333;211;29;1;land;false;plains;6
334;117;202;1;land;false;forest;6
335;103;215;1;land;false;forest;1
336;97;208;1;land;false;forest;1
337;149;241;1;land;false;urban;1
338;147;244;1;land;false;plains;6
339;137;206;1;land;true;plains;1
340;132;246;1;land;false;urban;1
341;119;220;1;land;false;urban;6
342;89;215;1;land;false;urban;1
343;84;250;1;land;true;plains;6
344;141;227;1;land;false;urban;6
345;82;244;1;land;false;urban;1
346;132;201;1;land;false;urban;1
347;111;138;1;land;true;plains;6
348;88;145;1;land;false;plains;6
349;93;161;1;land;true;plains;6
350;104;112;1;land;true;plains;6
351;68;171;1;land;true;plains;6
352;84;109;1;land;false;plains;6
353;89;153;1;land;true;plains;6
354;78;133;1;land;false;plains;6
355;81;115;1;land;true;plains;6
356;81;132;1;land;false;plains;6
357;85;148;1;land;false;urban;6
358;101;141;1;land;false;plains;6
359;104;126;1;land;false;plains;6
360;99;27;1;land;false;plains;6
361;122;17;1;land;false;urban;6
362;111;33;1;land;false;plains;6
363;79;12;1;land;false;plains;6
364;111;9;1;land;false;plains;6
365;91;5;1;land;false;plains;6
366;89;11;1;land;false;plains;6
367;89;33;1;land;false;plains;6
368;92;7;1;land;false;urban;6
369;248;205;1;land;false;plains;6
370;223;222;1;land;false;urban;6
371;203;186;1;land;false;urban;6
372;245;209;1;land;false;plains;6
373;210;199;1;land;false;plains;6
374;225;242;1;land;false;urban;6
375;207;248;1;land;false;plains;6
376;229;175;1;land;false;plains;6
377;250;222;1;land;false;urban;6
378;247;202;1;land;false;urban;6
379;229;193;1;land;false;plains;6
380;220;195;1;land;false;plains;6
381;244;193;1;land;false;plains;6
382;212;232;1;land;false;plains;6
383;204;207;1;land;false;plains;6
384;254;175;1;land;false;plains;6
385;210;233;1;land;false;plains;6
386;212;182;1;land;false;plains;6
387;208;220;1;land;false;plains;6
388;245;176;1;land;false;urban;6
389;253;206;1;land;false;plains;6
390;218;190;1;land;false;urban;6
391;239;242;1;land;false;plains;6
392;215;226;1;land;false;plains;6
393;232;243;1;land;false;plains;6
394;235;188;1;land;false;plains;6
395;6;36;1;land;false;urban;6
396;23;45;1;land;false;urban;6
397;46;50;1;land;false;plains;6
398;53;20;1;land;false;forest;6
399;51;20;1;land;false;forest;6
400;21;54;1;land;false;urban;6
401;21;32;1;land;false;forest;6
402;20;131;1;land;false;forest;6
403;64;154;1;land;false;plains;6
404;38;143;1;land;false;forest;6
405;34;168;1;land;false;forest;6
406;62;130;1;land;false;plains;6
407;58;173;1;land;false;forest;6
408;114;185;1;land;false;forest;1
409;104;225;1;land;false;forest;1
410;79;206;1;land;false;forest;1
411;105;199;1;land;false;urban;1
412;70;213;1;land;false;forest;1
413;72;205;1;land;false;urban;1
414;39;223;1;land;false;forest;1
415;110;180;1;land;false;urban;1
416;51;227;1;land;false;forest;1
417;61;241;1;land;false;forest;1
418;56;227;1;land;false;urban;1
419;105;232;1;land;false;urban;1
420;60;226;1;land;false;forest;1
421;96;182;1;land;false;forest;1
422;67;198;1;land;false;forest;1
423;38;98;1;land;false;urban;6
424;36;112;1;land;false;urban;6
425;75;95;1;land;false;urban;6
426;82;88;1;land;false;urban;6
427;82;217;1;land;false;urban;6
428;71;248;1;land;false;plains;6
429;36;240;1;land;false;plains;6
430;72;232;1;land;false;plains;6
431;26;207;1;land;false;urban;6
432;21;205;1;land;false;urban;6
433;21;218;1;land;false;urban;6
434;65;196;1;land;false;forest;1
435;51;201;1;land;true;plains;1
436;17;195;1;land;false;plains;1
437;52;236;1;land;false;plains;1
438;81;206;1;land;true;urban;1
439;56;242;1;land;true;plains;1
440;61;220;1;land;false;urban;1
441;76;205;1;land;false;urban;1
442;70;250;1;land;false;forest;1
443;23;196;1;land;true;urban;1
444;58;224;1;land;false;plains;1
445;27;252;1;land;false;urban;1
446;31;235;1;land;true;urban;1
447;24;231;1;land;false;plains;1
448;59;241;1;land;true;plains;1
449;41;211;1;land;false;urban;1
450;19;224;1;land;false;plains;1
451;6;228;1;land;false;forest;1
452;32;215;1;land;true;plains;1
453;28;233;1;land;false;urban;1
454;66;189;1;land;false;forest;6
455;114;145;1;land;false;urban;6
456;65;202;1;land;false;plains;6
457;70;127;1;land;false;urban;6
458;59;166;1;land;false;plains;6
459;120;134;1;land;false;forest;6
460;90;203;1;land;false;urban;6
461;93;134;1;land;false;forest;6
462;95;78;1;land;false;plains;6
463;87;26;1;land;false;urban;6
464;87;96;1;land;false;urban;6
465;116;29;1;land;false;plains;6
466;139;152;1;land;false;forest;6
467;150;173;1;land;false;forest;6
468;170;140;1;land;false;urban;6
469;143;183;1;land;false;forest;6
470;173;161;1;land;false;jungle;6
471;164;156;1;land;false;forest;6
472;106;178;1;land;false;urban;6
473;98;213;1;land;false;urban;6
474;63;190;1;land;false;urban;6
475;97;197;1;land;false;forest;6
476;28;208;1;land;false;plains;6
477;26;200;1;land;false;plains;6
478;38;241;1;land;false;forest;6
479;52;243;1;land;false;forest;6
480;93;246;1;land;false;urban;6
481;95;230;1;land;false;forest;6
482;83;192;1;land;false;plains;6
483;52;215;1;land;false;plains;6
484;71;246;1;land;false;urban;6
485;90;244;1;land;false;plains;6
486;96;200;1;land;false;plains;6
487;103;176;1;land;false;forest;6
488;44;178;1;land;false;plains;6
489;107;205;1;land;false;plains;6
490;110;237;1;land;false;plains;6
491;104;242;1;land;false;plains;6
492;86;249;1;land;false;urban;6
493;131;187;1;land;false;plains;6
494;115;216;1;land;false;urban;6
495;140;209;1;land;false;urban;6
496;128;228;1;land;false;plains;6
497;144;120;1;land;true;plains;6
498;111;108;1;land;true;plains;6
499;111;62;1;land;true;plains;6
500;205;198;1;land;true;urban;1
501;244;183;1;land;true;forest;1
502;238;173;1;land;false;urban;1
503;235;177;1;land;false;forest;1
504;244;159;1;land;true;urban;1
505;253;224;1;land;false;forest;1
506;232;165;1;land;false;forest;1
507;153;2;1;land;false;plains;6
508;151;52;1;land;false;forest;6
509;147;26;1;land;false;plains;6
510;130;31;1;land;false;urban;6
511;150;31;1;land;false;forest;6
512;204;18;1;land;false;forest;6
513;161;18;1;land;false;plains;6
514;158;16;1;land;false;forest;6
515;159;35;1;land;false;urban;6
516;202;41;1;land;false;forest;6
517;47;155;1;land;false;forest;1
518;62;103;1;land;false;urban;1
519;36;104;1;land;true;plains;1
520;66;139;1;land;false;urban;1
521;20;178;1;land;true;forest;1
522;27;137;1;land;true;forest;1
523;42;178;1;land;true;plains;1
524;7;157;1;land;false;urban;1
525;66;143;1;land;true;forest;1
526;20;147;1;land;false;urban;1
527;33;111;1;land;false;urban;1
528;22;119;1;land;false;forest;1
529;201;219;1;land;false;plains;1
530;211;230;1;land;false;forest;1
531;218;242;1;land;false;forest;1
532;194;246;1;land;false;forest;1
533;192;245;1;land;false;forest;1
534;219;224;1;land;false;urban;1
535;182;218;1;land;false;forest;1
536;171;248;1;land;false;plains;1
537;210;252;1;land;false;urban;1
538;171;231;1;land;false;forest;1
539;166;222;1;land;false;plains;1
540;187;224;1;land;false;urban;1
541;197;227;1;land;false;forest;1
542;189;228;1;land;false;forest;1
543;220;77;1;land;true;urban;6
544;175;138;1;land;false;plains;6
545;230;89;1;land;false;urban;6
546;196;126;1;land;false;forest;6
547;195;141;1;land;true;urban;6
548;201;149;1;land;false;plains;6
549;211;112;1;land;true;forest;6
550;216;129;1;land;true;plains;6
551;193;114;1;land;true;plains;6
552;229;105;1;land;false;urban;6
553;237;82;1;land;true;plains;6
554;233;115;1;land;false;urban;6
555;236;102;1;land;true;plains;6
556;246;83;1;land;false;urban;6
557;209;92;1;land;true;plains;6
558;223;118;1;land;false;plains;6
559;195;130;1;land;false;urban;6
560;212;79;1;land;true;plains;6
561;179;132;1;land;false;plains;6
562;196;86;1;land;false;urban;6
563;229;90;1;land;true;plains;6
564;188;83;1;land;false;urban;6
565;193;105;1;land;true;plains;6
566;206;100;1;land;true;urban;6
567;242;83;1;land;false;plains;6
568;234;81;1;land;false;urban;6
569;180;133;1;land;true;plains;6
570;152;88;1;land;false;plains;6
571;134;118;1;land;true;plains;6
572;124;85;1;land;false;plains;6
573;123;87;1;land;false;plains;6
574;78;102;1;land;false;plains;6
575;85;35;1;land;false;urban;6
576;73;101;1;land;false;plains;6
577;109;86;1;land;false;plains;6
578;109;78;1;land;false;plains;6
579;110;45;1;land;false;urban;6
580;111;78;1;land;false;plains;6
581;113;37;1;land;false;plains;6
582;77;100;1;land;false;plains;6
583;62;58;1;land;false;plains;6
584;90;101;1;land;false;plains;6
585;75;62;1;land;false;urban;6
586;85;109;1;land;false;plains;6
587;46;55;1;land;false;urban;6
588;87;105;1;land;false;plains;6
589;123;54;1;land;false;plains;6
590;78;92;1;land;false;urban;6
591;90;31;1;land;false;plains;6
592;71;69;1;land;false;plains;6
593;108;56;1;land;false;plains;6
594;48;69;1;land;false;urban;6
595;92;74;1;land;false;plains;6
596;74;83;1;land;false;urban;6
597;69;75;1;land;false;urban;6
598;76;111;1;land;false;forest;6
599;101;96;1;land;false;forest;6
600;131;136;1;land;false;forest;6
601;128;147;1;land;false;plains;6
602;64;152;1;land;false;forest;6
603;86;108;1;land;false;plains;6
604;107;96;1;land;false;plains;6
605;113;172;1;land;false;plains;6
606;90;153;1;land;false;forest;6
607;94;137;1;land;false;plains;6
608;60;141;1;land;false;plains;6
609;66;159;1;land;false;forest;6
610;103;102;1;land;false;desert;6
611;79;140;1;land;false;plains;6
612;119;135;1;land;false;forest;6
613;102;134;1;land;false;plains;6
614;165;155;1;land;false;plains;6
615;111;184;1;land;false;plains;6
616;134;153;1;land;false;plains;6
617;142;165;1;land;false;plains;6
618;148;129;1;land;false;plains;6
619;146;136;1;land;false;plains;6
620;142;149;1;land;true;plains;6
621;101;146;1;land;false;plains;6
622;101;167;1;land;false;plains;6
623;113;107;1;land;false;urban;6
624;132;170;1;land;false;plains;6
625;97;148;1;land;false;plains;6
626;98;149;1;land;false;plains;6
627;158;109;1;land;false;plains;6
628;170;128;1;land;false;plains;6
629;45;103;1;land;false;forest;6
630;33;86;1;land;false;urban;6
631;7;101;1;land;false;forest;6
632;17;75;1;land;false;forest;6
633;38;80;1;land;true;forest;6
634;34;138;1;land;false;plains;6
635;49;102;1;land;false;plains;6
636;42;119;1;land;false;urban;6
637;26;117;1;land;false;forest;6
638;40;76;1;land;false;plains;6
639;26;118;1;land;false;forest;6
640;6;93;1;land;true;forest;6
641;15;75;1;land;false;forest;6
642;41;138;1;land;false;urban;6
643;23;80;1;land;false;forest;6
644;8;79;1;land;false;plains;6
645;24;142;1;land;false;plains;6
646;39;142;1;land;false;forest;6
647;23;121;1;land;false;urban;6
648;10;80;1;land;false;plains;6
649;5;103;1;land;true;plains;6
650;32;108;1;land;false;urban;6
651;33;138;1;land;false;urban;6
652;11;111;1;land;false;forest;6
653;27;68;1;land;false;plains;6
654;46;93;1;land;true;plains;6
655;24;80;1;land;false;plains;6
656;9;76;1;land;false;plains;6
657;47;188;1;land;false;plains;6
658;31;184;1;land;false;plains;6
659;38;188;1;land;false;plains;6
660;25;245;1;land;false;plains;6
661;189;72;1;land;false;plains;6
662;223;84;1;land;false;urban;6
663;225;128;1;land;false;urban;6
664;253;73;1;land;false;plains;6
665;245;81;1;land;false;plains;6
666;163;102;1;land;false;urban;6
667;118;63;1;land;false;plains;6
668;135;48;1;land;false;forest;6
669;138;74;1;land;false;forest;6
670;126;51;1;land;false;urban;6
671;117;100;1;land;false;forest;6
672;174;143;1;land;false;forest;6
673;175;206;1;land;false;plains;6
674;125;167;1;land;false;forest;6
675;153;147;1;land;false;forest;6
676;129;168;1;land;false;plains;6
677;180;141;1;land;false;forest;6
678;170;196;1;land;false;plains;6
679;123;146;1;land;false;plains;6
680;176;206;1;land;false;plains;6
681;162;42;1;land;false;plains;6
682;193;112;1;land;false;plains;6
683;142;99;1;land;false;forest;6
684;152;56;1;land;false;plains;6
685;88;127;1;land;false;forest;6
686;51;166;1;land;false;plains;6
687;39;123;1;land;false;plains;6
688;46;172;1;land;false;forest;6
689;63;177;1;land;true;plains;6
690;29;146;1;land;false;forest;6
691;98;175;1;land;true;urban;6
692;64;157;1;land;true;plains;6
693;61;164;1;land;true;plains;6
694;67;167;1;land;true;plains;6
695;94;121;1;land;false;forest;6
696;44;135;1;land;true;plains;6
697;89;115;1;land;false;forest;6
698;100;172;1;land;false;plains;6
699;75;9;1;land;false;plains;1
700;75;29;1;land;false;plains;1
701;112;18;1;land;false;plains;1
702;70;58;1;land;false;plains;1
703;89;65;1;land;false;plains;1
704;142;150;1;land;true;forest;1
705;134;132;1;land;true;plains;1
706;125;130;1;land;false;forest;1
707;133;156;1;land;false;forest;1
708;196;8;1;land;false;forest;6
709;229;42;1;land;false;urban;6
710;211;27;1;land;false;urban;6
711;235;28;1;land;false;forest;6
712;251;4;1;land;false;urban;6
713;229;13;1;land;false;urban;6
714;230;151;1;land;false;plains;6
715;179;134;1;land;false;plains;6
716;214;145;1;land;false;plains;6
717;166;160;1;land;false;plains;6
718;175;192;1;land;false;plains;6
719;218;142;1;land;false;urban;6
720;174;144;1;land;false;forest;6
721;240;162;1;land;false;forest;6
722;188;135;1;land;false;plains;6
723;182;181;1;land;false;plains;6
724;236;207;1;land;false;plains;6
725;233;144;1;land;false;plains;6
726;244;180;1;land;false;forest;6
727;240;212;1;land;false;plains;6
728;222;198;1;land;false;plains;6
729;147;181;1;land;false;urban;6
730;124;150;1;land;false;plains;6
731;127;175;1;land;false;plains;6
732;90;181;1;land;false;plains;6
733;133;176;1;land;false;plains;6
734;106;167;1;land;false;plains;6
735;151;161;1;land;false;plains;6
736;119;105;1;land;false;forest;6
737;126;104;1;land;false;forest;6
738;112;172;1;land;false;plains;6
739;105;131;1;land;false;forest;6
740;87;167;1;land;false;urban;6
741;210;5;1;land;false;plains;1
742;186;4;1;land;false;forest;1
743;176;5;1;land;false;plains;1
744;185;38;1;land;false;plains;1
745;202;24;1;land;false;plains;1
746;71;113;1;land;false;plains;1
747;38;94;1;land;false;plains;1
748;33;127;1;land;false;plains;1
749;65;111;1;land;true;urban;1
750;55;131;1;land;false;plains;1
751;44;105;1;land;false;urban;1
752;57;90;1;land;true;forest;1
753;1;90;1;land;false;plains;1
754;110;128;1;land;false;forest;1
755;63;126;1;land;false;forest;1
756;61;121;1;land;false;forest;1
757;102;163;1;land;false;forest;1
758;82;101;1;land;false;forest;1
759;78;108;1;land;false;plains;6
760;14;75;1;land;true;urban;6
761;15;93;1;land;false;plains;6
762;45;144;1;land;true;plains;6
763;198;97;1;land;false;plains;6
764;213;90;1;land;false;plains;6
765;215;76;1;land;false;plains;6
766;234;51;1;land;true;plains;6
767;206;42;1;land;true;plains;6
768;234;89;1;land;false;urban;6
769;223;46;1;land;false;urban;6
770;236;77;1;land;false;urban;6
771;234;77;1;land;true;plains;6
772;240;54;1;land;false;urban;6
773;236;94;1;land;false;plains;6
774;236;42;1;land;false;urban;6
775;241;78;1;land;true;plains;6
776;234;63;1;land;true;plains;6
777;187;84;1;land;false;plains;6
778;209;77;1;land;false;urban;6
779;189;115;1;land;true;plains;6
780;184;87;1;land;false;plains;6
781;173;86;1;land;false;urban;6
782;208;79;1;land;false;urban;6
783;108;44;1;land;false;plains;6
784;79;39;1;land;false;plains;6
785;92;51;1;land;false;urban;6
786;48;55;1;land;false;plains;6
787;97;8;1;land;false;plains;6
788;91;76;1;land;false;urban;6
789;53;123;1;land;false;urban;1
790;67;137;1;land;true;plains;1
791;99;186;1;land;false;plains;1
792;112;183;1;land;false;plains;1
793;51;180;1;land;false;plains;1
794;126;117;1;land;false;urban;1
795;52;117;1;land;true;urban;1
796;56;119;1;land;false;plains;1
797;93;184;1;land;true;plains;1
798;85;140;1;land;false;plains;1
799;68;175;1;land;false;urban;1
800;96;131;1;land;false;plains;1
801;82;142;1;land;true;urban;1
802;61;143;1;land;true;plains;1
803;90;174;1;land;false;plains;1
804;59;160;1;land;false;urban;1
805;221;29;1;land;false;forest;6
806;107;103;1;land;false;urban;6
807;127;111;1;land;false;plains;6
808;77;56;1;land;false;plains;6
809;122;46;1;land;false;plains;6
810;116;55;1;land;false;urban;6
811;124;67;1;land;false;forest;6
812;114;98;1;land;false;urban;6
813;94;65;1;land;false;plains;6
814;101;52;1;land;false;forest;6
815;110;71;1;land;false;plains;6
816;116;85;1;land;false;forest;6
817;132;92;1;land;false;urban;6
818;103;82;1;land;false;forest;6
819;90;87;1;land;false;plains;6
820;116;105;1;land;false;plains;6
821;150;114;1;land;false;forest;6
822;142;49;1;land;false;urban;6
823;79;82;1;land;false;urban;6
824;231;140;1;land;true;forest;6
825;241;171;1;land;false;urban;6
826;227;203;1;land;false;urban;6
827;219;167;1;land;true;forest;6
828;249;163;1;land;false;forest;6
829;210;169;1;land;false;urban;6
830;222;204;1;land;false;forest;6
831;243;204;1;land;true;forest;6
832;204;183;1;land;true;forest;6
833;233;156;1;land;false;urban;6
834;209;160;1;land;true;urban;6
835;252;203;1;land;false;urban;6
836;251;188;1;land;false;urban;6
837;198;181;1;land;true;forest;6
838;209;155;1;land;false;urban;6
839;204;205;1;land;false;urban;6
840;245;168;1;land;true;forest;6
841;236;193;1;land;false;forest;6
842;249;148;1;land;false;urban;6
843;236;159;1;land;false;forest;6
844;206;155;1;land;false;forest;6
845;238;217;1;land;false;urban;6
846;219;192;1;land;true;forest;6
847;139;177;1;land;false;plains;6
848;148;162;1;land;false;plains;6
849;176;144;1;land;false;plains;6
850;149;122;1;land;false;plains;6
851;127;132;1;land;false;plains;6
852;167;164;1;land;false;plains;6
853;219;51;1;land;false;urban;6
854;209;41;1;land;false;plains;6
855;203;0;1;land;false;plains;6
856;174;21;1;land;false;plains;6
857;220;36;1;land;false;urban;6
858;171;39;1;land;false;forest;6
859;218;15;1;land;false;plains;6
860;179;6;1;land;false;plains;6
861;229;8;1;land;false;plains;6
862;233;60;1;land;false;urban;6
863;210;39;1;land;false;plains;6
864;201;18;1;land;false;urban;6
865;219;14;1;land;false;plains;6
866;47;75;1;land;false;plains;6
867;29;86;1;land;true;plains;6
868;44;139;1;land;true;plains;6
869;40;107;1;land;false;urban;6
870;11;139;1;land;false;urban;6
871;3;95;1;land;true;plains;6
872;26;124;1;land;true;urban;6
873;50;91;1;land;false;urban;6
874;17;132;1;land;false;plains;6
875;26;96;1;land;false;plains;6
876;20;99;1;land;false;plains;6
877;14;101;1;land;false;urban;6
878;37;103;1;land;false;plains;6
879;55;67;1;land;true;plains;6
880;35;124;1;land;false;urban;6
881;18;87;1;land;false;urban;6
882;18;106;1;land;false;urban;6
883;104;216;1;land;false;plains;6
884;72;246;1;land;false;plains;6
885;86;197;1;land;false;plains;6
886;208;175;1;land;false;forest;1
887;241;210;1;land;false;forest;1
888;213;209;1;land;false;plains;1
889;168;156;1;land;false;plains;1
890;181;206;1;land;false;plains;1
891;128;17;1;land;true;urban;6
892;140;39;1;land;false;forest;6
893;199;117;1;land;false;forest;6
894;204;95;1;land;false;plains;6
895;225;78;1;land;false;forest;6
896;251;82;1;land;false;urban;6
897;203;98;1;land;false;urban;6
898;242;151;1;land;false;forest;6
899;109;69;1;land;false;forest;6
900;115;83;1;land;false;plains;6
901;113;43;1;land;false;urban;6
902;68;109;1;land;false;plains;6
903;1;203;1;land;false;forest;6
904;3;219;1;land;true;forest;6
905;23;198;1;land;false;forest;6
906;38;220;1;land;true;forest;6
907;11;196;1;land;true;forest;6
908;3;202;1;land;true;forest;1
909;43;221;1;land;false;forest;6
910;22;192;1;land;false;forest;6
911;14;209;1;land;false;forest;6
912;38;240;1;land;true;urban;6
913;118;185;1;land;false;plains;1
914;117;109;1;land;false;forest;6
915;147;144;1;land;true;forest;6
916;136;128;1;land;true;forest;6
917;152;176;1;land;false;forest;6
918;113;151;1;land;true;forest;6
919;117;181;1;land;false;forest;6
920;178;67;1;land;true;forest;1
921;184;28;1;land;true;forest;1
922;9;115;1;land;false;urban;6
923;1;140;1;land;false;forest;6
924;27;123;1;land;false;urban;6
925;29;118;1;land;false;plains;6
926;7;173;1;land;false;plains;6
927;37;168;1;land;false;urban;6
928;11;185;1;land;false;urban;6
929;40;156;1;land;false;plains;6
930;18;170;1;land;false;urban;6
931;139;161;1;land;true;urban;6
932;212;113;1;land;false;urban;6
933;210;101;1;land;false;plains;6
934;237;91;1;land;false;plains;6
935;239;57;1;land;false;forest;6
936;230;112;1;land;false;urban;6
937;216;122;1;land;false;plains;6
938;239;111;1;land;false;plains;6
939;240;106;1;land;false;plains;6
940;232;58;1;land;false;urban;6
941;205;113;1;land;false;urban;6
942;251;203;1;land;true;forest;6
943;203;232;1;land;true;forest;6
944;245;232;1;land;true;forest;6
945;240;235;1;land;false;urban;6
946;240;207;1;land;true;plains;6
947;231;217;1;land;true;plains;6
948;213;210;1;land;true;forest;6
949;149;38;1;land;false;plains;6
950;156;97;1;land;false;plains;6
951;181;88;1;land;false;plains;6
952;162;74;1;land;false;urban;6
953;160;29;1;land;false;plains;6
954;201;25;1;land;false;plains;6
955;179;39;1;land;false;plains;6
956;168;102;1;land;false;plains;6
957;194;52;1;land;false;plains;6
958;102;154;1;land;false;plains;6
959;88;126;1;land;false;plains;6
960;111;148;1;land;false;forest;6
961;157;144;1;land;false;plains;6
962;200;29;1;land;false;plains;6
963;234;19;1;land;false;urban;6
964;201;11;1;land;false;forest;6
965;205;12;1;land;false;plains;6
966;237;29;1;land;false;forest;6
967;246;34;1;land;false;plains;6
968;208;23;1;land;false;forest;6
969;216;22;1;land;false;plains;6
970;203;30;1;land;false;plains;6
971;225;39;1;land;false;urban;6
972;253;3;1;land;false;plains;6
973;253;121;1;land;false;plains;6
974;188;141;1;land;false;forest;6
975;240;149;1;land;false;plains;6
976;190;100;1;land;false;urban;6
977;236;155;1;land;false;forest;6
978;196;138;1;land;false;urban;6
979;234;108;1;land;false;urban;6
980;203;109;1;land;false;plains;6
981;204;171;1;land;false;plains;6
982;226;118;1;land;false;forest;6
983;223;114;1;land;false;urban;6
984;204;116;1;land;false;plains;6
985;201;133;1;land;false;plains;6
986;183;155;1;land;false;plains;6
987;197;149;1;land;false;plains;6
988;226;135;1;land;false;forest;6
989;49;131;1;land;false;urban;6
990;30;85;1;land;false;plains;6
991;0;103;1;land;false;urban;6
992;1;83;1;land;false;plains;6
993;31;119;1;land;false;urban;6
994;58;129;1;land;false;plains;6
995;35;116;1;land;false;urban;6
996;67;142;1;land;false;forest;6
997;16;126;1;land;false;plains;6
998;54;145;1;land;false;urban;6
999;11;79;1;land;false;urban;6
1000;64;132;1;land;false;plains;6
1001;6;94;1;land;false;forest;6
1002;18;121;1;land;false;urban;6
1003;39;97;1;land;false;plains;6
1004;63;122;1;land;false;plains;6
1005;61;114;1;land;false;plains;6
1006;174;107;1;land;true;plains;6
1007;103;125;1;land;false;forest;6
1008;140;145;1;land;false;forest;6
1009;144;99;1;land;true;forest;6
1010;107;88;1;land;false;forest;6
1011;151;76;1;land;false;plains;6
1012;137;95;1;land;true;plains;6
1013;178;99;1;land;false;plains;6
1014;105;110;1;land;false;forest;6
1015;175;80;1;land;false;forest;6
1016;149;102;1;land;true;forest;6
1017;148;138;1;land;true;forest;6
1018;225;156;1;land;true;forest;6
1019;213;154;1;land;false;forest;6
1020;220;179;1;land;false;forest;6
1021;246;190;1;land;false;urban;6
1022;243;138;1;land;true;forest;6
1023;227;139;1;land;true;forest;6
1024;211;135;1;land;false;forest;6
1025;238;209;1;land;true;urban;6
1026;241;178;1;land;false;urban;6
1027;3;171;1;land;false;jungle;6
1028;17;171;1;land;false;jungle;6
1029;44;177;1;land;false;urban;6
1030;23;206;1;land;false;plains;6
1031;14;183;1;land;false;urban;6
1032;17;189;1;land;false;plains;6
1033;22;213;1;land;false;plains;6
1034;23;213;1;land;false;plains;6
1035;5;196;1;land;false;plains;6
1036;46;170;1;land;false;plains;6
1037;41;152;1;land;false;jungle;6
1038;26;169;1;land;false;jungle;6
1039;1;95;1;land;false;urban;6
1040;37;90;1;land;false;urban;6
1041;41;51;1;land;false;forest;6
1042;29;29;1;land;false;urban;6
1043;26;80;1;land;false;forest;6
1044;17;42;1;land;false;urban;6
1045;14;32;1;land;false;forest;6
1046;27;25;1;land;false;forest;6
1047;31;72;1;land;false;forest;6
1048;22;87;1;land;false;forest;6
1049;10;49;1;land;false;forest;6
1050;12;53;1;land;false;urban;6
1051;107;4;1;land;false;forest;6
1052;42;3;1;land;false;urban;6
1053;40;3;1;land;false;urban;6
1054;111;66;1;land;false;plains;6
1055;79;26;1;land;false;plains;6
1056;41;33;1;land;false;forest;6
1057;87;45;1;land;false;plains;6
1058;49;70;1;land;false;plains;6
1059;152;136;1;land;true;plains;6
1060;173;166;1;land;false;plains;6
1061;215;179;1;land;false;forest;6
1062;148;134;1;land;false;plains;6
1063;200;190;1;land;false;plains;6
1064;199;134;1;land;false;forest;6
1065;181;126;1;land;false;forest;6
1066;176;160;1;land;false;forest;6
1067;209;140;1;land;false;plains;6
1068;153;133;1;land;false;forest;6
1069;165;190;1;land;false;forest;6
1070;144;119;1;land;false;forest;6
1071;162;127;1;land;false;plains;6
1072;206;13;1;land;false;plains;6
1073;146;55;1;land;false;plains;6
1074;187;69;1;land;false;urban;6
1075;218;70;1;land;false;urban;6
1076;218;26;1;land;false;forest;6
1077;191;32;1;land;false;urban;6
1078;197;23;1;land;false;urban;6
1079;196;13;1;land;false;plains;6
1080;155;22;1;land;false;urban;6
1081;197;1;1;land;false;urban;6
1082;171;16;1;land;false;forest;6
1083;142;74;1;land;false;forest;6
1084;220;163;1;land;false;urban;6
1085;204;146;1;land;false;forest;6
1086;223;147;1;land;false;plains;6
1087;166;135;1;land;false;urban;6
1088;172;94;1;land;false;forest;6
1089;11;137;1;land;false;forest;1
1090;28;139;1;land;true;plains;1
1091;15;76;1;land;false;urban;1
1092;3;74;1;land;true;forest;1
1093;43;138;1;land;false;plains;1
1094;10;126;1;land;true;urban;1
1095;6;124;1;land;true;forest;1
1096;34;121;1;land;false;plains;1
1097;18;73;1;land;true;urban;1
1098;21;86;1;land;false;plains;1
1099;10;69;1;land;false;forest;1
1100;17;96;1;land;false;plains;1
1101;42;89;1;land;false;plains;1
1102;50;72;1;land;false;forest;1
1103;57;66;1;land;false;forest;1
1104;56;124;1;land;true;forest;1
1105;118;131;1;land;false;urban;6
1106;96;92;1;land;false;plains;6
1107;94;116;1;land;false;plains;6
1108;139;135;1;land;false;urban;6
1109;125;69;1;land;false;plains;6
1110;135;68;1;land;false;urban;6
1111;161;82;1;land;false;plains;6
1112;85;115;1;land;false;plains;6
1113;149;80;1;land;false;urban;6
1114;160;113;1;land;false;plains;6
1115;141;69;1;land;false;urban;6
1116;94;98;1;land;false;urban;6
1117;145;140;1;land;false;forest;6
1118;114;76;1;land;false;forest;6
1119;134;117;1;land;false;forest;6
1120;233;184;1;land;false;plains;6
1121;250;145;1;land;false;plains;6
1122;232;148;1;land;false;urban;6
1123;218;193;1;land;false;plains;6
1124;195;188;1;land;false;plains;6
1125;223;140;1;land;false;plains;6
1126;250;179;1;land;false;plains;6
1127;195;131;1;land;false;plains;6
1128;215;195;1;land;false;plains;6
1129;244;190;1;land;false;plains;6
1130;251;185;1;land;false;plains;6
1131;234;148;1;land;false;plains;6
1132;244;186;1;land;false;urban;6
1133;234;184;1;land;false;plains;6
1134;234;197;1;land;false;urban;6
1135;46;212;1;land;false;plains;6
1136;91;164;1;land;false;forest;6
1137;56;202;1;land;false;plains;6
1138;51;172;1;land;false;plains;6
1139;87;152;1;land;false;urban;6
1140;82;169;1;land;false;urban;6
1141;98;135;1;land;false;urban;6
1142;114;193;1;land;false;plains;6
1143;100;186;1;land;false;plains;6
1144;44;207;1;land;false;plains;6
1145;54;202;1;land;false;urban;6
1146;48;205;1;land;false;plains;6
1147;45;183;1;land;false;urban;6
1148;93;152;1;land;false;urban;6
1149;102;180;1;land;false;plains;6
1150;54;175;1;land;false;plains;6
1151;83;148;1;land;false;plains;6
1152;89;185;1;land;false;plains;6
1153;131;135;1;land;false;urban;6
1154;117;134;1;land;false;forest;1
1155;142;113;1;land;false;urban;6
1156;133;150;1;land;false;forest;6
1157;141;159;1;land;false;urban;1
1158;115;20;1;land;true;forest;1
1159;76;92;1;land;false;urban;6
1160;73;139;1;land;false;forest;6
1161;47;113;1;land;false;urban;6
1162;67;91;1;land;false;forest;6
1163;89;142;1;land;false;plains;6
1164;52;119;1;land;false;plains;6
1165;62;145;1;land;false;urban;6
1166;125;200;1;land;false;plains;6
1167;88;199;1;land;false;urban;6
1168;63;249;1;land;false;plains;6
1169;90;217;1;land;false;plains;6
1170;98;220;1;land;false;urban;6
1171;84;235;1;land;false;plains;6
1172;78;181;1;land;false;plains;6
1173;63;238;1;land;false;urban;6
1174;157;180;1;land;true;plains;6
1175;169;228;1;land;true;forest;6
1176;192;225;1;land;false;forest;6
1177;170;194;1;land;true;forest;6
1178;161;187;1;land;false;forest;6
1179;21;136;1;land;false;plains;6
1180;5;105;1;land;false;forest;6
1181;47;123;1;land;false;plains;6
1182;10;74;1;land;false;plains;6
1183;85;254;1;land;true;plains;6
1184;94;252;1;land;false;urban;6
1185;134;254;1;land;true;urban;6
1186;128;254;1;land;true;plains;6
1187;120;108;1;land;false;urban;6
1188;120;87;1;land;false;urban;6
1189;149;99;1;land;false;forest;6
1190;124;63;1;land;false;forest;6
1191;103;133;1;land;false;forest;6
1192;110;68;1;land;false;forest;6
1193;32;35;1;land;false;plains;6
1194;63;57;1;land;false;plains;6
1195;66;40;1;land;false;plains;6
1196;32;46;1;land;false;plains;6
1197;8;80;1;land;false;plains;6
1198;25;29;1;land;false;plains;1
1199;18;17;1;land;false;urban;1
1200;32;6;1;land;false;urban;1
1201;24;4;1;land;false;forest;1
1202;7;5;1;land;false;urban;1
1203;5;24;1;land;false;plains;1
1204;199;94;1;land;false;forest;6
1205;229;108;1;land;false;forest;6
1206;220;68;1;land;true;plains;6
1207;167;77;1;land;false;plains;6
1208;223;67;1;land;false;plains;6
1209;202;77;1;land;false;urban;6
1210;208;33;1;land;false;urban;6
1211;181;81;1;land;false;forest;6
1212;160;105;1;land;false;plains;6
1213;156;88;1;land;false;forest;6
1214;167;21;1;land;true;plains;6
1215;156;44;1;land;true;urban;6
1216;219;118;1;land;false;forest;6
1217;188;132;1;land;false;urban;6
1218;183;106;1;land;false;urban;6
1219;210;128;1;land;true;urban;6
1220;181;129;1;land;false;plains;6
1221;199;145;1;land;false;plains;6
1222;133;219;1;land;false;plains;6
1223;117;243;1;land;false;urban;6
1224;125;244;1;land;false;forest;6
1225;128;250;1;land;false;forest;6
1226;133;231;1;land;false;forest;6
1227;148;200;1;land;false;urban;6
1228;183;252;1;land;false;urban;6
1229;133;209;1;land;false;plains;6
1230;117;113;1;land;false;plains;6
1231;176;140;1;land;false;plains;6
1232;121;104;1;land;false;plains;6
1233;109;131;1;land;false;plains;6
1234;160;103;1;land;false;plains;6
1235;157;80;1;land;false;plains;6
1236;166;70;1;land;false;plains;6
1237;122;105;1;land;false;plains;6
1238;157;100;1;land;false;plains;6
1239;167;104;1;land;false;plains;6
1240;145;106;1;land;false;plains;6
1241;107;97;1;land;false;plains;6
1242;181;74;1;land;false;plains;6
1243;111;95;1;land;false;plains;6
1244;165;146;1;land;false;plains;6
1245;108;100;1;land;false;plains;6
1246;179;100;1;land;false;plains;6
1247;155;108;1;land;false;plains;6
1248;118;69;1;land;false;plains;6
1249;146;81;1;land;false;plains;6
1250;146;131;1;land;false;plains;6
1251;108;103;1;land;false;plains;6
1252;161;128;1;land;false;plains;6
1253;107;147;1;land;false;plains;6
1254;142;110;1;land;false;plains;6
1255;223;42;1;land;false;urban;6
1256;203;71;1;land;false;urban;6
1257;239;63;1;land;false;plains;6
1258;183;91;1;land;false;plains;6
1259;254;90;1;land;false;urban;6
1260;213;48;1;land;false;plains;6
1261;86;119;1;land;false;forest;6
1262;81;91;1;land;false;forest;6
1263;54;135;1;land;false;forest;6
1264;32;140;1;land;false;forest;6
1265;83;124;1;land;false;plains;6
1266;24;87;1;land;false;urban;6
1267;60;128;1;land;false;forest;6
1268;76;134;1;land;false;forest;6
1269;45;100;1;land;false;forest;6
1270;58;133;1;land;false;forest;6
1271;216;203;1;land;false;plains;1
1272;201;246;1;land;false;forest;1
1273;240;217;1;land;false;forest;1
1274;234;203;1;land;false;plains;1
1275;192;187;1;land;false;plains;1
1276;251;193;1;land;false;forest;1
1277;187;191;1;land;false;plains;1
1278;234;212;1;land;false;plains;1
1279;162;156;1;land;false;forest;6
1280;96;203;1;land;false;forest;6
1281;118;171;1;land;false;plains;6
1282;173;208;1;land;false;forest;6
1283;102;173;1;land;false;plains;6
1284;159;179;1;land;false;forest;6
1285;139;199;1;land;false;plains;6
1286;134;200;1;land;false;urban;6
1287;131;49;1;land;false;urban;6
1288;131;18;1;land;false;plains;6
1289;161;68;1;land;false;plains;6
1290;167;17;1;land;false;plains;6
1291;141;38;1;land;false;urban;6
1292;159;8;1;land;false;urban;6
1293;168;52;1;land;false;urban;6
1294;153;27;1;land;false;plains;6
1295;126;17;1;land;false;plains;6
1296;142;34;1;land;false;urban;6
1297;168;46;1;land;false;urban;6
1298;130;68;1;land;false;urban;6
1299;170;43;1;land;false;plains;6
1300;193;6;1;land;false;plains;6
1301;136;31;1;land;false;urban;6
1302;174;28;1;land;false;plains;6
1303;48;29;1;land;false;forest;6
1304;44;41;1;land;false;urban;6
1305;74;24;1;land;false;urban;6
1306;77;28;1;land;false;forest;6
1307;63;25;1;land;false;urban;6
1308;34;39;1;land;false;urban;6
1309;50;0;1;land;false;plains;6
1310;32;39;1;land;false;plains;6
1311;150;17;1;land;false;forest;6
1312;162;56;1;land;false;urban;6
1313;179;3;1;land;false;plains;6
1314;160;50;1;land;false;forest;6
1315;151;9;1;land;false;plains;6
1316;193;15;1;land;false;urban;6
1317;144;55;1;land;false;urban;6
1318;175;14;1;land;false;forest;6
1319;200;7;1;land;false;plains;6
1320;214;23;1;land;false;plains;6
1321;173;56;1;land;false;urban;6
1322;165;37;1;land;false;forest;6
1323;187;43;1;land;false;forest;6
1324;188;63;1;land;false;plains;6
1325;172;49;1;land;false;plains;6
1326;201;54;1;land;false;plains;6
1327;157;2;1;land;false;urban;6
1328;31;113;1;land;false;plains;6
1329;245;221;1;land;false;forest;6
1330;245;215;1;land;false;forest;6
1331;228;253;1;land;false;forest;6
1332;251;215;1;land;false;plains;6
1333;253;220;1;land;false;urban;6
1334;231;244;1;land;true;forest;6
1335;208;227;1;land;false;urban;6
1336;250;241;1;land;false;plains;6
1337;252;225;1;land;false;plains;6
1338;238;229;1;land;false;forest;6
1339;234;232;1;land;false;plains;6
1340;216;253;1;land;false;plains;6
1341;213;230;1;land;false;urban;6
1342;246;220;1;land;false;forest;6
1343;209;239;1;land;false;urban;6
1344;211;250;1;land;false;forest;6
1345;214;239;1;land;false;forest;6
1346;240;248;1;land;true;forest;6
1347;206;243;1;land;false;plains;6
1348;222;215;1;land;false;plains;6
1349;209;246;1;land;false;urban;6
1350;213;239;1;land;false;forest;6
1351;215;247;1;land;false;urban;6
1352;203;247;1;land;false;forest;6
1353;126;113;1;land;false;forest;6
1354;89;125;1;land;true;forest;6
1355;101;137;1;land;true;forest;6
1356;107;155;1;land;true;forest;6
1357;84;118;1;land;false;forest;6
1358;109;85;1;land;false;urban;6
1359;105;129;1;land;true;forest;6
1360;146;190;1;land;false;forest;6
1361;161;215;1;land;false;forest;6
1362;56;166;1;land;false;plains;6
1363;110;189;1;land;false;plains;6
1364;51;186;1;land;false;plains;6
1365;99;232;1;land;false;plains;6
1366;72;195;1;land;false;plains;6
1367;66;181;1;land;false;plains;6
1368;64;237;1;land;false;plains;6
1369;79;186;1;land;false;plains;6
1370;87;205;1;land;false;plains;6
1371;64;183;1;land;false;plains;6
1372;90;201;1;land;false;plains;6
1373;107;178;1;land;false;plains;6
1374;113;190;1;land;false;plains;6
1375;118;197;1;land;false;plains;6
1376;85;169;1;land;false;plains;6
1377;109;196;1;land;false;plains;6
1378;63;232;1;land;false;plains;6
1379;204;39;1;land;false;forest;6
1380;171;68;1;land;false;urban;6
1381;157;104;1;land;false;forest;6
1382;173;93;1;land;false;plains;6
1383;182;53;1;land;false;forest;6
1384;202;82;1;land;false;urban;6
1385;174;64;1;land;false;plains;6
1386;157;67;1;land;false;urban;6
1387;174;26;1;land;false;forest;6
1388;196;84;1;land;false;forest;6
1389;182;61;1;land;false;urban;6
1390;109;122;1;land;false;urban;6
1391;164;99;1;land;false;plains;6
1392;164;137;1;land;false;urban;6
1393;171;108;1;land;false;urban;6
1394;134;106;1;land;false;forest;6
1395;106;129;1;land;false;forest;6
1396;152;129;1;land;false;plains;6
1397;106;174;1;land;false;forest;6
1398;115;122;1;land;false;urban;6
1399;103;104;1;land;false;forest;6
1400;157;148;1;land;false;plains;6
1401;158;140;1;land;false;urban;6
1402;122;115;1;land;false;forest;6
1403;179;106;1;land;false;urban;6
1404;165;112;1;land;false;plains;6
1405;137;152;1;land;false;forest;6
1406;105;125;1;land;false;urban;6
1407;168;142;1;land;false;plains;6
1408;239;29;1;land;false;plains;1
1409;239;38;1;land;false;urban;1
1410;235;18;1;land;false;forest;1
1411;242;24;1;land;false;forest;1
1412;248;14;1;land;true;plains;1
1413;234;26;1;land;false;urban;1
1414;248;24;1;land;true;plains;1
1415;213;1;1;land;false;urban;1
1416;234;31;1;land;false;plains;1
1417;249;1;1;land;true;urban;1
1418;214;2;1;land;true;forest;1
1419;238;25;1;land;false;plains;1
1420;252;34;1;land;true;forest;1
1421;229;7;1;land;false;forest;1
1422;236;0;1;land;true;forest;1
1423;228;12;1;land;false;urban;1
1424;219;13;1;land;true;forest;1
1425;213;22;1;land;true;urban;1
1426;231;38;1;land;true;forest;1
1427;252;6;1;land;false;plains;1
1428;213;25;1;land;true;urban;1
1429;218;27;1;land;true;urban;1
1430;213;3;1;land;true;urban;1
1431;224;1;1;land;true;forest;1
1432;228;13;1;land;false;plains;1
1433;250;33;1;land;true;plains;1
1434;247;24;1;land;true;forest;1
1435;227;13;1;land;true;urban;1
1436;236;27;1;land;false;urban;1
1437;236;171;1;land;false;forest;6
1438;226;176;1;land;false;forest;6
1439;228;106;1;land;false;forest;6
1440;230;170;1;land;false;urban;6
1441;248;110;1;land;false;urban;6
1442;242;111;1;land;true;plains;6
1443;242;136;1;land;false;urban;6
1444;197;207;1;land;false;forest;1
1445;165;219;1;land;false;plains;1
1446;15;152;1;land;true;urban;1
1447;26;144;1;land;false;forest;1
1448;10;155;1;land;true;forest;1
1449;204;60;1;land;true;plains;6
1450;109;205;1;land;false;plains;6
1451;101;198;1;land;false;urban;6
1452;136;220;1;land;false;plains;6
1453;136;197;1;land;false;plains;6
1454;130;208;1;land;false;plains;6
1455;136;183;1;land;false;urban;6
1456;151;201;1;land;false;forest;6
1457;251;148;1;land;true;plains;6
1458;189;104;1;land;false;plains;6
1459;224;142;1;land;true;plains;6
1460;218;168;1;land;false;plains;6
1461;193;136;1;land;false;plains;6
1462;217;111;1;land;true;plains;6
1463;203;97;1;land;true;urban;6
1464;211;168;1;land;false;plains;6
1465;250;160;1;land;true;plains;6
1466;193;95;1;land;true;plains;6
1467;227;161;1;land;true;plains;6
1468;251;142;1;land;false;plains;6
1469;254;161;1;land;false;forest;6
1470;66;158;1;land;false;forest;6
1471;67;162;1;land;false;urban;6
1472;100;190;1;land;false;urban;1
1473;123;204;1;land;false;urban;1
1474;99;147;1;land;false;forest;6
1475;129;167;1;land;false;forest;6
1476;32;18;1;land;false;urban;6
1477;32;116;1;land;false;urban;6
1478;27;185;1;land;false;urban;6
1479;23;168;1;land;false;urban;6
1480;20;121;1;land;false;plains;6
1481;88;26;1;land;false;urban;6
1482;145;38;1;land;true;plains;6
1483;130;50;1;land;true;plains;6
1484;144;26;1;land;true;plains;6
1485;165;51;1;land;true;plains;6
1486;115;28;1;land;false;urban;6
1487;90;49;1;land;true;plains;6
1488;162;49;1;land;false;urban;6
1489;169;227;1;land;false;forest;6
1490;145;243;1;land;false;urban;6
1491;132;73;1;land;false;urban;6
1492;122;38;1;land;false;forest;1
1493;145;60;1;land;false;forest;6
1494;96;74;1;land;false;forest;6
1495;143;49;1;land;false;plains;6
1496;106;41;1;land;false;urban;6
1497;104;27;1;land;false;plains;6
1498;137;33;1;land;false;urban;6
1499;138;72;1;land;false;urban;6
1500;153;18;1;land;false;forest;1
1501;130;10;1;land;false;plains;6
1502;214;84;1;land;false;urban;6
1503;242;29;1;land;false;forest;6
1504;236;50;1;land;false;plains;6
1505;218;40;1;land;false;urban;6
1506;243;63;1;land;false;plains;6
1507;225;57;1;land;false;plains;6
1508;84;1;1;land;false;plains;6
1509;44;38;1;land;false;urban;6
1510;75;11;1;land;false;forest;6
1511;39;20;1;land;false;urban;6
1512;63;16;1;land;false;plains;6
1513;77;36;1;land;false;plains;6
1514;82;3;1;land;false;urban;6
1515;41;30;1;land;false;plains;6
1516;13;45;1;land;false;plains;6
1517;47;11;1;land;false;forest;6
1518;40;2;1;land;false;urban;6
1519;173;10;1;land;false;urban;1
1520;154;25;1;land;false;plains;1
1521;124;23;1;land;false;plains;1
1522;183;54;1;land;false;forest;1
1523;166;52;1;land;false;plains;1
1524;148;15;1;land;false;urban;1
1525;148;23;1;land;false;urban;1
1526;153;14;1;land;false;forest;1
1527;174;9;1;land;false;forest;1
1528;130;27;1;land;false;urban;1
1529;123;3;1;land;false;plains;1
1530;146;51;1;land;false;urban;1
1531;131;43;1;land;false;urban;1
1532;138;8;1;land;false;forest;1
1533;94;211;1;land;false;forest;6
1534;72;238;1;land;false;urban;6
1535;68;204;1;land;false;forest;6
1536;114;201;1;land;false;forest;6
1537;100;173;1;land;false;urban;6
1538;70;215;1;land;false;urban;6
1539;181;190;1;land;false;urban;6
1540;235;245;1;land;false;forest;6
1541;228;244;1;land;false;plains;6
1542;173;202;1;land;false;forest;6
1543;196;238;1;land;false;forest;6
1544;179;175;1;land;false;forest;6
1545;208;188;1;land;false;forest;6
1546;238;211;1;land;false;urban;6
1547;208;201;1;land;false;forest;6
1548;187;209;1;land;false;forest;6
1549;186;215;1;land;false;urban;6
1550;213;240;1;land;false;forest;6
1551;100;109;1;land;true;forest;1
1552;25;59;1;land;false;plains;1
1553;68;39;1;land;true;urban;1
1554;67;43;1;land;true;plains;1
1555;78;95;1;land;false;forest;1
1556;31;116;1;land;false;forest;1
1557;25;77;1;land;false;plains;1
1558;195;168;1;land;false;urban;6
1559;123;114;1;land;false;urban;6
1560;155;88;1;land;false;plains;6
1561;122;126;1;land;false;forest;6
1562;152;114;1;land;false;plains;6
1563;157;90;1;land;false;urban;6
1564;79;94;1;land;false;plains;6
1565;125;160;1;land;false;urban;6
1566;150;139;1;land;false;plains;6
1567;105;159;1;land;false;urban;6
1568;115;99;1;land;false;plains;6
1569;93;115;1;land;false;plains;6
1570;81;86;1;land;false;plains;6
1571;102;112;1;land;false;plains;6
1572;142;102;1;land;false;plains;6
1573;127;123;1;land;true;plains;6
1574;152;165;1;land;false;forest;6
1575;88;143;1;land;false;plains;6
1576;148;102;1;land;false;plains;6
1577;97;163;1;land;false;urban;6
1578;92;149;1;land;false;plains;6
1579;79;90;1;land;false;urban;6
1580;200;113;1;land;false;forest;1
1581;189;140;1;land;false;plains;1
1582;252;111;1;land;false;plains;1
1583;198;116;1;land;false;plains;1
1584;240;94;1;land;false;urban;1
1585;200;123;1;land;false;forest;1
1586;215;131;1;land;false;plains;1
1587;250;101;1;land;false;forest;1
1588;189;90;1;land;false;urban;1
1589;81;221;1;land;true;urban;1
1590;55;238;1;land;true;jungle;1
1591;170;171;1;land;true;plains;6
1592;177;111;1;land;true;plains;6
1593;123;164;1;land;false;urban;6
1594;176;133;1;land;true;plains;6
1595;145;103;1;land;true;urban;6
1596;155;148;1;land;false;plains;6
1597;157;131;1;land;true;urban;6
1598;137;37;1;land;false;plains;6
1599;112;25;1;land;false;forest;6
1600;112;17;1;land;false;plains;6
1601;74;6;1;land;false;urban;6
1602;46;124;1;land;false;plains;6
1603;53;79;1;land;false;urban;6
1604;61;113;1;land;false;plains;6
1605;49;85;1;land;false;urban;6
1606;96;140;1;land;false;plains;6
1607;100;143;1;land;false;plains;6
1608;97;99;1;land;false;urban;6
1609;67;113;1;land;false;plains;6
1610;84;130;1;land;false;plains;6
1611;87;95;1;land;false;urban;6
1612;96;121;1;land;false;plains;6
1613;97;89;1;land;false;plains;6
1614;34;94;1;land;false;plains;6
1615;247;107;1;land;false;plains;6
1616;199;87;1;land;false;urban;6
1617;221;92;1;land;false;plains;6
1618;207;87;1;land;false;plains;6
1619;243;75;1;land;false;plains;6
1620;214;77;1;land;false;urban;6
1621;226;76;1;land;false;urban;6
1622;36;135;1;land;false;forest;6
1623;23;144;1;land;false;urban;6
1624;39;210;1;land;false;forest;6
1625;29;185;1;land;false;urban;6
1626;6;177;1;land;false;forest;6
1627;17;157;1;land;false;urban;6
1628;35;194;1;land;false;forest;6
1629;46;142;1;land;false;plains;6
1630;3;144;1;land;false;forest;6
1631;7;191;1;land;false;urban;6
1632;39;168;1;land;false;forest;6
1633;19;171;1;land;false;urban;6
1634;218;234;1;land;false;plains;1
1635;235;247;1;land;false;plains;1
1636;189;234;1;land;false;plains;1
1637;46;195;1;land;false;urban;6
1638;51;154;1;land;false;urban;6
1639;51;202;1;land;true;forest;6
1640;28;221;1;land;false;forest;6
1641;34;210;1;land;false;forest;6
1642;69;229;1;land;true;urban;6
1643;37;169;1;land;true;forest;6
1644;34;158;1;land;false;urban;6
1645;53;220;1;land;false;forest;6
1646;83;227;1;land;false;urban;6
1647;40;70;1;land;false;urban;6
1648;43;54;1;land;false;urban;6
1649;26;95;1;land;false;forest;6
1650;38;67;1;land;false;plains;6
1651;38;72;1;land;false;forest;6
1652;148;47;1;land;false;forest;6
1653;184;67;1;land;false;plains;6
1654;222;19;1;land;false;plains;6
1655;150;43;1;land;false;plains;6
1656;177;57;1;land;false;forest;6
1657;205;70;1;land;false;plains;6
1658;204;23;1;land;false;forest;6
1659;150;67;1;land;false;urban;6
1660;146;20;1;land;false;plains;6
1661;190;61;1;land;false;forest;6
1662;173;51;1;land;false;forest;6
1663;141;151;1;land;false;urban;6
1664;76;119;1;land;false;plains;6
1665;108;161;1;land;false;urban;6
1666;72;159;1;land;false;urban;6
1667;143;116;1;land;false;urban;6
1668;115;153;1;land;false;plains;6
1669;143;159;1;land;false;urban;6
1670;121;136;1;land;false;urban;6
1671;70;182;1;land;false;urban;6
1672;140;143;1;land;false;plains;6
1673;125;165;1;land;false;urban;6
1674;49;3;1;land;false;urban;6
1675;31;13;1;land;false;forest;6
1676;28;8;1;land;false;urban;6
1677;44;33;1;land;false;urban;6
1678;9;17;1;land;false;urban;6
1679;17;36;1;land;false;urban;6
1680;26;7;1;land;false;urban;6
1681;48;18;1;land;false;forest;6
1682;22;16;1;land;false;forest;6
1683;4;36;1;land;false;forest;6
1684;101;42;1;land;false;plains;6
1685;111;21;1;land;false;plains;6
1686;93;26;1;land;false;plains;6
1687;139;34;1;land;false;plains;6
1688;86;28;1;land;false;plains;6
1689;109;24;1;land;false;urban;6
1690;126;7;1;land;false;plains;6
1691;95;24;1;land;false;plains;6
1692;90;3;1;land;false;plains;6
1693;88;15;1;land;false;plains;6
1694;129;13;1;land;false;plains;6
1695;93;33;1;land;false;plains;6
1696;124;15;1;land;false;plains;6
1697;233;229;1;land;false;forest;6
1698;176;191;1;land;false;forest;6
1699;172;254;1;land;false;forest;6
1700;193;209;1;land;false;forest;6
1701;228;247;1;land;false;forest;6
1702;227;249;1;land;false;forest;6
1703;195;201;1;land;false;urban;6
1704;197;214;1;land;false;forest;6
1705;186;234;1;land;false;forest;6
1706;220;231;1;land;false;urban;6
1707;74;166;1;land;true;urban;1
1708;46;179;1;land;false;forest;1
1709;32;178;1;land;false;urban;1
1710;32;205;1;land;false;plains;1
1711;36;177;1;land;false;forest;1
1712;1;185;1;land;false;forest;1
1713;40;138;1;land;false;forest;1
1714;64;193;1;land;false;urban;1
1715;33;158;1;land;false;forest;1
1716;0;165;1;land;false;forest;1
1717;49;211;1;land;false;forest;1
1718;22;134;1;land;true;forest;1
1719;190;4;1;land;false;plains;6
1720;245;1;1;land;false;plains;6
1721;197;62;1;land;false;urban;6
1722;198;16;1;land;false;plains;6
1723;215;32;1;land;false;plains;6
1724;235;10;1;land;false;plains;6
1725;246;52;1;land;false;plains;6
1726;252;2;1;land;false;urban;6
1727;223;8;1;land;false;forest;6
1728;72;7;1;land;false;urban;6
1729;45;17;1;land;false;forest;6
1730;69;13;1;land;false;forest;6
1731;171;4;1;land;false;urban;6
1732;124;45;1;land;false;forest;6
1733;184;30;1;land;false;urban;6
1734;120;12;1;land;false;urban;6
1735;152;17;1;land;false;plains;6
1736;180;39;1;land;false;urban;6
1737;176;141;1;land;false;forest;6
1738;153;117;1;land;false;forest;6
1739;140;161;1;land;false;forest;6
1740;130;117;1;land;false;urban;6
1741;123;100;1;land;false;forest;6
1742;184;98;1;land;false;urban;6
1743;134;134;1;land;false;forest;6
1744;207;75;1;land;false;forest;6
1745;209;134;1;land;false;forest;6
1746;214;97;1;land;false;forest;6
1747;233;65;1;land;false;forest;6
1748;38;35;1;land;false;plains;6
1749;41;40;1;land;false;plains;6
1750;5;12;1;land;false;plains;6
1751;11;71;1;land;false;plains;6
1752;0;18;1;land;false;urban;6
1753;33;15;1;land;false;plains;6
1754;54;23;1;land;false;jungle;6
1755;69;66;1;land;false;plains;6
1756;40;47;1;land;false;urban;6
1757;63;64;1;land;false;forest;6
1758;23;7;1;land;false;plains;6
1759;36;10;1;land;false;plains;6
1760;47;39;1;land;false;plains;6
1761;1;63;1;land;false;urban;6
1762;68;7;1;land;false;plains;6
1763;72;37;1;land;false;urban;6
1764;45;29;1;land;false;urban;6
1765;8;52;1;land;false;plains;6
1766;237;17;1;land;false;plains;1
1767;222;31;1;land;false;plains;1
1768;220;25;1;land;false;urban;1
1769;191;5;1;land;false;plains;1
1770;201;30;1;land;false;urban;1
1771;191;35;1;land;false;urban;1
1772;212;27;1;land;false;plains;1
1773;77;10;1;land;false;plains;6
1774;34;33;1;land;false;plains;6
1775;80;40;1;land;false;urban;6
1776;87;27;1;land;false;plains;6
1777;44;17;1;land;false;plains;6
1778;252;157;1;land;false;forest;6
1779;189;137;1;land;false;forest;6
1780;195;105;1;land;false;forest;6
1781;205;115;1;land;false;urban;6
1782;170;198;1;land;false;forest;6
1783;161;210;1;land;false;urban;6
1784;184;235;1;land;false;plains;6
1785;196;179;1;land;false;urban;6
1786;203;208;1;land;false;plains;6
1787;154;207;1;land;false;plains;6
1788;153;233;1;land;false;plains;6
1789;186;204;1;land;false;urban;6
1790;140;237;1;land;false;urban;6
1791;138;253;1;land;false;urban;6
1792;147;183;1;land;false;urban;6
1793;215;190;1;land;false;plains;6
1794;215;169;1;land;false;plains;6
1795;243;203;1;land;false;plains;6
1796;218;224;1;land;false;urban;6
1797;240;172;1;land;false;plains;6
1798;233;174;1;land;false;plains;6
1799;234;172;1;land;false;plains;6
1800;241;208;1;land;false;plains;6
1801;210;162;1;land;false;plains;6
1802;90;46;1;land;false;urban;6
1803;113;76;1;land;false;plains;6
1804;119;59;1;land;false;plains;6
1805;48;36;1;land;false;forest;6
1806;93;81;1;land;false;urban;6
1807;69;58;1;land;false;urban;6
1808;100;73;1;land;false;plains;6
1809;142;60;1;land;false;plains;6
1810;174;13;1;land;false;plains;6
1811;181;47;1;land;false;plains;6
1812;146;9;1;land;false;forest;6
1813;166;5;1;land;false;forest;6
1814;179;113;1;land;false;plains;6
1815;176;158;1;land;false;plains;6
1816;203;116;1;land;false;plains;6
1817;164;123;1;land;false;plains;6
1818;167;159;1;land;false;plains;6
1819;205;173;1;land;false;plains;6
1820;170;114;1;land;false;plains;6
1821;196;111;1;land;false;plains;6
1822;182;117;1;land;false;plains;6
1823;59;185;1;land;false;urban;6
1824;83;194;1;land;false;forest;6
1825;205;47;1;land;true;plains;6
1826;245;7;1;land;true;plains;6
1827;249;6;1;land;false;plains;6
1828;241;28;1;land;false;urban;6
1829;225;17;1;land;true;plains;6
1830;198;29;1;land;true;plains;6
1831;180;111;1;land;false;plains;6
1832;185;159;1;land;false;forest;6
1833;171;132;1;land;false;plains;6
1834;143;118;1;land;false;forest;6
1835;142;154;1;land;false;plains;6
1836;199;125;1;land;false;forest;6
1837;183;169;1;land;false;plains;6
1838;154;168;1;land;false;forest;6
1839;139;148;1;land;false;forest;6
1840;140;153;1;land;false;forest;6
1841;153;162;1;land;false;plains;6
1842;193;108;1;land;false;plains;6
1843;192;129;1;land;false;plains;6
1844;154;129;1;land;false;plains;6
1845;206;115;1;land;false;forest;6
1846;159;115;1;land;false;plains;6
1847;136;121;1;land;false;plains;6
1848;112;229;1;land;true;forest;1
1849;96;170;1;land;true;forest;1
1850;140;165;1;land;true;forest;1
1851;97;183;1;land;true;plains;1
1852;146;225;1;land;true;forest;1
1853;96;169;1;land;true;forest;1
1854;155;217;1;land;true;forest;1
1855;145;91;1;land;true;forest;1
1856;218;88;1;land;false;plains;1
1857;194;59;1;land;false;urban;1
1858;69;91;1;land;false;plains;6
1859;44;85;1;land;false;plains;6
1860;38;51;1;land;false;plains;6
1861;3;46;1;land;true;plains;6
1862;37;58;1;land;false;plains;6
1863;8;50;1;land;false;plains;6
1864;0;32;1;land;false;forest;6
1865;3;44;1;land;false;forest;6
1866;4;48;1;land;false;forest;6
1867;26;86;1;land;false;plains;6
1868;24;31;1;land;false;plains;6
1869;16;21;1;land;false;plains;6
1870;68;64;1;land;true;plains;6
1871;44;81;1;land;false;forest;6
1872;2;84;1;land;false;plains;6
1873;2;95;1;land;false;plains;6
1874;69;78;1;land;false;plains;6
1875;29;136;1;land;false;plains;6
1876;30;143;1;land;false;plains;6
1877;48;188;1;land;false;plains;6
1878;57;138;1;land;false;plains;6
1879;64;149;1;land;false;forest;6
1880;4;197;1;land;false;plains;6
1881;119;81;1;land;false;plains;6
1882;64;74;1;land;false;urban;6
1883;77;31;1;land;false;urban;6
1884;58;73;1;land;false;plains;6
1885;231;141;1;land;false;plains;6
1886;214;147;1;land;false;plains;6
1887;243;157;1;land;false;plains;6
1888;241;137;1;land;false;plains;6
1889;104;9;1;land;false;plains;6
1890;141;35;1;land;false;plains;6
1891;84;22;1;land;false;plains;6
1892;88;65;1;land;false;plains;6
1893;127;9;1;land;false;plains;6
1894;89;55;1;land;false;plains;6
1895;190;17;1;land;false;plains;6
1896;197;39;1;land;false;plains;6
1897;234;2;1;land;false;plains;6
1898;177;98;1;land;false;forest;1
1899;172;131;1;land;false;jungle;1
1900;140;87;1;land;false;forest;1
1901;246;210;1;land;false;urban;6
1902;180;192;1;land;false;urban;6
1903;192;236;1;land;false;urban;6
1904;233;208;1;land;false;plains;6
1905;190;208;1;land;false;plains;6
1906;229;234;1;land;false;plains;6
1907;174;253;1;land;false;plains;6
1908;214;227;1;land;false;plains;6
1909;105;70;1;land;false;urban;6
1910;102;23;1;land;false;plains;6
1911;165;82;1;land;false;urban;6
1912;138;27;1;land;false;forest;6
1913;146;40;1;land;false;urban;6
1914;149;100;1;land;false;plains;6
1915;163;35;1;land;false;plains;6
1916;115;46;1;land;false;plains;6
1917;164;71;1;land;false;urban;6
1918;133;24;1;land;false;plains;6
1919;61;173;1;land;false;urban;1
1920;44;109;1;land;false;urban;1
1921;32;173;1;land;false;forest;1
1922;69;153;1;land;false;urban;1
1923;78;126;1;land;false;urban;1
1924;3;131;1;land;false;urban;1
1925;65;166;1;land;false;forest;1
1926;13;102;1;land;false;forest;1
1927;23;139;1;land;false;urban;1
1928;125;72;1;land;false;plains;6
1929;106;99;1;land;false;plains;6
1930;80;93;1;land;true;plains;6
1931;112;146;1;land;false;forest;6
1932;141;126;1;land;false;plains;6
1933;94;138;1;land;false;plains;6
1934;74;108;1;land;true;forest;6
1935;168;82;1;land;false;plains;6
1936;112;174;1;land;false;plains;6
1937;67;190;1;land;false;plains;6
1938;70;168;1;land;false;plains;6
1939;116;164;1;land;false;plains;6
1940;57;210;1;land;false;plains;6
1941;128;149;1;land;false;plains;6
1942;63;172;1;land;false;plains;6
1943;112;213;1;land;false;desert;6
1944;125;219;1;land;false;plains;6
1945;81;201;1;land;false;plains;6
1946;58;216;1;land;false;plains;6
1947;106;188;1;land;false;plains;6
1948;100;195;1;land;false;plains;6
1949;106;220;1;land;false;plains;6
1950;96;177;1;land;false;plains;6
1951;217;92;1;land;true;urban;1
1952;239;94;1;land;false;urban;1
1953;224;111;1;land;false;plains;1
1954;237;92;1;land;true;urban;1
1955;210;98;1;land;false;urban;1
1956;66;144;1;land;true;forest;6
1957;62;159;1;land;true;forest;6
1958;39;137;1;land;false;forest;6
1959;73;197;1;land;false;forest;6
1960;73;184;1;land;false;urban;6
1961;75;210;1;land;false;forest;6
1962;219;28;1;land;false;plains;6
1963;201;17;1;land;false;plains;6
1964;210;24;1;land;false;plains;6
1965;210;40;1;land;false;plains;6
1966;250;41;1;land;false;plains;6
1967;224;32;1;land;false;plains;6
1968;71;120;1;land;true;forest;1
1969;105;138;1;land;false;urban;1
1970;69;118;1;land;true;plains;1
1971;103;174;1;land;true;forest;1
1972;54;170;1;land;false;urban;1
1973;253;132;1;land;true;plains;6
1974;254;110;1;land;true;plains;6
1975;242;86;1;land;true;urban;6
1976;236;148;1;land;false;plains;6
1977;36;74;1;land;true;plains;6
1978;38;43;1;land;true;plains;6
1979;10;67;1;land;true;plains;6
1980;30;38;1;land;true;plains;6
1981;60;49;1;land;false;urban;6
1982;12;31;1;land;false;urban;6
1983;32;41;1;land;false;jungle;6
1984;42;42;1;land;false;forest;6
1985;55;35;1;land;false;urban;6
1986;1;31;1;land;false;jungle;6
1987;52;31;1;land;false;forest;6
1988;38;66;1;land;false;urban;6
1989;171;241;1;land;false;urban;6
1990;156;197;1;land;false;urban;6
1991;189;226;1;land;false;plains;6
1992;156;245;1;land;false;forest;6
1993;144;210;1;land;false;plains;6
1994;126;224;1;land;false;forest;6
1995;186;193;1;land;false;urban;6
1996;120;242;1;land;false;plains;6
1997;181;219;1;land;false;urban;6
1998;143;247;1;land;false;plains;6
1999;157;231;1;land;false;urban;6
2000;179;180;1;land;false;urban;6
2001;174;222;1;land;false;forest;6
2002;173;146;1;land;false;urban;6
2003;194;130;1;land;false;forest;6
2004;169;138;1;land;false;urban;6
2005;156;124;1;land;false;forest;6
2006;147;138;1;land;false;forest;6
2007;192;103;1;land;false;forest;6
2008;135;162;1;land;false;forest;6
2009;158;134;1;land;false;forest;6
2010;177;251;1;land;false;forest;6
2011;182;254;1;land;false;forest;6
2012;180;217;1;land;false;forest;6
2013;192;213;1;land;false;urban;6
2014;178;251;1;land;false;forest;6
2015;198;213;1;land;false;urban;6
2016;184;213;1;land;false;urban;6
2017;161;250;1;land;false;forest;6
2018;156;222;1;land;false;forest;6
2019;195;228;1;land;false;urban;6
2020;190;253;1;land;false;forest;6
2021;201;218;1;land;false;urban;6
2022;207;245;1;land;false;forest;6
2023;169;206;1;land;false;forest;6
2024;143;213;1;land;false;urban;6
2025;213;233;1;land;false;forest;6
2026;157;220;1;land;false;urban;6
2027;33;32;1;land;false;forest;6
2028;66;13;1;land;false;urban;6
2029;85;11;1;land;false;forest;6
2030;16;20;1;land;false;forest;6
2031;93;11;1;land;false;forest;6
2032;54;5;1;land;false;forest;6
2033;85;20;1;land;false;forest;6
2034;46;10;1;land;false;forest;6
2035;73;9;1;land;false;urban;6
2036;24;17;1;land;false;forest;6
2037;81;12;1;land;false;forest;6
2038;28;33;1;land;false;forest;6
2039;71;17;1;land;false;plains;6
2040;69;33;1;land;false;urban;6
2041;59;20;1;land;false;forest;6
2042;42;14;1;land;false;forest;6
2043;33;0;1;land;false;plains;6
2044;41;13;1;land;false;forest;6
2045;182;142;1;land;false;plains;1
2046;224;86;1;land;false;forest;1
2047;249;101;1;land;false;plains;1
2048;49;95;1;land;false;forest;6
2049;22;29;1;land;false;plains;6
2050;44;59;1;land;false;plains;6
2051;77;42;1;land;false;urban;6
2052;47;88;1;land;false;forest;6
2053;80;87;1;land;false;plains;6
2054;61;49;1;land;false;plains;6
2055;119;124;1;land;false;plains;6
2056;125;135;1;land;false;plains;6
2057;144;121;1;land;false;plains;6
2058;117;89;1;land;false;plains;6
2059;93;138;1;land;true;plains;6
2060;124;145;1;land;true;plains;6
2061;155;115;1;land;false;plains;6
2062;147;132;1;land;false;plains;6
2063;148;80;1;land;true;plains;6
2064;148;104;1;land;true;urban;6
2065;116;98;1;land;true;plains;6
2066;124;92;1;land;false;plains;6
2067;129;105;1;land;false;plains;6
2068;194;42;1;land;false;forest;1
2069;225;45;1;land;false;plains;1
2070;165;45;1;land;false;plains;1
2071;231;98;1;land;false;forest;1
2072;217;83;1;land;false;forest;1
2073;196;51;1;land;false;urban;1
2074;79;75;1;land;false;plains;1
2075;62;82;1;land;false;plains;1
2076;85;111;1;land;false;plains;1
2077;37;79;1;land;false;urban;1
2078;69;95;1;land;false;urban;1
2079;64;66;1;land;false;plains;1
2080;20;52;1;land;false;urban;1
2081;145;41;1;land;false;urban;6
2082;154;41;1;land;false;urban;6
2083;118;35;1;land;false;forest;6
2084;102;63;1;land;false;urban;6
2085;139;52;1;land;false;forest;6
2086;104;70;1;land;false;plains;6
2087;103;83;1;land;false;forest;6
2088;97;56;1;land;false;urban;6
2089;107;37;1;land;false;forest;6
2090;78;65;1;land;false;urban;6
2091;242;46;1;land;false;forest;6
2092;248;68;1;land;true;forest;6
2093;246;15;1;land;true;forest;6
2094;203;64;1;land;false;forest;6
2095;226;65;1;land;false;forest;6
2096;244;89;1;land;true;urban;6
2097;252;28;1;land;true;forest;6
2098;185;34;1;land;true;forest;6
2099;226;56;1;land;false;forest;6
2100;183;39;1;land;false;forest;6
2101;236;68;1;land;true;forest;6
2102;225;29;1;land;false;forest;6
2103;66;24;1;land;false;plains;6
2104;70;37;1;land;false;forest;6
2105;64;45;1;land;false;plains;6
2106;1;34;1;land;false;plains;6
2107;36;60;1;land;false;plains;6
2108;26;2;1;land;false;forest;6
2109;45;11;1;land;false;forest;6
2110;54;54;1;land;false;plains;6
2111;0;56;1;land;false;forest;6
2112;27;1;1;land;false;plains;6
2113;6;57;1;land;false;plains;6
2114;27;35;1;land;false;forest;6
2115;62;49;1;land;false;plains;6
2116;48;56;1;land;false;plains;6
2117;13;18;1;land;false;plains;6
2118;21;0;1;land;false;plains;6
2119;39;46;1;land;false;forest;6
2120;175;63;1;land;false;urban;6
2121;155;2;1;land;false;plains;6
2122;105;1;1;land;false;plains;6
2123;147;51;1;land;false;urban;6
2124;129;95;1;land;false;urban;6
2125;109;123;1;land;false;urban;6
2126;84;100;1;land;false;plains;6
2127;131;90;1;land;false;urban;6
2128;102;111;1;land;false;plains;6
2129;133;169;1;land;false;plains;6
2130;86;145;1;land;false;plains;6
2131;105;165;1;land;false;plains;6
2132;157;164;1;land;false;plains;6
2133;123;134;1;land;false;plains;6
2134;87;135;1;land;false;plains;6
2135;151;104;1;land;false;urban;6
2136;98;145;1;land;false;urban;6
2137;107;113;1;land;false;plains;6
2138;158;155;1;land;false;plains;6
2139;97;98;1;land;false;plains;6
2140;141;127;1;land;false;urban;6
2141;96;146;1;land;false;plains;6
2142;106;166;1;land;false;urban;6
2143;126;125;1;land;false;plains;6
2144;219;226;1;land;false;urban;6
2145;253;239;1;land;false;plains;6
2146;215;242;1;land;false;urban;6
2147;253;246;1;land;false;plains;6
2148;202;252;1;land;false;plains;6
2149;156;79;1;land;false;plains;6
2150;186;21;1;land;true;plains;6
2151;159;92;1;land;false;plains;6
2152;156;78;1;land;false;plains;6
2153;205;86;1;land;false;urban;6
2154;170;37;1;land;false;urban;6
2155;204;44;1;land;false;plains;6
2156;182;216;1;land;false;plains;6
2157;192;223;1;land;false;plains;6
2158;190;163;1;land;false;forest;6
2159;207;93;1;land;false;forest;6
2160;165;106;1;land;false;forest;6
2161;156;87;1;land;false;forest;6
2162;133;126;1;land;false;forest;6
2163;210;109;1;land;false;forest;6
2164;174;115;1;land;false;urban;6
2165;154;97;1;land;false;plains;6
2166;207;101;1;land;false;forest;6
2167;198;102;1;land;false;forest;6
2168;174;111;1;land;false;urban;6
2169;185;91;1;land;false;urban;6
2170;137;142;1;land;false;forest;6
2171;33;110;1;land;true;plains;6
2172;49;111;1;land;true;urban;6
2173;66;150;1;land;false;plains;6
2174;56;165;1;land;false;forest;6
2175;16;158;1;land;false;forest;6
2176;8;193;1;land;false;forest;6
2177;68;200;1;land;false;urban;6
2178;15;176;1;land;false;forest;6
2179;40;208;1;land;false;plains;6
2180;15;151;1;land;false;urban;6
2181;33;204;1;land;false;urban;6
2182;5;155;1;land;false;forest;6
2183;13;182;1;land;false;forest;6
2184;32;149;1;land;false;forest;6
2185;23;166;1;land;false;forest;6
2186;7;163;1;land;false;urban;6
2187;5;177;1;land;false;forest;6
2188;1;178;1;land;false;forest;6
2189;11;161;1;land;false;urban;6
2190;16;185;1;land;false;plains;6
2191;14;176;1;land;false;urban;6
2192;55;160;1;land;false;forest;6
2193;45;205;1;land;false;urban;6
2194;52;195;1;land;false;plains;6
2195;218;220;1;land;true;plains;6
2196;173;192;1;land;false;plains;6
2197;167;252;1;land;false;plains;6
2198;248;183;1;land;false;urban;6
2199;238;135;1;land;false;plains;6
2200;254;166;1;land;false;plains;6
2201;246;154;1;land;false;forest;6
2202;243;196;1;land;false;urban;6
2203;227;173;1;land;false;forest;6
2204;242;176;1;land;false;plains;6
2205;215;160;1;land;false;urban;6
2206;250;201;1;land;false;forest;6
2207;244;177;1;land;false;forest;6
2208;214;177;1;land;false;forest;6
2209;229;136;1;land;false;forest;6
2210;242;172;1;land;false;forest;6
2211;207;132;1;land;false;plains;6
2212;242;192;1;land;false;forest;6
2213;208;130;1;land;false;forest;6
2214;210;184;1;land;false;plains;6
2215;199;183;1;land;false;plains;6
2216;229;178;1;land;false;forest;6
2217;136;209;1;land;false;forest;6
2218;117;166;1;land;false;urban;6
2219;137;217;1;land;false;plains;6
2220;71;26;1;land;false;urban;6
2221;113;26;1;land;false;plains;6
2222;111;17;1;land;false;urban;6
2223;51;17;1;land;false;forest;6
2224;115;42;1;land;false;plains;6
2225;55;106;1;land;false;plains;1
2226;79;102;1;land;false;plains;1
2227;48;135;1;land;false;plains;1
2228;40;145;1;land;false;plains;1
2229;104;97;1;land;false;plains;1
2230;77;138;1;land;false;plains;1
2231;73;138;1;land;false;plains;1
2232;84;103;1;land;false;plains;1
2233;57;119;1;land;false;forest;1
2234;76;106;1;land;false;plains;1
2235;19;7;1;land;false;urban;6
2236;2;1;1;land;false;urban;6
2237;16;27;1;land;false;forest;6
2238;38;11;1;land;false;forest;6
2239;18;29;1;land;false;forest;6
2240;90;137;1;land;false;urban;6
2241;84;141;1;land;false;forest;6
2242;123;144;1;land;false;urban;6
2243;71;234;1;land;false;forest;6
2244;22;239;1;land;false;plains;6
2245;47;237;1;land;false;plains;6
2246;118;27;1;land;false;urban;1
2247;93;50;1;land;false;urban;1
2248;99;46;1;land;false;forest;1
2249;84;10;1;land;false;plains;1
2250;84;4;1;land;false;forest;1
2251;127;17;1;land;false;urban;1
2252;83;31;1;land;false;urban;1
2253;76;37;1;land;false;forest;1
2254;56;33;1;land;false;forest;1
2255;108;9;1;land;false;urban;1
2256;73;33;1;land;false;plains;1
2257;130;43;1;land;false;forest;1
2258;64;50;1;land;false;plains;1
2259;118;11;1;land;false;forest;1
2260;66;8;1;land;false;urban;1
2261;119;0;1;land;false;forest;1
2262;30;150;1;land;false;forest;6
2263;21;131;1;land;false;forest;6
2264;51;175;1;land;false;forest;6
2265;6;144;1;land;false;plains;6
2266;26;191;1;land;false;plains;6
2267;58;144;1;land;false;plains;6
2268;5;150;1;land;false;forest;6
2269;0;180;1;land;false;plains;6
2270;49;133;1;land;false;forest;6
2271;23;132;1;land;false;forest;6
2272;58;174;1;land;false;forest;6
2273;1;190;1;land;false;forest;6
2274;148;217;1;land;false;plains;6
2275;121;232;1;land;false;urban;6
2276;175;226;1;land;false;plains;6
2277;170;254;1;land;false;plains;6
2278;77;153;1;land;false;urban;6
2279;103;120;1;land;false;urban;6
2280;110;126;1;land;false;plains;6
2281;66;92;1;land;false;forest;6
2282;110;95;1;land;false;forest;6
2283;89;138;1;land;true;plains;6
2284;116;119;1;land;false;urban;6
2285;103;136;1;land;true;plains;6
2286;91;129;1;land;false;urban;6
2287;154;103;1;land;false;plains;6
2288;145;132;1;land;true;urban;6
2289;134;89;1;land;false;urban;6
2290;114;96;1;land;true;plains;6
2291;104;142;1;land;true;urban;6
2292;9;220;1;land;false;urban;1
2293;0;249;1;land;true;forest;1
2294;20;225;1;land;true;urban;1
2295;17;215;1;land;false;forest;1
2296;13;210;1;land;true;forest;1
2297;32;234;1;land;false;forest;1
2298;2;251;1;land;true;urban;1
2299;119;82;1;land;false;forest;6
2300;141;52;1;land;false;forest;6
2301;137;15;1;land;false;forest;6
2302;168;84;1;land;false;urban;6
2303;144;69;1;land;false;forest;6
2304;129;16;1;land;false;forest;6
2305;161;25;1;land;false;forest;6
2306;140;72;1;land;false;forest;6
2307;182;68;1;land;false;forest;6
2308;162;177;1;land;false;urban;6
2309;152;192;1;land;false;urban;6
2310;169;200;1;land;true;plains;6
2311;129;234;1;land;false;plains;6
2312;97;198;1;land;true;plains;6
2313;167;232;1;land;true;plains;6
2314;122;212;1;land;false;urban;6
2315;139;167;1;land;false;forest;6
2316;187;52;1;land;false;urban;6
2317;199;157;1;land;true;plains;6
2318;193;128;1;land;false;plains;6
2319;115;199;1;land;false;plains;1
2320;116;218;1;land;false;urban;1
2321;68;236;1;land;false;plains;1
2322;114;205;1;land;false;urban;1
2323;201;191;1;land;true;plains;6
2324;200;189;1;land;false;urban;6
2325;189;158;1;land;true;plains;6
2326;238;155;1;land;false;plains;6
2327;202;184;1;land;false;plains;6
2328;230;194;1;land;false;plains;6
2329;236;195;1;land;true;plains;6
2330;199;198;1;land;false;plains;6
2331;243;173;1;land;true;plains;6
2332;229;144;1;land;false;plains;6
2333;223;157;1;land;true;plains;6
2334;248;174;1;land;true;plains;6
2335;200;146;1;land;false;plains;6
2336;186;125;1;land;false;urban;6
2337;253;140;1;land;true;plains;6
2338;236;140;1;land;false;plains;6
2339;206;203;1;land;true;plains;6
2340;141;62;1;land;false;forest;6
2341;129;8;1;land;false;urban;6
2342;157;34;1;land;false;urban;6
2343;113;61;1;land;false;urban;6
2344;133;50;1;land;false;forest;6
2345;40;188;1;land;false;urban;6
2346;25;176;1;land;false;plains;6
2347;29;119;1;land;false;plains;6
2348;41;131;1;land;false;urban;6
2349;50;190;1;land;false;plains;6
2350;43;118;1;land;false;plains;6
2351;17;133;1;land;false;urban;6
2352;11;157;1;land;false;plains;6
2353;21;195;1;land;false;plains;6
2354;5;166;1;land;false;plains;6
2355;42;197;1;land;false;urban;6
2356;17;140;1;land;false;plains;6
2357;52;214;1;land;false;urban;6
2358;69;227;1;land;false;forest;6
2359;21;222;1;land;false;forest;6
2360;75;242;1;land;false;urban;6
2361;28;229;1;land;false;forest;6
2362;153;99;1;land;false;forest;6
2363;166;104;1;land;false;forest;6
2364;95;170;1;land;false;forest;6
2365;161;161;1;land;false;forest;6
2366;98;104;1;land;true;urban;6
2367;128;160;1;land;false;forest;6
2368;139;147;1;land;false;plains;6
2369;8;98;1;land;false;forest;6
2370;9;74;1;land;false;forest;6
2371;10;117;1;land;false;plains;6
2372;45;64;1;land;false;urban;6
2373;22;56;1;land;false;urban;6
2374;42;108;1;land;false;urban;6
2375;0;124;1;land;false;forest;6
2376;38;124;1;land;false;forest;6
2377;8;89;1;land;false;forest;6
2378;15;50;1;land;false;forest;6
2379;12;126;1;land;false;urban;6
2380;14;74;1;land;false;forest;6
2381;17;73;1;land;false;forest;6
2382;178;232;1;land;false;forest;6
2383;119;197;1;land;false;forest;6
2384;125;216;1;land;false;urban;6
2385;134;194;1;land;false;forest;6
2386;119;234;1;land;false;forest;6
2387;135;198;1;land;false;forest;6
2388;164;223;1;land;false;forest;6
2389;179;248;1;land;false;forest;6
2390;181;245;1;land;false;forest;6
2391;41;153;1;land;false;urban;6
2392;4;220;1;land;false;urban;6
2393;53;173;1;land;false;urban;6
2394;59;204;1;land;false;plains;6
2395;44;196;1;land;false;plains;6
2396;13;213;1;land;false;plains;6
2397;55;207;1;land;false;plains;6
2398;119;73;1;land;false;forest;6
2399;81;30;1;land;false;forest;6
2400;130;69;1;land;false;plains;6
2401;114;180;1;land;false;urban;1
2402;48;161;1;land;false;forest;1
2403;104;182;1;land;false;urban;1
2404;216;162;1;land;false;plains;6
2405;241;189;1;land;false;urban;6
2406;229;143;1;land;false;plains;6
2407;222;200;1;land;false;urban;6
2408;225;187;1;land;false;plains;6
2409;217;135;1;land;false;plains;6
2410;43;236;1;land;false;plains;6
2411;36;254;1;land;false;plains;6
2412;36;247;1;land;false;urban;6
2413;11;218;1;land;false;urban;6
2414;51;215;1;land;false;plains;6
2415;72;235;1;land;false;plains;6
2416;58;213;1;land;false;plains;6
2417;39;222;1;land;false;urban;6
2418;108;200;1;land;false;plains;6
2419;58;184;1;land;false;urban;6
2420;109;175;1;land;false;urban;6
2421;80;214;1;land;false;urban;6
2422;104;204;1;land;false;urban;6
2423;81;209;1;land;false;urban;6
2424;63;216;1;land;false;forest;6
2425;104;169;1;land;false;plains;6
2426;43;204;1;land;false;plains;6
2427;53;231;1;land;false;plains;6
2428;80;210;1;land;false;plains;6
2429;75;182;1;land;false;forest;6
2430;63;187;1;land;false;plains;6
2431;94;224;1;land;false;urban;6
2432;57;183;1;land;false;plains;6
2433;62;175;1;land;false;plains;6
2434;65;169;1;land;false;urban;6
2435;84;174;1;land;false;plains;6
2436;49;163;1;land;false;plains;6
2437;44;216;1;land;false;forest;6
2438;159;229;1;land;true;plains;6
2439;154;200;1;land;true;plains;6
2440;128;213;1;land;false;plains;6
2441;108;158;1;land;false;urban;6
2442;146;158;1;land;false;plains;6
2443;92;198;1;land;true;urban;6
2444;163;216;1;land;false;urban;6
2445;114;230;1;land;true;plains;6
2446;141;184;1;land;true;plains;6
2447;113;156;1;land;false;plains;6
2448;136;217;1;land;false;plains;6
2449;62;210;1;land;false;plains;6
2450;10;211;1;land;false;plains;6
2451;25;194;1;land;false;plains;6
2452;27;197;1;land;false;plains;6
2453;8;155;1;land;false;plains;6
2454;175;46;1;land;false;forest;6
2455;181;3;1;land;false;forest;6
2456;132;47;1;land;false;forest;6
2457;126;39;1;land;false;forest;6
2458;150;16;1;land;false;forest;6
2459;152;4;1;land;false;forest;6
2460;180;41;1;land;false;forest;6
2461;160;23;1;land;false;forest;6
2462;191;48;1;land;false;forest;6
2463;160;4;1;land;false;forest;6
2464;112;155;1;land;true;plains;1
2465;51;211;1;land;false;forest;1
2466;64;147;1;land;false;urban;1
2467;70;209;1;land;false;plains;1
2468;91;202;1;land;true;urban;1
2469;68;149;1;land;false;plains;1
2470;56;216;1;land;false;urban;1
2471;83;216;1;land;false;urban;1
2472;82;200;1;land;false;forest;1
2473;38;128;1;land;false;forest;6
2474;96;160;1;land;false;urban;6
2475;70;139;1;land;false;urban;6
2476;22;145;1;land;false;urban;6
2477;29;181;1;land;false;forest;6
2478;94;168;1;land;false;forest;6
2479;18;159;1;land;false;jungle;6
2480;45;201;1;land;false;forest;6
2481;44;162;1;land;false;forest;6
2482;96;33;1;land;false;forest;6
2483;162;34;1;land;false;forest;6
2484;104;51;1;land;false;urban;6
2485;128;23;1;land;false;plains;6
2486;95;56;1;land;false;plains;6
2487;99;4;1;land;false;forest;6
2488;129;6;1;land;false;plains;6
2489;103;29;1;land;false;plains;6
2490;163;26;1;land;false;plains;6
2491;143;55;1;land;false;plains;6
2492;132;15;1;land;false;forest;6
2493;107;9;1;land;false;plains;6
2494;146;35;1;land;false;forest;6
2495;96;17;1;land;false;urban;6
2496;192;235;1;land;true;plains;6
2497;203;242;1;land;false;plains;6
2498;187;249;1;land;true;plains;6
2499;168;235;1;land;false;plains;6
2500;185;253;1;land;false;urban;6
2501;167;231;1;land;false;urban;6
2502;137;224;1;land;true;plains;6
2503;140;199;1;land;false;forest;6
2504;201;250;1;land;true;plains;6
2505;183;232;1;land;false;urban;6
2506;251;101;1;land;false;forest;6
2507;199;106;1;land;false;forest;6
2508;198;142;1;land;false;urban;6
2509;211;221;1;land;true;plains;6
2510;124;167;1;land;false;forest;6
2511;163;131;1;land;false;forest;6
2512;176;131;1;land;false;forest;6
2513;136;140;1;land;false;urban;6
2514;183;152;1;land;false;plains;6
2515;31;74;1;land;false;forest;1
2516;26;83;1;land;false;urban;1
2517;37;65;1;land;false;plains;1
2518;0;130;1;land;false;plains;1
2519;38;114;1;land;false;forest;1
2520;18;82;1;land;false;forest;1
2521;28;102;1;land;false;urban;1
2522;54;72;1;land;false;forest;1
2523;65;56;1;land;false;urban;1
2524;34;79;1;land;false;forest;1
2525;43;215;1;land;false;jungle;1
2526;22;214;1;land;false;forest;1
2527;36;237;1;land;false;plains;1
2528;43;207;1;land;false;forest;1
2529;22;207;1;land;false;plains;1
2530;102;93;1;land;false;plains;6
2531;52;50;1;land;false;plains;6
2532;62;101;1;land;false;urban;6
2533;72;113;1;land;false;plains;6
2534;61;187;1;land;false;forest;6
2535;87;195;1;land;false;plains;6
2536;95;209;1;land;false;plains;6
2537;74;169;1;land;false;plains;6
2538;87;181;1;land;false;forest;6
2539;137;162;1;land;false;plains;6
2540;66;186;1;land;false;forest;6
2541;138;194;1;land;false;forest;6
2542;88;164;1;land;false;urban;6
2543;94;164;1;land;false;forest;6
2544;1;70;1;land;false;urban;1
2545;36;63;1;land;false;forest;1
2546;2;43;1;land;false;urban;1
2547;9;143;1;land;false;plains;1
2548;15;192;1;land;false;urban;1
2549;3;194;1;land;false;plains;1
2550;34;178;1;land;false;urban;1
2551;32;198;1;land;false;forest;1
2552;4;192;1;land;false;plains;1
2553;13;184;1;land;false;forest;1
2554;22;193;1;land;false;plains;1
2555;6;172;1;land;false;urban;1
2556;10;145;1;land;false;plains;1
2557;30;178;1;land;false;plains;1
2558;172;216;1;land;false;urban;6
2559;172;186;1;land;false;forest;6
2560;189;185;1;land;false;urban;6
2561;133;194;1;land;false;urban;6
2562;186;171;1;land;false;urban;6
2563;155;183;1;land;false;urban;6
2564;153;173;1;land;false;forest;6
2565;184;171;1;land;false;urban;6
2566;200;219;1;land;false;plains;6
2567;135;219;1;land;false;urban;6
2568;158;232;1;land;false;urban;6
2569;204;196;1;land;false;forest;6
2570;30;146;1;land;false;plains;6
2571;19;163;1;land;false;plains;6
2572;29;144;1;land;false;urban;6
2573;21;182;1;land;false;urban;6
2574;37;185;1;land;false;urban;6
2575;33;166;1;land;false;plains;6
2576;24;128;1;land;false;urban;6
2577;33;175;1;land;false;plains;6
2578;16;132;1;land;false;urban;6
2579;26;185;1;land;false;plains;6
2580;22;127;1;land;false;plains;6
2581;28;165;1;land;false;urban;6
2582;12;127;1;land;false;plains;6
2583;19;124;1;land;false;urban;6
2584;2;118;1;land;false;plains;6
2585;3;157;1;land;false;plains;6
2586;68;113;1;land;false;urban;1
2587;42;124;1;land;false;urban;1
2588;22;71;1;land;true;plains;1
2589;26;126;1;land;true;plains;1
2590;24;71;1;land;true;plains;1
2591;145;135;1;land;true;plains;6
2592;108;165;1;land;true;urban;6
2593;148;109;1;land;false;urban;6
2594;109;128;1;land;false;urban;6
2595;195;151;1;land;false;plains;6
2596;201;127;1;land;false;plains;6
2597;168;155;1;land;false;plains;6
2598;208;160;1;land;false;plains;6
2599;213;108;1;land;false;plains;6
2600;161;111;1;land;false;plains;6
2601;154;158;1;land;false;plains;6
2602;161;98;1;land;false;plains;6
2603;220;101;1;land;false;plains;6
2604;209;93;1;land;false;plains;6
2605;153;84;1;land;false;plains;6
2606;192;100;1;land;false;plains;6
2607;154;112;1;land;false;plains;6
2608;156;135;1;land;false;plains;6
2609;194;187;1;land;false;urban;1
2610;148;242;1;land;false;urban;1
2611;171;233;1;land;false;forest;1
2612;126;219;1;land;true;forest;1
2613;199;212;1;land;true;urban;1
2614;187;231;1;land;false;forest;1
2615;73;27;1;land;true;urban;6
2616;74;41;1;land;false;urban;6
2617;72;0;1;land;true;plains;6
2618;95;4;1;land;false;plains;6
2619;54;34;1;land;false;plains;6
2620;94;41;1;land;false;forest;6
2621;99;12;1;land;false;forest;6
2622;73;23;1;land;false;forest;6
2623;93;34;1;land;true;urban;6
2624;42;2;1;land;true;plains;6
2625;72;31;1;land;false;plains;6
2626;106;9;1;land;true;forest;6
2627;107;27;1;land;false;plains;6
2628;85;24;1;land;false;forest;6
2629;39;15;1;land;false;plains;6
2630;14;95;1;land;false;forest;6
2631;72;93;1;land;false;forest;6
2632;48;129;1;land;false;forest;6
2633;62;127;1;land;false;urban;6
2634;65;112;1;land;false;plains;6
2635;17;120;1;land;false;plains;6
2636;75;65;1;land;false;forest;6
2637;60;114;1;land;false;forest;6
2638;55;84;1;land;false;forest;6
2639;33;130;1;land;false;urban;6
2640;212;94;1;land;false;urban;6
2641;169;31;1;land;false;plains;6
2642;141;94;1;land;false;urban;6
2643;171;38;1;land;false;urban;6
2644;80;53;1;land;false;plains;6
2645;98;79;1;land;false;forest;6
2646;122;76;1;land;false;forest;6
2647;128;86;1;land;false;plains;6
2648;86;101;1;land;false;forest;6
2649;70;92;1;land;false;plains;6
2650;91;117;1;land;false;plains;6
2651;102;84;1;land;false;forest;6
2652;79;112;1;land;false;forest;6
2653;116;53;1;land;false;plains;6
2654;53;56;1;land;false;plains;6
2655;76;124;1;land;false;forest;6
2656;114;118;1;land;false;plains;6
2657;100;157;1;land;false;forest;6
2658;75;200;1;land;false;plains;6
2659;84;182;1;land;false;plains;6
2660;75;192;1;land;false;urban;6
2661;98;181;1;land;false;forest;6
2662;84;220;1;land;false;forest;6
2663;77;152;1;land;false;forest;6
2664;87;151;1;land;false;urban;6
2665;99;187;1;land;false;plains;6
2666;38;191;1;land;false;urban;6
2667;131;175;1;land;false;plains;6
2668;135;234;1;land;true;plains;6
2669;193;232;1;land;false;plains;6
2670;167;234;1;land;true;plains;6
2671;133;162;1;land;false;plains;6
2672;202;223;1;land;false;plains;6
2673;187;211;1;land;true;plains;6
2674;180;216;1;land;false;plains;6
2675;162;188;1;land;false;plains;6
2676;137;232;1;land;false;plains;6
2677;167;178;1;land;false;plains;6
2678;143;227;1;land;false;plains;6
2679;131;207;1;land;false;plains;6
2680;176;209;1;land;false;plains;6
2681;163;161;1;land;false;plains;6
2682;135;74;1;land;true;plains;6
2683;165;59;1;land;false;urban;6
2684;137;71;1;land;false;urban;6
2685;147;35;1;land;false;plains;6
2686;169;67;1;land;false;plains;6
2687;129;14;1;land;true;plains;6
2688;23;189;1;land;false;plains;6
2689;68;146;1;land;false;urban;6
2690;44;147;1;land;false;plains;6
2691;32;194;1;land;false;forest;6
2692;59;163;1;land;false;urban;6
2693;222;124;1;land;false;forest;6
2694;228;108;1;land;false;forest;1
2695;235;106;1;land;false;forest;6
2696;250;105;1;land;false;forest;1
2697;236;178;1;land;false;forest;6
2698;230;116;1;land;false;forest;1
2699;219;160;1;land;false;forest;1
2700;222;157;1;land;false;forest;1
2701;155;31;1;land;false;plains;6
2702;159;41;1;land;false;plains;6
2703;162;15;1;land;false;plains;6
2704;167;2;1;land;false;plains;6
2705;134;1;1;land;false;plains;6
2706;158;21;1;land;false;plains;6
2707;128;0;1;land;false;plains;6
2708;168;7;1;land;false;plains;6
2709;171;22;1;land;false;forest;6
2710;163;30;1;land;false;forest;6
2711;210;84;1;land;false;urban;1
2712;240;59;1;land;false;forest;1
2713;236;95;1;land;false;forest;1
2714;92;32;1;land;false;forest;6
2715;106;74;1;land;false;urban;6
2716;137;35;1;land;false;urban;6
2717;122;16;1;land;false;forest;6
2718;106;66;1;land;false;urban;6
2719;123;73;1;land;false;urban;6
2720;119;23;1;land;false;forest;6
2721;104;64;1;land;false;forest;6
2722;120;5;1;land;false;urban;6
2723;11;40;1;land;false;plains;6
2724;2;70;1;land;false;urban;6
2725;37;43;1;land;false;urban;6
2726;50;70;1;land;false;plains;6
2727;37;72;1;land;false;urban;6
2728;37;77;1;land;false;forest;6
2729;7;56;1;land;false;urban;6
2730;0;153;1;land;false;plains;6
2731;46;137;1;land;false;forest;6
2732;36;173;1;land;false;forest;6
2733;14;138;1;land;false;forest;6
2734;14;202;1;land;false;forest;6
2735;45;134;1;land;false;forest;6
2736;32;164;1;land;false;forest;6
2737;5;141;1;land;false;forest;6
2738;17;169;1;land;false;forest;6
2739;0;206;1;land;false;plains;6
2740;49;162;1;land;false;forest;6
2741;41;189;1;land;false;forest;6
2742;19;201;1;land;false;forest;6
2743;15;205;1;land;false;forest;6
2744;47;140;1;land;false;forest;6
2745;15;67;1;land;false;urban;6
2746;37;70;1;land;false;plains;6
2747;49;62;1;land;false;urban;6
2748;42;133;1;land;false;plains;6
2749;198;167;1;land;false;urban;1
2750;196;109;1;land;false;forest;1
2751;218;141;1;land;false;urban;1
2752;204;132;1;land;false;forest;1
2753;237;94;1;land;false;forest;1
2754;77;199;1;land;false;forest;6
2755;143;164;1;land;false;forest;6
2756;132;198;1;land;false;urban;6
2757;74;209;1;land;false;urban;6
2758;131;227;1;land;false;forest;6
2759;248;67;1;land;false;urban;6
2760;247;61;1;land;false;urban;6
2761;220;44;1;land;false;plains;6
2762;228;46;1;land;false;urban;6
2763;222;105;1;land;false;urban;6
2764;243;91;1;land;false;plains;6
2765;250;79;1;land;false;forest;6
2766;240;95;1;land;false;urban;6
2767;247;90;1;land;false;urban;6
2768;232;40;1;land;false;plains;6
2769;240;77;1;land;false;urban;6
2770;230;181;1;land;false;plains;6
2771;189;172;1;land;false;forest;6
2772;190;168;1;land;false;forest;6
2773;226;161;1;land;false;urban;6
2774;131;161;1;land;false;plains;6
2775;126;195;1;land;false;plains;6
2776;127;212;1;land;false;plains;6
2777;109;152;1;land;false;urban;6
2778;99;202;1;land;false;plains;6
2779;74;183;1;land;false;plains;6
2780;100;156;1;land;false;forest;6
2781;44;150;1;land;false;urban;6
2782;41;103;1;land;false;plains;6
2783;37;86;1;land;false;plains;6
2784;40;159;1;land;false;urban;6
2785;33;120;1;land;false;forest;6
2786;102;126;1;land;false;plains;6
2787;80;124;1;land;false;plains;6
2788;44;156;1;land;false;urban;6
2789;103;126;1;land;false;urban;6
2790;57;151;1;land;false;forest;6
2791;78;32;1;land;false;plains;6
2792;123;38;1;land;false;plains;6
2793;142;7;1;land;false;plains;6
2794;124;35;1;land;false;urban;6
2795;134;38;1;land;false;plains;6
2796;212;155;1;land;false;plains;6
2797;243;129;1;land;false;plains;6
2798;221;157;1;land;false;urban;6
2799;205;161;1;land;false;urban;6
2800;162;57;1;land;true;urban;1
2801;162;64;1;land;false;urban;6
2802;200;67;1;land;false;plains;6
2803;125;110;1;land;false;plains;6
2804;114;65;1;land;true;forest;6
2805;36;79;1;land;false;plains;6
2806;65;75;1;land;false;plains;6
2807;43;81;1;land;false;plains;6
2808;124;99;1;land;false;plains;6
2809;77;116;1;land;false;plains;6
2810;126;76;1;land;false;plains;6
2811;87;117;1;land;false;plains;6
2812;86;126;1;land;false;urban;6
2813;71;112;1;land;false;urban;6
2814;133;51;1;land;false;forest;6
2815;60;93;1;land;false;urban;6
2816;120;52;1;land;false;plains;6
2817;110;108;1;land;false;plains;6
2818;237;200;1;land;false;forest;6
2819;250;164;1;land;false;urban;6
2820;213;187;1;land;false;urban;6
2821;209;192;1;land;false;urban;6
2822;205;175;1;land;false;urban;6
2823;206;200;1;land;false;plains;6
2824;233;220;1;land;false;forest;6
2825;201;192;1;land;false;forest;6
2826;246;167;1;land;false;urban;6
2827;202;145;1;land;false;urban;6
2828;242;154;1;land;false;forest;6
2829;227;153;1;land;false;forest;6
2830;240;194;1;land;false;forest;6
2831;209;146;1;land;false;urban;6
2832;218;153;1;land;false;urban;6
2833;214;191;1;land;false;urban;6
2834;203;214;1;land;false;forest;6
2835;244;202;1;land;false;forest;6
2836;210;173;1;land;false;forest;6
2837;236;152;1;land;false;forest;6
2838;82;95;1;land;false;plains;6
2839;58;90;1;land;false;urban;6
2840;187;181;1;land;true;plains;6
2841;223;153;1;land;true;plains;6
2842;193;205;1;land;false;urban;6
2843;220;197;1;land;false;plains;6
2844;186;135;1;land;true;urban;6
2845;172;193;1;land;false;plains;6
2846;193;193;1;land;false;plains;6
2847;174;183;1;land;false;urban;6
2848;221;31;1;land;false;plains;6
2849;195;26;1;land;false;urban;6
2850;221;38;1;land;false;plains;6
2851;221;21;1;land;false;plains;6
2852;231;39;1;land;false;plains;6
2853;202;35;1;land;false;urban;6
2854;192;86;1;land;false;plains;6
2855;237;68;1;land;false;forest;6
2856;182;90;1;land;false;plains;6
2857;202;66;1;land;false;urban;6
2858;206;63;1;land;false;plains;6
2859;245;80;1;land;false;plains;6
2860;228;61;1;land;false;plains;6
2861;250;129;1;land;false;plains;6
2862;253;183;1;land;false;plains;6
2863;207;119;1;land;false;plains;6
2864;193;143;1;land;false;plains;6
2865;249;181;1;land;false;plains;6
2866;222;127;1;land;false;plains;6
2867;227;144;1;land;false;plains;6
2868;232;161;1;land;false;plains;6
2869;225;163;1;land;false;plains;6
2870;253;158;1;land;false;plains;6
2871;222;167;1;land;false;plains;6
2872;202;194;1;land;false;plains;6
2873;251;194;1;land;false;plains;6
2874;3;94;1;land;false;urban;1
2875;39;61;1;land;false;forest;1
2876;41;75;1;land;false;forest;1
2877;35;20;1;land;false;forest;1
2878;146;25;1;land;false;forest;6
2879;166;41;1;land;false;forest;6
2880;120;46;1;land;false;plains;6
2881;135;39;1;land;false;plains;6
2882;129;18;1;land;false;plains;6
2883;102;21;1;land;false;plains;6
2884;130;6;1;land;false;forest;6
2885;164;18;1;land;false;forest;6
2886;170;21;1;land;false;plains;6
2887;122;3;1;land;false;forest;6
2888;114;38;1;land;false;plains;6
2889;73;0;1;land;false;plains;6
2890;71;7;1;land;false;plains;6
2891;131;30;1;land;false;plains;6
2892;107;34;1;land;false;plains;6
2893;121;31;1;land;false;plains;6
2894;67;30;1;land;false;plains;6
2895;79;15;1;land;false;plains;6
2896;226;83;1;land;false;urban;6
2897;222;114;1;land;false;plains;6
2898;249;93;1;land;false;plains;6
2899;99;166;1;land;false;forest;6
2900;84;143;1;land;false;forest;6
2901;97;170;1;land;false;forest;6
2902;98;182;1;land;false;forest;6
2903;130;161;1;land;false;forest;6
2904;131;218;1;land;false;forest;6
2905;146;172;1;land;true;forest;6
2906;180;116;1;land;false;forest;1
2907;217;124;1;land;false;forest;1
2908;169;70;1;land;false;forest;1
2909;236;61;1;land;false;urban;1
2910;198;71;1;land;false;forest;1
2911;169;37;1;land;false;forest;1
2912;58;169;1;land;false;forest;1
2913;52;177;1;land;false;urban;1
2914;95;178;1;land;true;forest;1
2915;113;174;1;land;false;forest;1
2916;58;207;1;land;false;plains;1
2917;51;226;1;land;false;urban;1
2918;80;233;1;land;false;forest;1
2919;114;202;1;land;true;plains;1
2920;80;217;1;land;false;urban;1
2921;54;155;1;land;false;urban;1
2922;84;154;1;land;true;plains;1
2923;250;196;1;land;false;plains;1
2924;236;216;1;land;false;plains;1
2925;221;163;1;land;false;urban;1
2926;235;207;1;land;false;plains;1
2927;245;179;1;land;false;urban;1
2928;250;205;1;land;false;plains;1
2929;214;185;1;land;false;plains;1
2930;231;176;1;land;false;urban;1
2931;236;215;1;land;false;urban;1
2932;229;189;1;land;false;plains;1
2933;224;217;1;land;false;forest;1
2934;234;207;1;land;false;plains;1
2935;239;204;1;land;false;plains;1
2936;208;55;1;land;true;plains;6
2937;177;21;1;land;false;urban;6
2938;194;11;1;land;false;forest;6
2939;194;18;1;land;false;forest;6
2940;236;58;1;land;true;plains;6
2941;233;12;1;land;false;plains;6
2942;210;23;1;land;false;forest;6
2943;237;28;1;land;false;plains;6
2944;209;52;1;land;false;urban;6
2945;77;26;1;land;false;plains;6
2946;107;39;1;land;false;plains;6
2947;75;35;1;land;false;plains;6
2948;68;11;1;land;false;plains;6
2949;81;21;1;land;false;plains;6
2950;71;33;1;land;false;plains;6
2951;97;68;1;land;false;plains;6
2952;93;5;1;land;false;plains;6
2953;76;9;1;land;false;plains;6
2954;38;49;1;land;false;plains;6
2955;36;121;1;land;false;forest;6
2956;224;116;1;land;false;urban;6
2957;200;124;1;land;false;urban;6
2958;248;146;1;land;false;plains;6
2959;253;172;1;land;false;urban;6
2960;225;179;1;land;false;plains;6
2961;242;137;1;land;false;plains;6
2962;200;162;1;land;false;plains;6
2963;193;118;1;land;false;urban;6
2964;226;133;1;land;false;plains;6
2965;251;190;1;land;false;urban;6
2966;210;178;1;land;false;plains;6
2967;216;171;1;land;false;urban;6
2968;244;143;1;land;false;plains;6
2969;213;119;1;land;false;urban;6
2970;76;136;1;land;false;forest;6
2971;129;118;1;land;false;forest;6
2972;125;71;1;land;false;urban;6
2973;136;81;1;land;false;forest;6
2974;99;86;1;land;false;forest;6
2975;114;81;1;land;false;forest;6
2976;96;117;1;land;false;forest;6
2977;82;118;1;land;false;urban;6
2978;91;81;1;land;false;urban;6
2979;78;140;1;land;false;forest;6
2980;136;84;1;land;false;urban;6
2981;89;111;1;land;false;forest;6
2982;107;134;1;land;false;urban;6
2983;92;92;1;land;false;forest;6
2984;49;166;1;land;true;plains;6
2985;2;124;1;land;false;urban;6
2986;46;112;1;land;false;urban;6
2987;27;121;1;land;false;urban;6
2988;23;173;1;land;true;plains;6
2989;31;148;1;land;true;urban;6
2990;35;141;1;land;false;forest;6
2991;179;219;1;land;false;urban;6
2992;186;91;1;land;false;plains;6
2993;223;137;1;land;false;forest;6
2994;253;125;1;land;false;plains;6
2995;233;164;1;land;false;forest;6
2996;205;163;1;land;false;plains;6
2997;240;189;1;land;false;plains;6
2998;203;191;1;land;false;plains;6
2999;235;208;1;land;false;urban;6
3000;211;157;1;land;false;plains;6
3001;224;205;1;land;false;plains;6
3002;223;217;1;land;false;plains;6
3003;239;231;1;land;false;urban;6
3004;229;239;1;land;false;urban;6
3005;224;243;1;land;false;plains;1
3006;234;244;1;land;false;plains;1
3007;244;207;1;land;false;plains;6
3008;49;139;1;land;false;forest;7
3009;27;141;1;land;false;forest;7
3010;71;140;1;land;false;plains;7
3011;41;177;1;land;false;plains;7
3012;67;169;1;land;false;forest;7
3013;37;133;1;land;false;forest;7
3014;80;128;1;land;false;forest;7
3015;21;227;1;land;false;plains;7
3016;26;231;1;land;false;plains;7
3017;26;183;1;land;false;urban;7
3018;17;198;1;land;false;plains;7
3019;44;221;1;land;false;forest;7
3020;2;233;1;land;false;forest;7
3021;13;206;1;land;false;urban;7
3022;26;216;1;land;false;forest;7
3023;109;138;1;land;false;forest;7
3024;178;192;1;land;true;plains;7
3025;104;152;1;land;true;urban;7
3026;116;179;1;land;true;forest;7
3027;112;162;1;land;false;urban;7
3028;136;156;1;land;true;forest;7
3029;186;50;1;land;true;plains;7
3030;189;12;1;land;true;plains;7
3031;235;37;1;land;false;urban;7
3032;222;42;1;land;false;plains;7
3033;217;15;1;land;false;urban;7
3034;202;42;1;land;false;plains;7
3035;221;10;1;land;false;urban;7
3036;209;18;1;land;false;urban;7
3037;182;5;1;land;false;plains;7
3038;171;13;1;land;false;urban;7
3039;53;103;1;land;false;urban;7
3040;54;116;1;land;false;plains;7
3041;24;160;1;land;false;forest;7
3042;60;145;1;land;false;plains;7
3043;94;125;1;land;false;forest;7
3044;66;105;1;land;false;plains;7
3045;68;92;1;land;false;plains;7
3046;25;197;1;land;false;urban;7
3047;28;195;1;land;false;plains;7
3048;45;210;1;land;false;plains;7
3049;43;248;1;land;false;urban;7
3050;54;239;1;land;false;plains;7
3051;18;211;1;land;false;urban;7
3052;33;225;1;land;false;plains;7
3053;33;247;1;land;false;urban;7
3054;200;84;1;land;true;plains;7
3055;131;121;1;land;false;urban;7
3056;197;68;1;land;false;forest;7
3057;198;103;1;land;true;plains;7
3058;125;55;1;land;false;urban;7
3059;141;119;1;land;false;plains;7
3060;112;158;1;land;false;urban;7
3061;144;134;1;land;false;forest;7
3062;178;131;1;land;false;forest;7
3063;177;181;1;land;false;plains;7
3064;177;164;1;land;false;urban;7
3065;105;127;1;land;false;plains;7
3066;129;189;1;land;false;urban;7
3067;125;179;1;land;false;urban;7
3068;33;135;1;land;false;forest;7
3069;102;159;1;land;false;plains;7
3070;91;152;1;land;false;urban;7
3071;81;158;1;land;false;plains;7
3072;204;46;1;land;false;urban;7
3073;231;11;1;land;false;urban;7
3074;164;5;1;land;false;forest;7
3075;192;32;1;land;false;forest;7
3076;163;11;1;land;false;urban;7
3077;207;3;1;land;false;plains;7
3078;162;25;1;land;false;urban;7
3079;200;18;1;land;false;plains;7
3080;174;1;1;land;false;urban;7
3081;195;4;1;land;false;desert;7
3082;167;42;1;land;false;forest;7
3083;180;28;1;land;false;plains;7
3084;188;23;1;land;false;urban;7
3085;236;4;1;land;false;urban;7
3086;185;20;1;land;false;forest;7
3087;179;37;1;land;false;urban;7
3088;176;24;1;land;false;urban;7
3089;216;68;1;land;false;urban;7
3090;250;132;1;land;false;plains;7
3091;204;85;1;land;true;urban;7
3092;201;126;1;land;true;forest;7
3093;211;136;1;land;false;urban;7
3094;244;127;1;land;true;forest;7
3095;220;107;1;land;false;forest;7
3096;229;133;1;land;false;urban;7
3097;196;96;1;land;false;urban;7
3098;188;91;1;land;true;forest;7
3099;244;93;1;land;true;urban;7
3100;243;103;1;land;false;urban;7
3101;252;68;1;land;false;forest;7
3102;147;84;1;land;false;urban;7
3103;176;117;1;land;false;forest;7
3104;160;79;1;land;false;forest;7
3105;149;78;1;land;false;forest;7
3106;155;86;1;land;false;forest;7
3107;160;51;1;land;false;forest;7
3108;185;95;1;land;false;forest;7
3109;177;60;1;land;false;urban;7
3110;165;67;1;land;false;urban;7
3111;184;84;1;land;false;forest;7
3112;218;53;1;land;false;forest;7
3113;148;94;1;land;false;forest;7
3114;27;70;1;land;false;plains;7
3115;56;32;1;land;false;forest;7
3116;74;42;1;land;false;plains;7
3117;93;13;1;land;false;plains;7
3118;56;9;1;land;false;forest;7
3119;37;54;1;land;false;urban;7
3120;96;26;1;land;false;plains;7
3121;84;17;1;land;false;forest;7
3122;91;29;1;land;false;plains;7
3123;70;73;1;land;false;forest;7
3124;29;32;1;land;false;forest;7
3125;43;74;1;land;false;plains;7
3126;85;25;1;land;false;urban;7
3127;50;14;1;land;false;plains;7
3128;28;86;1;land;false;forest;7
3129;43;46;1;land;false;plains;7
3130;35;50;1;land;false;urban;7
3131;62;27;1;land;false;forest;7
3132;45;78;1;land;false;urban;7
3133;88;70;1;land;false;plains;7
3134;61;46;1;land;false;forest;7
3135;69;50;1;land;false;forest;7
3136;45;31;1;land;false;plains;7
3137;57;24;1;land;false;forest;7
3138;100;77;1;land;false;forest;7
3139;62;51;1;land;false;urban;7
3140;125;95;1;land;false;forest;7
3141;89;48;1;land;false;forest;7
3142;121;225;1;land;false;plains;7
3143;119;201;1;land;false;plains;7
3144;107;241;1;land;false;urban;7
3145;132;223;1;land;true;forest;7
3146;147;223;1;land;true;plains;7
3147;111;231;1;land;false;plains;7
3148;151;212;1;land;false;forest;7
3149;87;219;1;land;false;urban;7
3150;162;207;1;land;true;plains;7
3151;96;236;1;land;true;plains;7
3152;232;142;1;land;true;forest;7
3153;138;218;1;land;false;plains;7
3154;138;227;1;land;false;plains;7
3155;131;250;1;land;false;plains;7
3156;178;216;1;land;false;plains;7
3157;186;231;1;land;false;plains;7
3158;160;219;1;land;false;urban;7
3159;193;222;1;land;false;plains;7
3160;38;223;1;land;false;plains;7
3161;19;184;1;land;false;plains;7
3162;73;202;1;land;false;plains;7
3163;74;245;1;land;false;forest;7
3164;76;199;1;land;false;plains;7
3165;49;221;1;land;false;plains;7
3166;36;228;1;land;false;plains;7
3167;47;246;1;land;false;plains;7
3168;12;184;1;land;false;plains;7
3169;15;195;1;land;false;plains;7
3170;31;242;1;land;false;plains;7
3171;29;250;1;land;false;plains;7
3172;10;201;1;land;false;forest;7
3173;77;179;1;land;false;plains;7
3174;82;233;1;land;false;forest;7
3175;49;254;1;land;false;forest;7
3176;56;190;1;land;false;forest;7
3177;103;229;1;land;false;forest;7
3178;107;221;1;land;false;forest;7
3179;76;234;1;land;false;forest;7
3180;108;221;1;land;false;forest;7
3181;97;11;1;land;true;plains;7
3182;83;57;1;land;true;plains;7
3183;94;23;1;land;true;forest;7
3184;203;194;1;land;false;urban;7
3185;134;204;1;land;false;urban;7
3186;182;209;1;land;false;forest;7
3187;199;201;1;land;false;plains;7
3188;194;184;1;land;false;plains;7
3189;40;128;1;land;false;plains;7
3190;4;114;1;land;false;plains;7
3191;9;175;1;land;false;plains;7
3192;36;158;1;land;false;plains;7
3193;195;243;1;land;false;plains;7
3194;150;251;1;land;true;plains;7
3195;202;225;1;land;false;plains;7
3196;175;216;1;land;false;urban;7
3197;209;231;1;land;false;forest;7
3198;151;233;1;land;false;plains;7
3199;160;233;1;land;false;urban;7
3200;134;218;1;land;false;urban;7
3201;195;223;1;land;true;plains;7
3202;139;230;1;land;false;forest;7
3203;202;235;1;land;true;plains;7
3204;192;249;1;land;false;plains;7
3205;208;241;1;land;false;plains;7
3206;173;223;1;land;false;urban;7
3207;150;246;1;land;false;plains;7
3208;171;236;1;land;false;urban;7
3209;159;228;1;land;false;urban;7
3210;150;137;1;land;false;urban;7
3211;196;105;1;land;false;forest;7
3212;175;147;1;land;false;urban;7
3213;147;86;1;land;false;urban;7
3214;184;90;1;land;false;plains;7
3215;194;115;1;land;false;forest;7
3216;207;136;1;land;false;urban;7
3217;177;93;1;land;false;urban;7
3218;150;86;1;land;false;forest;7
3219;199;97;1;land;false;forest;7
3220;186;101;1;land;false;urban;7
3221;168;97;1;land;false;forest;7
3222;84;55;1;land;false;plains;7
3223;34;76;1;land;false;plains;7
3224;72;95;1;land;false;plains;7
3225;84;38;1;land;false;urban;7
3226;39;79;1;land;false;plains;7
3227;57;34;1;land;false;plains;7
3228;254;114;1;land;false;urban;7
3229;209;99;1;land;false;plains;7
3230;208;121;1;land;false;plains;7
3231;205;125;1;land;false;plains;7
3232;205;102;1;land;false;plains;7
3233;239;87;1;land;false;plains;7
3234;226;113;1;land;false;urban;7
3235;213;79;1;land;false;plains;7
3236;218;139;1;land;false;urban;7
3237;252;95;1;land;false;plains;7
3238;244;79;1;land;false;plains;7
3239;228;68;1;land;false;plains;7
3240;241;117;1;land;false;plains;7
3241;206;217;1;land;false;plains;7
3242;195;171;1;land;false;forest;7
3243;194;204;1;land;false;urban;7
3244;183;209;1;land;false;plains;7
3245;203;173;1;land;false;urban;7
3246;227;177;1;land;false;forest;7
3247;252;231;1;land;false;plains;7
3248;193;188;1;land;false;forest;7
3249;205;225;1;land;false;plains;7
3250;216;211;1;land;false;forest;7
3251;201;237;1;land;false;urban;7
3252;250;213;1;land;false;plains;7
3253;202;214;1;land;false;urban;7
3254;220;190;1;land;false;plains;7
3255;187;173;1;land;false;plains;7
3256;234;243;1;land;false;forest;7
3257;88;35;1;land;false;forest;7
3258;108;12;1;land;false;urban;7
3259;67;70;1;land;false;urban;7
3260;98;87;1;land;false;plains;7
3261;85;13;1;land;false;forest;7
3262;62;59;1;land;false;plains;7
3263;58;14;1;land;false;plains;7
3264;59;56;1;land;false;plains;7
3265;72;34;1;land;false;forest;7
3266;130;163;1;land;false;plains;7
3267;77;202;1;land;false;forest;7
3268;55;172;1;land;false;plains;7
3269;69;179;1;land;false;plains;7
3270;87;147;1;land;false;plains;7
3271;62;126;1;land;false;plains;7
3272;130;138;1;land;false;plains;7
3273;63;130;1;land;false;urban;7
3274;100;149;1;land;false;urban;7
3275;123;201;1;land;false;plains;7
3276;120;140;1;land;false;plains;7
3277;107;185;1;land;false;plains;7
3278;88;133;1;land;false;plains;7
3279;113;185;1;land;false;forest;7
3280;51;167;1;land;false;plains;7
3281;124;190;1;land;false;plains;7
3282;193;162;1;land;false;plains;7
3283;166;208;1;land;false;urban;7
3284;171;215;1;land;false;urban;7
3285;189;173;1;land;false;plains;7
3286;139;181;1;land;false;urban;7
3287;167;188;1;land;false;plains;7
3288;183;159;1;land;false;forest;7
3289;188;166;1;land;false;plains;7
3290;184;197;1;land;false;plains;7
3291;195;189;1;land;false;plains;7
3292;121;200;1;land;false;urban;7
3293;132;217;1;land;false;plains;7
3294;185;215;1;land;false;urban;7
3295;154;190;1;land;false;plains;7
3296;141;210;1;land;false;plains;7
3297;125;225;1;land;false;plains;7
3298;198;161;1;land;false;plains;7
3299;123;184;1;land;false;plains;7
3300;47;17;1;land;false;forest;7
3301;2;27;1;land;false;forest;7
3302;51;26;1;land;false;urban;7
3303;46;60;1;land;false;urban;7
3304;50;44;1;land;false;plains;7
3305;49;22;1;land;false;forest;7
3306;18;49;1;land;false;forest;7
3307;11;41;1;land;false;forest;7
3308;37;9;1;land;false;forest;7
3309;32;63;1;land;false;forest;7
3310;27;167;1;land;false;forest;7
3311;34;129;1;land;true;urban;7
3312;9;137;1;land;true;plains;7
3313;49;110;1;land;true;urban;7
3314;6;135;1;land;true;urban;7
3315;166;248;1;land;false;plains;7
3316;195;222;1;land;false;forest;7
3317;171;254;1;land;false;plains;7
3318;160;236;1;land;false;plains;7
3319;121;228;1;land;false;plains;7
3320;120;244;1;land;false;forest;7
3321;179;208;1;land;false;plains;7
3322;137;246;1;land;false;plains;7
3323;138;251;1;land;false;plains;7
3324;135;210;1;land;false;forest;7
3325;154;214;1;land;false;plains;7
3326;128;244;1;land;false;plains;7
3327;155;232;1;land;false;forest;7
3328;165;239;1;land;false;plains;7
3329;164;215;1;land;false;plains;7
3330;119;244;1;land;false;forest;7
3331;119;221;1;land;false;plains;7
3332;180;212;1;land;false;forest;7
3333;148;155;1;land;false;forest;7
3334;150;190;1;land;false;forest;7
3335;172;130;1;land;false;forest;7
3336;185;177;1;land;false;urban;7
3337;157;204;1;land;true;forest;7
3338;152;142;1;land;true;forest;7
3339;156;196;1;land;false;forest;7
3340;168;207;1;land;true;forest;7
3341;156;172;1;land;false;forest;7
3342;211;128;1;land;false;forest;7
3343;211;173;1;land;false;forest;7
3344;180;53;1;land;false;plains;7
3345;231;0;1;land;false;forest;7
3346;193;17;1;land;false;urban;7
3347;176;57;1;land;false;forest;7
3348;185;4;1;land;false;forest;7
3349;178;3;1;land;false;plains;7
3350;211;44;1;land;false;plains;7
3351;159;30;1;land;false;urban;7
3352;223;20;1;land;false;forest;7
3353;156;33;1;land;false;urban;7
3354;162;22;1;land;false;urban;7
3355;214;38;1;land;false;plains;7
3356;159;16;1;land;false;forest;7
3357;204;28;1;land;false;forest;7
3358;229;20;1;land;false;forest;7
3359;197;201;1;land;false;forest;7
3360;185;216;1;land;false;urban;7
3361;183;162;1;land;false;urban;7
3362;247;178;1;land;false;plains;7
3363;246;219;1;land;false;plains;7
3364;239;162;1;land;false;forest;7
3365;216;201;1;land;false;plains;7
3366;241;203;1;land;false;forest;7
3367;204;157;1;land;false;plains;7
3368;208;167;1;land;false;forest;7
3369;240;195;1;land;false;plains;7
3370;226;151;1;land;false;plains;7
3371;221;218;1;land;false;urban;7
3372;239;144;1;land;false;forest;7
3373;225;164;1;land;false;urban;7
3374;243;45;1;land;true;forest;7
3375;202;15;1;land;true;plains;7
3376;208;4;1;land;false;forest;7
3377;219;65;1;land;true;plains;7
3378;200;51;1;land;false;forest;7
3379;249;50;1;land;true;plains;7
3380;234;68;1;land;false;urban;7
3381;216;6;1;land;true;forest;7
3382;220;24;1;land;false;plains;7
3383;238;72;1;land;true;plains;7
3384;246;50;1;land;false;plains;7
3385;233;7;1;land;false;forest;7
3386;230;22;1;land;true;plains;7
3387;220;8;1;land;true;plains;7
3388;248;22;1;land;true;forest;7
3389;211;26;1;land;false;urban;7
3390;199;47;1;land;true;forest;7
3391;109;157;1;land;false;plains;7
3392;100;188;1;land;false;urban;7
3393;157;127;1;land;false;plains;7
3394;144;151;1;land;false;plains;7
3395;110;159;1;land;false;plains;7
3396;174;173;1;land;false;plains;7
3397;174;149;1;land;false;plains;7
3398;127;162;1;land;false;urban;7
3399;149;120;1;land;false;plains;7
3400;103;168;1;land;false;urban;7
3401;21;196;1;land;false;urban;7
3402;12;197;1;land;false;urban;7
3403;33;197;1;land;false;plains;7
3404;56;211;1;land;false;plains;7
3405;30;224;1;land;false;plains;7
3406;11;215;1;land;false;forest;7
3407;23;234;1;land;false;plains;7
3408;21;232;1;land;false;forest;7
3409;66;223;1;land;false;plains;7
3410;30;198;1;land;false;urban;7
3411;10;202;1;land;false;plains;7
3412;23;192;1;land;false;urban;7
3413;37;219;1;land;false;plains;7
3414;103;211;1;land;false;plains;7
3415;98;246;1;land;false;plains;7
3416;29;254;1;land;false;plains;7
3417;108;247;1;land;false;plains;7
3418;37;229;1;land;false;plains;7
3419;207;189;1;land;false;plains;7
3420;178;201;1;land;false;plains;7
3421;234;185;1;land;false;plains;7
3422;251;223;1;land;true;plains;7
3423;194;209;1;land;false;forest;7
3424;250;245;1;land;false;plains;7
3425;249;199;1;land;false;forest;7
3426;217;190;1;land;false;forest;7
3427;193;244;1;land;false;forest;7
3428;248;219;1;land;false;plains;7
3429;208;178;1;land;false;plains;7
3430;245;198;1;land;false;plains;7
3431;200;173;1;land;false;forest;7
3432;208;213;1;land;true;plains;7
3433;250;229;1;land;false;plains;7
3434;211;227;1;land;false;plains;7
3435;218;185;1;land;false;forest;7
3436;197;177;1;land;false;forest;7
3437;229;207;1;land;false;forest;7
3438;199;176;1;land;false;plains;7
3439;215;183;1;land;true;plains;7
3440;225;208;1;land;false;plains;7
3441;220;243;1;land;true;forest;7
3442;206;190;1;land;true;plains;7
3443;226;214;1;land;false;urban;7
3444;192;171;1;land;false;forest;7
3445;245;193;1;land;false;plains;7
3446;251;204;1;land;false;forest;7
3447;248;233;1;land;false;plains;7
3448;206;231;1;land;false;plains;7
3449;238;190;1;land;false;forest;7
3450;235;213;1;land;false;forest;7
3451;240;176;1;land;false;plains;7
3452;210;172;1;land;false;forest;7
3453;15;126;1;land;true;plains;7
3454;10;140;1;land;false;urban;7
3455;28;105;1;land;true;urban;7
3456;29;87;1;land;true;plains;7
3457;40;109;1;land;true;forest;7
3458;8;108;1;land;true;plains;7
3459;46;250;1;land;false;urban;7
3460;34;248;1;land;true;forest;7
3461;13;185;1;land;true;urban;7
3462;51;217;1;land;true;forest;7
3463;9;237;1;land;false;forest;7
3464;25;221;1;land;true;forest;7
3465;26;239;1;land;true;urban;7
3466;31;206;1;land;false;forest;7
3467;52;246;1;land;false;urban;7
3468;45;213;1;land;true;urban;7
3469;8;226;1;land;true;urban;7
3470;140;93;1;land;false;urban;7
3471;108;31;1;land;false;urban;7
3472;148;27;1;land;false;urban;7
3473;153;42;1;land;false;forest;7
3474;130;73;1;land;false;urban;7
3475;141;97;1;land;false;plains;7
3476;152;117;1;land;false;plains;7
3477;198;58;1;land;false;plains;7
3478;190;78;1;land;false;plains;7
3479;157;53;1;land;false;plains;7
3480;165;71;1;land;false;plains;7
3481;160;54;1;land;true;plains;7
3482;212;97;1;land;true;plains;7
3483;149;79;1;land;true;plains;7
3484;180;71;1;land;true;plains;7
3485;184;106;1;land;true;plains;7
3486;182;69;1;land;false;plains;7
3487;165;65;1;land;false;urban;7
3488;191;45;1;land;false;plains;7
3489;166;115;1;land;true;plains;7
3490;69;168;1;land;false;urban;7
3491;83;132;1;land;false;forest;7
3492;54;161;1;land;false;urban;7
3493;50;171;1;land;false;forest;7
3494;102;174;1;land;false;urban;7
3495;80;123;1;land;false;urban;7
3496;28;185;1;land;false;plains;7
3497;48;143;1;land;false;urban;7
3498;49;157;1;land;false;forest;7
3499;47;148;1;land;false;forest;7
3500;249;137;1;land;false;urban;7
3501;232;92;1;land;false;urban;7
3502;234;129;1;land;false;plains;7
3503;249;112;1;land;false;urban;7
3504;253;147;1;land;false;plains;7
3505;207;104;1;land;false;plains;7
3506;230;93;1;land;false;plains;7
3507;206;105;1;land;false;plains;7
3508;204;115;1;land;false;plains;7
3509;227;145;1;land;false;plains;7
3510;222;135;1;land;false;plains;7
3511;237;102;1;land;false;desert;7
3512;225;112;1;land;true;plains;7
3513;211;106;1;land;false;urban;7
3514;246;156;1;land;false;plains;7
3515;237;144;1;land;false;plains;7
3516;253;139;1;land;false;plains;7
3517;242;124;1;land;false;plains;7
3518;209;161;1;land;false;plains;7
3519;228;121;1;land;false;urban;7
3520;235;127;1;land;false;plains;7
3521;14;37;1;land;false;forest;7
3522;11;39;1;land;false;forest;7
3523;65;79;1;land;false;forest;7
3524;45;72;1;land;false;urban;7
3525;24;99;1;land;false;plains;7
3526;12;77;1;land;false;urban;7
3527;59;94;1;land;false;plains;7
3528;40;75;1;land;false;plains;7
3529;76;54;1;land;false;plains;7
3530;20;74;1;land;true;plains;7
3531;56;100;1;land;false;plains;7
3532;75;75;1;land;false;forest;7
3533;53;48;1;land;false;forest;7
3534;8;32;1;land;false;plains;7
3535;76;50;1;land;false;plains;7
3536;18;30;1;land;true;plains;7
3537;75;91;1;land;false;plains;7
3538;76;93;1;land;false;plains;7
3539;52;97;1;land;false;urban;7
3540;31;27;1;land;false;urban;7
3541;78;72;1;land;false;plains;7
3542;85;84;1;land;false;plains;7
3543;44;86;1;land;false;plains;7
3544;57;39;1;land;false;forest;7
3545;53;92;1;land;false;plains;7
3546;29;38;1;land;false;urban;7
3547;13;29;1;land;false;forest;7
3548;64;83;1;land;true;plains;7
3549;23;34;1;land;false;plains;7
3550;43;69;1;land;true;forest;7
3551;25;99;1;land;false;forest;7
3552;51;37;1;land;false;urban;7
3553;84;34;1;land;false;plains;7
3554;33;33;1;land;true;forest;7
3555;14;40;1;land;false;plains;7
3556;17;47;1;land;false;forest;7
3557;33;29;1;land;false;urban;7
3558;29;99;1;land;false;urban;7
3559;28;73;1;land;false;plains;7
3560;63;100;1;land;false;forest;7
3561;13;48;1;land;false;forest;7
3562;23;25;1;land;true;plains;7
3563;66;102;1;land;false;forest;7
3564;85;92;1;land;false;plains;7
3565;8;42;1;land;true;forest;7
3566;59;47;1;land;false;forest;7
3567;36;44;1;land;false;plains;7
3568;71;79;1;land;false;forest;7
3569;58;38;1;land;false;forest;7
3570;49;75;1;land;false;plains;7
3571;14;91;1;land;false;plains;7
3572;44;93;1;land;true;forest;7
3573;73;47;1;land;false;forest;7
3574;49;67;1;land;false;plains;7
3575;40;93;1;land;false;plains;7
3576;215;172;1;land;false;plains;7
3577;245;153;1;land;false;plains;7
3578;239;180;1;land;false;plains;7
3579;222;146;1;land;false;plains;7
3580;227;169;1;land;false;plains;7
3581;206;197;1;land;false;plains;7
3582;26;63;1;land;false;plains;7
3583;34;81;1;land;false;plains;7
3584;139;25;1;land;true;urban;7
3585;123;34;1;land;true;plains;7
3586;109;3;1;land;true;plains;7
3587;134;10;1;land;false;urban;7
3588;168;4;1;land;false;plains;7
3589;135;18;1;land;true;plains;7
3590;176;6;1;land;false;plains;7
3591;131;180;1;land;false;plains;7
3592;200;158;1;land;false;plains;7
3593;204;174;1;land;false;plains;7
3594;188;123;1;land;false;plains;7
3595;137;169;1;land;false;plains;7
3596;198;133;1;land;false;plains;7
3597;148;183;1;land;false;plains;7
3598;148;170;1;land;false;forest;7
3599;186;129;1;land;false;plains;7
3600;204;189;1;land;false;plains;7
3601;170;199;1;land;false;plains;7
3602;207;188;1;land;false;plains;7
3603;144;199;1;land;false;plains;7
3604;143;201;1;land;false;plains;7
3605;158;126;1;land;false;plains;7
3606;132;150;1;land;false;plains;7
3607;151;125;1;land;false;plains;7
3608;203;172;1;land;false;forest;7
3609;194;162;1;land;false;plains;7
3610;145;178;1;land;false;plains;7
3611;147;167;1;land;false;plains;7
3612;93;131;1;land;false;urban;7
3613;99;144;1;land;false;plains;7
3614;56;141;1;land;false;plains;7
3615;103;122;1;land;false;plains;7
3616;116;173;1;land;false;urban;7
3617;116;107;1;land;false;plains;7
3618;77;237;1;land;false;plains;7
3619;58;245;1;land;false;plains;7
3620;58;233;1;land;false;plains;7
3621;83;217;1;land;false;plains;7
3622;76;253;1;land;false;urban;7
3623;107;217;1;land;false;plains;7
3624;83;210;1;land;false;plains;7
3625;62;243;1;land;false;forest;7
3626;103;227;1;land;false;forest;7
3627;73;214;1;land;false;forest;7
3628;51;213;1;land;false;urban;7
3629;213;121;1;land;false;urban;7
3630;230;115;1;land;false;urban;7
3631;232;100;1;land;false;plains;7
3632;218;99;1;land;false;plains;7
3633;36;128;1;land;false;urban;7
3634;29;82;1;land;false;forest;7
3635;17;154;1;land;false;plains;7
3636;52;121;1;land;false;plains;7
3637;31;130;1;land;false;urban;7
3638;57;123;1;land;false;urban;7
3639;42;150;1;land;false;plains;7
3640;1;150;1;land;false;urban;7
3641;11;107;1;land;false;urban;7
3642;63;102;1;land;false;forest;7
3643;179;75;1;land;false;urban;7
3644;196;114;1;land;false;plains;7
3645;127;103;1;land;false;plains;7
3646;173;99;1;land;false;forest;7
3647;127;108;1;land;false;urban;7
3648;202;92;1;land;false;plains;7
3649;237;126;1;land;false;plains;7
3650;246;56;1;land;false;plains;7
3651;238;104;1;land;false;urban;7
3652;216;77;1;land;false;urban;7
3653;197;78;1;land;false;urban;7
3654;203;54;1;land;false;plains;7
3655;226;78;1;land;false;plains;7
3656;234;79;1;land;false;urban;7
3657;241;123;1;land;false;plains;7
3658;239;65;1;land;false;urban;7
3659;197;75;1;land;false;plains;7
3660;242;119;1;land;false;plains;7
3661;231;81;1;land;false;urban;7
3662;189;102;1;land;false;urban;7
3663;212;81;1;land;false;plains;7
3664;225;205;1;land;false;urban;7
3665;186;243;1;land;false;urban;7
3666;244;219;1;land;false;plains;7
3667;184;208;1;land;false;plains;7
3668;233;239;1;land;false;plains;7
3669;226;167;1;land;false;urban;7
3670;205;196;1;land;false;urban;7
3671;213;190;1;land;false;plains;7
3672;183;228;1;land;false;desert;7
3673;230;206;1;land;false;urban;7
3674;205;213;1;land;false;plains;7
3675;229;196;1;land;false;plains;7
3676;128;231;1;land;false;forest;7
3677;156;230;1;land;false;plains;7
3678;149;226;1;land;false;urban;7
3679;119;240;1;land;false;forest;7
3680;122;233;1;land;false;plains;7
3681;171;216;1;land;false;forest;7
3682;135;254;1;land;false;forest;7
3683;126;254;1;land;false;forest;7
3684;148;227;1;land;false;forest;7
3685;156;210;1;land;false;plains;7
3686;162;215;1;land;false;urban;7
3687;161;91;1;land;false;plains;7
3688;163;110;1;land;false;urban;7
3689;166;109;1;land;false;forest;7
3690;132;105;1;land;false;plains;7
3691;119;101;1;land;false;urban;7
3692;122;118;1;land;false;plains;7
3693;185;227;1;land;true;plains;1
3694;149;248;1;land;true;urban;1
3695;186;225;1;land;true;plains;1
3696;164;139;1;land;false;plains;7
3697;193;109;1;land;false;urban;7
3698;188;143;1;land;false;forest;7
3699;165;145;1;land;false;forest;7
3700;234;97;1;land;false;forest;7
3701;17;223;1;land;false;plains;7
3702;61;188;1;land;false;forest;7
3703;29;228;1;land;false;forest;7
3704;51;165;1;land;false;forest;7
3705;26;238;1;land;false;forest;7
3706;37;222;1;land;false;urban;7
3707;14;232;1;land;false;urban;7
3708;35;236;1;land;false;forest;7
3709;57;169;1;land;false;plains;7
3710;30;196;1;land;false;forest;7
3711;5;174;1;land;false;plains;7
3712;24;28;1;land;false;plains;7
3713;14;28;1;land;false;plains;7
3714;30;52;1;land;false;plains;7
3715;9;61;1;land;false;plains;7
3716;20;24;1;land;false;plains;7
3717;147;190;1;land;false;urban;7
3718;117;161;1;land;false;forest;7
3719;140;122;1;land;false;forest;7
3720;117;135;1;land;false;forest;7
3721;182;151;1;land;false;plains;7
3722;121;142;1;land;false;urban;7
3723;147;188;1;land;false;forest;7
3724;181;7;1;land;false;plains;7
3725;190;41;1;land;false;urban;7
3726;182;21;1;land;false;urban;7
3727;194;6;1;land;false;urban;7
3728;179;59;1;land;false;urban;7
3729;196;71;1;land;false;forest;7
3730;223;38;1;land;false;urban;7
3731;200;17;1;land;false;forest;7
3732;178;20;1;land;false;forest;7
3733;183;30;1;land;false;plains;7
3734;227;4;1;land;false;plains;7
3735;238;26;1;land;false;forest;7
3736;181;24;1;land;false;urban;7
3737;204;40;1;land;false;plains;7
3738;213;34;1;land;false;urban;7
3739;191;61;1;land;false;forest;7
3740;207;5;1;land;false;plains;7
3741;244;57;1;land;false;plains;7
3742;233;49;1;land;false;urban;7
3743;237;9;1;land;false;forest;7
3744;233;53;1;land;false;plains;7
3745;206;5;1;land;false;plains;7
3746;5;18;1;land;true;plains;7
3747;31;37;1;land;false;urban;7
3748;25;8;1;land;true;plains;7
3749;32;53;1;land;true;plains;7
3750;19;49;1;land;true;forest;7
3751;51;57;1;land;false;forest;7
3752;37;32;1;land;false;urban;7
3753;28;30;1;land;true;plains;7
3754;91;53;1;land;false;plains;7
3755;49;9;1;land;false;urban;7
3756;56;28;1;land;false;plains;7
3757;79;59;1;land;false;plains;7
3758;57;17;1;land;false;plains;7
3759;40;48;1;land;false;plains;7
3760;44;1;1;land;false;plains;7
3761;67;18;1;land;false;plains;7
3762;32;26;1;land;false;urban;7
3763;60;71;1;land;false;plains;7
3764;57;19;1;land;false;plains;7
3765;96;62;1;land;false;urban;7
3766;100;59;1;land;false;plains;7
3767;42;7;1;land;false;plains;7
3768;29;74;1;land;false;urban;7
3769;50;50;1;land;false;plains;7
3770;96;24;1;land;false;plains;7
3771;47;40;1;land;false;plains;7
3772;69;38;1;land;false;plains;7
3773;73;42;1;land;false;plains;7
3774;73;49;1;land;false;urban;7
3775;32;24;1;land;false;plains;7
3776;80;59;1;land;false;plains;7
3777;36;20;1;land;false;plains;7
3778;217;138;1;land;false;forest;7
3779;226;116;1;land;false;urban;7
3780;212;120;1;land;false;forest;7
3781;219;114;1;land;false;urban;7
3782;216;87;1;land;false;plains;7
3783;235;145;1;land;false;forest;7
3784;240;160;1;land;false;urban;7
3785;148;240;1;land;false;urban;7
3786;145;202;1;land;false;forest;7
3787;128;237;1;land;false;forest;7
3788;153;220;1;land;false;forest;7
3789;148;216;1;land;false;forest;7
3790;10;20;1;land;false;urban;7
3791;24;68;1;land;false;urban;7
3792;40;33;1;land;false;plains;7
3793;16;60;1;land;false;urban;7
3794;78;54;1;land;false;urban;7
3795;33;74;1;land;false;plains;7
3796;76;75;1;land;false;plains;7
3797;5;30;1;land;false;plains;7
3798;15;62;1;land;false;plains;7
3799;42;32;1;land;false;urban;7
3800;11;65;1;land;false;plains;7
3801;4;32;1;land;false;plains;7
3802;48;90;1;land;false;urban;7
3803;16;19;1;land;false;urban;7
3804;61;18;1;land;false;plains;7
3805;131;51;1;land;true;forest;7
3806;86;58;1;land;true;urban;7
3807;115;85;1;land;true;urban;7
3808;85;14;1;land;false;forest;7
3809;66;46;1;land;false;forest;7
3810;124;60;1;land;true;forest;7
3811;92;151;1;land;false;forest;7
3812;114;175;1;land;false;urban;7
3813;107;160;1;land;false;forest;7
3814;105;184;1;land;false;forest;7
3815;114;159;1;land;false;urban;7
3816;144;146;1;land;false;forest;7
3817;106;155;1;land;false;forest;7
3818;170;218;1;land;false;plains;7
3819;148;156;1;land;false;plains;7
3820;129;166;1;land;false;plains;7
3821;171;151;1;land;false;urban;7
3822;145;200;1;land;false;forest;7
3823;138;186;1;land;false;forest;7
3824;145;165;1;land;false;forest;7
3825;185;203;1;land;false;forest;7
3826;151;183;1;land;false;urban;7
3827;160;176;1;land;false;plains;7
3828;173;185;1;land;false;plains;7
3829;212;224;1;land;false;urban;7
3830;221;207;1;land;false;urban;7
3831;187;194;1;land;false;plains;7
3832;196;154;1;land;false;forest;7
3833;220;207;1;land;false;urban;7
3834;158;178;1;land;false;forest;7
3835;209;162;1;land;false;plains;7
3836;199;200;1;land;false;urban;7
3837;217;211;1;land;false;plains;7
3838;157;213;1;land;false;forest;7
3839;221;193;1;land;false;forest;7
3840;199;207;1;land;false;forest;7
3841;162;182;1;land;false;urban;7
3842;207;225;1;land;false;forest;7
3843;160;172;1;land;false;forest;7
3844;160;207;1;land;false;urban;7
3845;158;194;1;land;false;forest;7
3846;196;181;1;land;false;plains;7
3847;215;117;1;land;false;forest;7
3848;238;89;1;land;false;plains;7
3849;208;126;1;land;false;forest;7
3850;238;111;1;land;false;forest;7
3851;239;91;1;land;false;plains;7
3852;16;147;1;land;true;forest;7
3853;37;147;1;land;true;forest;7
3854;29;101;1;land;true;forest;7
3855;14;145;1;land;true;forest;7
3856;27;124;1;land;true;forest;7
3857;60;146;1;land;true;forest;7
3858;28;101;1;land;true;forest;7
3859;60;163;1;land;true;forest;7
3860;23;115;1;land;true;forest;7
3861;26;108;1;land;true;forest;7
3862;175;228;1;land;false;plains;7
3863;127;194;1;land;false;urban;7
3864;106;245;1;land;false;urban;7
3865;158;224;1;land;false;plains;7
3866;165;200;1;land;false;urban;7
3867;167;242;1;land;false;urban;7
3868;106;243;1;land;false;plains;7
3869;134;131;1;land;true;plains;7
3870;191;83;1;land;false;urban;7
3871;188;103;1;land;false;plains;7
3872;144;122;1;land;true;plains;7
3873;187;115;1;land;false;plains;7
3874;129;128;1;land;false;plains;7
3875;167;228;1;land;false;urban;7
3876;143;217;1;land;false;forest;7
3877;200;253;1;land;false;plains;7
3878;166;243;1;land;false;urban;7
3879;220;224;1;land;false;urban;7
3880;161;213;1;land;false;urban;7
3881;166;238;1;land;false;plains;7
3882;155;247;1;land;false;urban;7
3883;208;210;1;land;false;forest;7
3884;214;211;1;land;false;urban;7
3885;207;228;1;land;false;forest;7
3886;245;22;1;land;false;plains;7
3887;206;23;1;land;false;plains;7
3888;241;29;1;land;false;plains;7
3889;241;49;1;land;false;forest;7
3890;230;33;1;land;false;urban;7
3891;254;0;1;land;false;plains;7
3892;253;57;1;land;false;urban;7
3893;197;54;1;land;false;plains;7
3894;218;51;1;land;false;plains;7
3895;218;1;1;land;false;plains;7
3896;241;13;1;land;false;urban;7
3897;213;35;1;land;false;plains;7
3898;184;32;1;land;false;plains;7
3899;222;62;1;land;false;forest;7
3900;253;51;1;land;false;forest;7
3901;221;0;1;land;false;plains;7
3902;101;21;1;land;false;plains;7
3903;107;24;1;land;false;plains;7
3904;171;0;1;land;false;urban;7
3905;97;0;1;land;false;urban;7
3906;125;23;1;land;false;plains;7
3907;112;11;1;land;false;plains;7
3908;113;6;1;land;false;plains;7
3909;56;230;1;land;false;urban;7
3910;20;219;1;land;false;plains;7
3911;46;220;1;land;false;plains;7
3912;74;246;1;land;false;plains;7
3913;53;252;1;land;false;urban;7
3914;84;201;1;land;false;urban;7
3915;61;229;1;land;true;plains;7
3916;42;213;1;land;false;plains;7
3917;56;192;1;land;false;plains;7
3918;50;229;1;land;false;plains;7
3919;25;208;1;land;false;plains;7
3920;44;245;1;land;false;plains;7
3921;50;235;1;land;false;urban;7
3922;27;195;1;land;false;plains;7
3923;77;192;1;land;false;urban;7
3924;12;193;1;land;false;plains;7
3925;26;214;1;land;false;plains;7
3926;79;215;1;land;true;plains;7
3927;44;193;1;land;false;forest;7
3928;59;209;1;land;false;forest;7
3929;84;211;1;land;false;forest;7
3930;124;213;1;land;false;forest;7
3931;72;247;1;land;false;urban;7
3932;97;214;1;land;false;forest;7
3933;130;224;1;land;false;forest;7
3934;100;212;1;land;false;forest;7
3935;125;236;1;land;false;forest;7
3936;92;211;1;land;false;forest;7
3937;68;223;1;land;false;forest;7
3938;177;97;1;land;false;plains;7
3939;219;63;1;land;true;plains;7
3940;218;79;1;land;true;urban;7
3941;226;111;1;land;true;plains;7
3942;206;80;1;land;true;plains;7
3943;212;70;1;land;false;plains;7
3944;233;201;1;land;false;jungle;7
3945;225;200;1;land;false;forest;7
3946;209;209;1;land;false;forest;7
3947;243;197;1;land;false;forest;7
3948;220;180;1;land;false;jungle;7
3949;228;188;1;land;false;forest;7
3950;219;193;1;land;false;plains;7
3951;216;189;1;land;false;plains;7
3952;220;193;1;land;false;plains;7
3953;147;90;1;land;false;plains;7
3954;128;103;1;land;false;plains;7
3955;173;100;1;land;false;plains;7
3956;138;93;1;land;false;plains;7
3957;125;30;1;land;false;plains;7
3958;169;106;1;land;false;plains;7
3959;168;75;1;land;false;plains;7
3960;180;40;1;land;false;plains;7
3961;43;63;1;land;false;plains;7
3962;75;42;1;land;false;plains;7
3963;33;26;1;land;false;urban;7
3964;0;4;1;land;false;plains;7
3965;40;26;1;land;false;plains;7
3966;15;18;1;land;false;plains;7
3967;30;56;1;land;false;plains;7
3968;69;12;1;land;false;plains;7
3969;41;62;1;land;false;plains;7
3970;42;4;1;land;false;plains;7
3971;50;9;1;land;false;urban;7
3972;26;10;1;land;false;plains;7
3973;11;19;1;land;false;plains;7
3974;17;23;1;land;false;plains;7
3975;58;35;1;land;false;plains;7
3976;53;4;1;land;false;plains;7
3977;55;27;1;land;false;plains;7
3978;59;181;1;land;false;forest;7
3979;66;112;1;land;false;urban;7
3980;42;128;1;land;false;urban;7
3981;21;112;1;land;false;plains;7
3982;38;170;1;land;false;forest;7
3983;82;127;1;land;false;plains;7
3984;88;147;1;land;false;urban;7
3985;58;132;1;land;false;plains;7
3986;33;134;1;land;false;forest;7
3987;62;242;1;land;false;forest;7
3988;28;183;1;land;false;plains;7
3989;80;171;1;land;false;plains;7
3990;52;235;1;land;false;plains;7
3991;46;218;1;land;false;urban;7
3992;55;224;1;land;false;plains;7
3993;44;230;1;land;false;plains;7
3994;47;61;1;land;false;urban;7
3995;36;90;1;land;false;forest;7
3996;24;89;1;land;false;forest;7
3997;24;60;1;land;false;urban;7
3998;41;37;1;land;false;forest;7
3999;40;17;1;land;false;urban;7
4000;55;20;1;land;false;forest;7
4001;50;66;1;land;false;forest;7
4002;53;14;1;land;false;forest;7
4003;61;45;1;land;false;forest;7
4004;24;51;1;land;false;forest;7
4005;51;51;1;land;false;urban;7
4006;24;43;1;land;false;plains;7
4007;42;65;1;land;false;urban;7
4008;34;50;1;land;false;forest;7
4009;18;62;1;land;false;forest;7
4010;20;56;1;land;false;urban;7
4011;20;33;1;land;false;urban;7
4012;48;42;1;land;false;plains;7
4013;193;201;1;land;false;plains;7
4014;219;172;1;land;false;forest;7
4015;214;166;1;land;false;forest;7
4016;156;143;1;land;false;plains;7
4017;167;184;1;land;false;forest;7
4018;155;147;1;land;true;forest;7
4019;180;144;1;land;true;forest;7
4020;165;177;1;land;false;forest;7
4021;209;176;1;land;false;plains;7
4022;158;201;1;land;false;plains;7
4023;204;148;1;land;false;forest;7
4024;161;158;1;land;false;plains;7
4025;179;190;1;land;false;forest;7
4026;188;171;1;land;false;plains;7
4027;216;179;1;land;false;forest;7
4028;195;181;1;land;false;plains;7
4029;206;154;1;land;true;forest;7
4030;201;204;1;land;false;plains;7
4031;195;173;1;land;false;plains;7
4032;156;148;1;land;false;forest;7
4033;158;200;1;land;false;forest;7
4034;197;195;1;land;false;forest;7
4035;100;136;1;land;false;plains;7
4036;81;110;1;land;false;urban;7
4037;51;145;1;land;false;plains;7
4038;30;89;1;land;false;urban;7
4039;61;149;1;land;false;urban;7
4040;51;126;1;land;false;forest;7
4041;85;90;1;land;false;plains;7
4042;70;95;1;land;false;plains;7
4043;67;233;1;land;false;forest;7
4044;67;225;1;land;false;urban;7
4045;49;236;1;land;true;forest;7
4046;60;218;1;land;true;forest;7
4047;60;237;1;land;false;urban;7
4048;115;234;1;land;true;forest;7
4049;101;254;1;land;true;forest;7
4050;63;214;1;land;true;forest;7
4051;94;219;1;land;true;forest;7
4052;85;221;1;land;false;urban;7
4053;49;215;1;land;false;forest;7
4054;113;221;1;land;false;forest;7
4055;105;231;1;land;true;forest;7
4056;130;141;1;land;false;forest;7
4057;89;101;1;land;false;forest;7
4058;98;136;1;land;false;urban;7
4059;146;165;1;land;false;forest;7
4060;125;169;1;land;false;forest;7
4061;107;167;1;land;false;forest;7
4062;97;134;1;land;false;forest;7
4063;131;141;1;land;false;forest;7
4064;104;100;1;land;false;forest;7
4065;144;149;1;land;false;urban;7
4066;129;148;1;land;false;forest;7
4067;123;160;1;land;false;forest;7
4068;133;143;1;land;false;forest;7
4069;149;171;1;land;false;urban;7
4070;147;162;1;land;false;forest;7
4071;90;134;1;land;false;forest;7
4072;112;165;1;land;false;urban;7
4073;111;132;1;land;false;forest;7
4074;80;143;1;land;false;forest;7
4075;72;132;1;land;false;forest;7
4076;129;138;1;land;false;forest;7
4077;92;172;1;land;false;forest;7
4078;100;120;1;land;false;forest;7
4079;85;175;1;land;false;forest;7
4080;114;128;1;land;false;forest;7
4081;128;112;1;land;false;forest;7
4082;76;110;1;land;false;urban;7
4083;106;125;1;land;false;plains;7
4084;69;130;1;land;false;plains;7
4085;68;170;1;land;false;plains;7
4086;103;117;1;land;false;urban;7
4087;88;149;1;land;false;forest;7
4088;108;118;1;land;false;forest;7
4089;6;226;1;land;false;forest;7
4090;33;195;1;land;false;forest;7
4091;65;185;1;land;false;plains;7
4092;0;254;1;land;false;plains;7
4093;36;185;1;land;false;forest;7
4094;44;217;1;land;false;plains;7
4095;24;254;1;land;false;plains;7
4096;56;187;1;land;false;forest;7
4097;54;235;1;land;false;plains;7
4098;36;249;1;land;false;forest;7
4099;17;239;1;land;false;forest;7
4100;32;181;1;land;false;plains;7
4101;47;217;1;land;false;plains;7
4102;10;243;1;land;false;forest;7
4103;43;83;1;land;false;urban;7
4104;28;96;1;land;false;forest;7
4105;76;125;1;land;false;forest;7
4106;32;84;1;land;false;forest;7
4107;70;121;1;land;false;forest;7
4108;30;126;1;land;false;urban;7
4109;55;120;1;land;false;forest;7
4110;32;92;1;land;false;forest;7
4111;54;147;1;land;false;forest;7
4112;81;98;1;land;false;urban;7
4113;251;197;1;land;false;plains;7
4114;242;243;1;land;false;urban;7
4115;205;231;1;land;false;plains;7
4116;227;232;1;land;false;plains;7
4117;219;183;1;land;false;plains;7
4118;205;188;1;land;false;urban;7
4119;222;239;1;land;false;plains;7
4120;230;198;1;land;false;plains;7
4121;249;220;1;land;false;plains;7
4122;177;68;1;land;false;forest;7
4123;165;131;1;land;false;forest;7
4124;218;96;1;land;false;forest;7
4125;184;65;1;land;false;forest;7
4126;147;94;1;land;false;plains;7
4127;180;108;1;land;false;forest;7
4128;186;90;1;land;false;plains;7
4129;143;115;1;land;false;urban;7
4130;177;132;1;land;false;forest;7
4131;181;120;1;land;false;forest;7
4132;187;124;1;land;false;forest;7
4133;174;37;1;land;false;forest;7
4134;238;37;1;land;false;forest;7
4135;214;7;1;land;false;forest;7
4136;196;38;1;land;false;urban;7
4137;247;28;1;land;false;plains;7
4138;195;13;1;land;false;plains;7
4139;207;21;1;land;false;forest;7
4140;132;58;1;land;false;plains;7
4141;137;88;1;land;false;forest;7
4142;170;83;1;land;false;urban;7
4143;137;76;1;land;false;plains;7
4144;173;67;1;land;false;plains;7
4145;135;66;1;land;false;urban;7
4146;177;48;1;land;false;plains;7
4147;135;85;1;land;false;plains;7
4148;108;84;1;land;false;forest;7
4149;178;91;1;land;false;urban;7
4150;164;50;1;land;false;desert;7
4151;165;109;1;land;false;plains;7
4152;112;74;1;land;false;forest;7
4153;107;69;1;land;false;plains;7
4154;173;79;1;land;false;plains;7
4155;156;99;1;land;false;urban;7
4156;138;61;1;land;false;urban;7
4157;172;56;1;land;false;plains;7
4158;113;74;1;land;false;forest;7
4159;126;102;1;land;false;forest;7
4160;104;86;1;land;false;urban;7
4161;107;75;1;land;false;plains;7
4162;149;52;1;land;false;urban;7
4163;168;58;1;land;false;plains;7
4164;154;156;1;land;false;plains;7
4165;198;180;1;land;false;plains;7
4166;166;179;1;land;false;urban;7
4167;171;148;1;land;false;urban;7
4168;205;129;1;land;false;urban;7
4169;166;21;1;land;false;forest;7
4170;230;21;1;land;false;forest;7
4171;208;7;1;land;false;forest;7
4172;178;27;1;land;true;plains;7
4173;164;12;1;land;false;forest;7
4174;213;44;1;land;true;forest;7
4175;185;58;1;land;true;forest;7
4176;178;58;1;land;false;forest;7
4177;226;0;1;land;false;forest;7
4178;175;19;1;land;true;forest;7
4179;153;11;1;land;true;forest;7
4180;176;18;1;land;false;forest;7
4181;189;9;1;land;true;forest;7
4182;217;47;1;land;true;urban;7
4183;208;53;1;land;false;plains;7
4184;205;7;1;land;false;urban;7
4185;215;51;1;land;false;plains;7
4186;225;21;1;land;false;urban;7
4187;208;59;1;land;false;forest;7
4188;222;47;1;land;false;forest;7
4189;237;63;1;land;false;forest;7
4190;250;42;1;land;false;urban;7
4191;199;57;1;land;false;forest;7
4192;217;19;1;land;false;forest;7
4193;231;16;1;land;false;forest;7
4194;238;58;1;land;false;forest;7
4195;66;161;1;land;false;plains;7
4196;23;180;1;land;false;plains;7
4197;27;159;1;land;false;urban;7
4198;63;230;1;land;false;plains;7
4199;67;177;1;land;false;plains;7
4200;24;186;1;land;false;plains;7
4201;26;236;1;land;false;plains;7
4202;18;204;1;land;false;plains;7
4203;37;174;1;land;false;urban;7
4204;88;213;1;land;false;plains;7
4205;27;214;1;land;false;plains;7
4206;77;187;1;land;false;plains;7
4207;77;216;1;land;false;urban;7
4208;15;236;1;land;false;plains;7
4209;73;206;1;land;false;plains;7
4210;20;198;1;land;false;urban;7
4211;82;15;1;land;false;forest;7
4212;74;34;1;land;false;urban;7
4213;41;32;1;land;false;forest;7
4214;53;34;1;land;false;urban;7
4215;51;32;1;land;false;forest;7
4216;72;1;1;land;false;urban;7
4217;99;37;1;land;false;urban;7
4218;50;25;1;land;false;plains;7
4219;156;220;1;land;false;plains;7
4220;149;215;1;land;false;plains;7
4221;167;221;1;land;false;plains;7
4222;225;204;1;land;false;urban;7
4223;233;241;1;land;false;urban;7
4224;233;245;1;land;false;urban;7
4225;232;231;1;land;false;plains;7
4226;88;204;1;land;false;plains;7
4227;28;194;1;land;false;plains;7
4228;59;236;1;land;false;plains;7
4229;34;190;1;land;false;plains;7
4230;45;179;1;land;false;plains;7
4231;50;181;1;land;false;plains;7
4232;56;209;1;land;false;plains;7
4233;69;202;1;land;false;plains;7
4234;39;194;1;land;false;plains;7
4235;39;217;1;land;false;plains;7
4236;23;211;1;land;false;plains;7
4237;99;198;1;land;false;plains;7
4238;61;202;1;land;false;plains;7
4239;91;217;1;land;false;plains;7
4240;67;75;1;land;true;plains;7
4241;56;69;1;land;true;urban;7
4242;69;94;1;land;true;forest;7
4243;71;48;1;land;true;forest;7
4244;27;108;1;land;true;plains;7
4245;24;115;1;land;true;plains;7
4246;22;62;1;land;true;plains;7
4247;77;103;1;land;true;urban;7
4248;136;47;1;land;false;plains;7
4249;148;67;1;land;false;plains;7
4250;111;80;1;land;false;plains;7
4251;160;64;1;land;false;plains;7
4252;114;59;1;land;false;plains;7
4253;156;61;1;land;false;urban;7
4254;139;53;1;land;false;plains;7
4255;99;171;1;land;false;forest;7
4256;69;206;1;land;false;urban;7
4257;106;183;1;land;false;forest;7
4258;104;193;1;land;false;forest;7
4259;173;84;1;land;false;plains;7
4260;128;24;1;land;false;urban;7
4261;142;45;1;land;false;plains;7
4262;190;99;1;land;false;plains;7
4263;175;30;1;land;false;forest;7
4264;135;47;1;land;false;plains;7
4265;139;45;1;land;false;plains;7
4266;156;22;1;land;false;plains;7
4267;126;218;1;land;false;urban;7
4268;75;146;1;land;false;forest;7
4269;104;212;1;land;false;plains;7
4270;134;146;1;land;false;forest;7
4271;143;197;1;land;false;forest;7
4272;135;189;1;land;false;urban;7
4273;107;195;1;land;false;urban;7
4274;150;183;1;land;false;forest;7
4275;92;175;1;land;false;forest;7
4276;146;177;1;land;false;forest;7
4277;146;214;1;land;false;urban;7
4278;99;197;1;land;false;forest;7
4279;132;2;1;land;false;forest;7
4280;112;12;1;land;false;forest;7
4281;137;27;1;land;false;forest;7
4282;95;5;1;land;false;forest;7
4283;182;199;1;land;false;urban;7
4284;140;225;1;land;false;plains;7
4285;138;203;1;land;false;urban;7
4286;154;243;1;land;false;plains;7
4287;172;241;1;land;false;urban;7
4288;205;204;1;land;false;urban;7
4289;177;245;1;land;false;plains;7
4290;164;221;1;land;false;plains;7
4291;184;236;1;land;false;urban;7
4292;179;222;1;land;false;plains;7
4293;186;25;1;land;false;forest;7
4294;163;73;1;land;false;urban;7
4295;197;63;1;land;true;forest;7
4296;146;46;1;land;false;urban;7
4297;216;74;1;land;true;forest;7
4298;147;73;1;land;false;forest;7
4299;178;71;1;land;false;plains;7
4300;166;42;1;land;false;forest;7
4301;217;58;1;land;false;forest;7
4302;157;54;1;land;false;urban;7
4303;214;9;1;land;false;urban;7
4304;157;73;1;land;false;plains;7
4305;188;15;1;land;true;forest;7
4306;249;20;1;land;false;forest;7
4307;225;40;1;land;false;urban;7
4308;236;18;1;land;false;forest;7
4309;254;25;1;land;false;urban;7
4310;237;31;1;land;true;forest;7
4311;220;26;1;land;false;urban;7
4312;246;35;1;land;false;urban;7
4313;226;32;1;land;false;forest;7
4314;224;0;1;land;false;forest;7
4315;244;39;1;land;false;urban;7
4316;227;48;1;land;false;forest;7
4317;222;35;1;land;true;forest;7
4318;231;28;1;land;true;forest;7
4319;223;26;1;land;false;urban;7
4320;247;19;1;land;false;urban;7
4321;229;17;1;land;true;forest;7
4322;163;204;1;land;false;plains;7
4323;159;203;1;land;false;forest;7
4324;158;253;1;land;false;plains;7
4325;136;225;1;land;false;plains;7
4326;133;204;1;land;false;plains;7
4327;176;214;1;land;false;plains;7
4328;132;235;1;land;false;plains;7
4329;195;219;1;land;false;plains;7
4330;147;229;1;land;false;forest;7
4331;188;234;1;land;false;plains;7
4332;207;217;1;land;false;plains;7
4333;210;213;1;land;false;plains;7
4334;137;250;1;land;false;forest;7
4335;171;249;1;land;false;plains;7
4336;206;202;1;land;false;forest;7
4337;193;149;1;land;false;plains;7
4338;165;102;1;land;false;plains;7
4339;132;154;1;land;false;plains;7
4340;155;125;1;land;false;forest;7
4341;179;146;1;land;false;plains;7
4342;146;150;1;land;false;plains;7
4343;167;84;1;land;false;plains;7
4344;136;83;1;land;false;forest;7
4345;201;130;1;land;false;plains;7
4346;185;130;1;land;false;forest;7
4347;182;94;1;land;false;plains;7
4348;19;229;1;land;false;plains;7
4349;56;253;1;land;false;plains;7
4350;18;205;1;land;false;plains;7
4351;2;235;1;land;false;urban;7
4352;29;201;1;land;false;plains;7
4353;9;240;1;land;false;plains;7
4354;26;211;1;land;false;plains;7
4355;33;209;1;land;false;plains;7
4356;49;224;1;land;false;plains;7
4357;243;125;1;land;false;plains;7
4358;238;92;1;land;false;plains;7
4359;220;103;1;land;false;urban;7
4360;228;49;1;land;false;plains;7
4361;240;90;1;land;false;forest;7
4362;240;110;1;land;false;forest;7
4363;238;87;1;land;false;forest;7
4364;203;123;1;land;false;forest;7
4365;251;54;1;land;false;forest;7
4366;228;116;1;land;false;forest;7
4367;211;100;1;land;false;urban;7
4368;96;98;1;land;false;plains;7
4369;85;65;1;land;false;plains;7
4370;55;112;1;land;true;plains;7
4371;62;104;1;land;false;forest;7
4372;54;125;1;land;false;forest;7
4373;73;124;1;land;false;forest;7
4374;109;79;1;land;false;forest;7
4375;58;99;1;land;true;plains;7
4376;125;131;1;land;false;urban;7
4377;111;82;1;land;false;plains;7
4378;82;64;1;land;false;forest;7
4379;81;82;1;land;false;plains;7
4380;122;107;1;land;true;plains;7
4381;116;70;1;land;false;forest;7
4382;215;243;1;land;false;urban;7
4383;248;225;1;land;false;urban;7
4384;204;213;1;land;false;plains;7
4385;193;238;1;land;false;plains;7
4386;194;221;1;land;false;plains;7
4387;193;202;1;land;false;plains;7
4388;207;199;1;land;false;plains;7
4389;212;213;1;land;false;plains;7
4390;185;232;1;land;false;plains;7
4391;225;232;1;land;false;plains;7
4392;192;183;1;land;false;plains;7
4393;219;222;1;land;false;plains;7
4394;248;212;1;land;false;plains;7
4395;189;217;1;land;false;plains;7
4396;215;208;1;land;false;plains;7
4397;210;228;1;land;false;plains;7
4398;185;207;1;land;false;plains;7
4399;225;222;1;land;false;plains;7
4400;232;236;1;land;false;plains;7
4401;254;245;1;land;false;urban;7
4402;184;244;1;land;false;plains;7
4403;213;43;1;land;false;forest;7
4404;149;55;1;land;false;plains;7
4405;200;76;1;land;false;plains;7
4406;166;77;1;land;false;urban;7
4407;164;61;1;land;false;forest;7
4408;206;108;1;land;false;plains;7
4409;196;89;1;land;false;urban;7
4410;218;45;1;land;false;plains;7
4411;216;92;1;land;false;forest;7
4412;217;82;1;land;true;plains;7
4413;170;94;1;land;true;plains;7
4414;182;43;1;land;false;plains;7
4415;181;62;1;land;false;urban;7
4416;204;41;1;land;false;forest;7
4417;181;31;1;land;false;urban;7
4418;188;47;1;land;false;plains;7
4419;151;82;1;land;false;urban;7
4420;148;55;1;land;false;forest;7
4421;151;98;1;land;false;plains;7
4422;146;62;1;land;false;forest;7
4423;195;30;1;land;false;forest;7
4424;193;51;1;land;false;forest;7
4425;181;100;1;land;false;plains;7
4426;159;104;1;land;false;plains;7
4427;122;189;1;land;false;forest;7
4428;92;239;1;land;false;plains;7
4429;52;178;1;land;false;plains;7
4430;89;182;1;land;false;urban;7
4431;64;229;1;land;false;forest;7
4432;80;167;1;land;false;urban;7
4433;94;241;1;land;false;forest;7
4434;44;215;1;land;false;plains;7
4435;101;16;1;land;false;forest;7
4436;87;30;1;land;false;forest;7
4437;83;53;1;land;false;urban;7
4438;86;20;1;land;false;forest;7
4439;123;10;1;land;false;forest;7
4440;100;49;1;land;false;forest;7
4441;77;30;1;land;false;forest;7
4442;87;38;1;land;false;forest;7
4443;131;80;1;land;false;plains;7
4444;135;53;1;land;false;forest;7
4445;113;68;1;land;false;urban;7
4446;94;83;1;land;false;forest;7
4447;83;179;1;land;false;plains;7
4448;68;158;1;land;false;plains;7
4449;139;153;1;land;false;plains;7
4450;77;150;1;land;false;urban;7
4451;69;164;1;land;false;urban;7
4452;74;162;1;land;false;plains;7
4453;176;79;1;land;false;forest;7
4454;223;41;1;land;false;urban;7
4455;224;20;1;land;false;urban;7
4456;214;17;1;land;false;plains;7
4457;179;83;1;land;false;forest;7
4458;241;31;1;land;false;forest;7
4459;220;86;1;land;false;urban;7
4460;206;75;1;land;false;forest;7
4461;225;55;1;land;false;plains;7
4462;138;146;1;land;true;plains;1
4463;188;177;1;land;false;urban;7
4464;146;147;1;land;true;plains;1
4465;201;178;1;land;false;plains;7
4466;182;192;1;land;false;urban;7
4467;191;166;1;land;false;plains;1
4468;207;126;1;land;false;plains;7
4469;193;135;1;land;true;plains;1
4470;200;168;1;land;false;plains;1
4471;34;216;1;land;false;urban;7
4472;26;249;1;land;true;forest;7
4473;37;248;1;land;true;urban;7
4474;34;212;1;land;false;plains;7
4475;46;230;1;land;true;forest;7
4476;74;211;1;land;false;urban;7
4477;41;210;1;land;true;forest;7
4478;71;226;1;land;true;urban;7
4479;17;212;1;land;false;urban;7
4480;71;233;1;land;false;urban;7
4481;15;229;1;land;true;urban;7
4482;43;224;1;land;true;plains;7
4483;38;244;1;land;false;urban;7
4484;74;214;1;land;false;urban;7
4485;29;217;1;land;false;plains;7
4486;21;249;1;land;false;plains;7
4487;15;243;1;land;false;urban;7
4488;42;246;1;land;false;forest;7
4489;36;234;1;land;false;plains;7
4490;225;248;1;land;false;forest;7
4491;221;234;1;land;false;forest;7
4492;199;218;1;land;false;urban;7
4493;227;245;1;land;false;forest;7
4494;229;231;1;land;false;plains;7
4495;193;236;1;land;false;forest;7
4496;108;15;1;land;false;forest;7
4497;98;27;1;land;false;forest;7
4498;41;27;1;land;false;forest;7
4499;50;40;1;land;false;forest;7
4500;101;23;1;land;false;plains;7
4501;116;37;1;land;false;plains;7
4502;51;36;1;land;false;plains;7
4503;107;20;1;land;false;plains;7
4504;64;31;1;land;false;forest;7
4505;43;16;1;land;false;plains;7
4506;113;14;1;land;false;forest;7
4507;78;22;1;land;false;forest;7
4508;12;143;1;land;true;forest;7
4509;70;131;1;land;false;forest;7
4510;64;76;1;land;false;urban;7
4511;60;74;1;land;false;urban;7
4512;54;133;1;land;false;urban;7
4513;80;139;1;land;false;forest;7
4514;66;84;1;land;true;plains;7
4515;61;131;1;land;true;forest;7
4516;56;91;1;land;false;urban;7
4517;242;244;1;land;false;forest;7
4518;253;235;1;land;false;plains;7
4519;233;223;1;land;false;plains;7
4520;231;251;1;land;false;plains;7
4521;247;254;1;land;false;urban;7
4522;222;227;1;land;false;forest;7
4523;236;246;1;land;false;plains;7
4524;250;207;1;land;false;forest;7
4525;241;191;1;land;false;plains;7
4526;228;245;1;land;false;forest;7
4527;175;193;1;land;false;urban;7
4528;146;175;1;land;false;plains;7
4529;210;163;1;land;false;urban;7
4530;153;190;1;land;false;plains;7
4531;192;210;1;land;false;plains;7
4532;209;171;1;land;false;plains;7
4533;140;222;1;land;false;plains;7
4534;224;43;1;land;false;plains;7
4535;214;48;1;land;false;urban;7
4536;204;92;1;land;false;urban;7
4537;221;66;1;land;false;urban;7
4538;245;57;1;land;false;plains;7
4539;215;85;1;land;false;plains;7
4540;233;37;1;land;false;plains;7
4541;245;59;1;land;false;plains;7
4542;97;150;1;land;false;plains;7
4543;56;138;1;land;false;urban;7
4544;69;165;1;land;false;plains;7
4545;56;184;1;land;false;plains;7
4546;107;145;1;land;false;plains;7
4547;86;173;1;land;false;forest;7
4548;118;200;1;land;false;desert;7
4549;96;147;1;land;false;plains;7
4550;216;249;1;land;false;plains;7
4551;204;253;1;land;false;plains;7
4552;38;208;1;land;false;urban;7
4553;22;237;1;land;false;forest;7
4554;28;239;1;land;false;forest;7
4555;83;214;1;land;false;forest;7
4556;72;218;1;land;false;urban;7
4557;19;219;1;land;false;urban;7
4558;67;246;1;land;false;forest;7
4559;76;210;1;land;false;forest;7
4560;10;233;1;land;false;urban;7
4561;65;239;1;land;false;forest;7
4562;62;228;1;land;false;urban;7
4563;83;213;1;land;false;urban;7
4564;82;235;1;land;false;forest;7
4565;200;110;1;land;false;plains;7
4566;215;95;1;land;false;urban;7
4567;236;73;1;land;false;plains;7
4568;217;118;1;land;false;plains;7
4569;209;109;1;land;false;plains;7
4570;253;53;1;land;false;plains;7
4571;223;91;1;land;false;plains;7
4572;191;119;1;land;false;urban;7
4573;202;55;1;land;false;plains;7
4574;198;56;1;land;false;plains;7
4575;107;74;1;land;true;urban;7
4576;60;103;1;land;false;urban;7
4577;39;52;1;land;false;plains;7
4578;67;99;1;land;false;forest;7
4579;72;64;1;land;false;plains;7
4580;252;29;1;land;false;forest;7
4581;215;94;1;land;false;urban;7
4582;248;17;1;land;false;urban;7
4583;225;50;1;land;false;forest;7
4584;221;40;1;land;true;forest;7
4585;251;32;1;land;false;forest;7
4586;247;70;1;land;false;urban;7
4587;223;75;1;land;false;urban;7
4588;227;21;1;land;false;forest;7
4589;212;40;1;land;false;forest;7
4590;229;62;1;land;false;urban;7
4591;241;36;1;land;true;urban;7
4592;209;83;1;land;false;urban;7
4593;229;24;1;land;false;forest;7
4594;221;26;1;land;false;forest;7
4595;253;18;1;land;false;urban;7
4596;218;87;1;land;false;urban;7
4597;191;186;1;land;false;plains;7
4598;144;156;1;land;false;plains;7
4599;176;135;1;land;false;urban;7
4600;192;130;1;land;false;plains;7
4601;173;158;1;land;false;urban;7
4602;142;134;1;land;false;forest;7
4603;148;145;1;land;false;plains;7
4604;58;42;1;land;false;plains;7
4605;80;41;1;land;false;urban;7
4606;106;4;1;land;false;plains;7
4607;130;33;1;land;false;plains;7
4608;124;7;1;land;false;plains;7
4609;118;8;1;land;false;urban;7
4610;218;109;1;land;false;urban;7
4611;175;109;1;land;false;plains;7
4612;160;133;1;land;false;urban;7
4613;189;141;1;land;false;urban;7
4614;160;138;1;land;false;plains;7
4615;231;100;1;land;false;plains;7
4616;192;93;1;land;false;plains;7
4617;51;88;1;land;false;urban;7
4618;25;124;1;land;false;plains;7
4619;7;110;1;land;false;plains;7
4620;16;212;1;land;false;urban;7
4621;6;197;1;land;false;plains;7
4622;124;95;1;land;false;plains;7
4623;141;118;1;land;false;plains;7
4624;115;127;1;land;false;forest;7
4625;109;125;1;land;false;plains;7
4626;145;124;1;land;false;forest;7
4627;88;81;1;land;false;plains;7
4628;36;57;1;land;true;forest;7
4629;53;49;1;land;false;urban;7
4630;46;87;1;land;false;forest;7
4631;35;35;1;land;false;urban;7
4632;67;46;1;land;false;forest;7
4633;75;51;1;land;false;urban;7
4634;45;84;1;land;true;plains;7
4635;1;37;1;land;false;forest;7
4636;15;79;1;land;false;urban;7
4637;29;53;1;land;false;plains;7
4638;1;33;1;land;true;urban;7
4639;27;87;1;land;false;urban;7
4640;0;40;1;land;false;forest;7
4641;20;40;1;land;false;forest;7
4642;24;62;1;land;false;urban;7
4643;86;115;1;land;false;plains;7
4644;84;106;1;land;false;forest;7
4645;43;109;1;land;false;plains;7
4646;51;79;1;land;false;plains;7
4647;54;88;1;land;true;plains;7
4648;42;147;1;land;true;forest;7
4649;83;136;1;land;false;plains;7
4650;52;78;1;land;false;plains;7
4651;61;147;1;land;false;plains;7
4652;27;113;1;land;false;plains;7
4653;82;86;1;land;false;plains;7
4654;93;112;1;land;false;plains;7
4655;69;84;1;land;true;plains;7
4656;38;139;1;land;false;forest;7
4657;49;127;1;land;false;forest;7
4658;55;134;1;land;false;plains;7
4659;167;146;1;land;false;urban;7
4660;185;78;1;land;false;forest;7
4661;196;92;1;land;false;urban;7
4662;183;108;1;land;false;urban;7
4663;139;139;1;land;false;urban;7
4664;175;125;1;land;false;urban;7
4665;185;142;1;land;false;plains;7
4666;190;106;1;land;false;plains;7
4667;202;108;1;land;false;plains;7
4668;157;136;1;land;false;plains;7
4669;134;127;1;land;false;forest;7
4670;187;147;1;land;false;plains;7
4671;163;122;1;land;false;forest;7
4672;125;122;1;land;false;forest;7
4673;143;106;1;land;false;plains;7
4674;138;75;1;land;false;urban;7
4675;152;101;1;land;false;plains;7
4676;25;226;1;land;false;plains;7
4677;53;239;1;land;false;plains;7
4678;48;226;1;land;false;forest;7
4679;42;224;1;land;false;plains;7
4680;40;210;1;land;false;urban;7
4681;5;216;1;land;false;plains;7
4682;23;205;1;land;false;plains;7
4683;30;226;1;land;false;forest;7
4684;65;105;1;land;false;plains;7
4685;45;102;1;land;false;urban;7
4686;73;103;1;land;false;plains;7
4687;106;81;1;land;false;urban;7
4688;119;89;1;land;false;plains;7
4689;91;118;1;land;false;plains;7
4690;5;56;1;land;false;urban;7
4691;4;72;1;land;false;urban;7
4692;25;32;1;land;false;plains;7
4693;68;155;1;land;false;plains;7
4694;137;186;1;land;false;plains;7
4695;126;199;1;land;false;urban;7
4696;81;141;1;land;false;plains;7
4697;96;185;1;land;false;plains;7
4698;123;212;1;land;false;plains;7
4699;95;159;1;land;false;plains;7
4700;71;211;1;land;false;plains;7
4701;138;141;1;land;false;plains;7
4702;136;195;1;land;false;plains;7
4703;143;209;1;land;false;plains;7
4704;130;217;1;land;false;plains;7
4705;130;182;1;land;false;urban;7
4706;119;168;1;land;false;plains;7
4707;57;180;1;land;false;plains;7
4708;49;167;1;land;false;plains;7
4709;0;207;1;land;false;urban;7
4710;64;182;1;land;false;plains;7
4711;239;172;1;land;false;plains;7
4712;206;164;1;land;false;urban;7
4713;183;168;1;land;false;plains;7
4714;178;122;1;land;false;plains;7
4715;218;157;1;land;false;plains;7
4716;228;156;1;land;false;urban;7
4717;199;192;1;land;false;plains;7
4718;184;124;1;land;false;urban;7
4719;222;158;1;land;false;plains;7
4720;187;166;1;land;false;urban;7
4721;217;132;1;land;false;plains;7
4722;221;166;1;land;false;plains;7
4723;181;167;1;land;false;urban;7
4724;222;122;1;land;false;plains;7
4725;227;158;1;land;false;urban;7
4726;242;184;1;land;false;desert;7
4727;243;131;1;land;false;plains;7
4728;170;23;1;land;false;urban;7
4729;205;38;1;land;false;forest;7
4730;218;39;1;land;false;plains;7
4731;229;61;1;land;false;forest;7
4732;114;112;1;land;false;plains;7
4733;131;120;1;land;false;forest;7
4734;104;95;1;land;true;plains;7
4735;121;93;1;land;false;forest;7
4736;122;130;1;land;false;urban;7
4737;107;127;1;land;false;forest;7
4738;130;110;1;land;false;forest;7
4739;161;136;1;land;false;forest;7
4740;132;103;1;land;false;plains;7
4741;84;89;1;land;false;forest;7
4742;113;143;1;land;false;urban;7
4743;132;160;1;land;true;forest;7
4744;110;121;1;land;true;plains;7
4745;150;107;1;land;true;plains;7
4746;120;119;1;land;false;urban;7
4747;95;99;1;land;false;urban;7
4748;104;105;1;land;false;urban;7
4749;91;136;1;land;true;plains;7
4750;163;98;1;land;false;forest;7
4751;140;140;1;land;true;plains;7
4752;158;104;1;land;false;forest;7
4753;148;16;1;land;false;plains;7
4754;117;44;1;land;false;plains;7
4755;126;37;1;land;false;plains;7
4756;119;39;1;land;false;plains;7
4757;98;31;1;land;false;plains;7
4758;131;29;1;land;false;urban;7
4759;206;240;1;land;false;forest;7
4760;196;210;1;land;false;urban;7
4761;171;196;1;land;true;urban;7
4762;221;241;1;land;true;urban;7
4763;215;237;1;land;true;urban;7
4764;151;229;1;land;false;urban;7
4765;154;225;1;land;true;forest;7
4766;213;208;1;land;true;forest;7
4767;187;251;1;land;false;urban;7
4768;180;245;1;land;false;forest;7
4769;193;247;1;land;false;forest;7
4770;210;226;1;land;true;urban;7
4771;174;239;1;land;false;forest;7
4772;54;61;1;land;false;forest;7
4773;66;80;1;land;false;plains;7
4774;32;64;1;land;false;plains;7
4775;27;74;1;land;false;plains;7
4776;41;108;1;land;false;plains;7
4777;54;84;1;land;false;urban;7
4778;43;61;1;land;false;plains;7
4779;4;78;1;land;false;plains;7
4780;23;57;1;land;false;urban;7
4781;40;66;1;land;false;urban;7
4782;18;109;1;land;false;urban;7
4783;8;99;1;land;false;plains;7
4784;36;116;1;land;false;forest;7
4785;11;70;1;land;false;urban;7
4786;122;226;1;land;false;plains;7
4787;118;213;1;land;false;jungle;7
4788;93;223;1;land;false;plains;7
4789;75;240;1;land;false;plains;7
4790;97;180;1;land;false;forest;7
4791;124;187;1;land;false;forest;7
4792;142;237;1;land;false;plains;7
4793;94;212;1;land;false;plains;7
4794;116;248;1;land;false;plains;7
4795;118;198;1;land;false;plains;7
4796;111;210;1;land;false;plains;7
4797;142;243;1;land;false;plains;7
4798;110;69;1;land;false;forest;7
4799;107;56;1;land;false;forest;7
4800;129;106;1;land;false;urban;7
4801;128;131;1;land;false;plains;7
4802;117;99;1;land;false;forest;7
4803;179;223;1;land;false;plains;7
4804;180;211;1;land;false;plains;7
4805;205;228;1;land;false;plains;7
4806;229;245;1;land;false;urban;7
4807;227;197;1;land;false;urban;7
4808;230;231;1;land;false;forest;7
4809;227;241;1;land;false;urban;7
4810;208;207;1;land;false;forest;7
4811;225;241;1;land;false;plains;7
4812;223;185;1;land;false;urban;7
4813;249;230;1;land;false;plains;7
4814;233;197;1;land;false;forest;7
4815;27;57;1;land;true;jungle;2
4816;167;138;1;land;false;plains;7
4817;133;142;1;land;false;plains;7
4818;160;131;1;land;false;urban;7
4819;166;133;1;land;false;urban;7
4820;139;105;1;land;false;urban;7
4821;160;106;1;land;false;urban;7
4822;142;164;1;land;false;urban;7
4823;135;175;1;land;false;forest;7
4824;174;168;1;land;false;urban;7
4825;122;146;1;land;false;urban;7
4826;168;164;1;land;false;plains;7
4827;163;209;1;land;false;plains;7
4828;163;185;1;land;false;desert;7
4829;99;145;1;land;false;plains;7
4830;114;150;1;land;false;plains;7
4831;125;157;1;land;false;plains;7
4832;135;203;1;land;false;plains;7
4833;153;163;1;land;false;forest;7
4834;156;209;1;land;false;desert;7
4835;130;162;1;land;false;plains;7
4836;144;205;1;land;false;plains;7
4837;71;25;1;land;false;forest;7
4838;17;15;1;land;false;plains;7
4839;59;58;1;land;false;urban;7
4840;81;37;1;land;false;plains;7
4841;60;29;1;land;false;forest;7
4842;52;21;1;land;false;urban;7
4843;33;23;1;land;false;forest;7
4844;54;47;1;land;false;plains;7
4845;28;41;1;land;false;plains;7
4846;165;30;1;land;false;forest;7
4847;174;23;1;land;false;plains;7
4848;153;26;1;land;false;forest;7
4849;129;3;1;land;false;forest;7
4850;152;59;1;land;false;plains;7
4851;180;56;1;land;false;plains;7
4852;140;13;1;land;false;plains;7
4853;162;55;1;land;false;plains;7
4854;119;24;1;land;false;forest;7
4855;118;58;1;land;false;plains;7
4856;187;57;1;land;false;forest;7
4857;229;22;1;land;false;urban;7
4858;231;32;1;land;false;urban;7
4859;227;22;1;land;false;plains;7
4860;233;31;1;land;false;plains;7
4861;248;32;1;land;false;plains;7
4862;217;23;1;land;false;urban;7
4863;235;21;1;land;false;plains;7
4864;246;4;1;land;false;plains;7
4865;216;1;1;land;false;urban;7
4866;253;10;1;land;false;plains;7
4867;216;25;1;land;false;urban;7
4868;222;0;1;land;false;urban;7
4869;232;151;1;land;false;plains;7
4870;220;132;1;land;false;urban;7
4871;239;119;1;land;false;plains;7
4872;224;152;1;land;false;forest;7
4873;222;176;1;land;false;forest;7
4874;241;174;1;land;false;plains;7
4875;218;173;1;land;false;plains;7
4876;231;105;1;land;false;plains;7
4877;146;196;1;land;false;plains;7
4878;164;122;1;land;false;forest;7
4879;170;134;1;land;false;plains;7
4880;207;124;1;land;false;plains;7
4881;134;72;1;land;true;forest;7
4882;137;78;1;land;false;urban;7
4883;169;90;1;land;false;forest;7
4884;171;128;1;land;false;forest;7
4885;179;104;1;land;false;urban;7
4886;162;136;1;land;true;urban;7
4887;157;116;1;land;false;forest;7
4888;168;148;1;land;true;forest;7
4889;167;103;1;land;false;forest;7
4890;158;141;1;land;true;urban;7
4891;170;80;1;land;true;forest;7
4892;179;141;1;land;true;forest;7
4893;205;140;1;land;false;urban;7
4894;152;97;1;land;false;plains;7
4895;150;128;1;land;false;urban;7
4896;100;181;1;land;false;plains;7
4897;96;195;1;land;false;plains;7
4898;74;192;1;land;false;urban;7
4899;50;193;1;land;false;urban;7
4900;98;161;1;land;false;forest;7
4901;97;179;1;land;false;plains;7
4902;70;176;1;land;false;plains;7
4903;88;189;1;land;false;urban;7
4904;109;166;1;land;false;forest;7
4905;61;199;1;land;false;forest;7
4906;122;181;1;land;false;forest;7
4907;87;224;1;land;false;plains;7
4908;91;221;1;land;false;plains;7
4909;77;189;1;land;false;plains;7
4910;117;193;1;land;false;urban;7
4911;68;221;1;land;false;plains;7
4912;125;220;1;land;false;forest;7
4913;107;162;1;land;false;plains;7
4914;103;212;1;land;false;urban;7
4915;89;235;1;land;false;plains;7
4916;127;207;1;land;false;forest;7
4917;109;215;1;land;false;plains;7
4918;115;167;1;land;false;plains;7
4919;152;87;1;land;false;desert;7
4920;143;35;1;land;false;desert;7
4921;176;69;1;land;false;desert;7
4922;124;41;1;land;false;desert;7
4923;119;71;1;land;false;plains;7
4924;191;17;1;land;false;desert;7
4925;163;23;1;land;false;plains;7
4926;38;56;1;land;false;urban;7
4927;18;65;1;land;false;plains;7
4928;9;91;1;land;false;plains;7
4929;28;24;1;land;false;plains;7
4930;40;94;1;land;false;urban;7
4931;6;78;1;land;false;plains;7
4932;27;50;1;land;false;urban;7
4933;35;230;1;land;false;plains;7
4934;84;210;1;land;true;plains;7
4935;65;227;1;land;true;forest;7
4936;64;214;1;land;true;urban;7
4937;68;253;1;land;true;plains;7
4938;68;246;1;land;false;plains;7
4939;130;179;1;land;false;urban;7
4940;108;206;1;land;false;plains;7
4941;115;203;1;land;false;plains;7
4942;144;223;1;land;false;plains;7
4943;134;230;1;land;false;plains;7
4944;122;248;1;land;false;plains;7
4945;129;67;1;land;false;plains;7
4946;153;52;1;land;false;plains;7
4947;147;45;1;land;false;urban;7
4948;144;25;1;land;false;plains;7
4949;150;15;1;land;false;urban;7
4950;132;77;1;land;false;plains;7
4951;136;71;1;land;false;urban;7
4952;160;69;1;land;false;plains;7
4953;239;177;1;land;false;plains;7
4954;232;123;1;land;false;forest;7
4955;239;124;1;land;false;forest;7
4956;220;123;1;land;false;forest;7
4957;205;139;1;land;false;forest;7
4958;252;160;1;land;false;urban;7
4959;243;188;1;land;false;forest;7
4960;246;173;1;land;true;forest;7
4961;253;152;1;land;true;forest;7
4962;230;171;1;land;false;forest;7
4963;253;186;1;land;false;plains;7
4964;211;182;1;land;false;plains;7
4965;252;201;1;land;true;forest;7
4966;91;182;1;land;false;urban;7
4967;67;199;1;land;false;forest;7
4968;78;183;1;land;false;forest;7
4969;87;169;1;land;false;plains;7
4970;75;132;1;land;false;forest;7
4971;81;188;1;land;false;forest;7
4972;87;190;1;land;false;urban;7
4973;77;203;1;land;false;plains;7
4974;66;188;1;land;false;forest;7
4975;224;60;1;land;false;urban;7
4976;228;22;1;land;false;plains;7
4977;163;22;1;land;true;plains;7
4978;205;0;1;land;true;urban;7
4979;237;64;1;land;true;plains;7
4980;235;54;1;land;false;forest;7
4981;204;1;1;land;true;plains;7
4982;173;64;1;land;false;forest;7
4983;218;56;1;land;true;urban;7
4984;178;161;1;land;false;urban;7
4985;236;180;1;land;false;plains;7
4986;211;127;1;land;false;forest;7
4987;238;170;1;land;false;plains;7
4988;197;155;1;land;false;forest;7
4989;208;162;1;land;false;urban;7
4990;227;140;1;land;false;forest;7
4991;183;165;1;land;false;forest;7
4992;191;152;1;land;false;urban;7
4993;148;122;1;land;false;plains;7
4994;144;110;1;land;false;plains;7
4995;147;129;1;land;false;forest;7
4996;97;129;1;land;false;desert;7
4997;33;241;1;land;false;plains;7
4998;38;251;1;land;false;urban;7
4999;71;205;1;land;false;urban;7
5000;52;212;1;land;false;urban;7
5001;42;231;1;land;false;plains;7
5002;50;237;1;land;false;urban;7
5003;38;213;1;land;false;urban;7
5004;43;194;1;land;false;urban;7
5005;56;223;1;land;false;plains;7
5006;121;201;1;land;false;forest;7
5007;103;225;1;land;false;forest;7
5008;82;188;1;land;false;forest;7
5009;79;164;1;land;false;forest;7
5010;125;231;1;land;false;forest;7
5011;74;177;1;land;false;forest;7
5012;118;240;1;land;false;forest;7
5013;91;194;1;land;false;forest;7
5014;120;164;1;land;false;forest;7
5015;136;175;1;land;false;forest;7
5016;98;176;1;land;false;forest;7
5017;190;112;1;land;false;urban;7
5018;130;135;1;land;false;forest;7
5019;173;157;1;land;false;forest;7
5020;187;232;1;land;false;urban;7
5021;179;215;1;land;false;forest;7
5022;173;238;1;land;false;forest;7
5023;169;224;1;land;false;forest;7
5024;182;236;1;land;false;forest;7
5025;206;254;1;land;false;plains;7
5026;197;235;1;land;false;forest;7
5027;0;135;1;land;true;plains;7
5028;28;169;1;land;true;plains;7
5029;19;165;1;land;true;plains;7
5030;12;129;1;land;false;desert;7
5031;39;166;1;land;true;plains;7
5032;53;18;1;land;false;urban;7
5033;65;234;1;land;false;plains;7
5034;66;204;1;land;false;urban;7
5035;84;190;1;land;false;urban;7
5036;134;209;1;land;false;plains;7
5037;80;252;1;land;false;urban;7
5038;128;229;1;land;false;plains;7
5039;64;208;1;land;false;urban;7
5040;11;93;1;land;false;forest;7
5041;28;52;1;land;false;forest;7
5042;37;99;1;land;false;plains;7
5043;9;89;1;land;false;forest;7
5044;37;223;1;land;true;urban;7
5045;27;183;1;land;true;plains;7
5046;48;224;1;land;false;plains;7
5047;2;217;1;land;false;plains;7
5048;48;200;1;land;false;forest;7
5049;17;236;1;land;true;plains;7
5050;92;65;1;land;false;plains;7
5051;111;73;1;land;false;plains;7
5052;125;54;1;land;false;urban;7
5053;89;77;1;land;false;plains;7
5054;112;90;1;land;false;plains;7
5055;74;50;1;land;true;plains;7
5056;79;53;1;land;false;plains;7
5057;138;124;1;land;false;plains;7
5058;169;69;1;land;false;plains;7
5059;152;20;1;land;false;plains;7
5060;205;50;1;land;false;forest;7
5061;209;38;1;land;false;plains;7
5062;201;93;1;land;false;forest;7
5063;188;57;1;land;false;plains;7
5064;200;24;1;land;false;forest;7
5065;28;32;1;land;false;urban;7
5066;36;62;1;land;false;forest;7
5067;8;36;1;land;false;forest;7
5068;10;78;1;land;false;forest;7
5069;60;79;1;land;false;forest;7
5070;46;73;1;land;false;urban;7
5071;201;75;1;land;true;urban;7
5072;166;61;1;land;false;urban;7
5073;198;78;1;land;true;urban;7
5074;212;25;1;land;false;urban;7
5075;228;94;1;land;false;plains;7
5076;237;49;1;land;true;plains;7
5077;219;50;1;land;false;urban;7
5078;187;25;1;land;true;plains;7
5079;201;87;1;land;false;urban;7
5080;211;66;1;land;true;plains;7
5081;208;40;1;land;false;urban;7
5082;185;185;1;land;false;plains;7
5083;212;158;1;land;false;urban;7
5084;176;216;1;land;false;urban;7
5085;210;190;1;land;false;plains;7
5086;221;152;1;land;false;plains;7
5087;182;153;1;land;false;urban;7
5088;244;201;1;land;true;plains;7
5089;242;171;1;land;false;urban;7
5090;200;201;1;land;false;urban;7
5091;253;142;1;land;false;urban;7
5092;176;176;1;land;false;urban;7
5093;235;199;1;land;false;urban;7
5094;232;196;1;land;false;forest;7
5095;231;180;1;land;false;plains;7
5096;200;196;1;land;false;plains;7
5097;204;198;1;land;false;plains;7
5098;230;190;1;land;false;forest;7
5099;249;194;1;land;false;urban;7
5100;198;203;1;land;false;plains;7
5101;199;217;1;land;false;plains;7
5102;211;188;1;land;false;urban;7
5103;237;198;1;land;false;plains;7
5104;178;183;1;land;false;plains;7
5105;204;150;1;land;false;plains;7
5106;24;37;1;land;false;forest;7
5107;70;83;1;land;false;forest;7
5108;24;39;1;land;false;forest;7
5109;30;43;1;land;false;forest;7
5110;45;46;1;land;false;plains;7
5111;73;163;1;land;false;plains;7
5112;59;161;1;land;false;plains;7
5113;85;158;1;land;false;plains;7
5114;101;217;1;land;false;plains;7
5115;60;147;1;land;false;plains;7
5116;107;117;1;land;false;plains;7
5117;55;118;1;land;false;forest;7
5118;107;133;1;land;false;urban;7
5119;46;95;1;land;false;urban;7
5120;108;81;1;land;false;plains;7
5121;101;73;1;land;false;plains;7
5122;81;128;1;land;false;plains;7
5123;41;82;1;land;false;plains;7
5124;109;95;1;land;false;plains;7
5125;103;92;1;land;false;plains;7
5126;108;133;1;land;false;forest;7
5127;85;135;1;land;false;plains;7
5128;58;72;1;land;false;urban;7
5129;90;129;1;land;false;plains;7
5130;101;88;1;land;false;urban;7
5131;66;106;1;land;false;plains;7
5132;37;89;1;land;false;plains;7
5133;70;85;1;land;false;plains;7
5134;47;66;1;land;false;plains;7
5135;114;137;1;land;false;plains;7
5136;93;101;1;land;false;plains;7
5137;161;162;1;land;false;plains;7
5138;112;188;1;land;false;urban;7
5139;164;200;1;land;false;plains;7
5140;111;160;1;land;false;plains;7
5141;141;167;1;land;false;plains;7
5142;137;190;1;land;false;plains;7
5143;153;57;1;land;true;plains;7
5144;141;39;1;land;true;plains;7
5145;220;184;1;land;false;urban;7
5146;234;171;1;land;false;plains;7
5147;185;174;1;land;false;urban;7
5148;167;114;1;land;false;urban;7
5149;229;169;1;land;false;plains;7
5150;218;171;1;land;false;urban;7
5151;196;118;1;land;false;plains;7
5152;213;130;1;land;false;plains;7
5153;161;182;1;land;false;plains;7
5154;220;171;1;land;false;plains;7
5155;169;135;1;land;false;plains;7
5156;219;141;1;land;false;urban;7
5157;57;165;1;land;false;plains;7
5158;48;122;1;land;false;plains;7
5159;80;144;1;land;false;plains;7
5160;41;163;1;land;false;urban;7
5161;65;157;1;land;false;plains;7
5162;10;154;1;land;false;plains;7
5163;82;182;1;land;false;plains;7
5164;62;153;1;land;false;plains;7
5165;56;128;1;land;false;urban;7
5166;67;133;1;land;false;urban;7
5167;108;205;1;land;false;forest;7
5168;115;244;1;land;false;forest;7
5169;131;228;1;land;false;plains;7
5170;163;245;1;land;false;forest;7
5171;130;248;1;land;false;urban;7
5172;110;218;1;land;false;forest;7
5173;101;192;1;land;false;plains;7
5174;162;240;1;land;false;plains;7
5175;134;206;1;land;false;urban;7
5176;91;220;1;land;false;plains;7
5177;88;195;1;land;false;urban;7
5178;149;203;1;land;false;forest;7
5179;14;76;1;land;false;urban;7
5180;4;56;1;land;false;plains;7
5181;23;60;1;land;false;plains;7
5182;61;85;1;land;false;plains;7
5183;1;57;1;land;false;plains;7
5184;36;113;1;land;false;plains;7
5185;5;83;1;land;false;urban;7
5186;63;201;1;land;false;urban;7
5187;18;173;1;land;false;plains;7
5188;59;201;1;land;false;plains;7
5189;35;243;1;land;false;plains;7
5190;68;243;1;land;false;plains;7
5191;60;240;1;land;false;plains;7
5192;27;220;1;land;false;plains;7
5193;97;126;1;land;false;plains;7
5194;120;90;1;land;false;urban;7
5195;112;93;1;land;false;plains;7
5196;135;114;1;land;false;forest;7
5197;109;115;1;land;false;urban;7
5198;86;86;1;land;false;urban;7
5199;83;111;1;land;false;forest;7
5200;44;79;1;land;false;plains;7
5201;72;67;1;land;true;plains;7
5202;84;75;1;land;true;urban;7
5203;70;254;1;land;false;urban;7
5204;43;182;1;land;true;plains;7
5205;108;201;1;land;false;plains;7
5206;57;229;1;land;true;plains;7
5207;68;217;1;land;true;plains;7
5208;150;94;1;land;false;plains;7
5209;131;125;1;land;false;forest;7
5210;175;91;1;land;false;plains;7
5211;136;126;1;land;false;plains;7
5212;207;99;1;land;false;plains;7
5213;237;88;1;land;false;urban;7
5214;197;111;1;land;false;urban;7
5215;238;62;1;land;false;plains;7
5216;253;94;1;land;false;forest;7
5217;158;66;1;land;false;plains;7
5218;132;55;1;land;false;plains;7
5219;154;19;1;land;false;plains;7
5220;166;38;1;land;false;plains;7
5221;160;35;1;land;false;forest;7
5222;130;26;1;land;false;plains;7
5223;120;61;1;land;false;urban;7
5224;163;82;1;land;false;forest;7
5225;137;138;1;land;true;urban;7
5226;8;146;1;land;false;plains;7
5227;23;203;1;land;false;forest;7
5228;15;162;1;land;true;urban;7
5229;11;198;1;land;false;urban;7
5230;49;153;1;land;true;forest;7
5231;35;159;1;land;false;forest;7
5232;31;200;1;land;false;urban;7
5233;13;146;1;land;true;forest;7
5234;51;129;1;land;true;urban;7
5235;31;143;1;land;false;urban;7
5236;2;199;1;land;false;urban;7
5237;39;140;1;land;false;plains;7
5238;29;139;1;land;true;forest;7
5239;30;175;1;land;false;plains;7
5240;45;161;1;land;true;urban;7
5241;119;99;1;land;false;forest;7
5242;72;128;1;land;false;forest;7
5243;115;104;1;land;false;plains;7
5244;61;126;1;land;true;plains;7
5245;106;136;1;land;false;plains;7
5246;115;111;1;land;false;urban;7
5247;64;102;1;land;false;plains;7
5248;73;137;1;land;false;forest;7
5249;95;97;1;land;false;forest;7
5250;80;127;1;land;false;plains;7
5251;105;166;1;land;false;plains;7
5252;116;102;1;land;false;urban;7
5253;170;170;1;land;false;forest;7
5254;105;218;1;land;false;urban;7
5255;122;182;1;land;false;forest;7
5256;146;212;1;land;false;forest;7
5257;122;230;1;land;false;forest;7
5258;133;203;1;land;false;forest;7
5259;167;213;1;land;false;forest;7
5260;138;206;1;land;false;forest;7
5261;151;247;1;land;false;urban;7
5262;138;222;1;land;false;forest;7
5263;109;190;1;land;false;forest;7
5264;165;192;1;land;false;urban;7
5265;156;183;1;land;false;forest;7
5266;137;199;1;land;false;plains;7
5267;207;223;1;land;false;urban;7
5268;217;178;1;land;false;forest;7
5269;251;214;1;land;false;plains;7
5270;212;222;1;land;false;urban;7
5271;22;25;1;land;false;plains;7
5272;195;170;1;land;false;plains;7
5273;186;159;1;land;false;urban;7
5274;219;122;1;land;false;plains;7
5275;97;33;1;land;false;plains;7
5276;64;13;1;land;false;urban;7
5277;111;0;1;land;false;plains;7
5278;104;17;1;land;false;plains;7
5279;96;23;1;land;false;plains;7
5280;94;42;1;land;false;plains;7
5281;66;52;1;land;false;plains;7
5282;108;3;1;land;false;plains;7
5283;106;35;1;land;false;urban;7
5284;74;25;1;land;false;plains;7
5285;106;160;1;land;false;urban;7
5286;153;108;1;land;false;urban;7
5287;128;148;1;land;false;plains;7
5288;156;153;1;land;false;urban;7
5289;137;132;1;land;false;plains;7
5290;142;124;1;land;false;plains;7
5291;167;133;1;land;false;urban;7
5292;119;161;1;land;false;plains;7
5293;177;124;1;land;false;plains;7
5294;136;92;1;land;false;plains;7
5295;153;111;1;land;false;plains;7
5296;102;144;1;land;false;urban;7
5297;115;108;1;land;false;plains;7
5298;148;146;1;land;false;urban;7
5299;164;87;1;land;false;urban;7
5300;158;139;1;land;false;plains;7
5301;159;207;1;land;false;forest;7
5302;122;235;1;land;false;urban;7
5303;187;218;1;land;false;plains;7
5304;144;219;1;land;false;plains;7
5305;166;239;1;land;false;forest;7
5306;10;205;1;land;false;urban;7
5307;1;251;1;land;false;plains;7
5308;6;207;1;land;false;forest;7
5309;30;246;1;land;false;plains;7
5310;35;231;1;land;false;forest;7
5311;29;229;1;land;false;forest;7
5312;22;242;1;land;false;forest;7
5313;19;223;1;land;false;forest;7
5314;32;240;1;land;false;urban;7
5315;32;214;1;land;false;plains;7
5316;9;251;1;land;false;forest;7
5317;15;216;1;land;false;forest;7
5318;12;235;1;land;false;forest;7
5319;52;241;1;land;false;forest;7
5320;22;250;1;land;false;forest;7
5321;53;226;1;land;false;plains;7
5322;46;222;1;land;false;forest;7
5323;135;236;1;land;false;forest;7
5324;115;230;1;land;false;plains;7
5325;89;250;1;land;false;forest;7
5326;65;192;1;land;false;plains;7
5327;117;198;1;land;false;forest;7
5328;94;247;1;land;true;plains;7
5329;79;244;1;land;false;urban;7
5330;107;219;1;land;false;forest;7
5331;121;204;1;land;false;forest;7
5332;138;226;1;land;false;plains;7
5333;72;220;1;land;true;forest;7
5334;80;187;1;land;false;forest;7
5335;99;217;1;land;true;plains;7
5336;85;218;1;land;true;plains;7
5337;101;225;1;land;false;forest;7
5338;122;199;1;land;false;forest;7
5339;66;251;1;land;false;urban;7
5340;127;216;1;land;false;forest;7
5341;209;98;1;land;false;forest;7
5342;212;135;1;land;false;urban;7
5343;165;115;1;land;false;urban;7
5344;170;99;1;land;false;forest;7
5345;216;72;1;land;false;urban;7
5346;160;121;1;land;false;plains;7
5347;166;150;1;land;false;urban;7
5348;221;76;1;land;false;forest;7
5349;156;117;1;land;false;urban;7
5350;162;103;1;land;false;forest;7
5351;159;144;1;land;false;forest;7
5352;47;164;1;land;false;forest;7
5353;54;221;1;land;false;urban;7
5354;36;157;1;land;false;forest;7
5355;48;175;1;land;false;urban;7
5356;226;127;1;land;false;plains;7
5357;218;103;1;land;false;urban;7
5358;237;118;1;land;false;plains;7
5359;251;114;1;land;false;urban;7
5360;216;123;1;land;false;plains;7
5361;229;78;1;land;false;plains;7
5362;253;126;1;land;false;urban;7
5363;220;96;1;land;false;plains;7
5364;181;208;1;land;false;plains;7
5365;187;185;1;land;false;forest;7
5366;166;209;1;land;false;urban;7
5367;180;184;1;land;false;plains;7
5368;177;194;1;land;false;plains;7
5369;142;227;1;land;false;urban;7
5370;172;90;1;land;false;urban;7
5371;209;62;1;land;false;forest;7
5372;152;75;1;land;false;plains;7
5373;187;103;1;land;false;plains;7
5374;158;89;1;land;false;plains;7
5375;212;47;1;land;false;forest;7
5376;208;82;1;land;false;forest;7
5377;208;98;1;land;false;forest;7
5378;200;62;1;land;false;urban;7
5379;147;106;1;land;false;urban;7
5380;27;118;1;land;false;forest;7
5381;11;42;1;land;false;plains;7
5382;27;81;1;land;false;urban;7
5383;2;79;1;land;false;plains;7
5384;153;185;1;land;false;forest;7
5385;181;213;1;land;false;forest;7
5386;156;194;1;land;false;forest;7
5387;172;231;1;land;false;urban;7
5388;145;170;1;land;false;forest;7
5389;151;224;1;land;false;forest;7
5390;206;183;1;land;false;forest;7
5391;21;6;1;land;false;urban;7
5392;6;4;1;land;false;urban;7
5393;125;20;1;land;false;forest;7
5394;108;27;1;land;false;urban;7
5395;147;13;1;land;false;forest;7
5396;77;64;1;land;false;plains;7
5397;121;30;1;land;false;urban;7
5398;136;24;1;land;false;urban;7
5399;83;4;1;land;false;urban;7
5400;203;145;1;land;false;plains;7
5401;236;109;1;land;false;plains;7
5402;194;110;1;land;false;forest;7
5403;207;162;1;land;false;forest;7
5404;225;137;1;land;false;plains;7
5405;209;149;1;land;false;plains;7
5406;237;176;1;land;false;forest;7
5407;236;142;1;land;false;plains;7
5408;198;145;1;land;false;forest;7
5409;217;125;1;land;false;forest;7
5410;197;138;1;land;false;forest;7
5411;235;170;1;land;false;plains;7
5412;43;1;1;land;true;urban;7
5413;117;3;1;land;false;urban;7
5414;177;40;1;land;false;plains;7
5415;120;18;1;land;false;plains;7
5416;173;6;1;land;false;plains;7
5417;111;41;1;land;false;urban;7
5418;106;32;1;land;false;plains;7
5419;140;21;1;land;false;plains;7
5420;102;14;1;land;false;plains;7
5421;105;27;1;land;false;plains;7
5422;120;20;1;land;false;urban;7
5423;132;27;1;land;false;urban;7
5424;181;9;1;land;false;urban;7
5425;112;0;1;land;false;urban;7
5426;172;42;1;land;false;plains;7
5427;136;43;1;land;false;plains;7
5428;246;94;1;land;false;plains;7
5429;246;97;1;land;false;plains;7
5430;253;61;1;land;false;plains;7
5431;227;106;1;land;false;urban;7
5432;224;51;1;land;false;plains;7
5433;189;109;1;land;false;urban;7
5434;226;108;1;land;false;plains;7
5435;77;54;1;land;false;plains;7
5436;80;104;1;land;false;plains;7
5437;58;59;1;land;false;urban;7
5438;68;105;1;land;false;plains;7
5439;88;84;1;land;false;plains;7
5440;93;107;1;land;false;plains;7
5441;211;71;1;land;false;urban;7
5442;230;36;1;land;false;forest;7
5443;156;167;1;land;true;forest;7
5444;161;116;1;land;true;forest;7
5445;200;127;1;land;false;forest;7
5446;209;130;1;land;false;forest;7
5447;183;102;1;land;true;urban;7
5448;180;158;1;land;false;forest;7
5449;192;112;1;land;false;urban;7
5450;212;125;1;land;true;urban;7
5451;191;250;1;land;false;plains;7
5452;231;249;1;land;false;plains;7
5453;239;232;1;land;false;plains;7
5454;204;214;1;land;false;plains;7
5455;239;235;1;land;false;plains;7
5456;169;229;1;land;false;plains;7
5457;48;31;1;land;false;urban;7
5458;76;18;1;land;false;forest;7
5459;57;25;1;land;false;plains;7
5460;80;22;1;land;false;plains;7
5461;38;38;1;land;false;forest;7
5462;68;5;1;land;false;forest;7
5463;29;16;1;land;false;urban;7
5464;28;23;1;land;false;plains;7
5465;56;16;1;land;false;forest;7
5466;81;22;1;land;false;forest;7
5467;24;16;1;land;false;forest;7
5468;88;221;1;land;false;urban;7
5469;93;209;1;land;false;forest;7
5470;132;238;1;land;false;forest;7
5471;146;197;1;land;false;forest;7
5472;137;187;1;land;false;forest;7
5473;118;209;1;land;false;forest;7
5474;132;226;1;land;false;forest;7
5475;148;192;1;land;false;forest;7
5476;89;212;1;land;false;urban;7
5477;186;151;1;land;false;urban;7
5478;219;92;1;land;false;urban;7
5479;249;131;1;land;false;forest;7
5480;189;132;1;land;false;urban;7
5481;230;142;1;land;false;plains;7
5482;225;119;1;land;false;urban;7
5483;172;58;1;land;false;plains;7
5484;203;93;1;land;false;urban;7
5485;202;86;1;land;false;urban;7
5486;237;80;1;land;false;urban;7
5487;165;38;1;land;false;plains;7
5488;225;52;1;land;false;plains;7
5489;219;54;1;land;false;urban;7
5490;176;43;1;land;false;urban;7
5491;62;57;1;land;false;urban;7
5492;65;28;1;land;false;forest;7
5493;27;76;1;land;false;forest;7
5494;29;22;1;land;false;forest;7
5495;11;36;1;land;false;forest;7
5496;88;54;1;land;false;forest;7
5497;76;59;1;land;false;forest;7
5498;21;43;1;land;false;forest;7
5499;34;86;1;land;false;forest;7
5500;48;52;1;land;false;plains;7
5501;75;36;1;land;false;forest;7
5502;41;175;1;land;false;plains;7
5503;74;189;1;land;false;urban;7
5504;29;204;1;land;false;urban;7
5505;41;208;1;land;false;forest;7
5506;80;200;1;land;false;forest;7
5507;95;207;1;land;false;urban;7
5508;77;157;1;land;false;plains;7
5509;84;145;1;land;false;plains;7
5510;42;190;1;land;false;urban;7
5511;235;26;1;land;false;plains;7
5512;224;31;1;land;false;urban;7
5513;213;42;1;land;false;urban;7
5514;193;58;1;land;false;plains;7
5515;245;102;1;land;false;plains;7
5516;194;53;1;land;false;plains;7
5517;249;75;1;land;false;plains;7
5518;240;82;1;land;false;plains;7
5519;254;78;1;land;false;plains;7
5520;206;166;1;land;false;forest;7
5521;202;158;1;land;false;plains;7
5522;238;163;1;land;false;plains;7
5523;241;144;1;land;false;urban;7
5524;247;179;1;land;false;plains;7
5525;221;206;1;land;false;forest;7
5526;225;151;1;land;false;plains;7
5527;226;197;1;land;false;plains;7
5528;200;149;1;land;false;plains;7
5529;235;175;1;land;false;forest;7
5530;61;66;1;land;false;plains;7
5531;67;69;1;land;true;plains;7
5532;103;86;1;land;true;plains;7
5533;39;66;1;land;false;urban;7
5534;75;90;1;land;true;plains;7
5535;105;74;1;land;false;forest;7
5536;49;50;1;land;true;plains;7
5537;212;16;1;land;false;forest;7
5538;225;80;1;land;false;forest;7
5539;215;4;1;land;false;urban;7
5540;243;1;1;land;false;urban;7
5541;222;44;1;land;false;forest;7
5542;212;37;1;land;false;forest;7
5543;254;23;1;land;false;urban;7
5544;242;56;1;land;false;forest;7
5545;246;18;1;land;false;forest;7
5546;220;78;1;land;false;urban;7
5547;233;75;1;land;false;forest;7
5548;231;62;1;land;false;forest;7
5549;152;23;1;land;true;forest;7
5550;144;19;1;land;false;urban;7
5551;146;17;1;land;true;plains;7
5552;173;15;1;land;false;forest;7
5553;183;35;1;land;false;forest;7
5554;142;32;1;land;false;forest;7
5555;132;42;1;land;false;urban;7
5556;192;47;1;land;true;plains;7
5557;187;35;1;land;false;forest;7
5558;205;29;1;land;false;urban;7
5559;135;2;1;land;false;plains;7
5560;205;14;1;land;true;forest;7
5561;167;6;1;land;false;plains;7
5562;134;14;1;land;true;urban;7
5563;192;151;1;land;false;plains;7
5564;200;144;1;land;false;plains;7
5565;184;129;1;land;false;urban;7
5566;170;98;1;land;false;plains;7
5567;197;91;1;land;false;forest;7
5568;150;138;1;land;false;urban;7
5569;182;119;1;land;false;forest;7
5570;168;112;1;land;false;plains;7
5571;152;93;1;land;false;plains;7
5572;215;202;1;land;true;forest;7
5573;206;207;1;land;false;forest;7
5574;217;219;1;land;false;forest;7
5575;219;205;1;land;true;forest;7
5576;229;217;1;land;false;forest;7
5577;227;246;1;land;true;forest;7
5578;234;229;1;land;false;forest;7
5579;252;254;1;land;false;forest;7
5580;218;207;1;land;false;forest;7
5581;127;86;1;land;false;forest;7
5582;79;63;1;land;false;forest;7
5583;90;95;1;land;false;plains;7
5584;95;115;1;land;false;forest;7
5585;81;85;1;land;false;forest;7
5586;47;19;1;land;false;forest;7
5587;95;26;1;land;false;plains;7
5588;60;68;1;land;false;forest;7
5589;92;1;1;land;false;plains;7
5590;76;55;1;land;false;forest;7
5591;30;54;1;land;false;forest;7
5592;185;168;1;land;true;plains;7
5593;136;174;1;land;true;plains;7
5594;115;207;1;land;true;plains;7
5595;133;168;1;land;false;urban;7
5596;189;183;1;land;false;urban;7
5597;241;180;1;land;false;forest;7
5598;247;151;1;land;false;urban;7
5599;237;163;1;land;false;plains;7
5600;225;170;1;land;false;plains;7
5601;239;113;1;land;false;plains;7
5602;236;139;1;land;false;forest;7
5603;195;147;1;land;false;urban;7
5604;126;84;1;land;false;forest;7
5605;112;137;1;land;false;forest;7
5606;132;108;1;land;false;urban;7
5607;183;238;1;land;false;forest;7
5608;137;219;1;land;false;urban;7
5609;113;239;1;land;false;plains;7
5610;152;233;1;land;false;plains;7
5611;176;220;1;land;false;urban;7
5612;111;240;1;land;false;urban;7
5613;214;241;1;land;false;plains;7
5614;246;242;1;land;false;plains;7
5615;226;244;1;land;false;urban;7
5616;224;241;1;land;false;plains;7
5617;214;231;1;land;false;plains;7
5618;245;211;1;land;false;plains;7
5619;67;188;1;land;false;plains;7
5620;93;201;1;land;false;forest;7
5621;45;172;1;land;false;urban;7
5622;97;184;1;land;false;urban;7
5623;83;204;1;land;false;urban;7
5624;105;230;1;land;false;forest;7
5625;47;210;1;land;false;forest;7
5626;79;188;1;land;false;urban;7
5627;66;210;1;land;false;plains;7
5628;55;203;1;land;false;plains;7
5629;42;216;1;land;false;plains;7
5630;54;197;1;land;false;forest;7
5631;185;59;1;land;false;urban;7
5632;180;72;1;land;false;forest;7
5633;120;94;1;land;false;urban;7
5634;125;119;1;land;false;urban;7
5635;129;129;1;land;false;plains;7
5636;190;132;1;land;false;urban;7
5637;147;112;1;land;false;urban;7
5638;146;79;1;land;false;plains;7
5639;170;102;1;land;false;plains;7
5640;67;125;1;land;false;urban;7
5641;81;107;1;land;false;plains;7
5642;54;100;1;land;false;forest;7
5643;49;134;1;land;false;plains;7
5644;116;123;1;land;false;plains;7
5645;115;132;1;land;false;urban;7
5646;47;121;1;land;false;plains;7
5647;115;84;1;land;false;urban;7
5648;71;73;1;land;false;plains;7
5649;94;92;1;land;false;forest;7
5650;69;116;1;land;false;plains;7
5651;123;102;1;land;false;plains;7
5652;72;89;1;land;false;plains;7
5653;93;203;1;land;false;plains;7
5654;83;248;1;land;false;plains;7
5655;101;197;1;land;false;forest;7
5656;123;112;1;land;false;forest;7
5657;145;89;1;land;false;urban;7
5658;142;66;1;land;false;plains;7
5659;108;48;1;land;false;forest;7
5660;136;90;1;land;false;forest;7
5661;79;50;1;land;false;urban;7
5662;80;97;1;land;false;plains;7
5663;131;101;1;land;false;plains;7
5664;93;89;1;land;false;forest;7
5665;68;115;1;land;false;urban;7
5666;126;97;1;land;false;forest;7
5667;102;158;1;land;false;plains;7
5668;116;193;1;land;false;urban;7
5669;98;225;1;land;false;plains;7
5670;135;231;1;land;false;plains;7
5671;121;193;1;land;false;plains;7
5672;7;193;1;land;false;forest;7
5673;65;151;1;land;false;forest;7
5674;4;181;1;land;false;forest;7
5675;47;158;1;land;false;urban;7
5676;75;169;1;land;false;forest;7
5677;58;142;1;land;false;plains;7
5678;22;191;1;land;false;forest;7
5679;70;29;1;land;false;plains;7
5680;80;35;1;land;false;plains;7
5681;74;28;1;land;false;plains;7
5682;84;46;1;land;false;plains;7
5683;58;52;1;land;false;plains;7
5684;80;29;1;land;false;plains;7
5685;56;30;1;land;false;plains;7
5686;94;50;1;land;false;plains;7
5687;130;46;1;land;false;forest;7
5688;103;39;1;land;false;plains;7
5689;62;47;1;land;false;urban;7
5690;73;32;1;land;false;plains;7
5691;91;96;1;land;false;plains;7
5692;142;117;1;land;false;forest;7
5693;139;103;1;land;false;urban;7
5694;71;119;1;land;false;plains;7
5695;85;104;1;land;false;forest;7
5696;131;138;1;land;false;forest;7
5697;131;131;1;land;false;forest;7
5698;132;126;1;land;false;urban;7
5699;102;120;1;land;false;plains;7
5700;83;116;1;land;false;forest;7
5701;223;144;1;land;false;urban;7
5702;171;168;1;land;false;urban;7
5703;239;149;1;land;false;urban;7
5704;170;142;1;land;false;plains;7
5705;191;144;1;land;false;plains;7
5706;183;136;1;land;false;plains;7
5707;186;166;1;land;false;plains;7
5708;172;103;1;land;false;plains;7
5709;182;137;1;land;false;urban;7
5710;227;109;1;land;false;plains;7
5711;234;123;1;land;false;plains;7
5712;221;120;1;land;false;plains;7
5713;131;81;1;land;false;urban;7
5714;188;92;1;land;false;plains;7
5715;151;83;1;land;false;plains;7
5716;139;43;1;land;false;plains;7
5717;157;38;1;land;false;plains;7
5718;177;46;1;land;false;urban;7
5719;157;59;1;land;false;plains;7
5720;8;188;1;land;false;urban;7
5721;34;247;1;land;false;urban;7
5722;11;246;1;land;false;forest;7
5723;40;190;1;land;false;plains;7
5724;174;192;1;land;true;plains;7
5725;163;205;1;land;false;plains;7
5726;202;163;1;land;false;forest;7
5727;191;168;1;land;false;forest;7
5728;217;202;1;land;false;forest;7
5729;192;199;1;land;true;forest;7
5730;195;194;1;land;false;forest;7
5731;173;156;1;land;false;forest;7
5732;206;159;1;land;true;plains;7
5733;233;165;1;land;false;urban;7
5734;69;173;1;land;false;plains;7
5735;91;178;1;land;false;plains;7
5736;39;252;1;land;false;plains;7
5737;4;238;1;land;false;plains;7
5738;32;217;1;land;false;forest;7
5739;6;246;1;land;false;plains;7
5740;13;220;1;land;false;plains;7
5741;27;211;1;land;false;plains;7
5742;52;247;1;land;false;forest;7
5743;55;228;1;land;false;forest;7
5744;24;248;1;land;false;plains;7
5745;31;214;1;land;false;forest;7
5746;18;215;1;land;false;forest;7
5747;27;253;1;land;false;plains;7
5748;198;237;1;land;false;urban;7
5749;171;219;1;land;false;plains;7
5750;245;247;1;land;false;plains;7
5751;207;235;1;land;false;plains;7
5752;187;236;1;land;false;plains;7
5753;221;248;1;land;false;urban;7
5754;173;229;1;land;false;plains;7
5755;230;234;1;land;false;plains;7
5756;219;254;1;land;false;plains;7
5757;220;236;1;land;false;plains;7
5758;54;108;1;land;false;plains;7
5759;57;166;1;land;false;urban;7
5760;9;151;1;land;false;plains;7
5761;37;155;1;land;false;forest;7
5762;6;103;1;land;false;urban;7
5763;102;132;1;land;false;plains;7
5764;98;70;1;land;false;plains;7
5765;139;132;1;land;false;plains;7
5766;120;104;1;land;false;forest;7
5767;113;118;1;land;false;urban;7
5768;145;82;1;land;false;plains;7
5769;125;115;1;land;false;plains;7
5770;87;88;1;land;false;urban;7
5771;76;112;1;land;false;forest;7
5772;82;115;1;land;false;forest;7
5773;145;136;1;land;false;plains;7
5774;119;210;1;land;false;plains;7
5775;95;249;1;land;false;plains;7
5776;89;233;1;land;false;plains;7
5777;238;221;1;land;false;forest;7
5778;227;231;1;land;false;forest;7
5779;251;217;1;land;false;plains;7
5780;235;210;1;land;true;forest;7
5781;210;196;1;land;false;plains;7
5782;243;238;1;land;false;plains;7
5783;198;194;1;land;false;urban;7
5784;192;195;1;land;false;forest;7
5785;189;203;1;land;true;forest;7
5786;249;214;1;land;false;plains;7
5787;200;214;1;land;false;urban;7
5788;233;252;1;land;false;urban;7
5789;191;247;1;land;false;forest;7
5790;208;243;1;land;false;forest;7
5791;253;217;1;land;false;urban;7
5792;211;204;1;land;false;forest;7
5793;237;196;1;land;false;plains;7
5794;229;200;1;land;false;plains;7
5795;235;212;1;land;false;plains;7
5796;236;239;1;land;false;urban;7
5797;233;207;1;land;false;forest;7
5798;206;219;1;land;false;forest;7
5799;234;190;1;land;false;forest;7
5800;174;170;1;land;true;urban;7
5801;172;227;1;land;true;plains;7
5802;154;219;1;land;true;plains;7
5803;121;239;1;land;false;plains;7
5804;157;187;1;land;false;plains;7
5805;156;226;1;land;false;plains;7
5806;152;191;1;land;true;plains;7
5807;153;218;1;land;true;plains;7
5808;238;137;1;land;false;plains;7
5809;179;165;1;land;false;urban;7
5810;233;138;1;land;false;plains;7
5811;205;205;1;land;false;plains;7
5812;83;185;1;land;false;urban;7
5813;86;169;1;land;false;plains;7
5814;71;185;1;land;false;plains;7
5815;86;182;1;land;false;plains;7
5816;97;178;1;land;false;plains;7
5817;73;165;1;land;false;plains;7
5818;166;181;1;land;false;plains;7
5819;49;197;1;land;false;urban;7
5820;11;228;1;land;false;plains;7
5821;12;216;1;land;true;plains;7
5822;204;164;1;land;false;urban;7
5823;197;178;1;land;false;plains;7
5824;190;233;1;land;false;plains;7
5825;214;165;1;land;false;plains;7
5826;223;184;1;land;false;plains;7
5827;102;183;1;land;false;plains;7
5828;107;169;1;land;false;plains;7
5829;97;138;1;land;false;urban;7
5830;106;142;1;land;false;plains;7
5831;118;129;1;land;false;urban;7
5832;143;191;1;land;false;forest;7
5833;106;199;1;land;false;forest;7
5834;86;159;1;land;false;forest;7
5835;146;135;1;land;false;plains;7
5836;90;154;1;land;false;forest;7
5837;104;140;1;land;false;forest;7
5838;129;193;1;land;false;plains;7
5839;103;196;1;land;false;plains;7
5840;123;179;1;land;false;forest;7
5841;120;3;1;land;false;urban;7
5842;104;12;1;land;false;plains;7
5843;107;8;1;land;false;plains;7
5844;145;28;1;land;false;urban;7
5845;146;11;1;land;false;forest;7
5846;166;28;1;land;false;plains;7
5847;151;54;1;land;false;plains;7
5848;147;37;1;land;false;forest;7
5849;151;28;1;land;false;plains;7
5850;155;64;1;land;false;urban;7
5851;141;0;1;land;false;plains;7
5852;131;59;1;land;false;plains;7
5853;127;24;1;land;false;forest;7
5854;119;32;1;land;false;urban;7
5855;19;63;1;land;false;plains;7
5856;47;44;1;land;false;forest;7
5857;92;14;1;land;false;plains;7
5858;43;20;1;land;false;plains;7
5859;58;25;1;land;false;forest;7
5860;85;53;1;land;false;plains;7
5861;47;43;1;land;false;forest;7
5862;15;35;1;land;false;urban;7
5863;28;20;1;land;false;urban;7
5864;51;9;1;land;false;forest;7
5865;65;60;1;land;false;plains;7
5866;60;14;1;land;false;plains;7
5867;93;20;1;land;false;forest;7
5868;67;55;1;land;false;plains;7
5869;75;106;1;land;false;urban;7
5870;56;131;1;land;false;plains;7
5871;107;87;1;land;false;plains;7
5872;112;86;1;land;false;plains;7
5873;44;151;1;land;false;forest;7
5874;91;103;1;land;false;forest;7
5875;118;189;1;land;false;plains;7
5876;129;235;1;land;false;plains;7
5877;170;204;1;land;false;plains;7
5878;143;210;1;land;false;urban;7
5879;163;220;1;land;false;plains;7
5880;136;238;1;land;false;urban;7
5881;49;180;1;land;false;urban;7
5882;16;157;1;land;false;urban;7
5883;47;169;1;land;false;forest;7
5884;19;166;1;land;false;plains;7
5885;3;143;1;land;false;plains;7
5886;43;171;1;land;false;plains;7
5887;6;194;1;land;false;urban;7
5888;39;208;1;land;false;plains;7
5889;41;196;1;land;false;plains;7
5890;45;208;1;land;false;urban;7
5891;1;221;1;land;false;urban;7
5892;34;186;1;land;false;plains;7
5893;54;154;1;land;false;urban;7
5894;2;159;1;land;false;plains;7
5895;3;145;1;land;false;forest;7
5896;49;172;1;land;false;plains;7
5897;5;66;1;land;false;plains;7
5898;19;71;1;land;false;plains;7
5899;25;74;1;land;false;plains;7
5900;31;43;1;land;false;plains;7
5901;11;75;1;land;false;plains;7
5902;42;94;1;land;false;plains;7
5903;27;49;1;land;false;plains;7
5904;33;85;1;land;false;plains;7
5905;179;242;1;land;false;forest;7
5906;165;194;1;land;false;forest;7
5907;217;199;1;land;false;plains;7
5908;176;234;1;land;false;forest;7
5909;226;207;1;land;false;forest;7
5910;101;123;1;land;false;urban;7
5911;152;95;1;land;false;plains;7
5912;111;111;1;land;false;urban;7
5913;104;144;1;land;false;plains;7
5914;161;125;1;land;false;plains;7
5915;164;114;1;land;false;plains;7
5916;165;98;1;land;false;plains;7
5917;104;56;1;land;false;plains;7
5918;98;36;1;land;false;urban;7
5919;103;23;1;land;false;plains;7
5920;237;226;1;land;false;urban;7
5921;227;210;1;land;false;forest;7
5922;230;249;1;land;false;plains;7
5923;234;198;1;land;false;forest;7
5924;254;194;1;land;false;forest;7
5925;211;238;1;land;false;forest;7
5926;210;209;1;land;false;plains;7
5927;244;209;1;land;false;forest;7
5928;242;231;1;land;false;urban;7
5929;227;251;1;land;false;forest;7
5930;241;252;1;land;false;urban;7
5931;227;244;1;land;false;forest;7
5932;247;104;1;land;false;plains;7
5933;216;71;1;land;false;plains;7
5934;220;104;1;land;false;plains;7
5935;242;78;1;land;false;plains;7
5936;243;102;1;land;true;plains;7
5937;249;84;1;land;true;plains;7
5938;239;44;1;land;false;plains;7
5939;180;92;1;land;false;urban;7
5940;217;100;1;land;false;plains;7
5941;77;0;1;land;false;plains;7
5942;118;45;1;land;false;plains;7
5943;105;0;1;land;false;forest;7
5944;95;6;1;land;false;plains;7
5945;94;28;1;land;false;urban;7
5946;71;61;1;land;false;forest;7
5947;74;60;1;land;false;plains;7
5948;61;24;1;land;false;forest;7
5949;85;26;1;land;false;forest;7
5950;110;26;1;land;false;plains;7
5951;102;169;1;land;false;urban;7
5952;73;150;1;land;false;plains;7
5953;52;199;1;land;false;plains;7
5954;76;192;1;land;false;urban;7
5955;56;178;1;land;false;plains;7
5956;91;214;1;land;false;plains;7
5957;60;167;1;land;false;plains;7
5958;81;216;1;land;false;forest;7
5959;40;217;1;land;false;plains;7
5960;39;216;1;land;false;plains;7
5961;80;195;1;land;false;plains;7
5962;97;189;1;land;false;urban;7
5963;56;193;1;land;false;urban;7
5964;68;174;1;land;false;plains;7
5965;253;99;1;land;false;plains;7
5966;250;66;1;land;false;plains;7
5967;228;37;1;land;false;urban;7
5968;232;71;1;land;false;plains;7
5969;239;71;1;land;false;urban;7
5970;243;94;1;land;false;plains;7
5971;244;91;1;land;false;plains;7
5972;214;35;1;land;false;plains;7
5973;246;36;1;land;false;plains;7
5974;247;78;1;land;false;plains;7
5975;221;51;1;land;false;forest;7
5976;236;81;1;land;false;plains;7
5977;216;62;1;land;false;urban;7
5978;138;85;1;land;false;plains;7
5979;161;53;1;land;false;urban;7
5980;153;56;1;land;false;plains;7
5981;202;44;1;land;true;forest;7
5982;187;47;1;land;false;urban;7
5983;128;69;1;land;true;urban;7
5984;168;59;1;land;false;urban;7
5985;164;68;1;land;false;urban;7
5986;149;19;1;land;false;plains;7
5987;199;75;1;land;false;forest;7
5988;159;64;1;land;true;urban;7
5989;180;66;1;land;false;plains;7
5990;128;38;1;land;false;urban;7
5991;74;2;1;land;false;urban;7
5992;21;16;1;land;false;forest;7
5993;82;57;1;land;false;forest;7
5994;41;24;1;land;false;forest;7
5995;51;54;1;land;false;urban;7
5996;23;35;1;land;false;forest;7
5997;42;36;1;land;false;forest;7
5998;20;35;1;land;false;urban;7
5999;50;58;1;land;false;urban;7
6000;62;5;1;land;false;urban;7
6001;70;23;1;land;false;forest;7
6002;27;37;1;land;false;forest;7
6003;46;14;1;land;false;forest;7
6004;73;34;1;land;false;forest;7
6005;54;35;1;land;false;urban;7
6006;33;169;1;land;false;urban;7
6007;5;154;1;land;false;plains;7
6008;36;191;1;land;false;plains;7
6009;5;184;1;land;false;urban;7
6010;20;145;1;land;false;forest;7
6011;50;197;1;land;false;forest;7
6012;51;142;1;land;false;forest;7
6013;15;164;1;land;false;forest;7
6014;8;134;1;land;false;urban;7
6015;30;157;1;land;false;urban;7
6016;39;174;1;land;false;forest;7
6017;40;136;1;land;false;forest;7
6018;19;183;1;land;false;plains;7
6019;51;149;1;land;false;forest;7
6020;194;31;1;land;false;urban;7
6021;180;75;1;land;false;plains;7
6022;225;24;1;land;false;forest;7
6023;212;87;1;land;false;forest;7
6024;186;72;1;land;false;forest;7
6025;250;21;1;land;false;plains;7
6026;212;106;1;land;false;urban;7
6027;243;181;1;land;false;urban;7
6028;218;116;1;land;false;plains;7
6029;207;182;1;land;false;plains;7
6030;204;123;1;land;false;forest;7
6031;221;159;1;land;false;urban;7
6032;252;171;1;land;false;plains;7
6033;199;126;1;land;false;plains;7
6034;206;146;1;land;false;plains;7
6035;10;95;1;land;false;plains;7
6036;0;80;1;land;false;plains;7
6037;19;103;1;land;false;plains;7
6038;22;59;1;land;false;forest;7
6039;49;72;1;land;false;plains;7
6040;64;112;1;land;false;forest;7
6041;60;105;1;land;false;plains;7
6042;48;131;1;land;false;plains;7
6043;25;108;1;land;false;forest;7
6044;38;107;1;land;false;forest;7
6045;13;80;1;land;false;forest;7
6046;8;82;1;land;false;plains;7
6047;42;116;1;land;false;plains;7
6048;41;114;1;land;false;plains;7
6049;45;101;1;land;false;forest;7
6050;247;184;1;land;true;urban;7
6051;249;159;1;land;false;plains;7
6052;232;134;1;land;false;forest;7
6053;227;199;1;land;true;plains;1
6054;245;157;1;land;true;urban;7
6055;212;183;1;land;false;forest;7
6056;231;187;1;land;false;plains;7
6057;249;168;1;land;true;plains;1
6058;231;153;1;land;true;plains;7
6059;237;175;1;land;false;plains;1
6060;240;181;1;land;false;forest;7
6061;235;167;1;land;false;plains;7
6062;214;172;1;land;true;plains;7
6063;191;63;1;land;false;plains;7
6064;210;57;1;land;false;plains;7
6065;216;67;1;land;false;plains;7
6066;203;85;1;land;false;plains;7
6067;108;136;1;land;false;plains;7
6068;99;134;1;land;false;plains;7
6069;110;133;1;land;false;urban;7
6070;115;105;1;land;true;forest;7
6071;104;90;1;land;false;urban;7
6072;117;92;1;land;false;forest;7
6073;78;96;1;land;true;forest;7
6074;134;138;1;land;false;forest;2
6075;136;144;1;land;false;urban;7
6076;151;147;1;land;false;urban;7
6077;85;154;1;land;false;forest;7
6078;88;131;1;land;true;forest;7
6079;151;154;1;land;true;forest;7
6080;23;17;1;land;true;forest;7
6081;10;8;1;land;true;forest;7
6082;40;12;1;land;true;plains;7
6083;45;25;1;land;true;plains;7
6084;37;40;1;land;false;plains;7
6085;35;24;1;land;false;forest;7
6086;33;5;1;land;false;urban;7
6087;28;7;1;land;false;forest;7
6088;54;36;1;land;false;forest;7
6089;30;40;1;land;false;forest;7
6090;56;36;1;land;false;forest;7
6091;93;24;1;land;false;plains;7
6092;24;9;1;land;false;forest;7
6093;30;36;1;land;false;forest;7
6094;42;28;1;land;false;forest;7
6095;78;30;1;land;false;forest;7
6096;48;0;1;land;false;forest;7
6097;209;71;1;land;false;urban;7
6098;234;86;1;land;false;plains;7
6099;218;71;1;land;false;plains;7
6100;184;99;1;land;false;plains;7
6101;217;104;1;land;false;forest;7
6102;171;36;1;land;false;plains;7
6103;193;104;1;land;false;forest;7
6104;173;47;1;land;false;plains;7
6105;201;108;1;land;false;plains;7
6106;225;69;1;land;false;forest;7
6107;189;42;1;land;false;plains;7
6108;236;92;1;land;false;plains;7
6109;169;62;1;land;false;plains;7
6110;212;46;1;land;false;forest;7
6111;238;44;1;land;false;plains;7
6112;224;61;1;land;false;forest;7
6113;194;107;1;land;false;plains;7
6114;173;103;1;land;false;plains;7
6115;159;232;1;land;true;urban;7
6116;189;225;1;land;false;plains;7
6117;208;180;1;land;false;plains;7
6118;165;227;1;land;false;urban;7
6119;153;217;1;land;true;urban;7
6120;188;253;1;land;false;forest;7
6121;160;184;1;land;false;urban;7
6122;190;180;1;land;false;plains;7
6123;58;229;1;land;false;urban;7
6124;64;169;1;land;false;plains;7
6125;69;221;1;land;false;urban;7
6126;100;218;1;land;false;plains;7
6127;75;218;1;land;false;plains;7
6128;88;241;1;land;false;plains;7
6129;107;228;1;land;false;urban;7
6130;78;230;1;land;false;plains;7
6131;69;208;1;land;false;urban;7
6132;59;239;1;land;false;urban;7
6133;61;225;1;land;false;urban;7
6134;26;162;1;land;false;plains;7
6135;64;228;1;land;false;plains;7
6136;65;164;1;land;false;plains;7
6137;74;218;1;land;false;plains;7
6138;25;156;1;land;false;plains;7
6139;48;182;1;land;false;plains;7
6140;31;188;1;land;false;forest;7
6141;24;167;1;land;false;plains;7
6142;15;197;1;land;false;plains;7
6143;31;175;1;land;false;plains;7
6144;28;180;1;land;false;forest;7
6145;228;101;1;land;false;forest;7
6146;205;178;1;land;false;forest;7
6147;211;102;1;land;true;plains;7
6148;240;119;1;land;false;forest;7
6149;233;148;1;land;false;urban;7
6150;208;106;1;land;false;plains;7
6151;241;106;1;land;true;forest;7
6152;238;116;1;land;true;plains;7
6153;252;122;1;land;true;plains;7
6154;204;158;1;land;true;urban;7
6155;226;131;1;land;true;forest;7
6156;247;120;1;land;false;forest;7
6157;242;178;1;land;false;forest;7
6158;182;62;1;land;false;forest;7
6159;157;8;1;land;false;urban;7
6160;184;16;1;land;false;forest;7
6161;137;51;1;land;false;plains;7
6162;88;95;1;land;false;urban;7
6163;92;95;1;land;false;plains;7
6164;112;70;1;land;false;plains;7
6165;85;97;1;land;false;plains;7
6166;72;81;1;land;false;plains;7
6167;242;70;1;land;false;urban;7
6168;240;61;1;land;false;urban;7
6169;216;20;1;land;false;plains;7
6170;158;62;1;land;false;plains;7
6171;153;8;1;land;false;urban;7
6172;144;15;1;land;false;urban;7
6173;72;85;1;land;false;forest;7
6174;73;90;1;land;false;plains;7
6175;47;147;1;land;false;forest;7
6176;48;107;1;land;false;plains;7
6177;36;81;1;land;false;plains;7
6178;52;85;1;land;false;forest;7
6179;69;113;1;land;false;plains;7
6180;37;100;1;land;false;forest;7
6181;77;109;1;land;true;plains;7
6182;80;94;1;land;false;forest;7
6183;23;105;1;land;false;plains;7
6184;31;97;1;land;false;forest;7
6185;98;76;1;land;false;forest;7
6186;56;145;1;land;false;forest;7
6187;99;102;1;land;false;forest;7
6188;50;80;1;land;true;plains;7
6189;55;116;1;land;false;plains;7
6190;92;89;1;land;false;forest;7
6191;40;147;1;land;false;forest;7
6192;73;129;1;land;false;forest;7
6193;79;142;1;land;false;plains;7
6194;26;89;1;land;false;forest;7
6195;53;128;1;land;false;forest;7
6196;82;141;1;land;false;forest;7
6197;37;71;1;land;false;forest;7
6198;38;97;1;land;false;forest;7
6199;56;115;1;land;false;plains;7
6200;61;128;1;land;false;forest;7
6201;47;82;1;land;false;forest;7
6202;37;74;1;land;false;forest;7
6203;33;125;1;land;false;plains;7
6204;78;116;1;land;false;forest;7
6205;100;98;1;land;false;plains;7
6206;56;88;1;land;false;forest;7
6207;44;104;1;land;false;plains;7
6208;218;240;1;land;false;plains;7
6209;194;224;1;land;false;plains;7
6210;182;207;1;land;false;forest;7
6211;233;247;1;land;false;forest;7
6212;227;222;1;land;false;forest;7
6213;179;216;1;land;false;jungle;7
6214;205;239;1;land;false;jungle;7
6215;207;236;1;land;false;forest;7
6216;200;242;1;land;false;plains;7
6217;211;239;1;land;false;urban;7
6218;226;231;1;land;true;urban;7
6219;237;254;1;land;false;urban;7
6220;217;249;1;land;true;forest;7
6221;229;243;1;land;true;urban;7
6222;193;217;1;land;true;forest;7
6223;206;150;1;land;false;plains;7
6224;191;121;1;land;false;plains;7
6225;183;141;1;land;false;urban;7
6226;196;113;1;land;false;plains;7
6227;159;116;1;land;false;plains;7
6228;17;60;1;land;false;plains;7
6229;89;97;1;land;false;forest;7
6230;17;62;1;land;false;urban;7
6231;42;80;1;land;false;plains;7
6232;245;93;1;land;false;forest;7
6233;235;53;1;land;false;forest;7
6234;208;44;1;land;false;urban;7
6235;205;93;1;land;false;forest;7
6236;192;36;1;land;false;plains;7
6237;225;54;1;land;false;forest;7
6238;54;59;1;land;false;forest;7
6239;13;63;1;land;false;forest;7
6240;43;95;1;land;false;plains;7
6241;18;79;1;land;false;plains;7
6242;26;73;1;land;false;urban;7
6243;12;73;1;land;false;forest;7
6244;22;95;1;land;false;plains;7
6245;21;63;1;land;false;forest;7
6246;185;211;1;land;false;forest;7
6247;231;252;1;land;false;plains;7
6248;223;208;1;land;false;urban;7
6249;176;227;1;land;false;urban;7
6250;236;201;1;land;false;plains;7
6251;178;214;1;land;false;plains;7
6252;233;226;1;land;false;plains;7
6253;182;240;1;land;false;urban;7
6254;174;248;1;land;false;plains;7
6255;201;210;1;land;false;forest;7
6256;176;232;1;land;false;plains;7
6257;238;230;1;land;false;plains;7
6258;102;26;1;land;false;forest;7
6259;71;39;1;land;false;urban;7
6260;140;70;1;land;false;plains;7
6261;67;62;1;land;false;urban;7
6262;108;7;1;land;false;forest;7
6263;68;41;1;land;false;urban;7
6264;114;23;1;land;false;urban;7
6265;122;2;1;land;false;urban;7
6266;131;41;1;land;false;forest;7
6267;109;73;1;land;false;forest;7
6268;70;6;1;land;false;urban;7
6269;74;52;1;land;false;plains;7
6270;120;13;1;land;false;urban;7
6271;141;12;1;land;false;plains;7
6272;23;91;1;land;false;plains;7
6273;51;35;1;land;false;urban;7
6274;52;45;1;land;false;plains;7
6275;29;57;1;land;false;plains;7
6276;7;38;1;land;false;plains;7
6277;25;60;1;land;false;urban;7
6278;2;36;1;land;false;plains;7
6279;152;147;1;land;false;forest;7
6280;183;118;1;land;false;forest;7
6281;207;115;1;land;false;urban;7
6282;161;138;1;land;false;forest;7
6283;210;164;1;land;false;forest;7
6284;156;171;1;land;false;forest;7
6285;136;133;1;land;false;plains;7
6286;163;145;1;land;false;plains;7
6287;177;118;1;land;false;plains;7
6288;110;111;1;land;false;urban;7
6289;110;146;1;land;false;plains;7
6290;176;157;1;land;false;urban;7
6291;217;206;1;land;false;plains;7
6292;173;221;1;land;false;plains;7
6293;180;254;1;land;false;plains;7
6294;238;203;1;land;false;plains;7
6295;210;244;1;land;false;plains;7
6296;217;250;1;land;false;plains;7
6297;119;107;1;land;false;plains;7
6298;22;241;1;land;false;urban;7
6299;22;230;1;land;false;plains;7
6300;31;221;1;land;false;plains;7
6301;40;235;1;land;false;urban;7
6302;36;253;1;land;false;urban;7
6303;15;222;1;land;false;forest;7
6304;37;197;1;land;false;forest;7
6305;14;217;1;land;false;urban;7
6306;25;232;1;land;false;plains;7
6307;27;242;1;land;false;forest;7
6308;5;248;1;land;false;urban;7
6309;137;96;1;land;false;plains;7
6310;135;108;1;land;false;forest;7
6311;118;130;1;land;false;plains;7
6312;18;94;1;land;false;urban;7
6313;34;80;1;land;false;plains;7
6314;28;90;1;land;false;forest;7
6315;7;46;1;land;false;urban;7
6316;36;87;1;land;false;forest;7
6317;64;29;1;land;false;forest;7
6318;65;30;1;land;false;urban;7
6319;28;50;1;land;false;forest;7
6320;46;81;1;land;false;plains;7
6321;61;88;1;land;false;plains;7
6322;29;56;1;land;false;urban;7
6323;7;109;1;land;false;forest;7
6324;162;66;1;land;false;plains;7
6325;185;50;1;land;false;urban;7
6326;211;63;1;land;false;plains;7
6327;170;49;1;land;false;plains;7
6328;201;67;1;land;false;urban;7
6329;196;50;1;land;false;plains;7
6330;183;25;1;land;false;plains;7
6331;159;42;1;land;false;plains;7
6332;198;77;1;land;false;urban;7
6333;213;89;1;land;false;urban;7
6334;168;44;1;land;false;forest;7
6335;199;70;1;land;false;urban;7
6336;229;83;1;land;false;plains;7
6337;168;80;1;land;false;urban;7
6338;199;61;1;land;false;plains;7
6339;161;95;1;land;false;plains;7
6340;218;78;1;land;false;plains;7
6341;221;93;1;land;false;plains;7
6342;177;55;1;land;false;plains;7
6343;167;46;1;land;false;forest;7
6344;224;62;1;land;false;urban;7
6345;167;51;1;land;false;forest;7
6346;146;33;1;land;false;forest;7
6347;146;49;1;land;false;forest;7
6348;137;55;1;land;false;forest;7
6349;107;1;1;land;false;urban;7
6350;219;87;1;land;false;forest;7
6351;239;43;1;land;false;plains;7
6352;144;45;1;land;false;plains;7
6353;116;23;1;land;false;urban;7
6354;114;52;1;land;false;plains;7
6355;135;3;1;land;false;urban;7
6356;154;42;1;land;false;plains;7
6357;47;90;1;land;false;plains;7
6358;23;108;1;land;false;plains;7
6359;15;38;1;land;false;plains;7
6360;46;51;1;land;true;plains;7
6361;8;45;1;land;false;plains;7
6362;49;77;1;land;true;plains;7
6363;15;78;1;land;false;plains;7
6364;72;101;1;land;true;plains;7
6365;33;49;1;land;false;plains;7
6366;29;36;1;land;false;plains;7
6367;63;84;1;land;true;plains;7
6368;182;82;1;land;false;plains;7
6369;249;38;1;land;false;forest;7
6370;253;30;1;land;false;forest;7
6371;208;20;1;land;false;forest;7
6372;237;18;1;land;false;forest;7
6373;202;69;1;land;false;plains;7
6374;203;46;1;land;false;forest;7
6375;214;44;1;land;false;forest;7
6376;215;92;1;land;false;urban;7
6377;149;21;1;land;false;urban;7
6378;126;3;1;land;false;plains;7
6379;100;22;1;land;false;urban;7
6380;83;20;1;land;false;plains;7
6381;141;11;1;land;false;plains;7
6382;133;29;1;land;false;plains;7
6383;140;45;1;land;false;plains;7
6384;90;40;1;land;false;forest;7
6385;48;16;1;land;false;plains;7
6386;3;13;1;land;true;plains;7
6387;42;19;1;land;true;plains;7
6388;53;39;1;land;false;urban;7
6389;37;23;1;land;false;plains;7
6390;21;5;1;land;false;forest;7
6391;4;30;1;land;true;plains;7
6392;54;16;1;land;false;urban;7
6393;41;38;1;land;true;plains;1
6394;40;40;1;land;true;plains;7
6395;30;8;1;land;false;plains;7
6396;2;22;1;land;false;plains;7
6397;12;17;1;land;true;plains;7
6398;31;44;1;land;true;plains;7
6399;33;43;1;land;false;urban;7
6400;32;32;1;land;false;plains;7
6401;153;204;1;land;true;urban;7
6402;130;216;1;land;false;forest;7
6403;159;226;1;land;false;forest;7
6404;147;224;1;land;false;forest;7
6405;169;183;1;land;true;urban;7
6406;195;202;1;land;true;forest;7
6407;172;237;1;land;true;forest;7
6408;177;237;1;land;true;forest;7
6409;139;203;1;land;true;forest;7
6410;161;254;1;land;true;forest;7
6411;120;245;1;land;false;forest;7
6412;193;207;1;land;true;urban;7
6413;69;240;1;land;false;plains;7
6414;103;239;1;land;false;forest;7
6415;62;225;1;land;false;plains;7
6416;76;222;1;land;false;plains;7
6417;47;232;1;land;false;plains;7
6418;90;229;1;land;false;plains;7
6419;92;229;1;land;false;plains;7
6420;86;233;1;land;false;plains;7
6421;61;242;1;land;false;forest;7
6422;69;218;1;land;false;plains;7
6423;73;168;1;land;false;forest;7
6424;119;183;1;land;false;forest;7
6425;99;0;1;land;false;forest;7
6426;34;17;1;land;false;forest;7
6427;59;29;1;land;false;plains;7
6428;97;24;1;land;false;urban;7
6429;82;33;1;land;false;plains;7
6430;54;55;1;land;false;plains;7
6431;60;41;1;land;false;plains;7
6432;76;47;1;land;false;forest;7
6433;100;31;1;land;false;forest;7
6434;61;6;1;land;false;forest;7
6435;60;36;1;land;false;urban;7
6436;55;31;1;land;false;plains;7
6437;110;9;1;land;false;plains;7
6438;36;14;1;land;false;forest;7
6439;77;33;1;land;false;plains;7
6440;92;48;1;land;false;forest;7
6441;60;0;1;land;false;plains;7
6442;47;59;1;land;false;forest;7
6443;107;44;1;land;false;plains;7
6444;28;182;1;land;false;forest;7
6445;30;174;1;land;false;forest;7
6446;40;180;1;land;false;forest;7
6447;45;204;1;land;false;urban;7
6448;13;194;1;land;false;plains;7
6449;0;177;1;land;false;forest;7
6450;35;176;1;land;false;forest;7
6451;14;140;1;land;false;urban;7
6452;31;187;1;land;false;forest;7
6453;24;12;1;land;false;plains;7
6454;44;36;1;land;false;plains;7
6455;42;47;1;land;false;forest;7
6456;9;15;1;land;false;plains;7
6457;57;9;1;land;false;forest;7
6458;60;20;1;land;false;plains;7
6459;13;44;1;land;false;plains;7
6460;39;45;1;land;false;forest;7
6461;63;8;1;land;false;plains;7
6462;13;15;1;land;false;plains;7
6463;40;19;1;land;false;forest;7
6464;68;45;1;land;false;plains;7
6465;127;112;1;land;false;plains;7
6466;107;90;1;land;false;forest;7
6467;125;101;1;land;false;plains;7
6468;109;151;1;land;false;urban;7
6469;63;87;1;land;false;urban;7
6470;68;133;1;land;false;plains;7
6471;125;116;1;land;false;urban;7
6472;107;89;1;land;false;plains;7
6473;72;91;1;land;false;plains;7
6474;103;150;1;land;false;forest;7
6475;112;95;1;land;false;plains;7
6476;65;81;1;land;false;plains;7
6477;99;78;1;land;false;plains;7
6478;144;176;1;land;false;plains;7
6479;132;172;1;land;true;forest;7
6480;87;206;1;land;true;forest;7
6481;133;171;1;land;true;forest;7
6482;147;243;1;land;false;plains;7
6483;159;197;1;land;false;forest;7
6484;95;224;1;land;false;plains;7
6485;109;237;1;land;false;forest;7
6486;123;241;1;land;false;forest;7
6487;73;203;1;land;false;plains;7
6488;29;235;1;land;false;forest;7
6489;48;236;1;land;false;forest;7
6490;55;246;1;land;false;forest;7
6491;0;219;1;land;false;forest;7
6492;5;207;1;land;false;forest;7
6493;41;231;1;land;false;forest;7
6494;27;222;1;land;false;forest;7
6495;34;219;1;land;false;plains;7
6496;116;17;1;land;false;urban;7
6497;176;77;1;land;false;urban;7
6498;127;60;1;land;false;urban;7
6499;115;53;1;land;false;plains;7
6500;149;26;1;land;false;plains;7
6501;132;69;1;land;false;plains;7
6502;103;64;1;land;false;plains;7
6503;140;160;1;land;false;plains;7
6504;130;169;1;land;false;urban;7
6505;103;187;1;land;false;urban;7
6506;80;193;1;land;false;urban;7
6507;119;179;1;land;false;plains;7
6508;139;158;1;land;false;urban;7
6509;107;170;1;land;false;plains;7
6510;95;199;1;land;false;urban;7
6511;150;167;1;land;false;plains;7
6512;127;191;1;land;false;plains;7
6513;127;180;1;land;false;plains;7
6514;77;223;1;land;false;urban;7
6515;46;38;1;land;false;plains;7
6516;25;20;1;land;false;plains;7
6517;37;8;1;land;false;plains;7
6518;23;31;1;land;false;plains;7
6519;172;41;1;land;false;urban;7
6520;189;16;1;land;false;forest;7
6521;180;3;1;land;false;plains;7
6522;219;8;1;land;false;forest;7
6523;181;0;1;land;false;forest;7
6524;178;21;1;land;false;plains;7
6525;185;37;1;land;false;plains;7
6526;200;37;1;land;false;forest;7
6527;217;13;1;land;false;forest;7
6528;174;46;1;land;false;forest;7
6529;181;65;1;land;false;forest;7
6530;190;28;1;land;false;forest;7
6531;150;1;1;land;false;forest;7
6532;167;7;1;land;false;plains;7
6533;140;144;1;land;false;forest;7
6534;190;167;1;land;false;urban;7
6535;149;111;1;land;false;urban;7
6536;173;164;1;land;false;forest;7
6537;173;148;1;land;false;urban;7
6538;225;202;1;land;false;plains;7
6539;187;215;1;land;false;urban;7
6540;230;205;1;land;false;plains;7
6541;166;226;1;land;false;forest;7
6542;192;253;1;land;false;urban;7
6543;165;176;1;land;false;forest;7
6544;184;247;1;land;false;forest;7
6545;220;212;1;land;false;forest;7
6546;162;65;1;land;false;plains;7
6547;193;96;1;land;false;forest;7
6548;213;88;1;land;false;urban;7
6549;197;79;1;land;false;forest;7
6550;167;68;1;land;false;forest;7
6551;165;56;1;land;false;forest;7
6552;216;65;1;land;false;urban;7
6553;147;53;1;land;false;urban;7
6554;152;84;1;land;false;plains;7
6555;154;80;1;land;false;plains;7
6556;150;51;1;land;false;forest;7
6557;147;64;1;land;false;plains;7
6558;202;46;1;land;false;urban;7
6559;179;42;1;land;false;urban;7
6560;89;226;1;land;false;forest;7
6561;155;177;1;land;false;plains;7
6562;106;173;1;land;false;urban;7
6563;110;233;1;land;false;forest;7
6564;125;210;1;land;false;forest;7
6565;116;225;1;land;false;plains;7
6566;146;201;1;land;false;urban;7
6567;130;76;1;land;false;urban;7
6568;85;103;1;land;false;forest;7
6569;78;64;1;land;false;urban;7
6570;128;66;1;land;false;forest;7
6571;215;168;1;land;false;forest;7
6572;234;162;1;land;false;forest;7
6573;239;131;1;land;false;forest;7
6574;243;126;1;land;false;forest;7
6575;254;136;1;land;false;urban;7
6576;239;191;1;land;false;forest;7
6577;239;192;1;land;false;forest;7
6578;214;139;1;land;false;forest;7
6579;209;114;1;land;false;urban;7
6580;172;158;1;land;false;plains;7
6581;231;170;1;land;false;urban;7
6582;244;134;1;land;false;plains;7
6583;202;133;1;land;false;plains;7
6584;180;136;1;land;false;forest;7
6585;179;173;1;land;false;urban;7
6586;193;57;1;land;false;urban;7
6587;165;60;1;land;false;forest;7
6588;171;48;1;land;false;urban;7
6589;177;47;1;land;false;urban;7
6590;199;43;1;land;false;plains;7
6591;176;13;1;land;false;urban;7
6592;180;2;1;land;false;urban;7
6593;100;139;1;land;false;urban;7
6594;50;112;1;land;false;urban;7
6595;85;243;1;land;false;forest;7
6596;85;217;1;land;false;urban;7
6597;70;222;1;land;false;forest;7
6598;225;243;1;land;true;urban;7
6599;224;227;1;land;false;plains;7
6600;252;209;1;land;true;forest;7
6601;219;221;1;land;true;forest;7
6602;227;238;1;land;true;plains;7
6603;240;233;1;land;false;forest;7
6604;202;229;1;land;false;urban;7
6605;244;221;1;land;false;forest;7
6606;243;233;1;land;false;urban;7
6607;248;252;1;land;false;forest;7
6608;217;247;1;land;false;plains;7
6609;223;229;1;land;false;forest;7
6610;17;53;1;land;false;plains;7
6611;66;120;1;land;false;urban;7
6612;39;88;1;land;false;urban;7
6613;59;50;1;land;false;plains;7
6614;17;85;1;land;false;plains;7
6615;50;113;1;land;false;plains;7
6616;44;88;1;land;false;forest;7
6617;30;60;1;land;false;plains;7
6618;42;242;1;land;false;plains;7
6619;38;198;1;land;false;plains;7
6620;42;236;1;land;false;plains;7
6621;12;239;1;land;false;urban;7
6622;41;241;1;land;false;plains;7
6623;30;221;1;land;false;plains;7
6624;48;216;1;land;false;plains;7
6625;183;215;1;land;false;forest;7
6626;186;240;1;land;false;forest;7
6627;154;232;1;land;false;forest;7
6628;217;208;1;land;false;forest;7
6629;191;217;1;land;false;forest;7
6630;196;242;1;land;false;forest;7
6631;74;45;1;land;false;plains;7
6632;109;83;1;land;false;urban;7
6633;88;112;1;land;false;plains;7
6634;42;120;1;land;false;urban;7
6635;100;54;1;land;false;urban;7
6636;93;118;1;land;false;plains;7
6637;95;101;1;land;false;urban;7
6638;46;104;1;land;false;plains;7
6639;64;56;1;land;false;plains;7
6640;102;51;1;land;false;plains;7
6641;32;254;1;land;false;urban;7
6642;76;212;1;land;false;urban;7
6643;35;210;1;land;false;forest;7
6644;91;235;1;land;false;plains;7
6645;41;233;1;land;true;forest;7
6646;11;205;1;land;false;plains;7
6647;0;230;1;land;false;plains;7
6648;5;239;1;land;false;urban;7
6649;136;157;1;land;false;urban;7
6650;158;169;1;land;false;urban;7
6651;119;185;1;land;true;forest;7
6652;121;154;1;land;false;forest;7
6653;97;166;1;land;false;forest;7
6654;77;188;1;land;false;urban;7
6655;63;192;1;land;false;forest;7
6656;68;196;1;land;false;urban;7
6657;40;193;1;land;false;forest;7
6658;84;198;1;land;false;plains;7
6659;54;223;1;land;false;forest;7
6660;96;224;1;land;false;forest;7
6661;67;184;1;land;false;plains;7
6662;200;50;1;land;false;urban;7
6663;209;23;1;land;false;forest;7
6664;202;21;1;land;false;forest;7
6665;176;35;1;land;false;forest;7
6666;139;37;1;land;false;forest;7
6667;209;13;1;land;false;forest;7
6668;155;63;1;land;false;forest;7
6669;172;67;1;land;false;forest;7
6670;167;15;1;land;false;forest;7
6671;91;109;1;land;false;urban;7
6672;144;157;1;land;false;urban;7
6673;133;139;1;land;false;urban;7
6674;126;150;1;land;false;urban;7
6675;150;136;1;land;false;forest;7
6676;155;119;1;land;false;forest;7
6677;71;88;1;land;false;forest;7
6678;101;79;1;land;false;urban;7
6679;77;134;1;land;false;forest;7
6680;56;135;1;land;false;urban;7
6681;104;136;1;land;false;forest;7
6682;84;76;1;land;false;plains;7
6683;64;75;1;land;false;forest;7
6684;117;129;1;land;false;urban;7
6685;109;108;1;land;false;forest;7
6686;63;72;1;land;false;urban;7
6687;106;119;1;land;false;forest;7
6688;95;137;1;land;false;urban;7
6689;51;123;1;land;false;urban;7
6690;54;74;1;land;false;urban;7
6691;102;102;1;land;false;urban;7
6692;207;247;1;land;false;plains;7
6693;233;219;1;land;false;urban;7
6694;228;199;1;land;false;plains;7
6695;231;207;1;land;false;urban;7
6696;209;235;1;land;false;plains;7
6697;239;245;1;land;false;urban;7
6698;233;193;1;land;false;plains;7
6699;237;236;1;land;false;plains;7
6700;144;217;1;land;false;plains;7
6701;116;244;1;land;false;plains;7
6702;121;236;1;land;false;plains;7
6703;150;229;1;land;false;urban;7
6704;166;251;1;land;false;plains;7
6705;203;122;1;land;false;forest;7
6706;143;137;1;land;false;urban;7
6707;170;175;1;land;false;plains;7
6708;214;123;1;land;false;forest;7
6709;211;167;1;land;false;urban;7
6710;137;101;1;land;false;forest;7
6711;174;102;1;land;false;forest;7
6712;79;0;1;land;false;forest;7
6713;73;40;1;land;false;plains;7
6714;64;7;1;land;false;plains;7
6715;75;38;1;land;false;urban;7
6716;49;5;1;land;false;plains;7
6717;90;24;1;land;false;urban;7
6718;83;5;1;land;false;plains;7
6719;55;45;1;land;false;urban;7
6720;36;5;1;land;false;plains;7
6721;21;51;1;land;false;urban;7
6722;35;14;1;land;false;forest;7
6723;93;38;1;land;false;urban;7
6724;33;45;1;land;false;plains;7
6725;83;32;1;land;false;urban;7
6726;217;123;1;land;false;forest;7
6727;247;114;1;land;false;urban;7
6728;198;113;1;land;false;plains;7
6729;215;127;1;land;false;forest;7
6730;225;136;1;land;false;forest;7
6731;220;99;1;land;false;plains;7
6732;208;113;1;land;false;plains;7
6733;206;116;1;land;false;forest;7
6734;131;219;1;land;false;urban;7
6735;135;223;1;land;false;plains;7
6736;125;206;1;land;false;plains;7
6737;131;237;1;land;false;urban;7
6738;159;198;1;land;false;plains;7
6739;156;203;1;land;false;urban;7
6740;168;225;1;land;false;plains;7
6741;111;205;1;land;false;plains;7
6742;120;189;1;land;false;forest;7
6743;183;250;1;land;false;plains;7
6744;135;208;1;land;false;urban;7
6745;167;20;1;land;false;plains;7
6746;176;47;1;land;false;urban;7
6747;122;31;1;land;false;plains;7
6748;135;17;1;land;false;plains;7
6749;109;61;1;land;false;plains;7
6750;129;4;1;land;false;urban;7
6751;107;45;1;land;false;plains;7
6752;11;138;1;land;true;plains;7
6753;202;174;1;land;false;urban;7
6754;169;168;1;land;true;forest;7
6755;71;13;1;land;true;forest;7
6756;89;42;1;land;false;plains;7
6757;102;4;1;land;false;plains;7
6758;52;52;1;land;false;plains;7
6759;90;32;1;land;false;plains;7
6760;53;15;1;land;false;plains;7
6761;67;45;1;land;false;plains;7
6762;121;0;1;land;false;plains;7
6763;61;26;1;land;false;plains;7
6764;16;16;1;land;false;plains;7
6765;33;8;1;land;false;plains;7
6766;62;124;1;land;false;forest;7
6767;62;77;1;land;false;urban;7
6768;50;122;1;land;true;forest;7
6769;41;84;1;land;true;forest;7
6770;72;104;1;land;false;forest;7
6771;40;133;1;land;true;urban;7
6772;38;85;1;land;false;forest;7
6773;38;32;1;land;false;urban;7
6774;36;2;1;land;false;plains;7
6775;29;13;1;land;false;forest;7
6776;0;7;1;land;false;urban;7
6777;39;6;1;land;false;forest;7
6778;34;41;1;land;false;forest;7
6779;31;9;1;land;false;plains;7
6780;23;36;1;land;false;plains;7
6781;16;8;1;land;false;forest;7
6782;7;0;1;land;false;urban;7
6783;11;16;1;land;false;forest;7
6784;7;34;1;land;false;forest;7
6785;23;8;1;land;false;forest;7
6786;42;180;1;land;true;plains;7
6787;32;189;1;land;false;plains;7
6788;66;209;1;land;false;forest;7
6789;3;187;1;land;false;urban;7
6790;131;132;1;land;false;urban;7
6791;146;98;1;land;false;forest;7
6792;159;97;1;land;false;urban;7
6793;191;100;1;land;false;urban;7
6794;125;104;1;land;false;plains;7
6795;163;125;1;land;false;plains;7
6796;174;142;1;land;false;plains;7
6797;151;111;1;land;false;plains;7
6798;137;158;1;land;false;forest;7
6799;169;134;1;land;false;urban;7
6800;178;138;1;land;false;urban;7
6801;145;138;1;land;false;plains;7
6802;185;149;1;land;false;forest;7
6803;82;42;1;land;false;forest;7
6804;49;4;1;land;false;forest;7
6805;57;45;1;land;false;plains;7
6806;21;2;1;land;false;plains;7
6807;41;49;1;land;false;plains;7
6808;224;38;1;land;false;forest;7
6809;178;12;1;land;false;urban;7
6810;244;37;1;land;false;forest;7
6811;189;8;1;land;true;forest;7
6812;253;23;1;land;false;urban;7
6813;187;23;1;land;false;urban;7
6814;243;24;1;land;false;forest;7
6815;220;42;1;land;true;forest;7
6816;197;18;1;land;false;forest;7
6817;182;2;1;land;false;forest;7
6818;206;37;1;land;false;forest;7
6819;183;6;1;land;false;urban;7
6820;211;35;1;land;false;forest;7
6821;246;9;1;land;false;forest;7
6822;248;40;1;land;false;forest;7
6823;224;41;1;land;false;forest;7
6824;215;43;1;land;false;forest;7
6825;73;211;1;land;false;plains;7
6826;66;184;1;land;false;plains;7
6827;68;207;1;land;false;urban;7
6828;129;190;1;land;false;plains;7
6829;42;222;1;land;false;forest;7
6830;11;241;1;land;false;forest;7
6831;2;219;1;land;false;forest;7
6832;18;249;1;land;false;forest;7
6833;202;121;1;land;false;plains;7
6834;138;88;1;land;false;plains;7
6835;181;140;1;land;false;plains;7
6836;145;111;1;land;false;plains;7
6837;189;145;1;land;false;urban;7
6838;207;116;1;land;false;plains;7
6839;194;117;1;land;false;forest;7
6840;194;92;1;land;false;urban;7
6841;187;106;1;land;false;plains;7
6842;153;78;1;land;false;plains;7
6843;202;76;1;land;false;plains;7
6844;151;96;1;land;false;forest;7
6845;141;141;1;land;false;urban;7
6846;135;90;1;land;false;plains;7
6847;86;225;1;land;true;urban;7
6848;67;176;1;land;false;forest;7
6849;81;164;1;land;true;forest;7
6850;29;182;1;land;false;urban;7
6851;47;166;1;land;true;forest;7
6852;163;109;1;land;true;urban;7
6853;170;112;1;land;false;urban;7
6854;124;118;1;land;true;plains;7
6855;33;238;1;land;false;urban;7
6856;71;214;1;land;false;forest;7
6857;8;211;1;land;false;urban;7
6858;54;163;1;land;false;forest;7
6859;45;216;1;land;false;forest;7
6860;3;177;1;land;false;forest;7
6861;0;203;1;land;false;forest;7
6862;77;206;1;land;false;forest;7
6863;95;105;1;land;false;plains;7
6864;89;106;1;land;false;urban;7
6865;105;83;1;land;false;forest;7
6866;74;110;1;land;false;urban;7
6867;95;118;1;land;false;forest;7
6868;87;123;1;land;false;urban;7
6869;65;103;1;land;false;plains;7
6870;103;116;1;land;false;plains;7
6871;45;120;1;land;false;plains;7
6872;39;91;1;land;false;plains;7
6873;29;58;1;land;false;forest;7
6874;106;113;1;land;false;plains;7
6875;31;135;1;land;false;urban;7
6876;168;106;1;land;false;forest;7
6877;103;161;1;land;false;forest;7
6878;129;147;1;land;false;forest;7
6879;105;134;1;land;false;forest;7
6880;155;174;1;land;false;forest;7
6881;52;144;1;land;false;forest;7
6882;26;182;1;land;false;urban;7
6883;31;189;1;land;false;urban;7
6884;43;152;1;land;false;forest;7
6885;44;158;1;land;false;forest;7
6886;15;153;1;land;false;urban;7
6887;35;29;1;land;false;plains;7
6888;10;24;1;land;false;urban;7
6889;57;13;1;land;false;urban;7
6890;2;12;1;land;false;plains;7
6891;75;0;1;land;false;urban;7
6892;152;121;1;land;false;urban;7
6893;143;143;1;land;false;plains;7
6894;166;124;1;land;false;desert;7
6895;210;103;1;land;false;plains;7
6896;138;177;1;land;false;plains;7
6897;195;160;1;land;false;plains;7
6898;146;169;1;land;false;urban;7
6899;161;103;1;land;false;plains;7
6900;153;104;1;land;false;plains;7
6901;85;110;1;land;false;forest;7
6902;59;127;1;land;false;forest;7
6903;126;112;1;land;false;urban;7
6904;61;137;1;land;false;forest;7
6905;84;111;1;land;false;urban;7
6906;57;117;1;land;true;forest;7
6907;126;123;1;land;false;forest;7
6908;94;157;1;land;false;plains;7
6909;56;93;1;land;false;urban;7
6910;116;118;1;land;false;forest;7
6911;74;137;1;land;true;plains;7
6912;68;154;1;land;false;forest;7
6913;52;93;1;land;true;forest;7
6914;71;93;1;land;false;plains;7
6915;90;152;1;land;false;urban;7
6916;132;72;1;land;false;forest;7
6917;123;19;1;land;false;forest;7
6918;149;85;1;land;false;plains;7
6919;79;45;1;land;false;forest;7
6920;115;50;1;land;false;forest;7
6921;74;56;1;land;false;plains;7
6922;115;57;1;land;false;forest;7
6923;117;16;1;land;false;urban;7
6924;97;86;1;land;false;plains;7
6925;164;36;1;land;false;urban;7
6926;174;20;1;land;false;urban;7
6927;182;50;1;land;false;urban;7
6928;127;52;1;land;false;plains;7
6929;190;58;1;land;false;urban;7
6930;212;223;1;land;false;plains;7
6931;161;232;1;land;false;plains;7
6932;185;225;1;land;false;urban;7
6933;92;27;1;land;false;plains;7
6934;132;66;1;land;false;urban;7
6935;132;65;1;land;false;forest;7
6936;114;40;1;land;false;forest;7
6937;120;73;1;land;false;urban;7
6938;134;44;1;land;false;urban;7
6939;132;26;1;land;false;plains;7
6940;91;61;1;land;false;plains;7
6941;78;35;1;land;false;forest;7
6942;253;222;1;land;false;plains;7
6943;212;233;1;land;false;plains;7
6944;235;240;1;land;false;urban;7
6945;222;221;1;land;false;plains;7
6946;222;254;1;land;false;plains;7
6947;49;106;1;land;false;urban;7
6948;43;111;1;land;false;plains;7
6949;22;157;1;land;false;plains;7
6950;211;162;1;land;false;urban;7
6951;216;113;1;land;false;plains;7
6952;142;96;1;land;false;urban;7
6953;165;127;1;land;false;plains;7
6954;195;100;1;land;false;forest;7
6955;158;94;1;land;false;plains;7
6956;192;169;1;land;false;urban;7
6957;144;130;1;land;false;forest;7
6958;188;148;1;land;false;plains;7
6959;192;152;1;land;false;forest;7
6960;154;115;1;land;false;urban;7
6961;162;147;1;land;false;urban;7
6962;80;50;1;land;false;plains;7
6963;35;26;1;land;false;plains;7
6964;71;51;1;land;false;plains;7
6965;42;5;1;land;false;plains;7
6966;65;40;1;land;false;plains;7
6967;41;8;1;land;false;plains;7
6968;36;41;1;land;false;plains;7
6969;43;5;1;land;false;plains;7
6970;54;30;1;land;false;plains;7
6971;49;20;1;land;false;plains;7
6972;40;39;1;land;false;plains;7
6973;34;101;1;land;false;plains;7
6974;92;67;1;land;false;urban;7
6975;20;97;1;land;false;plains;7
6976;31;122;1;land;false;plains;7
6977;83;123;1;land;false;plains;7
6978;18;125;1;land;false;urban;7
6979;38;82;1;land;false;plains;7
6980;75;72;1;land;false;urban;7
6981;86;79;1;land;false;forest;7
6982;28;89;1;land;false;plains;7
6983;61;54;1;land;false;plains;7
6984;82;47;1;land;false;plains;7
6985;63;116;1;land;false;urban;7
6986;103;79;1;land;false;plains;7
6987;65;78;1;land;false;plains;7
6988;78;88;1;land;false;plains;7
6989;98;85;1;land;false;urban;7
6990;83;65;1;land;false;urban;7
6991;33;63;1;land;false;forest;7
6992;49;59;1;land;false;forest;7
6993;56;101;1;land;false;plains;7
6994;30;33;1;land;false;urban;7
6995;31;96;1;land;false;forest;7
6996;111;89;1;land;false;urban;7
6997;138;142;1;land;false;plains;7
6998;58;219;1;land;true;plains;7
6999;77;205;1;land;false;urban;7
7000;21;251;1;land;true;forest;7
7001;66;244;1;land;false;forest;7
7002;12;233;1;land;false;forest;7
7003;208;30;1;land;false;forest;5
7004;243;23;1;land;false;urban;5
7005;20;42;1;land;false;plains;5
7006;26;29;1;land;false;urban;5
7007;66;14;1;land;false;plains;5
7008;55;14;1;land;false;plains;5
7009;45;27;1;land;false;urban;5
7010;48;38;1;land;false;plains;5
7011;52;33;1;land;true;plains;5
7012;8;4;1;land;false;plains;5
7013;6;75;1;land;true;urban;5
7014;54;14;1;land;false;plains;5
7015;59;18;1;land;false;plains;5
7016;45;32;1;land;true;plains;5
7017;47;74;1;land;false;urban;5
7018;10;39;1;land;false;plains;5
7019;32;38;1;land;true;plains;5
7020;33;60;1;land;false;plains;5
7021;218;32;1;land;true;urban;5
7022;238;54;1;land;true;forest;5
7023;30;69;1;land;false;forest;5
7024;70;77;1;land;false;urban;5
7025;52;69;1;land;false;forest;5
7026;25;76;1;land;false;forest;5
7027;10;65;1;land;false;forest;5
7028;9;42;1;land;false;urban;5
7029;59;65;1;land;false;forest;5
7030;65;44;1;land;false;forest;5
7031;3;39;1;land;false;forest;5
7032;4;31;1;land;false;forest;5
7033;30;35;1;land;false;forest;5
7034;43;52;1;land;false;urban;5
7035;233;215;1;land;false;plains;5
7036;243;193;1;land;false;plains;5
7037;234;206;1;land;false;urban;5
7038;214;151;1;land;false;plains;5
7039;241;34;1;land;false;urban;5
7040;234;66;1;land;false;forest;5
7041;242;21;1;land;false;forest;5
7042;227;12;1;land;false;urban;5
7043;238;23;1;land;false;plains;5
7044;216;21;1;land;false;forest;5
7045;222;12;1;land;false;plains;5
7046;215;23;1;land;false;plains;5
7047;227;31;1;land;false;urban;5
7048;237;57;1;land;false;plains;5
7049;215;33;1;land;false;forest;5
7050;219;56;1;land;false;plains;5
7051;107;245;1;land;false;plains;5
7052;149;212;1;land;false;urban;5
7053;111;222;1;land;false;plains;5
7054;99;207;1;land;false;urban;5
7055;147;204;1;land;false;plains;5
7056;108;208;1;land;false;plains;5
7057;146;228;1;land;false;urban;5
7058;136;251;1;land;false;plains;5
7059;166;245;1;land;false;urban;5
7060;161;251;1;land;false;forest;5
7061;91;230;1;land;false;plains;5
7062;95;229;1;land;false;plains;5
7063;103;252;1;land;false;urban;5
7064;116;242;1;land;false;urban;5
7065;67;163;1;land;false;forest;5
7066;23;122;1;land;false;forest;5
7067;86;135;1;land;false;forest;5
7068;43;164;1;land;false;forest;5
7069;24;105;1;land;false;urban;5
7070;88;159;1;land;false;forest;5
7071;56;122;1;land;false;plains;5
7072;43;127;1;land;false;plains;5
7073;3;99;1;land;false;plains;5
7074;36;144;1;land;false;plains;5
7075;0;127;1;land;false;plains;5
7076;112;111;1;land;true;urban;5
7077;108;66;1;land;false;forest;5
7078;146;100;1;land;false;plains;5
7079;105;43;1;land;false;plains;5
7080;162;96;1;land;true;plains;5
7081;158;107;1;land;true;plains;5
7082;121;48;1;land;false;forest;5
7083;178;78;1;land;false;plains;5
7084;127;64;1;land;false;forest;5
7085;11;217;1;land;false;plains;5
7086;23;169;1;land;false;plains;5
7087;72;213;1;land;false;plains;5
7088;29;191;1;land;false;urban;5
7089;163;194;1;land;false;urban;5
7090;189;201;1;land;false;plains;5
7091;172;128;1;land;false;plains;5
7092;158;159;1;land;false;forest;5
7093;129;204;1;land;false;plains;5
7094;162;204;1;land;false;plains;5
7095;174;164;1;land;false;plains;5
7096;191;177;1;land;false;plains;5
7097;147;198;1;land;false;plains;5
7098;185;204;1;land;false;plains;5
7099;196;151;1;land;false;plains;5
7100;160;168;1;land;false;forest;5
7101;202;137;1;land;false;forest;5
7102;162;141;1;land;false;plains;5
7103;149;44;1;land;true;urban;5
7104;179;55;1;land;true;urban;5
7105;111;94;1;land;true;plains;5
7106;155;56;1;land;true;plains;5
7107;182;56;1;land;false;forest;5
7108;137;75;1;land;true;plains;5
7109;132;61;1;land;false;urban;5
7110;165;62;1;land;true;plains;5
7111;165;110;1;land;false;urban;5
7112;155;96;1;land;false;urban;5
7113;128;60;1;land;true;plains;5
7114;156;43;1;land;true;forest;5
7115;204;221;1;land;true;forest;1
7116;221;183;1;land;false;forest;1
7117;190;221;1;land;false;urban;1
7118;197;158;1;land;false;plains;5
7119;205;149;1;land;false;urban;5
7120;205;152;1;land;true;plains;1
7121;192;148;1;land;true;forest;1
7122;220;215;1;land;false;urban;1
7123;211;200;1;land;true;forest;1
7124;179;178;1;land;true;plains;1
7125;197;208;1;land;true;plains;1
7126;254;168;1;land;true;plains;1
7127;251;154;1;land;false;plains;5
7128;12;229;1;land;false;plains;5
7129;24;223;1;land;false;urban;5
7130;3;231;1;land;false;forest;5
7131;21;160;1;land;false;forest;5
7132;8;164;1;land;false;forest;5
7133;28;184;1;land;false;forest;5
7134;14;225;1;land;false;urban;5
7135;15;223;1;land;false;urban;5
7136;9;214;1;land;true;forest;5
7137;14;216;1;land;true;forest;5
7138;24;172;1;land;false;urban;5
7139;22;202;1;land;false;urban;5
7140;22;228;1;land;false;urban;5
7141;29;194;1;land;false;forest;5
7142;11;199;1;land;false;urban;5
7143;39;183;1;land;false;forest;5
7144;214;49;1;land;false;plains;5
7145;222;6;1;land;false;urban;5
7146;239;18;1;land;false;plains;5
7147;214;47;1;land;false;desert;5
7148;233;11;1;land;false;plains;5
7149;230;29;1;land;false;plains;5
7150;228;21;1;land;false;plains;5
7151;65;125;1;land;false;forest;5
7152;72;156;1;land;false;forest;5
7153;77;127;1;land;false;urban;5
7154;72;124;1;land;false;forest;5
7155;28;190;1;land;false;forest;5
7156;40;184;1;land;false;urban;5
7157;62;169;1;land;false;urban;5
7158;240;136;1;land;true;plains;5
7159;219;153;1;land;true;plains;5
7160;220;141;1;land;true;plains;5
7161;185;117;1;land;true;plains;5
7162;191;147;1;land;true;plains;5
7163;97;80;1;land;false;urban;5
7164;62;53;1;land;false;plains;5
7165;75;77;1;land;false;forest;5
7166;128;97;1;land;false;urban;5
7167;99;64;1;land;false;plains;5
7168;113;81;1;land;false;forest;5
7169;94;95;1;land;false;plains;5
7170;62;87;1;land;false;urban;5
7171;90;113;1;land;false;forest;5
7172;83;93;1;land;false;forest;5
7173;90;90;1;land;false;forest;5
7174;134;70;1;land;false;urban;5
7175;137;105;1;land;false;urban;5
7176;125;83;1;land;false;plains;5
7177;101;92;1;land;false;forest;5
7178;133;220;1;land;false;plains;5
7179;160;223;1;land;false;plains;5
7180;116;223;1;land;false;plains;5
7181;137;200;1;land;false;plains;5
7182;94;215;1;land;false;urban;5
7183;109;236;1;land;false;urban;5
7184;145;215;1;land;false;plains;5
7185;5;231;1;land;false;plains;5
7186;34;179;1;land;false;plains;5
7187;2;232;1;land;false;urban;5
7188;21;194;1;land;false;plains;5
7189;14;198;1;land;false;urban;5
7190;3;156;1;land;false;plains;5
7191;20;212;1;land;false;plains;5
7192;12;158;1;land;false;plains;5
7193;42;225;1;land;true;plains;5
7194;39;212;1;land;false;plains;5
7195;77;231;1;land;false;urban;5
7196;36;225;1;land;false;plains;5
7197;2;196;1;land;false;plains;5
7198;25;202;1;land;true;plains;5
7199;71;209;1;land;true;plains;5
7200;0;239;1;land;false;plains;5
7201;23;208;1;land;false;plains;5
7202;48;229;1;land;false;plains;5
7203;59;251;1;land;false;plains;5
7204;49;207;1;land;true;plains;5
7205;0;195;1;land;true;plains;5
7206;57;251;1;land;true;plains;5
7207;70;227;1;land;false;plains;5
7208;13;198;1;land;false;plains;5
7209;1;235;1;land;false;plains;5
7210;9;248;1;land;false;plains;5
7211;59;198;1;land;false;plains;5
7212;73;238;1;land;false;plains;5
7213;52;205;1;land;false;plains;5
7214;22;234;1;land;false;plains;5
7215;79;225;1;land;true;plains;5
7216;123;43;1;land;false;urban;5
7217;85;39;1;land;true;plains;5
7218;103;96;1;land;false;urban;5
7219;89;95;1;land;true;plains;5
7220;125;25;1;land;true;plains;5
7221;143;26;1;land;false;urban;5
7222;127;75;1;land;true;forest;5
7223;70;94;1;land;false;plains;5
7224;104;57;1;land;false;forest;5
7225;114;37;1;land;true;plains;5
7226;110;51;1;land;false;urban;5
7227;79;69;1;land;false;urban;5
7228;141;77;1;land;true;desert;5
7229;84;26;1;land;false;urban;5
7230;117;59;1;land;false;urban;5
7231;73;54;1;land;false;plains;5
7232;114;95;1;land;false;plains;5
7233;71;36;1;land;false;urban;5
7234;70;48;1;land;true;plains;5
7235;71;64;1;land;false;urban;5
7236;130;74;1;land;true;plains;5
7237;135;27;1;land;true;forest;5
7238;105;95;1;land;false;plains;5
7239;94;31;1;land;false;plains;5
7240;103;61;1;land;false;urban;5
7241;116;101;1;land;false;plains;5
7242;116;50;1;land;false;urban;5
7243;143;54;1;land;false;urban;5
7244;161;5;1;land;false;forest;5
7245;197;5;1;land;false;plains;5
7246;168;29;1;land;false;urban;5
7247;225;41;1;land;false;forest;5
7248;211;10;1;land;false;forest;5
7249;204;25;1;land;false;plains;5
7250;170;29;1;land;false;urban;5
7251;188;40;1;land;false;forest;5
7252;247;149;1;land;true;urban;5
7253;224;113;1;land;true;forest;5
7254;237;156;1;land;false;forest;5
7255;240;155;1;land;true;urban;5
7256;229;162;1;land;true;forest;5
7257;238;100;1;land;true;forest;5
7258;242;166;1;land;true;urban;5
7259;93;108;1;land;false;forest;5
7260;26;134;1;land;false;forest;5
7261;158;71;1;land;true;urban;5
7262;218;80;1;land;true;plains;5
7263;206;69;1;land;true;plains;5
7264;176;54;1;land;true;plains;5
7265;228;69;1;land;true;plains;5
7266;222;134;1;land;false;urban;5
7267;253;135;1;land;true;forest;5
7268;199;82;1;land;false;forest;5
7269;232;133;1;land;false;forest;5
7270;245;94;1;land;false;forest;5
7271;200;78;1;land;false;forest;5
7272;228;74;1;land;false;urban;5
7273;246;62;1;land;false;plains;5
7274;235;135;1;land;true;forest;5
7275;199;76;1;land;true;forest;5
7276;236;126;1;land;false;urban;5
7277;227;94;1;land;false;plains;5
7278;228;63;1;land;true;forest;5
7279;208;102;1;land;false;urban;5
7280;246;88;1;land;false;urban;5
7281;250;111;1;land;false;forest;5
7282;221;104;1;land;true;forest;5
7283;216;69;1;land;true;plains;5
7284;246;71;1;land;false;urban;5
7285;238;133;1;land;false;plains;5
7286;231;123;1;land;false;forest;5
7287;197;124;1;land;false;forest;5
7288;217;74;1;land;false;urban;5
7289;248;117;1;land;false;forest;5
7290;247;66;1;land;false;forest;5
7291;225;94;1;land;false;urban;5
7292;252;76;1;land;false;forest;5
7293;157;149;1;land;false;urban;5
7294;159;216;1;land;false;plains;5
7295;132;195;1;land;false;plains;5
7296;146;148;1;land;false;urban;5
7297;123;153;1;land;false;plains;5
7298;138;184;1;land;false;plains;5
7299;200;176;1;land;false;plains;5
7300;177;176;1;land;false;plains;5
7301;198;186;1;land;false;urban;5
7302;171;220;1;land;false;plains;5
7303;173;217;1;land;false;plains;5
7304;203;184;1;land;false;plains;5
7305;176;179;1;land;false;plains;5
7306;191;236;1;land;false;plains;5
7307;212;185;1;land;false;plains;5
7308;185;166;1;land;false;plains;5
7309;95;73;1;land;true;urban;5
7310;117;32;1;land;false;urban;5
7311;117;51;1;land;true;plains;5
7312;130;29;1;land;true;plains;5
7313;85;18;1;land;false;plains;5
7314;126;46;1;land;false;urban;5
7315;87;58;1;land;false;urban;5
7316;103;74;1;land;false;urban;5
7317;91;176;1;land;false;plains;5
7318;98;162;1;land;false;plains;5
7319;103;185;1;land;false;urban;5
7320;77;158;1;land;false;plains;5
7321;134;158;1;land;false;plains;5
7322;118;178;1;land;false;plains;5
7323;141;147;1;land;false;plains;5
7324;107;146;1;land;false;urban;5
7325;240;0;1;land;false;urban;5
7326;211;36;1;land;false;plains;5
7327;245;48;1;land;false;urban;5
7328;209;6;1;land;false;urban;5
7329;234;6;1;land;false;plains;5
7330;245;33;1;land;false;forest;5
7331;213;13;1;land;false;plains;5
7332;252;22;1;land;false;urban;5
7333;200;22;1;land;false;plains;5
7334;236;33;1;land;false;urban;5
7335;243;4;1;land;true;plains;5
7336;216;46;1;land;false;urban;5
7337;229;51;1;land;false;forest;5
7338;223;21;1;land;false;plains;5
7339;248;43;1;land;false;forest;5
7340;235;8;1;land;true;plains;5
7341;190;9;1;land;false;plains;5
7342;240;37;1;land;false;urban;5
7343;236;48;1;land;false;forest;5
7344;203;45;1;land;false;plains;5
7345;225;23;1;land;false;plains;5
7346;199;36;1;land;false;plains;5
7347;190;38;1;land;false;forest;5
7348;254;48;1;land;false;urban;5
7349;205;46;1;land;false;urban;5
7350;233;1;1;land;false;urban;5
7351;46;190;1;land;false;urban;5
7352;20;215;1;land;false;forest;5
7353;14;205;1;land;false;forest;5
7354;11;227;1;land;false;forest;5
7355;239;156;1;land;false;plains;5
7356;234;223;1;land;false;plains;5
7357;252;170;1;land;false;plains;5
7358;219;199;1;land;false;plains;5
7359;235;227;1;land;false;plains;5
7360;214;230;1;land;false;plains;5
7361;118;118;1;land;false;plains;5
7362;153;166;1;land;false;plains;5
7363;135;152;1;land;false;plains;5
7364;124;159;1;land;false;plains;5
7365;131;134;1;land;false;plains;5
7366;120;165;1;land;false;urban;5
7367;163;153;1;land;false;plains;5
7368;210;8;1;land;false;plains;5
7369;145;9;1;land;false;plains;5
7370;171;40;1;land;false;plains;5
7371;212;0;1;land;false;plains;5
7372;212;43;1;land;false;urban;5
7373;189;60;1;land;false;plains;5
7374;181;16;1;land;false;plains;5
7375;172;10;1;land;false;plains;5
7376;183;52;1;land;false;plains;5
7377;179;25;1;land;false;plains;5
7378;205;13;1;land;false;plains;5
7379;145;13;1;land;false;urban;5
7380;164;35;1;land;false;plains;5
7381;159;28;1;land;false;plains;5
7382;213;38;1;land;false;plains;5
7383;196;24;1;land;false;plains;5
7384;202;33;1;land;false;plains;5
7385;143;48;1;land;false;plains;5
7386;196;14;1;land;false;plains;5
7387;158;28;1;land;false;plains;5
7388;199;53;1;land;false;plains;5
7389;206;51;1;land;false;urban;5
7390;141;45;1;land;false;plains;5
7391;165;48;1;land;false;plains;5
7392;207;36;1;land;false;plains;5
7393;164;27;1;land;false;plains;5
7394;173;9;1;land;false;plains;5
7395;210;38;1;land;false;plains;5
7396;146;29;1;land;false;plains;5
7397;206;11;1;land;false;plains;5
7398;220;55;1;land;false;plains;5
7399;155;52;1;land;false;plains;5
7400;210;48;1;land;false;plains;5
7401;84;156;1;land;false;plains;5
7402;92;168;1;land;false;desert;5
7403;89;117;1;land;false;plains;5
7404;65;110;1;land;false;plains;5
7405;92;127;1;land;false;plains;5
7406;83;99;1;land;false;plains;5
7407;46;147;1;land;false;urban;5
7408;58;139;1;land;false;plains;5
7409;59;159;1;land;false;plains;5
7410;74;165;1;land;false;plains;5
7411;55;130;1;land;false;plains;5
7412;18;202;1;land;false;plains;5
7413;3;201;1;land;false;plains;5
7414;9;226;1;land;false;plains;5
7415;0;200;1;land;false;plains;5
7416;8;197;1;land;false;forest;5
7417;27;235;1;land;false;forest;5
7418;17;196;1;land;false;plains;5
7419;10;227;1;land;false;urban;5
7420;35;226;1;land;false;forest;5
7421;43;44;1;land;false;plains;5
7422;50;52;1;land;false;plains;5
7423;39;34;1;land;false;plains;5
7424;104;106;1;land;false;forest;5
7425;46;105;1;land;false;plains;5
7426;109;44;1;land;false;forest;5
7427;73;92;1;land;false;plains;5
7428;83;97;1;land;false;plains;5
7429;37;44;1;land;false;plains;5
7430;84;84;1;land;false;plains;5
7431;190;151;1;land;false;forest;5
7432;199;140;1;land;false;urban;5
7433;175;159;1;land;false;forest;5
7434;177;133;1;land;false;forest;5
7435;168;205;1;land;false;urban;5
7436;207;153;1;land;false;plains;5
7437;233;211;1;land;false;forest;5
7438;202;166;1;land;false;urban;5
7439;200;160;1;land;false;plains;5
7440;236;161;1;land;false;plains;5
7441;189;146;1;land;false;forest;5
7442;190;210;1;land;false;urban;5
7443;213;155;1;land;false;forest;5
7444;202;152;1;land;false;plains;5
7445;179;183;1;land;false;urban;5
7446;235;163;1;land;false;urban;5
7447;232;174;1;land;false;urban;5
7448;221;150;1;land;false;urban;5
7449;50;155;1;land;false;urban;5
7450;99;154;1;land;true;forest;5
7451;100;147;1;land;false;forest;5
7452;86;138;1;land;true;forest;5
7453;70;136;1;land;false;urban;5
7454;73;120;1;land;false;urban;5
7455;51;231;1;land;false;plains;5
7456;26;217;1;land;false;forest;5
7457;56;191;1;land;false;plains;5
7458;45;222;1;land;false;forest;5
7459;33;98;1;land;true;urban;5
7460;40;100;1;land;true;urban;5
7461;38;113;1;land;true;plains;5
7462;79;110;1;land;true;plains;5
7463;151;89;1;land;true;plains;5
7464;183;77;1;land;false;plains;5
7465;220;63;1;land;false;plains;5
7466;196;203;1;land;false;forest;5
7467;214;156;1;land;false;plains;5
7468;212;205;1;land;false;forest;5
7469;205;187;1;land;false;forest;5
7470;175;197;1;land;false;forest;5
7471;217;246;1;land;false;plains;5
7472;227;189;1;land;false;plains;5
7473;235;204;1;land;false;plains;5
7474;250;234;1;land;false;plains;5
7475;229;236;1;land;false;plains;5
7476;235;184;1;land;false;plains;5
7477;99;50;1;land;false;plains;5
7478;116;69;1;land;false;plains;5
7479;127;63;1;land;false;desert;5
7480;144;94;1;land;false;plains;5
7481;137;89;1;land;false;plains;5
7482;118;71;1;land;false;plains;5
7483;31;42;1;land;false;forest;5
7484;3;19;1;land;false;forest;5
7485;40;52;1;land;false;forest;5
7486;27;4;1;land;false;urban;5
7487;20;120;1;land;true;plains;1
7488;28;63;1;land;false;plains;5
7489;29;242;1;land;true;plains;1
7490;48;207;1;land;true;plains;1
7491;9;204;1;land;true;plains;1
7492;8;229;1;land;true;plains;1
7493;14;194;1;land;false;urban;1
7494;39;202;1;land;true;plains;1
7495;13;197;1;land;true;urban;1
7496;4;242;1;land;true;plains;1
7497;9;227;1;land;true;plains;1
7498;37;187;1;land;true;urban;1
7499;31;196;1;land;true;plains;1
7500;52;207;1;land;false;plains;5
7501;73;213;1;land;false;urban;5
7502;27;239;1;land;false;plains;5
7503;31;224;1;land;false;plains;5
7504;23;246;1;land;false;forest;5
7505;26;237;1;land;false;urban;5
7506;79;239;1;land;false;urban;5
7507;44;210;1;land;false;plains;5
7508;40;211;1;land;false;plains;5
7509;181;196;1;land;false;plains;5
7510;208;152;1;land;false;plains;5
7511;136;189;1;land;false;plains;5
7512;164;150;1;land;false;plains;5
7513;172;166;1;land;false;plains;5
7514;208;209;1;land;false;plains;5
7515;146;155;1;land;false;plains;5
7516;216;236;1;land;false;forest;5
7517;192;212;1;land;false;plains;5
7518;179;230;1;land;false;urban;5
7519;182;237;1;land;false;plains;5
7520;229;185;1;land;false;plains;5
7521;146;77;1;land;true;plains;5
7522;135;64;1;land;false;plains;5
7523;150;23;1;land;true;plains;5
7524;102;88;1;land;false;plains;5
7525;127;25;1;land;false;plains;5
7526;87;90;1;land;true;plains;5
7527;86;32;1;land;false;plains;5
7528;81;44;1;land;true;urban;5
7529;110;88;1;land;true;plains;5
7530;108;80;1;land;false;urban;5
7531;86;92;1;land;true;plains;5
7532;157;41;1;land;false;plains;5
7533;113;16;1;land;true;plains;5
7534;85;88;1;land;true;plains;5
7535;133;35;1;land;false;plains;5
7536;117;185;1;land;false;forest;5
7537;120;175;1;land;false;forest;5
7538;146;134;1;land;false;urban;5
7539;3;167;1;land;false;plains;5
7540;2;107;1;land;false;urban;5
7541;36;120;1;land;false;plains;5
7542;19;146;1;land;false;plains;5
7543;27;94;1;land;false;urban;5
7544;16;121;1;land;false;plains;5
7545;39;99;1;land;false;urban;5
7546;3;136;1;land;false;plains;5
7547;28;91;1;land;false;plains;5
7548;80;36;1;land;false;forest;5
7549;55;102;1;land;false;forest;5
7550;97;76;1;land;false;plains;5
7551;109;80;1;land;false;plains;5
7552;88;51;1;land;false;urban;5
7553;60;101;1;land;false;forest;5
7554;113;253;1;land;false;urban;5
7555;94;213;1;land;false;plains;5
7556;89;223;1;land;false;plains;5
7557;112;231;1;land;false;forest;5
7558;65;193;1;land;false;forest;5
7559;76;224;1;land;false;plains;5
7560;125;198;1;land;false;plains;5
7561;95;216;1;land;false;forest;5
7562;104;240;1;land;false;urban;5
7563;61;254;1;land;false;plains;5
7564;83;180;1;land;false;forest;5
7565;67;252;1;land;false;forest;5
7566;111;230;1;land;false;urban;5
7567;81;229;1;land;false;plains;5
7568;77;244;1;land;false;plains;5
7569;93;227;1;land;false;forest;5
7570;121;250;1;land;false;plains;5
7571;122;237;1;land;false;forest;5
7572;89;190;1;land;false;urban;5
7573;221;28;1;land;false;plains;5
7574;216;31;1;land;false;plains;5
7575;210;51;1;land;false;plains;5
7576;233;3;1;land;false;plains;5
7577;228;44;1;land;false;forest;5
7578;32;190;1;land;false;urban;5
7579;33;160;1;land;false;forest;5
7580;28;162;1;land;false;plains;5
7581;19;155;1;land;false;plains;5
7582;15;213;1;land;false;forest;5
7583;37;175;1;land;false;forest;5
7584;82;237;1;land;false;plains;5
7585;82;243;1;land;false;forest;5
7586;156;225;1;land;false;plains;5
7587;153;232;1;land;false;forest;5
7588;90;245;1;land;false;forest;5
7589;135;246;1;land;false;plains;5
7590;123;219;1;land;false;forest;5
7591;98;231;1;land;false;forest;5
7592;159;248;1;land;false;plains;5
7593;89;249;1;land;false;plains;5
7594;109;213;1;land;false;forest;5
7595;109;217;1;land;false;forest;5
7596;82;214;1;land;false;urban;5
7597;113;231;1;land;false;plains;5
7598;74;235;1;land;false;plains;5
7599;124;211;1;land;false;plains;5
7600;85;229;1;land;false;urban;5
7601;158;171;1;land;false;plains;5
7602;116;158;1;land;false;plains;5
7603;101;112;1;land;false;plains;5
7604;206;209;1;land;false;plains;5
7605;158;238;1;land;false;urban;5
7606;168;209;1;land;false;plains;5
7607;182;227;1;land;false;forest;5
7608;210;210;1;land;false;plains;5
7609;196;249;1;land;false;plains;5
7610;187;202;1;land;false;plains;5
7611;150;232;1;land;false;forest;5
7612;159;214;1;land;false;plains;5
7613;167;238;1;land;false;urban;5
7614;186;249;1;land;false;forest;5
7615;60;177;1;land;false;plains;5
7616;77;219;1;land;false;plains;5
7617;61;205;1;land;false;plains;5
7618;88;185;1;land;false;plains;5
7619;120;203;1;land;false;plains;5
7620;65;205;1;land;false;urban;5
7621;74;215;1;land;false;plains;5
7622;92;192;1;land;true;forest;5
7623;128;252;1;land;true;urban;5
7624;9;86;1;land;false;plains;5
7625;45;51;1;land;false;forest;5
7626;21;85;1;land;false;forest;5
7627;14;60;1;land;false;urban;5
7628;50;37;1;land;true;forest;5
7629;87;67;1;land;false;plains;5
7630;91;95;1;land;false;plains;5
7631;41;43;1;land;false;plains;5
7632;25;33;1;land;false;urban;5
7633;31;87;1;land;true;plains;5
7634;49;33;1;land;false;urban;5
7635;69;85;1;land;true;plains;5
7636;245;197;1;land;false;plains;5
7637;241;141;1;land;false;urban;5
7638;245;173;1;land;false;plains;5
7639;185;198;1;land;false;plains;5
7640;250;172;1;land;false;plains;5
7641;192;170;1;land;false;plains;5
7642;229;135;1;land;false;forest;5
7643;204;193;1;land;false;plains;5
7644;236;157;1;land;false;urban;5
7645;224;175;1;land;false;plains;5
7646;235;193;1;land;false;plains;5
7647;203;207;1;land;false;urban;5
7648;202;134;1;land;false;urban;5
7649;237;211;1;land;false;plains;5
7650;197;171;1;land;false;plains;5
7651;237;159;1;land;false;urban;5
7652;211;206;1;land;false;plains;5
7653;184;211;1;land;false;plains;5
7654;246;138;1;land;false;plains;5
7655;192;140;1;land;false;forest;5
7656;24;14;1;land;false;plains;5
7657;73;53;1;land;false;urban;5
7658;46;64;1;land;false;plains;5
7659;74;0;1;land;false;urban;5
7660;79;57;1;land;false;urban;5
7661;40;32;1;land;true;plains;5
7662;16;52;1;land;false;forest;5
7663;19;30;1;land;false;forest;5
7664;56;1;1;land;false;plains;5
7665;20;51;1;land;true;plains;5
7666;77;37;1;land;false;forest;5
7667;80;42;1;land;false;forest;5
7668;57;62;1;land;false;plains;5
7669;63;22;1;land;false;plains;5
7670;81;19;1;land;false;urban;5
7671;9;53;1;land;false;plains;5
7672;64;58;1;land;false;forest;5
7673;15;57;1;land;false;forest;5
7674;12;8;1;land;false;urban;5
7675;231;224;1;land;false;plains;5
7676;237;229;1;land;false;plains;5
7677;244;224;1;land;false;plains;5
7678;248;239;1;land;false;plains;5
7679;237;242;1;land;false;urban;5
7680;185;233;1;land;false;urban;5
7681;227;217;1;land;false;plains;5
7682;225;249;1;land;false;plains;5
7683;245;250;1;land;false;plains;5
7684;83;98;1;land;false;forest;5
7685;77;140;1;land;false;urban;5
7686;64;124;1;land;false;urban;5
7687;81;138;1;land;false;forest;5
7688;78;146;1;land;false;forest;5
7689;34;124;1;land;false;forest;5
7690;42;78;1;land;false;forest;5
7691;31;156;1;land;false;forest;5
7692;103;143;1;land;false;urban;5
7693;102;151;1;land;false;forest;5
7694;91;110;1;land;false;forest;5
7695;154;239;1;land;false;urban;5
7696;99;240;1;land;false;plains;5
7697;156;241;1;land;false;forest;5
7698;134;221;1;land;false;forest;5
7699;114;210;1;land;false;forest;5
7700;114;208;1;land;false;plains;5
7701;140;231;1;land;false;forest;5
7702;127;229;1;land;false;forest;5
7703;115;186;1;land;false;urban;5
7704;106;190;1;land;false;plains;5
7705;128;202;1;land;false;forest;5
7706;159;187;1;land;false;plains;5
7707;105;253;1;land;false;forest;5
7708;154;227;1;land;false;plains;5
7709;127;249;1;land;false;plains;5
7710;62;73;1;land;false;plains;5
7711;67;126;1;land;false;plains;5
7712;119;78;1;land;false;plains;5
7713;65;128;1;land;false;plains;5
7714;54;62;1;land;false;plains;5
7715;55;78;1;land;false;plains;5
7716;95;102;1;land;false;urban;5
7717;62;107;1;land;false;plains;5
7718;84;80;1;land;false;plains;5
7719;92;123;1;land;false;plains;5
7720;114;67;1;land;false;plains;5
7721;100;78;1;land;false;plains;5
7722;77;53;1;land;false;plains;5
7723;66;69;1;land;false;plains;5
7724;96;97;1;land;false;plains;5
7725;157;167;1;land;false;urban;5
7726;167;180;1;land;false;plains;5
7727;161;186;1;land;false;plains;5
7728;141;202;1;land;false;forest;5
7729;125;195;1;land;false;forest;5
7730;198;209;1;land;false;plains;5
7731;143;199;1;land;false;forest;5
7732;166;215;1;land;false;urban;5
7733;2;51;1;land;false;urban;5
7734;15;42;1;land;false;urban;5
7735;22;82;1;land;true;forest;5
7736;45;42;1;land;false;forest;5
7737;206;74;1;land;false;plains;5
7738;170;67;1;land;false;plains;5
7739;211;47;1;land;false;plains;5
7740;205;98;1;land;false;plains;5
7741;231;117;1;land;false;plains;5
7742;153;196;1;land;false;forest;5
7743;145;176;1;land;false;plains;5
7744;127;196;1;land;false;forest;5
7745;161;190;1;land;false;plains;5
7746;160;229;1;land;false;plains;5
7747;155;239;1;land;false;urban;5
7748;151;196;1;land;false;forest;5
7749;142;202;1;land;false;urban;5
7750;179;220;1;land;false;urban;5
7751;169;166;1;land;false;urban;5
7752;175;186;1;land;false;urban;5
7753;169;223;1;land;false;forest;5
7754;216;39;1;land;false;forest;5
7755;204;43;1;land;false;forest;5
7756;214;79;1;land;false;urban;5
7757;249;43;1;land;false;urban;5
7758;195;23;1;land;false;urban;5
7759;14;126;1;land;false;plains;5
7760;41;164;1;land;false;plains;5
7761;38;190;1;land;false;plains;5
7762;26;196;1;land;false;plains;5
7763;65;144;1;land;false;plains;5
7764;0;185;1;land;false;plains;5
7765;46;192;1;land;false;plains;5
7766;22;124;1;land;false;plains;5
7767;10;150;1;land;false;plains;5
7768;37;170;1;land;false;plains;5
7769;25;140;1;land;false;plains;5
7770;38;197;1;land;false;plains;5
7771;15;168;1;land;false;plains;5
7772;16;129;1;land;false;plains;5
7773;45;153;1;land;false;plains;5
7774;8;167;1;land;false;plains;5
7775;33;148;1;land;false;plains;5
7776;39;144;1;land;false;plains;5
7777;240;22;1;land;false;forest;5
7778;249;33;1;land;false;forest;5
7779;245;29;1;land;false;plains;5
7780;252;37;1;land;false;forest;5
7781;26;232;1;land;true;urban;5
7782;4;248;1;land;true;plains;5
7783;32;226;1;land;false;plains;5
7784;5;199;1;land;true;plains;5
7785;45;252;1;land;true;desert;5
7786;99;15;1;land;true;urban;5
7787;55;24;1;land;false;plains;5
7788;97;61;1;land;true;desert;5
7789;80;31;1;land;true;desert;5
7790;80;46;1;land;false;desert;5
7791;111;44;1;land;false;plains;5
7792;55;54;1;land;true;desert;5
7793;48;24;1;land;false;desert;5
7794;100;57;1;land;false;plains;5
7795;69;53;1;land;false;plains;5
7796;84;70;1;land;false;plains;5
7797;55;44;1;land;false;plains;5
7798;87;13;1;land;false;plains;5
7799;103;60;1;land;true;plains;5
7800;87;72;1;land;false;desert;5
7801;69;7;1;land;false;desert;5
7802;47;25;1;land;false;urban;5
7803;102;36;1;land;false;plains;5
7804;20;224;1;land;false;urban;5
7805;2;192;1;land;false;urban;5
7806;14;212;1;land;false;urban;5
7807;28;188;1;land;false;plains;5
7808;41;184;1;land;false;plains;5
7809;147;185;1;land;true;plains;5
7810;228;154;1;land;false;urban;5
7811;186;127;1;land;false;plains;5
7812;250;189;1;land;false;plains;5
7813;229;123;1;land;false;plains;5
7814;168;113;1;land;true;plains;5
7815;167;158;1;land;false;urban;5
7816;149;125;1;land;false;plains;5
7817;130;143;1;land;false;plains;5
7818;150;113;1;land;true;urban;5
7819;106;101;1;land;false;plains;5
7820;97;120;1;land;false;plains;5
7821;145;115;1;land;false;plains;5
7822;202;191;1;land;false;plains;5
7823;225;212;1;land;false;forest;5
7824;226;189;1;land;false;urban;5
7825;195;205;1;land;false;urban;5
7826;186;212;1;land;false;plains;5
7827;185;240;1;land;false;plains;5
7828;169;236;1;land;false;plains;5
7829;153;172;1;land;false;forest;5
7830;9;103;1;land;false;forest;5
7831;20;88;1;land;false;forest;5
7832;31;75;1;land;false;urban;5
7833;26;157;1;land;false;plains;5
7834;36;152;1;land;false;plains;5
7835;39;155;1;land;false;urban;5
7836;29;197;1;land;true;urban;5
7837;0;204;1;land;false;urban;5
7838;31;141;1;land;false;urban;5
7839;1;159;1;land;false;plains;5
7840;20;44;1;land;false;forest;5
7841;54;28;1;land;false;plains;5
7842;21;48;1;land;false;plains;5
7843;52;51;1;land;false;urban;5
7844;14;6;1;land;false;plains;5
7845;65;50;1;land;false;plains;5
7846;32;0;1;land;false;plains;5
7847;54;44;1;land;false;plains;5
7848;40;18;1;land;false;forest;5
7849;29;49;1;land;false;plains;5
7850;55;28;1;land;false;urban;5
7851;24;8;1;land;false;plains;5
7852;54;56;1;land;false;forest;5
7853;59;27;1;land;false;plains;5
7854;41;19;1;land;false;plains;5
7855;12;159;1;land;false;urban;5
7856;63;153;1;land;true;plains;5
7857;34;183;1;land;false;urban;5
7858;15;169;1;land;false;plains;5
7859;5;115;1;land;false;urban;5
7860;46;115;1;land;false;plains;5
7861;11;171;1;land;false;plains;5
7862;70;160;1;land;false;forest;5
7863;75;102;1;land;false;forest;5
7864;89;121;1;land;false;forest;5
7865;64;121;1;land;false;forest;5
7866;86;153;1;land;false;forest;5
7867;121;124;1;land;true;forest;5
7868;64;148;1;land;false;forest;5
7869;121;153;1;land;false;forest;5
7870;117;132;1;land;false;forest;5
7871;59;97;1;land;false;forest;5
7872;169;212;1;land;false;forest;5
7873;237;231;1;land;false;forest;5
7874;196;254;1;land;false;forest;5
7875;228;250;1;land;false;forest;5
7876;166;234;1;land;false;urban;5
7877;176;223;1;land;false;forest;5
7878;208;229;1;land;false;urban;5
7879;207;230;1;land;false;forest;5
7880;138;150;1;land;false;urban;5
7881;161;124;1;land;false;plains;5
7882;149;151;1;land;false;urban;5
7883;36;180;1;land;true;plains;5
7884;64;194;1;land;true;plains;5
7885;68;231;1;land;true;plains;5
7886;97;186;1;land;false;plains;5
7887;94;220;1;land;false;plains;5
7888;78;218;1;land;false;plains;5
7889;38;221;1;land;true;plains;5
7890;69;210;1;land;true;plains;5
7891;229;157;1;land;true;plains;1
7892;238;205;1;land;true;plains;1
7893;201;137;1;land;false;plains;1
7894;216;197;1;land;false;plains;1
7895;217;187;1;land;false;plains;5
7896;216;198;1;land;false;plains;1
7897;203;158;1;land;false;plains;1
7898;202;197;1;land;true;plains;1
7899;143;219;1;land;false;urban;5
7900;89;216;1;land;false;plains;5
7901;87;253;1;land;false;forest;5
7902;145;240;1;land;false;plains;5
7903;112;208;1;land;false;plains;5
7904;164;21;1;land;false;plains;5
7905;217;191;1;land;false;forest;5
7906;218;198;1;land;false;forest;5
7907;214;202;1;land;false;plains;5
7908;223;193;1;land;false;plains;5
7909;177;223;1;land;false;plains;5
7910;155;223;1;land;false;forest;5
7911;196;168;1;land;false;plains;5
7912;61;42;1;land;false;plains;5
7913;84;19;1;land;false;plains;5
7914;135;5;1;land;false;urban;5
7915;124;16;1;land;false;plains;5
7916;119;38;1;land;false;plains;5
7917;116;27;1;land;false;plains;5
7918;138;30;1;land;false;plains;5
7919;110;190;1;land;false;plains;5
7920;66;236;1;land;false;urban;5
7921;54;169;1;land;false;plains;5
7922;48;225;1;land;false;plains;5
7923;104;184;1;land;false;plains;5
7924;106;221;1;land;false;plains;5
7925;139;83;1;land;false;plains;5
7926;130;52;1;land;false;plains;5
7927;140;83;1;land;false;desert;5
7928;138;24;1;land;false;plains;5
7929;121;78;1;land;false;plains;5
7930;146;43;1;land;false;plains;5
7931;126;92;1;land;false;desert;5
7932;130;93;1;land;false;plains;5
7933;165;73;1;land;false;plains;5
7934;65;38;1;land;false;plains;5
7935;13;97;1;land;false;forest;5
7936;94;55;1;land;false;forest;5
7937;123;33;1;land;false;forest;5
7938;68;35;1;land;false;urban;5
7939;82;70;1;land;false;forest;5
7940;71;47;1;land;false;forest;5
7941;94;159;1;land;true;forest;5
7942;89;167;1;land;false;plains;5
7943;85;134;1;land;false;plains;5
7944;48;119;1;land;false;plains;5
7945;36;193;1;land;true;forest;5
7946;87;173;1;land;false;urban;5
7947;46;167;1;land;false;urban;5
7948;19;194;1;land;true;plains;5
7949;58;152;1;land;false;plains;5
7950;78;160;1;land;false;plains;5
7951;27;12;1;land;false;urban;5
7952;12;37;1;land;false;plains;5
7953;42;46;1;land;false;plains;5
7954;140;125;1;land;false;urban;1
7955;117;96;1;land;true;urban;1
7956;175;137;1;land;true;urban;1
7957;121;65;1;land;false;plains;1
7958;110;113;1;land;true;plains;1
7959;148;131;1;land;false;urban;1
7960;227;135;1;land;true;urban;5
7961;218;133;1;land;true;forest;5
7962;230;161;1;land;true;urban;5
7963;213;192;1;land;true;urban;5
7964;247;189;1;land;true;forest;5
7965;246;150;1;land;true;forest;5
7966;230;138;1;land;true;forest;5
7967;134;60;1;land;false;urban;5
7968;106;29;1;land;false;plains;5
7969;123;27;1;land;false;plains;5
7970;143;24;1;land;false;plains;5
7971;137;45;1;land;false;plains;5
7972;176;109;1;land;true;forest;5
7973;139;170;1;land;true;forest;5
7974;194;164;1;land;true;forest;5
7975;186;121;1;land;true;forest;5
7976;147;122;1;land;true;urban;5
7977;139;106;1;land;true;forest;5
7978;210;179;1;land;false;forest;5
7979;178;105;1;land;false;forest;5
7980;203;130;1;land;true;forest;5
7981;45;247;1;land;false;plains;5
7982;52;225;1;land;false;plains;5
7983;52;222;1;land;false;urban;5
7984;7;244;1;land;false;plains;5
7985;81;248;1;land;false;plains;5
7986;73;252;1;land;false;plains;5
7987;16;215;1;land;false;plains;5
7988;44;227;1;land;false;plains;5
7989;51;238;1;land;false;plains;5
7990;73;229;1;land;false;plains;5
7991;8;224;1;land;false;plains;5
7992;75;251;1;land;false;plains;5
7993;24;252;1;land;false;plains;5
7994;74;248;1;land;false;plains;5
7995;71;122;1;land;false;forest;5
7996;52;71;1;land;false;forest;5
7997;43;102;1;land;false;plains;5
7998;51;110;1;land;false;urban;5
7999;67;64;1;land;false;plains;5
8000;42;82;1;land;false;urban;5
8001;2;99;1;land;false;forest;5
8002;121;77;1;land;false;plains;5
8003;162;116;1;land;false;plains;5
8004;110;123;1;land;true;plains;5
8005;122;95;1;land;false;plains;5
8006;132;122;1;land;true;plains;5
8007;153;91;1;land;true;plains;5
8008;124;119;1;land;true;plains;5
8009;123;111;1;land;false;plains;5
8010;112;120;1;land;false;plains;5
8011;177;77;1;land;false;plains;5
8012;116;125;1;land;true;plains;5
8013;152;106;1;land;true;plains;5
8014;174;137;1;land;false;plains;5
8015;176;103;1;land;false;plains;5
8016;243;81;1;land;false;urban;5
8017;188;84;1;land;false;plains;5
8018;180;47;1;land;false;urban;5
8019;147;161;1;land;false;forest;5
8020;183;203;1;land;false;forest;5
8021;155;158;1;land;false;plains;5
8022;182;226;1;land;false;urban;5
8023;144;215;1;land;false;forest;5
8024;146;186;1;land;false;forest;5
8025;203;213;1;land;false;urban;5
8026;168;184;1;land;false;urban;5
8027;128;155;1;land;false;forest;5
8028;181;212;1;land;false;plains;5
8029;177;233;1;land;false;forest;5
8030;174;189;1;land;false;forest;5
8031;129;202;1;land;false;plains;5
8032;126;162;1;land;false;urban;5
8033;173;191;1;land;false;forest;5
8034;131;196;1;land;false;forest;5
8035;198;211;1;land;false;forest;5
8036;200;194;1;land;false;forest;5
8037;195;172;1;land;false;plains;5
8038;204;133;1;land;false;urban;5
8039;224;158;1;land;false;forest;5
8040;229;156;1;land;false;plains;5
8041;206;135;1;land;false;forest;5
8042;248;149;1;land;false;plains;5
8043;251;171;1;land;false;plains;5
8044;240;190;1;land;false;forest;5
8045;212;163;1;land;false;urban;5
8046;248;180;1;land;false;forest;5
8047;240;193;1;land;false;forest;5
8048;215;158;1;land;false;urban;5
8049;252;188;1;land;false;plains;5
8050;204;181;1;land;false;plains;5
8051;250;146;1;land;false;plains;5
8052;204;170;1;land;false;forest;5
8053;196;150;1;land;false;forest;5
8054;45;132;1;land;false;plains;5
8055;61;172;1;land;false;plains;5
8056;79;135;1;land;false;plains;5
8057;96;194;1;land;false;plains;5
8058;64;153;1;land;false;urban;5
8059;57;133;1;land;false;plains;5
8060;52;167;1;land;false;forest;5
8061;40;212;1;land;false;urban;5
8062;138;51;1;land;true;forest;5
8063;171;34;1;land;true;forest;5
8064;156;25;1;land;false;forest;5
8065;99;85;1;land;false;urban;5
8066;125;7;1;land;true;forest;5
8067;148;42;1;land;false;forest;5
8068;126;18;1;land;false;urban;5
8069;110;116;1;land;false;plains;5
8070;68;76;1;land;false;plains;5
8071;126;93;1;land;false;urban;5
8072;67;80;1;land;false;forest;5
8073;64;115;1;land;false;urban;5
8074;123;101;1;land;false;urban;5
8075;126;90;1;land;false;plains;5
8076;221;189;1;land;false;urban;5
8077;224;224;1;land;false;plains;5
8078;184;216;1;land;false;plains;5
8079;212;188;1;land;false;plains;5
8080;198;165;1;land;true;plains;5
8081;211;242;1;land;false;plains;5
8082;203;227;1;land;false;plains;5
8083;214;183;1;land;false;plains;5
8084;230;199;1;land;false;plains;5
8085;200;186;1;land;false;plains;5
8086;225;221;1;land;false;plains;5
8087;189;224;1;land;false;plains;5
8088;198;188;1;land;false;plains;5
8089;159;235;1;land;false;urban;5
8090;210;165;1;land;true;plains;5
8091;190;182;1;land;false;plains;5
8092;180;195;1;land;false;urban;5
8093;224;210;1;land;false;plains;5
8094;225;225;1;land;true;urban;5
8095;230;195;1;land;false;urban;5
8096;166;224;1;land;false;plains;5
8097;173;178;1;land;false;plains;5
8098;155;190;1;land;false;plains;5
8099;187;178;1;land;false;urban;5
8100;174;224;1;land;false;plains;5
8101;176;229;1;land;true;urban;5
8102;186;175;1;land;false;plains;5
8103;167;182;1;land;false;plains;5
8104;217;226;1;land;true;plains;5
8105;166;220;1;land;false;plains;5
8106;228;241;1;land;false;plains;5
8107;173;186;1;land;false;plains;5
8108;181;179;1;land;false;plains;5
8109;210;232;1;land;false;plains;5
8110;174;198;1;land;false;plains;5
8111;223;239;1;land;false;urban;5
8112;170;132;1;land;false;plains;5
8113;195;73;1;land;false;urban;5
8114;187;76;1;land;false;plains;5
8115;147;77;1;land;false;plains;5
8116;193;148;1;land;false;plains;5
8117;190;123;1;land;false;plains;5
8118;155;137;1;land;false;plains;5
8119;185;116;1;land;false;plains;5
8120;147;145;1;land;false;plains;5
8121;178;109;1;land;false;plains;5
8122;241;46;1;land;true;forest;1
8123;252;93;1;land;true;forest;1
8124;252;114;1;land;false;urban;1
8125;211;67;1;land;false;forest;5
8126;240;70;1;land;false;plains;5
8127;233;116;1;land;false;plains;5
8128;231;49;1;land;false;forest;5
8129;254;111;1;land;true;forest;1
8130;250;217;1;land;false;plains;5
8131;230;211;1;land;false;urban;5
8132;221;227;1;land;false;plains;5
8133;239;211;1;land;false;plains;5
8134;159;161;1;land;false;plains;5
8135;143;168;1;land;false;urban;5
8136;181;218;1;land;false;urban;5
8137;182;166;1;land;false;plains;5
8138;122;153;1;land;false;plains;5
8139;125;230;1;land;false;plains;5
8140;134;225;1;land;false;forest;5
8141;143;196;1;land;false;urban;5
8142;169;185;1;land;false;plains;5
8143;79;17;1;land;false;plains;5
8144;99;55;1;land;false;plains;5
8145;55;42;1;land;false;forest;5
8146;73;46;1;land;false;urban;5
8147;92;66;1;land;false;plains;5
8148;66;26;1;land;false;plains;5
8149;97;26;1;land;false;plains;5
8150;64;5;1;land;false;plains;5
8151;109;41;1;land;false;plains;5
8152;67;13;1;land;false;plains;5
8153;103;7;1;land;false;plains;5
8154;65;51;1;land;false;plains;5
8155;82;35;1;land;false;plains;5
8156;105;45;1;land;false;plains;5
8157;59;45;1;land;false;plains;5
8158;119;29;1;land;false;plains;5
8159;20;117;1;land;false;plains;5
8160;43;100;1;land;false;plains;5
8161;47;89;1;land;false;plains;5
8162;7;107;1;land;false;plains;5
8163;48;150;1;land;false;urban;5
8164;12;148;1;land;false;plains;5
8165;60;144;1;land;false;plains;5
8166;10;119;1;land;false;plains;5
8167;38;147;1;land;false;plains;5
8168;173;211;1;land;false;desert;5
8169;180;218;1;land;true;plains;5
8170;182;205;1;land;true;plains;5
8171;201;227;1;land;false;plains;5
8172;171;243;1;land;true;plains;5
8173;197;53;1;land;false;urban;5
8174;186;74;1;land;false;forest;5
8175;230;111;1;land;false;forest;5
8176;173;63;1;land;false;forest;5
8177;208;115;1;land;false;forest;5
8178;223;124;1;land;false;forest;5
8179;200;54;1;land;false;urban;5
8180;187;53;1;land;false;forest;5
8181;198;79;1;land;false;forest;5
8182;192;88;1;land;false;forest;5
8183;204;52;1;land;false;forest;5
8184;211;88;1;land;false;forest;5
8185;192;115;1;land;false;forest;5
8186;160;52;1;land;false;forest;5
8187;221;72;1;land;false;forest;5
8188;209;68;1;land;false;forest;5
8189;187;108;1;land;false;urban;5
8190;199;114;1;land;false;forest;5
8191;25;114;1;land;false;forest;5
8192;78;107;1;land;false;forest;5
8193;10;85;1;land;false;forest;5
8194;50;57;1;land;false;forest;5
8195;72;92;1;land;false;forest;5
8196;36;70;1;land;false;forest;5
8197;63;128;1;land;false;forest;5
8198;53;83;1;land;false;forest;5
8199;35;52;1;land;false;forest;5
8200;82;128;1;land;false;forest;5
8201;70;102;1;land;false;forest;5
8202;14;71;1;land;false;forest;5
8203;64;98;1;land;false;forest;5
8204;64;85;1;land;false;forest;5
8205;8;124;1;land;false;forest;5
8206;38;90;1;land;false;forest;5
8207;129;65;1;land;false;urban;5
8208;106;84;1;land;false;forest;5
8209;97;23;1;land;false;urban;5
8210;101;78;1;land;false;urban;5
8211;128;82;1;land;false;urban;5
8212;93;60;1;land;false;forest;5
8213;105;84;1;land;false;urban;5
8214;129;61;1;land;false;forest;5
8215;137;47;1;land;false;forest;5
8216;85;31;1;land;false;forest;5
8217;82;23;1;land;false;urban;5
8218;107;55;1;land;false;forest;5
8219;178;165;1;land;false;forest;5
8220;214;174;1;land;false;plains;5
8221;207;209;1;land;false;forest;5
8222;168;211;1;land;false;forest;5
8223;214;223;1;land;false;forest;5
8224;188;45;1;land;false;plains;5
8225;57;149;1;land;false;plains;5
8226;99;130;1;land;false;urban;5
8227;76;128;1;land;false;plains;5
8228;47;117;1;land;true;plains;5
8229;85;237;1;land;false;plains;5
8230;89;218;1;land;false;plains;5
8231;101;164;1;land;false;forest;5
8232;168;180;1;land;false;urban;5
8233;206;169;1;land;false;plains;5
8234;225;147;1;land;false;urban;5
8235;224;173;1;land;false;plains;5
8236;128;35;1;land;false;urban;5
8237;136;17;1;land;false;plains;5
8238;122;9;1;land;false;plains;5
8239;133;188;1;land;true;plains;5
8240;113;149;1;land;false;urban;5
8241;103;139;1;land;false;plains;5
8242;214;116;1;land;false;plains;5
8243;210;168;1;land;false;urban;5
8244;219;140;1;land;true;plains;5
8245;219;168;1;land;false;urban;5
8246;205;159;1;land;false;urban;5
8247;214;121;1;land;false;urban;5
8248;232;155;1;land;true;urban;5
8249;237;130;1;land;true;urban;5
8250;237;166;1;land;true;forest;5
8251;236;183;1;land;true;urban;5
8252;242;131;1;land;true;urban;5
8253;213;166;1;land;false;plains;5
8254;248;163;1;land;true;urban;5
8255;66;160;1;land;false;urban;5
8256;76;148;1;land;false;plains;5
8257;72;100;1;land;false;urban;5
8258;63;93;1;land;false;urban;5
8259;64;110;1;land;false;plains;5
8260;40;135;1;land;false;plains;5
8261;60;157;1;land;false;plains;5
8262;90;86;1;land;false;urban;5
8263;69;148;1;land;false;plains;5
8264;45;89;1;land;false;plains;5
8265;50;157;1;land;false;urban;5
8266;69;250;1;land;true;plains;5
8267;30;240;1;land;false;forest;5
8268;74;225;1;land;false;plains;5
8269;83;206;1;land;false;plains;5
8270;38;229;1;land;false;plains;5
8271;76;232;1;land;false;plains;5
8272;95;212;1;land;false;forest;5
8273;71;243;1;land;true;forest;5
8274;79;245;1;land;false;plains;5
8275;30;244;1;land;false;forest;5
8276;97;239;1;land;false;plains;5
8277;47;228;1;land;true;urban;5
8278;24;204;1;land;true;plains;5
8279;43;201;1;land;false;plains;5
8280;51;229;1;land;false;urban;5
8281;83;225;1;land;false;forest;5
8282;68;214;1;land;false;forest;5
8283;29;225;1;land;false;plains;5
8284;89;230;1;land;false;forest;5
8285;35;228;1;land;false;plains;5
8286;46;229;1;land;false;plains;5
8287;79;200;1;land;true;plains;5
8288;82;252;1;land;false;plains;5
8289;86;206;1;land;false;forest;5
8290;99;239;1;land;false;plains;5
8291;99;229;1;land;false;plains;5
8292;85;233;1;land;true;forest;5
8293;24;136;1;land;false;plains;5
8294;3;188;1;land;false;plains;5
8295;45;157;1;land;false;plains;5
8296;9;205;1;land;false;plains;5
8297;24;143;1;land;false;plains;5
8298;28;141;1;land;false;urban;5
8299;32;167;1;land;false;plains;5
8300;12;212;1;land;false;plains;5
8301;7;140;1;land;false;plains;5
8302;7;146;1;land;false;plains;5
8303;18;184;1;land;false;plains;5
8304;22;178;1;land;false;plains;5
8305;33;190;1;land;false;plains;5
8306;22;146;1;land;false;urban;5
8307;38;135;1;land;false;plains;5
8308;8;165;1;land;false;plains;5
8309;35;160;1;land;false;plains;5
8310;36;148;1;land;false;urban;5
8311;0;188;1;land;false;plains;5
8312;57;140;1;land;false;urban;5
8313;14;165;1;land;false;plains;5
8314;42;160;1;land;false;plains;5
8315;50;149;1;land;false;plains;5
8316;16;209;1;land;false;plains;5
8317;48;167;1;land;false;plains;5
8318;14;153;1;land;false;plains;5
8319;51;153;1;land;false;urban;5
8320;5;204;1;land;false;plains;5
8321;202;240;1;land;false;plains;5
8322;200;254;1;land;false;forest;5
8323;239;241;1;land;false;forest;5
8324;235;216;1;land;false;plains;5
8325;212;226;1;land;false;forest;5
8326;243;206;1;land;false;forest;5
8327;128;177;1;land;false;plains;5
8328;155;234;1;land;false;urban;5
8329;126;242;1;land;false;plains;5
8330;179;212;1;land;false;plains;5
8331;150;248;1;land;false;urban;5
8332;81;223;1;land;false;plains;5
8333;118;167;1;land;false;plains;5
8334;125;156;1;land;false;plains;5
8335;114;178;1;land;false;plains;5
8336;106;163;1;land;false;urban;5
8337;58;180;1;land;false;plains;5
8338;130;211;1;land;false;plains;5
8339;122;206;1;land;false;plains;5
8340;103;197;1;land;false;plains;5
8341;77;171;1;land;false;plains;5
8342;101;169;1;land;false;plains;5
8343;116;224;1;land;false;plains;5
8344;127;186;1;land;false;plains;5
8345;121;162;1;land;false;plains;5
8346;21;61;1;land;true;urban;5
8347;16;40;1;land;false;forest;5
8348;14;44;1;land;true;plains;5
8349;22;36;1;land;false;plains;5
8350;17;41;1;land;false;forest;5
8351;88;29;1;land;false;urban;5
8352;71;28;1;land;false;urban;5
8353;72;12;1;land;false;urban;5
8354;54;37;1;land;false;plains;5
8355;94;6;1;land;false;plains;5
8356;47;22;1;land;false;plains;5
8357;35;13;1;land;false;plains;5
8358;109;29;1;land;false;plains;5
8359;39;21;1;land;false;plains;5
8360;88;53;1;land;false;plains;5
8361;70;4;1;land;false;urban;5
8362;55;25;1;land;false;plains;5
8363;48;11;1;land;false;plains;5
8364;66;51;1;land;false;plains;5
8365;35;31;1;land;false;urban;5
8366;64;18;1;land;false;plains;5
8367;105;28;1;land;false;plains;5
8368;30;5;1;land;false;plains;5
8369;105;36;1;land;false;plains;5
8370;106;49;1;land;false;plains;5
8371;177;107;1;land;false;plains;5
8372;113;34;1;land;false;plains;5
8373;115;76;1;land;false;plains;5
8374;166;34;1;land;false;plains;5
8375;154;59;1;land;false;plains;5
8376;152;50;1;land;false;plains;5
8377;154;30;1;land;false;forest;5
8378;237;107;1;land;false;plains;5
8379;218;98;1;land;false;plains;5
8380;211;52;1;land;false;plains;5
8381;209;35;1;land;false;forest;5
8382;234;36;1;land;false;plains;5
8383;249;35;1;land;false;plains;5
8384;219;37;1;land;false;forest;5
8385;215;89;1;land;false;plains;5
8386;225;33;1;land;false;plains;5
8387;253;71;1;land;false;plains;5
8388;201;33;1;land;false;forest;5
8389;159;25;1;land;false;forest;5
8390;162;68;1;land;false;forest;5
8391;177;59;1;land;false;forest;5
8392;194;16;1;land;false;urban;5
8393;193;66;1;land;false;forest;5
8394;51;89;1;land;false;plains;5
8395;54;98;1;land;false;plains;5
8396;126;91;1;land;false;urban;5
8397;89;72;1;land;false;plains;5
8398;82;117;1;land;false;plains;5
8399;56;79;1;land;false;forest;5
8400;87;71;1;land;false;plains;5
8401;101;121;1;land;false;urban;5
8402;144;116;1;land;false;plains;5
8403;115;116;1;land;false;urban;5
8404;134;63;1;land;true;forest;5
8405;95;123;1;land;false;forest;5
8406;201;202;1;land;false;urban;5
8407;191;161;1;land;false;urban;5
8408;184;174;1;land;false;plains;5
8409;187;132;1;land;false;plains;5
8410;224;200;1;land;false;plains;5
8411;211;143;1;land;false;plains;5
8412;158;146;1;land;false;plains;5
8413;158;192;1;land;false;plains;5
8414;199;141;1;land;false;urban;5
8415;224;186;1;land;false;plains;5
8416;224;196;1;land;false;plains;5
8417;214;187;1;land;true;plains;5
8418;196;143;1;land;false;plains;5
8419;211;134;1;land;false;plains;5
8420;78;248;1;land;false;forest;5
8421;58;211;1;land;false;forest;5
8422;1;201;1;land;false;plains;5
8423;0;237;1;land;false;urban;5
8424;4;185;1;land;false;plains;5
8425;49;226;1;land;false;plains;5
8426;29;183;1;land;false;plains;5
8427;22;189;1;land;false;forest;5
8428;19;243;1;land;false;plains;5
8429;48;243;1;land;false;urban;5
8430;10;209;1;land;false;forest;5
8431;214;74;1;land;false;forest;5
8432;175;69;1;land;false;plains;5
8433;163;89;1;land;false;forest;5
8434;177;86;1;land;false;plains;5
8435;183;57;1;land;false;plains;5
8436;187;87;1;land;false;forest;5
8437;230;60;1;land;false;plains;5
8438;67;157;1;land;false;forest;5
8439;137;136;1;land;false;urban;5
8440;65;201;1;land;false;forest;5
8441;121;177;1;land;false;forest;5
8442;76;133;1;land;false;plains;5
8443;72;197;1;land;false;plains;5
8444;119;190;1;land;false;forest;5
8445;119;166;1;land;false;forest;5
8446;118;195;1;land;false;urban;5
8447;69;147;1;land;false;forest;5
8448;68;93;1;land;false;urban;5
8449;18;105;1;land;false;forest;5
8450;40;95;1;land;false;forest;5
8451;29;147;1;land;false;forest;5
8452;41;136;1;land;false;forest;5
8453;23;103;1;land;false;forest;5
8454;45;155;1;land;false;forest;5
8455;40;129;1;land;false;forest;5
8456;63;146;1;land;false;forest;5
8457;87;254;1;land;false;plains;5
8458;58;249;1;land;false;urban;5
8459;19;246;1;land;false;plains;5
8460;103;209;1;land;false;forest;5
8461;134;164;1;land;false;urban;5
8462;158;195;1;land;false;forest;5
8463;158;231;1;land;false;urban;5
8464;136;200;1;land;false;plains;5
8465;145;208;1;land;false;plains;5
8466;142;186;1;land;false;forest;5
8467;197;231;1;land;false;forest;5
8468;187;193;1;land;false;forest;5
8469;203;210;1;land;false;forest;5
8470;232;250;1;land;false;forest;5
8471;223;228;1;land;false;forest;5
8472;249;200;1;land;false;urban;5
8473;222;233;1;land;false;forest;5
8474;208;219;1;land;false;forest;5
8475;41;232;1;land;false;urban;5
8476;13;215;1;land;false;urban;5
8477;28;209;1;land;false;plains;5
8478;5;191;1;land;false;urban;5
8479;7;200;1;land;false;plains;5
8480;28;186;1;land;false;urban;5
8481;36;223;1;land;false;plains;5
8482;23;210;1;land;false;plains;5
8483;52;213;1;land;false;urban;5
8484;21;177;1;land;false;plains;5
8485;21;212;1;land;false;urban;5
8486;175;174;1;land;false;urban;5
8487;181;207;1;land;false;forest;5
8488;211;169;1;land;false;plains;5
8489;202;151;1;land;false;forest;5
8490;189;126;1;land;false;forest;5
8491;48;100;1;land;false;plains;5
8492;112;106;1;land;true;plains;5
8493;61;135;1;land;true;plains;5
8494;112;148;1;land;false;urban;5
8495;95;161;1;land;true;plains;5
8496;63;143;1;land;false;plains;5
8497;92;100;1;land;true;desert;5
8498;55;140;1;land;false;urban;5
8499;110;207;1;land;true;plains;5
8500;123;221;1;land;true;forest;5
8501;65;243;1;land;false;plains;5
8502;101;208;1;land;false;plains;5
8503;94;214;1;land;false;plains;5
8504;89;229;1;land;true;urban;5
8505;55;231;1;land;false;plains;5
8506;55;222;1;land;true;plains;5
8507;42;22;1;land;false;urban;5
8508;74;16;1;land;false;plains;5
8509;106;44;1;land;false;plains;5
8510;74;106;1;land;false;forest;5
8511;149;228;1;land;false;plains;5
8512;205;246;1;land;false;plains;5
8513;209;197;1;land;false;plains;5
8514;156;201;1;land;false;plains;5
8515;154;183;1;land;false;plains;5
8516;175;236;1;land;false;plains;5
8517;158;174;1;land;false;plains;5
8518;157;206;1;land;false;plains;5
8519;177;221;1;land;false;plains;5
8520;185;228;1;land;false;plains;5
8521;137;222;1;land;false;plains;5
8522;166;186;1;land;false;plains;5
8523;200;180;1;land;false;plains;5
8524;158;199;1;land;false;plains;5
8525;157;203;1;land;false;plains;5
8526;148;203;1;land;false;plains;5
8527;211;68;1;land;false;plains;5
8528;167;95;1;land;false;plains;5
8529;228;99;1;land;false;urban;5
8530;180;143;1;land;false;plains;5
8531;165;205;1;land;false;urban;5
8532;166;194;1;land;false;forest;5
8533;229;183;1;land;false;urban;5
8534;236;253;1;land;false;forest;5
8535;199;195;1;land;false;urban;5
8536;23;201;1;land;false;forest;5
8537;36;167;1;land;false;forest;5
8538;26;150;1;land;false;urban;5
8539;10;186;1;land;false;forest;5
8540;48;178;1;land;false;urban;5
8541;42;192;1;land;false;forest;5
8542;6;159;1;land;false;urban;5
8543;50;224;1;land;false;forest;5
8544;185;148;1;land;false;plains;5
8545;210;149;1;land;false;plains;5
8546;195;129;1;land;false;plains;5
8547;200;131;1;land;false;plains;5
8548;147;196;1;land;false;plains;5
8549;183;22;1;land;false;forest;5
8550;205;19;1;land;false;urban;5
8551;197;34;1;land;false;urban;5
8552;187;36;1;land;false;urban;5
8553;173;61;1;land;false;forest;5
8554;16;41;1;land;false;urban;5
8555;36;84;1;land;false;plains;5
8556;92;54;1;land;false;plains;5
8557;85;56;1;land;false;plains;5
8558;98;14;1;land;false;urban;5
8559;92;24;1;land;true;plains;5
8560;86;21;1;land;true;forest;5
8561;46;62;1;land;true;urban;5
8562;84;20;1;land;false;urban;5
8563;118;7;1;land;false;plains;5
8564;123;53;1;land;false;plains;5
8565;100;24;1;land;false;urban;5
8566;116;22;1;land;false;plains;5
8567;94;40;1;land;true;forest;5
8568;89;66;1;land;true;urban;5
8569;90;37;1;land;false;urban;5
8570;188;60;1;land;false;forest;5
8571;174;62;1;land;false;forest;5
8572;20;137;1;land;false;plains;5
8573;29;104;1;land;false;urban;5
8574;2;98;1;land;false;urban;5
8575;34;152;1;land;false;plains;5
8576;39;101;1;land;false;urban;5
8577;14;149;1;land;false;urban;5
8578;25;148;1;land;false;plains;5
8579;27;148;1;land;false;urban;5
8580;8;96;1;land;true;plains;1
8581;8;65;1;land;true;plains;1
8582;50;75;1;land;false;forest;1
8583;22;121;1;land;true;plains;1
8584;46;69;1;land;false;forest;1
8585;12;95;1;land;true;plains;1
8586;11;66;1;land;true;plains;1
8587;21;98;1;land;true;plains;1
8588;31;112;1;land;true;plains;1
8589;53;105;1;land;true;plains;1
8590;37;51;1;land;true;plains;1
8591;5;63;1;land;true;plains;1
8592;63;119;1;land;true;forest;1
8593;52;63;1;land;true;forest;1
8594;54;119;1;land;true;forest;1
8595;10;57;1;land;false;forest;1
8596;14;64;1;land;true;plains;1
8597;29;94;1;land;true;forest;1
8598;23;52;1;land;true;plains;1
8599;69;98;1;land;true;plains;1
8600;14;79;1;land;true;plains;1
8601;46;43;1;land;true;plains;1
8602;7;231;1;land;false;forest;5
8603;20;169;1;land;false;urban;5
8604;75;237;1;land;false;forest;5
8605;25;187;1;land;false;plains;5
8606;45;199;1;land;false;forest;5
8607;38;166;1;land;false;forest;5
8608;45;225;1;land;false;forest;5
8609;61;177;1;land;false;forest;5
8610;26;209;1;land;false;urban;5
8611;14;160;1;land;false;plains;5
8612;114;106;1;land;false;plains;5
8613;116;112;1;land;false;plains;5
8614;118;119;1;land;false;plains;5
8615;150;125;1;land;false;plains;5
8616;145;99;1;land;false;plains;5
8617;146;123;1;land;false;plains;5
8618;129;87;1;land;false;urban;5
8619;126;105;1;land;false;plains;5
8620;117;55;1;land;false;plains;5
8621;129;55;1;land;false;plains;5
8622;155;93;1;land;false;urban;5
8623;161;101;1;land;false;plains;5
8624;213;85;1;land;false;plains;5
8625;227;47;1;land;false;plains;5
8626;217;41;1;land;false;urban;5
8627;184;29;1;land;false;urban;5
8628;165;89;1;land;false;plains;5
8629;179;54;1;land;false;plains;5
8630;184;22;1;land;false;plains;5
8631;11;210;1;land;false;forest;5
8632;36;229;1;land;false;forest;5
8633;42;241;1;land;false;forest;5
8634;19;244;1;land;false;forest;5
8635;38;230;1;land;false;forest;5
8636;110;178;1;land;false;plains;5
8637;75;170;1;land;false;plains;5
8638;96;213;1;land;false;plains;5
8639;101;153;1;land;false;urban;5
8640;89;172;1;land;false;urban;5
8641;63;178;1;land;false;plains;5
8642;94;160;1;land;false;plains;5
8643;139;168;1;land;false;plains;5
8644;125;170;1;land;false;plains;5
8645;103;186;1;land;false;plains;5
8646;92;230;1;land;false;plains;5
8647;15;204;1;land;false;urban;5
8648;56;181;1;land;false;forest;5
8649;42;131;1;land;false;urban;5
8650;147;202;1;land;false;forest;5
8651;151;210;1;land;true;plains;5
8652;164;214;1;land;false;forest;5
8653;155;240;1;land;false;forest;5
8654;179;252;1;land;false;forest;5
8655;191;238;1;land;false;plains;5
8656;98;9;1;land;false;urban;5
8657;92;53;1;land;true;forest;5
8658;104;24;1;land;true;forest;5
8659;177;52;1;land;false;plains;5
8660;229;36;1;land;false;plains;5
8661;214;67;1;land;false;urban;5
8662;248;88;1;land;false;plains;5
8663;181;35;1;land;false;urban;5
8664;232;46;1;land;false;plains;5
8665;216;64;1;land;false;plains;5
8666;151;95;1;land;false;plains;5
8667;32;50;1;land;false;plains;5
8668;30;61;1;land;false;plains;5
8669;16;70;1;land;false;plains;5
8670;1;65;1;land;false;plains;5
8671;8;87;1;land;false;urban;5
8672;40;61;1;land;false;plains;5
8673;3;102;1;land;false;plains;5
8674;9;39;1;land;false;forest;5
8675;8;107;1;land;false;plains;5
8676;8;93;1;land;false;plains;5
8677;44;75;1;land;false;urban;5
8678;25;37;1;land;false;plains;5
8679;35;47;1;land;false;plains;5
8680;171;118;1;land;false;plains;5
8681;213;171;1;land;false;plains;5
8682;198;112;1;land;false;plains;5
8683;166;156;1;land;false;urban;5
8684;152;168;1;land;false;plains;5
8685;163;170;1;land;false;plains;5
8686;153;120;1;land;false;plains;5
8687;160;128;1;land;false;plains;5
8688;224;180;1;land;false;plains;5
8689;154;165;1;land;false;plains;5
8690;180;125;1;land;false;plains;5
8691;210;112;1;land;false;urban;5
8692;157;252;1;land;false;urban;5
8693;134;236;1;land;false;urban;5
8694;143;228;1;land;false;plains;5
8695;104;196;1;land;false;plains;5
8696;58;203;1;land;false;forest;5
8697;91;191;1;land;false;plains;5
8698;85;167;1;land;false;plains;5
8699;77;144;1;land;false;forest;5
8700;156;84;1;land;false;urban;5
8701;160;83;1;land;false;urban;5
8702;145;119;1;land;false;forest;5
8703;168;136;1;land;false;forest;5
8704;126;86;1;land;false;urban;5
8705;170;153;1;land;false;forest;5
8706;133;86;1;land;false;urban;5
8707;89;191;1;land;true;plains;5
8708;95;106;1;land;false;plains;5
8709;104;102;1;land;false;plains;5
8710;107;101;1;land;false;plains;5
8711;128;113;1;land;false;plains;5
8712;74;130;1;land;false;plains;5
8713;145;71;1;land;false;plains;5
8714;89;134;1;land;false;plains;5
8715;114;70;1;land;false;plains;5
8716;138;133;1;land;false;plains;5
8717;138;78;1;land;false;plains;5
8718;125;63;1;land;false;plains;5
8719;140;120;1;land;false;plains;5
8720;119;75;1;land;false;plains;5
8721;104;113;1;land;false;plains;5
8722;107;129;1;land;false;plains;5
8723;89;118;1;land;false;plains;5
8724;121;97;1;land;false;plains;5
8725;131;66;1;land;false;plains;5
8726;103;72;1;land;false;plains;5
8727;128;67;1;land;false;plains;5
8728;102;97;1;land;false;plains;5
8729;82;87;1;land;false;plains;5
8730;108;98;1;land;false;plains;5
8731;83;68;1;land;false;plains;5
8732;137;110;1;land;false;plains;5
8733;119;138;1;land;false;plains;5
8734;124;114;1;land;false;plains;5
8735;109;127;1;land;false;plains;5
8736;92;50;1;land;false;plains;5
8737;66;66;1;land;false;forest;5
8738;61;90;1;land;false;urban;5
8739;56;49;1;land;false;urban;5
8740;48;74;1;land;false;plains;5
8741;82;72;1;land;false;forest;5
8742;103;34;1;land;false;forest;5
8743;88;14;1;land;false;forest;5
8744;133;30;1;land;false;urban;5
8745;81;55;1;land;false;urban;5
8746;88;19;1;land;false;plains;5
8747;149;37;1;land;false;urban;5
8748;129;15;1;land;false;urban;5
8749;144;52;1;land;false;forest;5
8750;135;94;1;land;false;urban;5
8751;152;133;1;land;false;plains;5
8752;105;156;1;land;false;urban;5
8753;173;106;1;land;false;urban;5
8754;186;29;1;land;false;plains;5
8755;176;39;1;land;false;plains;5
8756;121;58;1;land;false;urban;5
8757;173;203;1;land;false;plains;5
8758;148;235;1;land;false;plains;5
8759;155;192;1;land;false;plains;5
8760;136;231;1;land;false;plains;5
8761;160;213;1;land;false;plains;5
8762;116;212;1;land;false;plains;5
8763;104;168;1;land;false;plains;5
8764;167;172;1;land;false;plains;5
8765;136;216;1;land;false;plains;5
8766;145;230;1;land;false;plains;5
8767;138;228;1;land;false;plains;5
8768;109;216;1;land;false;plains;5
8769;151;187;1;land;false;plains;5
8770;136;188;1;land;false;plains;5
8771;125;180;1;land;false;plains;5
8772;182;147;1;land;false;forest;5
8773;145;166;1;land;false;plains;5
8774;152;119;1;land;false;urban;5
8775;149;157;1;land;false;forest;5
8776;174;155;1;land;false;plains;5
8777;210;140;1;land;false;plains;5
8778;221;188;1;land;false;forest;5
8779;192;139;1;land;false;forest;5
8780;240;182;1;land;false;plains;5
8781;223;178;1;land;false;plains;5
8782;195;166;1;land;false;plains;5
8783;228;112;1;land;false;urban;5
8784;235;144;1;land;false;urban;5
8785;192;182;1;land;false;plains;5
8786;248;142;1;land;false;plains;5
8787;209;120;1;land;false;plains;5
8788;248;178;1;land;false;urban;5
8789;202;140;1;land;true;plains;5
8790;126;11;1;land;false;forest;5
8791;128;33;1;land;false;forest;5
8792;137;39;1;land;false;forest;5
8793;125;3;1;land;false;forest;5
8794;208;248;1;land;false;plains;5
8795;210;217;1;land;false;plains;5
8796;204;245;1;land;false;urban;5
8797;232;230;1;land;false;plains;5
8798;172;180;1;land;true;plains;1
8799;187;183;1;land;true;urban;1
8800;230;203;1;land;true;forest;1
8801;184;226;1;land;false;urban;1
8802;164;186;1;land;true;forest;1
8803;199;180;1;land;true;forest;1
8804;198;185;1;land;true;forest;1
8805;189;196;1;land;true;plains;1
8806;236;206;1;land;false;forest;1
8807;175;220;1;land;true;urban;5
8808;234;222;1;land;true;plains;1
8809;187;88;1;land;false;plains;5
8810;195;158;1;land;true;forest;5
8811;221;156;1;land;true;urban;5
8812;158;143;1;land;true;urban;5
8813;177;95;1;land;false;plains;5
8814;210;124;1;land;false;plains;5
8815;201;146;1;land;true;forest;5
8816;181;102;1;land;false;plains;5
8817;193;107;1;land;false;plains;5
8818;247;95;1;land;false;plains;5
8819;197;70;1;land;false;plains;5
8820;231;75;1;land;false;plains;5
8821;248;81;1;land;false;forest;5
8822;195;66;1;land;false;plains;5
8823;47;62;1;land;false;forest;5
8824;131;44;1;land;false;plains;5
8825;127;19;1;land;false;urban;5
8826;137;49;1;land;false;plains;5
8827;145;64;1;land;false;plains;5
8828;200;38;1;land;false;urban;5
8829;177;36;1;land;false;urban;5
8830;188;20;1;land;false;plains;5
8831;192;59;1;land;false;plains;5
8832;148;6;1;land;false;plains;5
8833;163;124;1;land;false;forest;5
8834;186;133;1;land;false;urban;5
8835;156;89;1;land;false;forest;5
8836;222;119;1;land;false;forest;5
8837;212;127;1;land;false;plains;5
8838;192;90;1;land;false;forest;5
8839;48;166;1;land;false;plains;5
8840;74;157;1;land;false;urban;5
8841;20;205;1;land;false;plains;5
8842;55;157;1;land;false;plains;5
8843;34;206;1;land;false;urban;5
8844;71;179;1;land;false;plains;5
8845;17;186;1;land;false;plains;5
8846;45;203;1;land;false;urban;5
8847;243;216;1;land;true;plains;5
8848;228;242;1;land;true;plains;5
8849;238;244;1;land;true;plains;5
8850;236;251;1;land;false;plains;5
8851;239;202;1;land;true;plains;5
8852;229;213;1;land;true;plains;5
8853;177;187;1;land;true;forest;5
8854;199;220;1;land;false;plains;5
8855;221;230;1;land;false;plains;5
8856;192;189;1;land;false;plains;5
8857;223;233;1;land;true;plains;5
8858;222;181;1;land;true;plains;5
8859;237;180;1;land;false;plains;5
8860;160;156;1;land;false;urban;5
8861;212;157;1;land;false;urban;5
8862;221;125;1;land;false;forest;5
8863;214;127;1;land;false;urban;5
8864;159;117;1;land;false;urban;5
8865;184;145;1;land;false;forest;5
8866;201;164;1;land;false;forest;5
8867;204;212;1;land;false;urban;5
8868;160;214;1;land;false;urban;5
8869;168;252;1;land;false;forest;5
8870;194;194;1;land;false;forest;5
8871;179;239;1;land;false;forest;5
8872;177;242;1;land;false;urban;5
8873;141;236;1;land;false;forest;5
8874;148;250;1;land;false;forest;5
8875;213;238;1;land;false;forest;5
8876;191;253;1;land;false;forest;5
8877;190;206;1;land;false;forest;5
8878;140;232;1;land;false;urban;5
8879;202;188;1;land;false;forest;5
8880;212;250;1;land;false;forest;5
8881;29;167;1;land;false;plains;5
8882;70;175;1;land;false;forest;5
8883;32;210;1;land;false;forest;5
8884;73;178;1;land;false;plains;5
8885;63;182;1;land;false;forest;5
8886;64;204;1;land;false;forest;5
8887;74;197;1;land;false;forest;5
8888;208;206;1;land;false;forest;5
8889;182;201;1;land;false;plains;5
8890;201;220;1;land;false;urban;5
8891;202;198;1;land;false;plains;5
8892;189;221;1;land;false;plains;5
8893;224;218;1;land;false;urban;5
8894;213;222;1;land;false;plains;5
8895;200;213;1;land;false;plains;5
8896;192;207;1;land;false;urban;5
8897;204;249;1;land;false;plains;5
8898;195;250;1;land;false;forest;5
8899;223;250;1;land;false;plains;5
8900;68;57;1;land;false;plains;5
8901;63;1;1;land;false;urban;5
8902;37;46;1;land;false;urban;5
8903;38;183;1;land;false;plains;5
8904;33;141;1;land;false;plains;5
8905;20;176;1;land;true;urban;5
8906;80;185;1;land;false;plains;5
8907;19;153;1;land;true;plains;5
8908;85;188;1;land;true;urban;5
8909;85;162;1;land;false;plains;5
8910;12;163;1;land;false;urban;5
8911;59;124;1;land;true;urban;5
8912;52;162;1;land;false;plains;5
8913;183;192;1;land;false;forest;5
8914;203;114;1;land;false;forest;5
8915;187;180;1;land;true;urban;5
8916;214;143;1;land;true;forest;5
8917;244;166;1;land;true;forest;5
8918;73;107;1;land;false;plains;5
8919;85;129;1;land;false;forest;5
8920;91;86;1;land;false;plains;5
8921;77;139;1;land;false;plains;5
8922;87;146;1;land;false;urban;5
8923;65;84;1;land;false;plains;5
8924;101;122;1;land;false;plains;5
8925;118;100;1;land;false;urban;5
8926;120;97;1;land;false;urban;5
8927;130;113;1;land;false;forest;5
8928;118;91;1;land;false;urban;5
8929;115;138;1;land;false;forest;5
8930;115;133;1;land;false;forest;5
8931;122;119;1;land;false;forest;5
8932;132;102;1;land;false;forest;5
8933;171;139;1;land;false;forest;5
8934;144;71;1;land;false;forest;5
8935;167;83;1;land;false;urban;5
8936;169;131;1;land;false;forest;5
8937;110;41;1;land;false;urban;5
8938;123;35;1;land;false;plains;5
8939;88;31;1;land;false;plains;5
8940;73;125;1;land;false;desert;5
8941;31;162;1;land;false;plains;5
8942;36;202;1;land;false;plains;5
8943;25;185;1;land;false;plains;5
8944;68;199;1;land;false;urban;5
8945;56;183;1;land;false;plains;5
8946;37;192;1;land;false;plains;5
8947;40;192;1;land;false;urban;5
8948;27;147;1;land;false;plains;5
8949;193;45;1;land;false;plains;5
8950;198;104;1;land;false;urban;5
8951;202;78;1;land;false;urban;5
8952;223;180;1;land;false;plains;5
8953;246;207;1;land;false;plains;5
8954;235;238;1;land;false;urban;5
8955;184;237;1;land;false;plains;5
8956;221;208;1;land;false;urban;5
8957;214;222;1;land;false;plains;5
8958;198;200;1;land;false;plains;5
8959;177;108;1;land;false;plains;5
8960;163;127;1;land;false;plains;5
8961;114;101;1;land;false;urban;5
8962;162;132;1;land;false;plains;5
8963;117;74;1;land;false;urban;5
8964;106;100;1;land;false;forest;5
8965;152;103;1;land;false;plains;5
8966;116;134;1;land;false;plains;5
8967;154;82;1;land;false;plains;5
8968;122;90;1;land;false;plains;5
8969;197;13;1;land;false;forest;5
8970;238;57;1;land;false;urban;5
8971;216;18;1;land;false;forest;5
8972;205;60;1;land;false;forest;5
8973;210;17;1;land;false;forest;5
8974;231;104;1;land;false;plains;5
8975;209;174;1;land;false;urban;5
8976;214;132;1;land;false;plains;5
8977;217;180;1;land;false;plains;5
8978;54;21;1;land;false;plains;5
8979;19;17;1;land;false;plains;5
8980;169;103;1;land;false;forest;5
8981;129;113;1;land;false;forest;5
8982;179;160;1;land;false;urban;5
8983;182;161;1;land;true;urban;5
8984;217;151;1;land;false;plains;5
8985;219;90;1;land;true;plains;5
8986;222;154;1;land;true;forest;5
8987;196;136;1;land;false;plains;5
8988;67;161;1;land;false;plains;5
8989;93;191;1;land;false;urban;5
8990;61;162;1;land;false;plains;5
8991;38;161;1;land;false;plains;5
8992;39;219;1;land;false;plains;5
8993;88;174;1;land;false;urban;5
8994;221;204;1;land;false;plains;5
8995;246;222;1;land;false;forest;5
8996;203;235;1;land;false;plains;5
8997;219;215;1;land;false;plains;5
8998;198;207;1;land;false;plains;5
8999;208;190;1;land;false;forest;5
9000;203;240;1;land;false;forest;5
9001;219;216;1;land;false;forest;5
9002;239;190;1;land;false;plains;5
9003;242;209;1;land;false;plains;5
9004;223;198;1;land;false;plains;5
9005;234;241;1;land;false;forest;5
9006;213;219;1;land;false;plains;5
9007;187;198;1;land;false;forest;5
9008;198;226;1;land;false;plains;5
9009;222;217;1;land;false;forest;5
9010;191;182;1;land;false;forest;5
9011;85;200;1;land;false;plains;5
9012;88;152;1;land;false;plains;5
9013;78;151;1;land;false;plains;5
9014;112;163;1;land;false;urban;5
9015;128;206;1;land;false;urban;5
9016;86;177;1;land;false;plains;5
9017;135;197;1;land;false;plains;5
9018;98;157;1;land;false;urban;5
9019;247;235;1;land;false;forest;5
9020;195;245;1;land;false;forest;5
9021;65;86;1;land;false;forest;5
9022;58;117;1;land;false;forest;5
9023;111;53;1;land;false;forest;5
9024;139;70;1;land;false;plains;5
9025;93;39;1;land;false;forest;5
9026;163;54;1;land;false;forest;5
9027;134;78;1;land;false;forest;5
9028;167;5;1;land;false;plains;5
9029;96;49;1;land;false;urban;5
9030;160;19;1;land;false;plains;5
9031;172;62;1;land;false;plains;5
9032;178;5;1;land;true;plains;5
9033;160;26;1;land;true;plains;5
9034;207;66;1;land;false;plains;5
9035;161;4;1;land;true;plains;5
9036;203;37;1;land;true;urban;5
9037;179;29;1;land;false;plains;5
9038;183;19;1;land;false;plains;5
9039;190;56;1;land;true;plains;5
9040;27;221;1;land;false;plains;5
9041;31;241;1;land;false;plains;5
9042;4;219;1;land;false;plains;5
9043;37;209;1;land;false;plains;5
9044;18;201;1;land;false;plains;5
9045;45;218;1;land;false;plains;5
9046;62;214;1;land;false;urban;5
9047;211;229;1;land;false;urban;5
9048;197;186;1;land;true;plains;5
9049;209;205;1;land;true;plains;5
9050;229;230;1;land;true;plains;5
9051;192;190;1;land;false;plains;5
9052;64;224;1;land;false;forest;5
9053;56;220;1;land;false;urban;5
9054;95;166;1;land;false;plains;5
9055;32;165;1;land;false;forest;5
9056;65;183;1;land;false;urban;5
9057;38;178;1;land;false;forest;5
9058;9;171;1;land;false;plains;5
9059;10;174;1;land;false;plains;5
9060;11;117;1;land;false;forest;5
9061;17;111;1;land;false;forest;5
9062;3;146;1;land;false;plains;5
9063;12;141;1;land;false;forest;5
9064;30;170;1;land;false;forest;5
9065;44;126;1;land;false;plains;5
9066;29;142;1;land;false;plains;5
9067;2;120;1;land;false;plains;5
9068;22;162;1;land;false;forest;5
9069;12;161;1;land;false;plains;5
9070;21;103;1;land;false;plains;5
9071;18;116;1;land;false;plains;5
9072;11;180;1;land;false;forest;5
9073;30;167;1;land;false;forest;5
9074;34;108;1;land;false;plains;5
9075;9;146;1;land;false;forest;5
9076;35;83;1;land;false;plains;5
9077;39;68;1;land;false;urban;5
9078;12;46;1;land;false;forest;5
9079;40;55;1;land;false;plains;5
9080;60;46;1;land;false;plains;5
9081;59;85;1;land;false;plains;5
9082;56;71;1;land;false;urban;5
9083;67;103;1;land;false;plains;5
9084;65;101;1;land;false;forest;5
9085;76;80;1;land;false;plains;5
9086;77;49;1;land;false;plains;5
9087;78;99;1;land;false;plains;5
9088;60;40;1;land;false;plains;5
9089;29;69;1;land;false;plains;5
9090;81;175;1;land;false;plains;5
9091;98;186;1;land;false;plains;5
9092;80;224;1;land;false;plains;5
9093;69;235;1;land;false;plains;5
9094;167;126;1;land;true;plains;5
9095;197;169;1;land;true;urban;5
9096;202;167;1;land;false;urban;5
9097;150;249;1;land;false;plains;5
9098;184;203;1;land;false;plains;5
9099;175;188;1;land;false;plains;5
9100;209;203;1;land;false;plains;5
9101;214;186;1;land;false;plains;5
9102;103;167;1;land;true;plains;5
9103;56;188;1;land;false;plains;5
9104;97;131;1;land;true;urban;5
9105;68;194;1;land;true;plains;5
9106;67;145;1;land;false;plains;5
9107;38;164;1;land;true;plains;5
9108;41;143;1;land;true;urban;5
9109;103;184;1;land;false;plains;5
9110;79;152;1;land;true;plains;5
9111;80;142;1;land;true;plains;5
9112;102;125;1;land;false;urban;5
9113;84;146;1;land;false;plains;5
9114;157;143;1;land;false;urban;5
9115;130;98;1;land;false;forest;5
9116;151;122;1;land;false;forest;5
9117;119;130;1;land;false;forest;5
9118;122;134;1;land;false;urban;5
9119;107;119;1;land;false;urban;5
9120;248;41;1;land;false;plains;5
9121;231;94;1;land;false;urban;5
9122;253;86;1;land;false;plains;5
9123;249;71;1;land;false;plains;5
9124;238;109;1;land;false;plains;5
9125;240;91;1;land;false;plains;5
9126;232;72;1;land;false;urban;5
9127;239;74;1;land;false;plains;5
9128;224;48;1;land;false;plains;5
9129;108;198;1;land;true;forest;5
9130;174;196;1;land;true;urban;5
9131;106;215;1;land;false;forest;5
9132;125;29;1;land;false;plains;5
9133;158;73;1;land;false;urban;5
9134;174;56;1;land;false;plains;5
9135;163;78;1;land;false;plains;5
9136;129;36;1;land;false;plains;5
9137;172;17;1;land;false;plains;5
9138;148;62;1;land;false;plains;5
9139;180;38;1;land;false;plains;5
9140;196;215;1;land;false;forest;5
9141;224;195;1;land;false;forest;5
9142;214;242;1;land;false;urban;5
9143;254;250;1;land;false;plains;5
9144;243;239;1;land;false;plains;5
9145;54;105;1;land;false;urban;5
9146;23;92;1;land;false;plains;5
9147;37;108;1;land;false;plains;5
9148;62;109;1;land;false;plains;5
9149;194;248;1;land;false;plains;5
9150;186;254;1;land;true;urban;5
9151;204;226;1;land;true;plains;5
9152;163;233;1;land;false;plains;5
9153;217;244;1;land;true;forest;5
9154;189;243;1;land;true;urban;5
9155;215;241;1;land;false;plains;5
9156;196;246;1;land;false;plains;5
9157;200;231;1;land;true;plains;5
9158;130;201;1;land;false;urban;5
9159;130;215;1;land;false;forest;5
9160;170;201;1;land;false;forest;5
9161;166;235;1;land;false;forest;5
9162;150;231;1;land;false;forest;5
9163;143;234;1;land;false;forest;5
9164;162;225;1;land;false;forest;5
9165;158;236;1;land;false;urban;5
9166;185;222;1;land;false;forest;5
9167;141;253;1;land;false;plains;5
9168;132;227;1;land;false;urban;5
9169;180;210;1;land;false;plains;5
9170;164;201;1;land;false;plains;5
9171;120;206;1;land;false;plains;5
9172;113;242;1;land;false;urban;5
9173;136;253;1;land;false;plains;5
9174;108;240;1;land;false;plains;5
9175;141;230;1;land;false;plains;5
9176;122;224;1;land;false;plains;5
9177;71;204;1;land;false;plains;5
9178;126;206;1;land;true;plains;5
9179;78;226;1;land;false;forest;5
9180;102;250;1;land;false;plains;5
9181;88;190;1;land;false;plains;5
9182;188;36;1;land;false;urban;5
9183;175;74;1;land;false;urban;5
9184;157;76;1;land;false;plains;5
9185;22;208;1;land;false;plains;5
9186;48;174;1;land;false;plains;5
9187;49;204;1;land;false;urban;5
9188;47;137;1;land;false;plains;5
9189;32;192;1;land;false;plains;5
9190;36;137;1;land;false;urban;5
9191;8;157;1;land;false;plains;5
9192;12;187;1;land;false;urban;5
9193;12;185;1;land;false;urban;5
9194;29;156;1;land;false;forest;5
9195;10;157;1;land;false;plains;5
9196;202;179;1;land;false;plains;5
9197;98;229;1;land;false;plains;5
9198;84;236;1;land;false;plains;5
9199;155;233;1;land;false;plains;5
9200;125;186;1;land;false;urban;5
9201;39;76;1;land;true;urban;5
9202;17;44;1;land;false;plains;5
9203;122;165;1;land;true;forest;4
9204;136;178;1;land;true;urban;4
9205;128;144;1;land;false;plains;4
9206;71;157;1;land;false;plains;4
9207;90;158;1;land;false;forest;4
9208;69;192;1;land;true;urban;4
9209;78;165;1;land;true;forest;4
9210;116;161;1;land;false;forest;4
9211;75;174;1;land;true;forest;4
9212;36;186;1;land;true;forest;4
9213;1;217;1;land;true;forest;4
9214;38;189;1;land;true;forest;4
9215;14;182;1;land;false;urban;4
9216;13;167;1;land;false;plains;4
9217;86;107;1;land;true;plains;4
9218;127;181;1;land;true;plains;4
9219;108;156;1;land;true;plains;4
9220;81;131;1;land;true;plains;4
9221;1;101;1;land;true;plains;4
9222;37;132;1;land;true;plains;4
9223;52;148;1;land;true;forest;4
9224;11;101;1;land;false;plains;4
9225;107;234;1;land;false;urban;4
9226;74;242;1;land;false;plains;4
9227;79;203;1;land;false;plains;4
9228;62;236;1;land;false;forest;4
9229;61;234;1;land;false;plains;4
9230;88;244;1;land;false;forest;4
9231;84;252;1;land;false;forest;4
9232;113;245;1;land;false;forest;4
9233;95;250;1;land;false;forest;4
9234;110;222;1;land;false;forest;4
9235;110;254;1;land;false;forest;4
9236;56;246;1;land;false;forest;4
9237;58;238;1;land;false;urban;4
9238;45;196;1;land;false;forest;4
9239;66;250;1;land;false;forest;4
9240;78;216;1;land;true;forest;4
9241;20;174;1;land;false;forest;4
9242;77;242;1;land;true;plains;4
9243;46;208;1;land;false;urban;4
9244;63;183;1;land;false;urban;4
9245;17;206;1;land;true;plains;4
9246;58;235;1;land;false;urban;4
9247;14;239;1;land;false;urban;4
9248;60;207;1;land;false;forest;4
9249;81;190;1;land;false;urban;4
9250;77;234;1;land;false;forest;4
9251;85;227;1;land;false;forest;4
9252;46;244;1;land;false;plains;4
9253;82;225;1;land;false;plains;4
9254;117;221;1;land;false;plains;4
9255;73;173;1;land;false;plains;4
9256;44;181;1;land;true;plains;4
9257;101;190;1;land;false;plains;4
9258;99;124;1;land;true;plains;4
9259;104;141;1;land;true;plains;4
9260;115;142;1;land;false;plains;4
9261;83;163;1;land;true;plains;4
9262;113;120;1;land;false;plains;4
9263;75;154;1;land;true;plains;4
9264;48;149;1;land;true;plains;4
9265;39;153;1;land;true;plains;4
9266;101;172;1;land;true;plains;4
9267;111;170;1;land;false;plains;4
9268;149;93;1;land;true;plains;4
9269;112;104;1;land;false;plains;4
9270;128;70;1;land;true;plains;4
9271;139;125;1;land;true;forest;4
9272;114;124;1;land;false;urban;4
9273;94;69;1;land;true;plains;4
9274;141;112;1;land;false;plains;4
9275;149;106;1;land;true;forest;4
9276;171;115;1;land;false;plains;4
9277;141;81;1;land;false;plains;4
9278;208;138;1;land;false;urban;4
9279;159;96;1;land;false;plains;4
9280;176;120;1;land;false;plains;4
9281;184;79;1;land;false;plains;4
9282;171;11;1;land;true;forest;4
9283;167;43;1;land;true;forest;4
9284;130;40;1;land;true;forest;4
9285;126;0;1;land;false;forest;4
9286;154;44;1;land;true;forest;4
9287;132;45;1;land;true;forest;4
9288;133;6;1;land;true;forest;4
9289;51;124;1;land;true;plains;4
9290;12;80;1;land;true;plains;4
9291;27;133;1;land;true;forest;4
9292;7;85;1;land;false;plains;4
9293;50;140;1;land;false;plains;4
9294;42;104;1;land;false;urban;4
9295;1;87;1;land;false;forest;4
9296;36;89;1;land;false;urban;4
9297;32;115;1;land;true;plains;4
9298;20;75;1;land;true;plains;4
9299;40;116;1;land;true;forest;4
9300;43;148;1;land;false;plains;4
9301;52;133;1;land;true;plains;4
9302;37;153;1;land;true;plains;4
9303;11;110;1;land;true;plains;4
9304;0;74;1;land;true;forest;4
9305;55;122;1;land;true;forest;4
9306;16;115;1;land;true;plains;4
9307;21;75;1;land;true;forest;4
9308;3;83;1;land;false;plains;4
9309;43;119;1;land;true;plains;4
9310;3;110;1;land;true;plains;4
9311;22;75;1;land;false;plains;4
9312;32;113;1;land;true;plains;4
9313;47;120;1;land;true;forest;4
9314;41;112;1;land;true;forest;4
9315;13;115;1;land;false;plains;4
9316;39;75;1;land;true;plains;4
9317;18;133;1;land;true;plains;4
9318;225;14;1;land;false;forest;4
9319;208;6;1;land;false;forest;4
9320;239;72;1;land;false;forest;4
9321;233;23;1;land;false;forest;4
9322;209;57;1;land;false;plains;4
9323;183;59;1;land;false;forest;4
9324;246;76;1;land;false;urban;4
9325;252;32;1;land;false;forest;4
9326;212;55;1;land;false;forest;4
9327;224;12;1;land;false;forest;4
9328;241;16;1;land;false;urban;4
9329;254;66;1;land;false;forest;4
9330;190;35;1;land;false;forest;4
9331;211;62;1;land;false;forest;4
9332;252;55;1;land;false;forest;4
9333;182;7;1;land;false;urban;4
9334;193;10;1;land;false;forest;4
9335;253;13;1;land;false;plains;4
9336;83;172;1;land;false;plains;4
9337;104;183;1;land;false;plains;4
9338;129;158;1;land;false;plains;4
9339;98;125;1;land;false;plains;4
9340;117;156;1;land;false;plains;4
9341;153;184;1;land;false;urban;4
9342;151;135;1;land;false;plains;4
9343;117;155;1;land;false;urban;4
9344;177;165;1;land;false;plains;4
9345;150;201;1;land;false;forest;4
9346;187;157;1;land;false;plains;4
9347;199;158;1;land;false;plains;4
9348;177;154;1;land;false;plains;4
9349;209;219;1;land;false;plains;4
9350;162;200;1;land;false;plains;4
9351;161;181;1;land;true;forest;4
9352;216;194;1;land;false;plains;4
9353;157;184;1;land;false;plains;4
9354;155;175;1;land;false;plains;4
9355;221;39;1;land;false;plains;4
9356;204;14;1;land;false;plains;4
9357;230;35;1;land;true;forest;4
9358;211;46;1;land;false;plains;4
9359;253;48;1;land;true;plains;4
9360;237;1;1;land;false;plains;4
9361;226;9;1;land;true;plains;4
9362;225;34;1;land;true;urban;4
9363;226;26;1;land;false;plains;4
9364;213;49;1;land;false;plains;4
9365;133;192;1;land;false;forest;4
9366;93;189;1;land;true;forest;4
9367;139;231;1;land;true;forest;4
9368;78;204;1;land;true;forest;4
9369;97;200;1;land;false;urban;4
9370;120;238;1;land;false;urban;4
9371;81;230;1;land;true;forest;4
9372;114;240;1;land;true;forest;4
9373;123;233;1;land;true;forest;4
9374;123;210;1;land;true;forest;4
9375;125;235;1;land;false;forest;4
9376;66;242;1;land;false;forest;4
9377;117;246;1;land;false;urban;4
9378;81;243;1;land;false;forest;4
9379;73;223;1;land;false;forest;4
9380;147;31;1;land;false;plains;4
9381;174;6;1;land;false;urban;4
9382;160;46;1;land;false;plains;4
9383;120;43;1;land;false;plains;4
9384;163;4;1;land;false;plains;4
9385;103;218;1;land;false;forest;4
9386;79;213;1;land;false;plains;4
9387;32;197;1;land;false;plains;4
9388;77;236;1;land;false;plains;4
9389;26;197;1;land;false;forest;4
9390;42;245;1;land;false;plains;4
9391;98;218;1;land;false;urban;4
9392;62;249;1;land;false;plains;4
9393;54;254;1;land;false;forest;4
9394;71;249;1;land;false;plains;4
9395;79;195;1;land;false;urban;4
9396;54;212;1;land;false;forest;4
9397;42;238;1;land;false;urban;4
9398;46;245;1;land;false;plains;4
9399;79;241;1;land;false;forest;4
9400;38;40;1;land;false;forest;4
9401;63;34;1;land;false;urban;4
9402;86;49;1;land;false;plains;4
9403;50;5;1;land;false;forest;4
9404;165;92;1;land;false;forest;4
9405;185;102;1;land;true;forest;4
9406;171;126;1;land;false;forest;4
9407;207;96;1;land;false;forest;4
9408;155;99;1;land;false;forest;4
9409;228;84;1;land;false;forest;4
9410;192;131;1;land;false;forest;4
9411;159;86;1;land;true;forest;4
9412;161;132;1;land;false;forest;4
9413;191;103;1;land;true;forest;4
9414;164;98;1;land;false;forest;4
9415;228;144;1;land;false;forest;4
9416;223;125;1;land;false;forest;4
9417;195;126;1;land;false;forest;4
9418;180;82;1;land;false;forest;4
9419;218;122;1;land;false;forest;4
9420;144;184;1;land;true;urban;4
9421;138;159;1;land;true;plains;4
9422;165;175;1;land;true;forest;4
9423;200;185;1;land;true;plains;4
9424;201;194;1;land;false;forest;4
9425;252;67;1;land;true;plains;4
9426;228;133;1;land;true;plains;4
9427;203;33;1;land;true;plains;4
9428;136;0;1;land;true;plains;4
9429;152;49;1;land;true;plains;4
9430;166;0;1;land;true;plains;4
9431;154;35;1;land;false;plains;4
9432;221;100;1;land;false;forest;4
9433;212;50;1;land;false;plains;4
9434;177;105;1;land;false;forest;4
9435;212;102;1;land;false;forest;4
9436;199;108;1;land;true;urban;4
9437;166;37;1;land;true;forest;4
9438;219;46;1;land;false;forest;4
9439;222;101;1;land;false;forest;4
9440;162;115;1;land;true;plains;4
9441;212;71;1;land;true;plains;4
9442;157;111;1;land;true;urban;4
9443;216;100;1;land;false;forest;4
9444;157;96;1;land;false;forest;4
9445;159;76;1;land;false;urban;4
9446;222;56;1;land;true;plains;4
9447;186;65;1;land;false;forest;4
9448;154;192;1;land;true;plains;4
9449;114;198;1;land;false;plains;4
9450;151;140;1;land;false;plains;4
9451;124;173;1;land;false;plains;4
9452;147;170;1;land;false;plains;4
9453;144;126;1;land;false;plains;4
9454;86;155;1;land;true;plains;4
9455;113;24;1;land;false;plains;4
9456;181;85;1;land;false;plains;4
9457;136;57;1;land;false;plains;4
9458;112;79;1;land;false;plains;4
9459;143;80;1;land;false;plains;4
9460;123;91;1;land;false;plains;4
9461;165;68;1;land;false;urban;4
9462;105;18;1;land;false;forest;4
9463;80;20;1;land;false;forest;4
9464;88;21;1;land;false;forest;4
9465;87;8;1;land;false;forest;4
9466;35;15;1;land;true;forest;4
9467;103;10;1;land;false;forest;4
9468;53;12;1;land;true;urban;4
9469;57;3;1;land;false;forest;4
9470;65;24;1;land;false;forest;4
9471;35;1;1;land;false;forest;4
9472;244;130;1;land;true;plains;4
9473;234;186;1;land;false;plains;4
9474;234;135;1;land;false;plains;4
9475;214;158;1;land;false;plains;4
9476;253;177;1;land;true;plains;4
9477;216;126;1;land;true;forest;4
9478;248;111;1;land;false;plains;4
9479;102;7;1;land;false;plains;4
9480;99;32;1;land;true;plains;4
9481;248;166;1;land;true;plains;4
9482;195;106;1;land;false;forest;4
9483;231;162;1;land;true;plains;4
9484;235;148;1;land;false;plains;4
9485;222;120;1;land;true;forest;4
9486;227;141;1;land;true;forest;4
9487;229;173;1;land;true;plains;4
9488;232;114;1;land;false;urban;4
9489;228;149;1;land;true;plains;4
9490;238;159;1;land;true;plains;4
9491;250;112;1;land;false;plains;4
9492;203;118;1;land;true;forest;4
9493;246;169;1;land;true;urban;4
9494;215;139;1;land;true;plains;4
9495;209;165;1;land;false;plains;4
9496;20;197;1;land;false;urban;4
9497;25;184;1;land;false;plains;4
9498;1;188;1;land;false;plains;4
9499;15;207;1;land;false;urban;4
9500;24;166;1;land;false;plains;4
9501;46;216;1;land;false;plains;4
9502;26;205;1;land;false;plains;4
9503;34;180;1;land;false;plains;4
9504;58;168;1;land;false;plains;4
9505;48;198;1;land;false;plains;4
9506;243;183;1;land;false;plains;4
9507;178;156;1;land;true;plains;4
9508;209;163;1;land;true;plains;4
9509;171;134;1;land;true;urban;4
9510;189;129;1;land;true;plains;4
9511;220;134;1;land;true;plains;4
9512;206;136;1;land;true;plains;4
9513;204;122;1;land;true;plains;4
9514;227;166;1;land;true;plains;4
9515;183;144;1;land;true;plains;4
9516;209;181;1;land;true;plains;4
9517;181;132;1;land;false;plains;4
9518;192;155;1;land;true;plains;4
9519;168;140;1;land;false;plains;4
9520;174;160;1;land;true;plains;4
9521;194;150;1;land;false;plains;4
9522;194;135;1;land;true;plains;4
9523;205;138;1;land;true;plains;4
9524;209;196;1;land;true;plains;4
9525;207;128;1;land;true;plains;4
9526;174;169;1;land;false;plains;4
9527;175;150;1;land;true;plains;4
9528;167;169;1;land;true;plains;4
9529;59;187;1;land;true;plains;4
9530;34;157;1;land;true;plains;4
9531;89;166;1;land;false;plains;4
9532;17;130;1;land;true;forest;4
9533;77;193;1;land;true;plains;4
9534;247;72;1;land;true;plains;4
9535;231;119;1;land;false;plains;4
9536;202;118;1;land;false;plains;4
9537;230;120;1;land;false;plains;4
9538;235;99;1;land;false;plains;4
9539;197;48;1;land;false;forest;4
9540;212;78;1;land;true;forest;4
9541;235;72;1;land;false;urban;4
9542;170;169;1;land;false;plains;4
9543;153;188;1;land;true;plains;4
9544;180;183;1;land;true;plains;4
9545;197;236;1;land;true;plains;4
9546;166;191;1;land;true;plains;4
9547;226;172;1;land;false;forest;4
9548;187;189;1;land;true;plains;4
9549;195;174;1;land;true;plains;4
9550;172;28;1;land;false;plains;4
9551;182;28;1;land;true;forest;4
9552;197;69;1;land;false;forest;4
9553;193;77;1;land;true;forest;4
9554;219;2;1;land;true;urban;4
9555;170;28;1;land;false;plains;4
9556;240;62;1;land;true;forest;4
9557;201;46;1;land;false;plains;4
9558;210;13;1;land;true;plains;4
9559;175;78;1;land;false;urban;4
9560;175;79;1;land;false;urban;4
9561;215;19;1;land;true;urban;4
9562;180;37;1;land;false;forest;4
9563;245;42;1;land;true;forest;4
9564;216;44;1;land;true;plains;4
9565;226;6;1;land;true;plains;4
9566;244;52;1;land;false;plains;4
9567;194;48;1;land;false;plains;4
9568;198;243;1;land;false;plains;4
9569;189;244;1;land;false;plains;4
9570;175;203;1;land;false;plains;4
9571;205;209;1;land;false;plains;4
9572;171;246;1;land;false;plains;4
9573;218;201;1;land;false;plains;4
9574;205;250;1;land;false;plains;4
9575;205;216;1;land;false;plains;4
9576;205;123;1;land;false;plains;4
9577;168;85;1;land;false;plains;4
9578;231;151;1;land;false;plains;4
9579;232;91;1;land;false;plains;4
9580;159;83;1;land;false;plains;4
9581;178;146;1;land;false;plains;4
9582;204;143;1;land;false;plains;4
9583;181;146;1;land;false;plains;4
9584;207;85;1;land;false;plains;4
9585;29;174;1;land;false;forest;4
9586;32;221;1;land;true;forest;4
9587;74;212;1;land;true;plains;4
9588;70;199;1;land;true;forest;4
9589;81;220;1;land;true;plains;4
9590;210;111;1;land;false;plains;4
9591;254;99;1;land;false;plains;4
9592;184;89;1;land;false;urban;4
9593;252;85;1;land;false;plains;4
9594;189;50;1;land;false;plains;4
9595;242;65;1;land;false;plains;4
9596;177;96;1;land;false;plains;4
9597;22;175;1;land;false;forest;4
9598;43;155;1;land;true;forest;4
9599;86;167;1;land;false;forest;4
9600;13;156;1;land;true;urban;4
9601;59;189;1;land;false;plains;4
9602;47;173;1;land;false;plains;4
9603;10;163;1;land;false;plains;4
9604;37;176;1;land;false;plains;4
9605;64;179;1;land;true;plains;4
9606;22;131;1;land;true;forest;4
9607;17;192;1;land;true;forest;4
9608;44;189;1;land;true;forest;4
9609;12;168;1;land;false;plains;4
9610;12;171;1;land;true;plains;4
9611;75;188;1;land;false;plains;4
9612;80;135;1;land;true;forest;4
9613;78;167;1;land;false;forest;4
9614;85;133;1;land;true;plains;4
9615;78;120;1;land;false;plains;4
9616;83;160;1;land;false;plains;4
9617;40;172;1;land;false;forest;4
9618;23;124;1;land;false;plains;4
9619;88;180;1;land;false;forest;4
9620;29;189;1;land;false;plains;4
9621;52;125;1;land;false;urban;4
9622;64;117;1;land;true;forest;4
9623;50;86;1;land;false;forest;4
9624;86;131;1;land;false;forest;4
9625;68;83;1;land;false;forest;4
9626;43;101;1;land;false;plains;4
9627;108;143;1;land;false;urban;4
9628;89;104;1;land;true;forest;4
9629;58;79;1;land;false;forest;4
9630;76;121;1;land;false;plains;4
9631;98;141;1;land;false;urban;4
9632;41;141;1;land;true;forest;4
9633;105;114;1;land;false;urban;4
9634;72;112;1;land;false;forest;4
9635;49;76;1;land;false;forest;4
9636;58;121;1;land;true;plains;4
9637;78;47;1;land;true;forest;4
9638;64;105;1;land;false;plains;4
9639;114;103;1;land;false;urban;4
9640;54;45;1;land;false;plains;4
9641;132;96;1;land;true;plains;4
9642;84;87;1;land;false;forest;4
9643;65;64;1;land;true;plains;4
9644;228;138;1;land;true;plains;4
9645;184;143;1;land;true;plains;4
9646;178;80;1;land;true;plains;4
9647;154;78;1;land;true;plains;4
9648;104;154;1;land;false;forest;4
9649;132;107;1;land;false;forest;4
9650;116;88;1;land;false;forest;4
9651;122;141;1;land;false;urban;4
9652;97;130;1;land;false;forest;4
9653;144;128;1;land;false;urban;4
9654;186;154;1;land;false;plains;4
9655;152;172;1;land;true;forest;4
9656;168;154;1;land;true;plains;4
9657;171;156;1;land;false;forest;4
9658;176;182;1;land;true;forest;4
9659;169;217;1;land;true;forest;4
9660;144;206;1;land;true;forest;4
9661;149;223;1;land;true;plains;4
9662;242;216;1;land;true;urban;4
9663;212;212;1;land;true;plains;4
9664;169;239;1;land;true;plains;4
9665;219;232;1;land;false;plains;4
9666;229;244;1;land;true;plains;4
9667;202;216;1;land;true;plains;4
9668;180;231;1;land;true;plains;4
9669;194;219;1;land;true;plains;4
9670;167;203;1;land;true;plains;4
9671;171;250;1;land;true;plains;4
9672;234;211;1;land;true;plains;4
9673;236;209;1;land;false;plains;4
9674;178;207;1;land;true;plains;4
9675;39;84;1;land;false;plains;4
9676;45;79;1;land;true;plains;4
9677;3;67;1;land;false;plains;4
9678;17;108;1;land;false;plains;4
9679;38;116;1;land;true;plains;4
9680;25;92;1;land;false;plains;4
9681;11;67;1;land;false;plains;4
9682;1;50;1;land;true;plains;4
9683;2;49;1;land;false;plains;4
9684;7;76;1;land;true;plains;4
9685;25;86;1;land;true;plains;4
9686;31;56;1;land;false;plains;4
9687;24;91;1;land;true;plains;4
9688;142;94;1;land;false;plains;4
9689;131;92;1;land;true;plains;4
9690;73;104;1;land;false;plains;4
9691;64;84;1;land;false;urban;4
9692;97;74;1;land;false;plains;4
9693;78;97;1;land;false;plains;4
9694;116;127;1;land;true;plains;4
9695;94;74;1;land;false;plains;4
9696;77;148;1;land;false;plains;4
9697;128;73;1;land;false;plains;4
9698;78;184;1;land;false;forest;4
9699;70;173;1;land;false;forest;4
9700;74;222;1;land;false;plains;4
9701;43;206;1;land;false;forest;4
9702;91;179;1;land;true;plains;4
9703;110;109;1;land;true;plains;4
9704;125;148;1;land;true;plains;4
9705;217;235;1;land;false;forest;4
9706;220;208;1;land;true;plains;4
9707;252;228;1;land;false;forest;4
9708;248;215;1;land;false;plains;4
9709;249;216;1;land;false;urban;4
9710;220;182;1;land;true;plains;4
9711;239;218;1;land;false;forest;4
9712;65;72;1;land;true;forest;4
9713;172;47;1;land;false;plains;4
9714;164;58;1;land;false;plains;4
9715;162;29;1;land;false;plains;4
9716;132;59;1;land;false;plains;4
9717;197;14;1;land;false;plains;4
9718;156;76;1;land;false;plains;4
9719;128;22;1;land;false;forest;4
9720;142;23;1;land;false;forest;4
9721;151;25;1;land;false;plains;4
9722;195;50;1;land;false;plains;4
9723;150;26;1;land;false;plains;4
9724;154;81;1;land;true;plains;4
9725;199;15;1;land;false;forest;4
9726;199;39;1;land;true;forest;4
9727;101;165;1;land;true;plains;4
9728;43;161;1;land;false;plains;4
9729;41;219;1;land;true;plains;4
9730;74;208;1;land;true;plains;4
9731;96;198;1;land;false;plains;4
9732;35;174;1;land;true;plains;4
9733;71;144;1;land;false;plains;4
9734;5;101;1;land;false;plains;4
9735;11;133;1;land;false;plains;4
9736;56;134;1;land;false;urban;4
9737;10;125;1;land;false;plains;4
9738;23;128;1;land;false;plains;4
9739;151;215;1;land;false;plains;4
9740;137;238;1;land;false;plains;4
9741;116;220;1;land;false;forest;4
9742;90;238;1;land;false;plains;4
9743;80;218;1;land;false;urban;4
9744;78;249;1;land;false;plains;4
9745;85;240;1;land;false;urban;4
9746;151;222;1;land;false;plains;4
9747;85;234;1;land;false;plains;4
9748;197;173;1;land;false;plains;4
9749;197;140;1;land;false;plains;4
9750;41;56;1;land;false;plains;4
9751;35;71;1;land;false;plains;4
9752;14;102;1;land;true;plains;4
9753;11;89;1;land;false;plains;4
9754;36;127;1;land;true;plains;4
9755;31;93;1;land;true;plains;4
9756;2;100;1;land;false;plains;4
9757;25;53;1;land;false;plains;4
9758;34;107;1;land;true;plains;4
9759;15;112;1;land;true;plains;4
9760;33;83;1;land;false;plains;4
9761;23;95;1;land;false;plains;4
9762;15;119;1;land;true;plains;4
9763;26;67;1;land;true;plains;4
9764;6;110;1;land;false;plains;4
9765;27;66;1;land;false;plains;4
9766;0;66;1;land;false;plains;4
9767;22;97;1;land;true;plains;4
9768;21;96;1;land;true;plains;4
9769;190;188;1;land;false;plains;4
9770;131;231;1;land;false;plains;4
9771;153;202;1;land;false;plains;4
9772;148;212;1;land;false;plains;4
9773;117;231;1;land;false;plains;4
9774;151;236;1;land;false;plains;4
9775;244;232;1;land;false;plains;4
9776;254;249;1;land;true;plains;4
9777;234;231;1;land;false;plains;4
9778;238;233;1;land;false;plains;4
9779;238;220;1;land;false;plains;4
9780;226;230;1;land;false;plains;4
9781;241;216;1;land;false;plains;4
9782;248;250;1;land;false;plains;4
9783;239;249;1;land;true;plains;4
9784;209;249;1;land;false;plains;4
9785;219;239;1;land;false;plains;4
9786;207;254;1;land;true;plains;4
9787;248;241;1;land;false;plains;4
9788;240;231;1;land;false;plains;4
9789;242;229;1;land;true;plains;4
9790;253;247;1;land;false;plains;4
9791;254;247;1;land;false;plains;4
9792;222;235;1;land;false;plains;4
9793;243;223;1;land;false;plains;4
9794;243;226;1;land;false;plains;4
9795;244;220;1;land;true;plains;4
9796;219;253;1;land;true;plains;4
9797;207;249;1;land;false;plains;4
9798;225;233;1;land;false;plains;4
9799;240;227;1;land;false;plains;4
9800;213;248;1;land;true;plains;4
9801;230;248;1;land;false;plains;4
9802;215;254;1;land;false;plains;4
9803;212;244;1;land;true;plains;4
9804;246;238;1;land;false;plains;4
9805;206;229;1;land;false;plains;4
9806;231;247;1;land;false;plains;4
9807;228;248;1;land;false;plains;4
9808;246;224;1;land;true;plains;4
9809;249;221;1;land;false;plains;4
9810;210;254;1;land;true;plains;4
9811;205;247;1;land;false;plains;4
9812;235;217;1;land;false;plains;4
9813;239;221;1;land;false;plains;4
9814;247;243;1;land;false;plains;4
9815;211;240;1;land;true;plains;4
9816;185;231;1;land;true;plains;4
9817;218;238;1;land;true;urban;4
9818;140;179;1;land;true;plains;4
9819;213;226;1;land;false;forest;4
9820;161;237;1;land;false;forest;4
9821;213;213;1;land;true;plains;4
9822;166;216;1;land;true;plains;4
9823;214;50;1;land;false;forest;4
9824;245;90;1;land;true;forest;4
9825;241;26;1;land;true;forest;4
9826;230;51;1;land;true;forest;4
9827;240;67;1;land;true;forest;4
9828;203;32;1;land;true;forest;4
9829;253;24;1;land;false;forest;4
9830;149;230;1;land;false;plains;4
9831;179;182;1;land;false;forest;4
9832;194;193;1;land;false;plains;4
9833;202;132;1;land;true;plains;4
9834;185;150;1;land;true;plains;4
9835;170;127;1;land;true;plains;4
9836;199;123;1;land;true;plains;4
9837;220;13;1;land;false;forest;4
9838;231;41;1;land;false;plains;4
9839;222;64;1;land;false;plains;4
9840;234;83;1;land;false;plains;4
9841;194;32;1;land;false;plains;4
9842;235;62;1;land;false;plains;4
9843;247;57;1;land;false;plains;4
9844;30;103;1;land;false;plains;4
9845;43;75;1;land;false;plains;4
9846;15;97;1;land;false;plains;4
9847;40;110;1;land;false;plains;4
9848;82;55;1;land;false;urban;4
9849;55;58;1;land;false;plains;4
9850;32;78;1;land;false;plains;4
9851;68;42;1;land;false;plains;4
9852;105;32;1;land;false;plains;4
9853;72;59;1;land;false;plains;4
9854;230;246;1;land;false;plains;4
9855;225;214;1;land;false;plains;4
9856;35;126;1;land;false;plains;4
9857;42;110;1;land;false;plains;4
9858;57;129;1;land;false;plains;4
9859;46;122;1;land;true;plains;4
9860;1;116;1;land;true;plains;4
9861;42;152;1;land;false;plains;4
9862;18;99;1;land;true;plains;4
9863;32;135;1;land;true;plains;4
9864;47;80;1;land;true;plains;4
9865;59;131;1;land;true;plains;4
9866;231;51;1;land;true;plains;4
9867;175;204;1;land;false;plains;4
9868;229;242;1;land;false;plains;4
9869;152;231;1;land;false;plains;4
9870;225;223;1;land;false;plains;4
9871;76;236;1;land;false;forest;4
9872;99;249;1;land;false;plains;4
9873;114;239;1;land;false;forest;4
9874;87;216;1;land;false;forest;4
9875;209;69;1;land;false;plains;4
9876;179;84;1;land;true;plains;4
9877;135;84;1;land;false;plains;4
9878;178;72;1;land;false;plains;4
9879;183;48;1;land;false;urban;4
9880;173;69;1;land;false;plains;4
9881;145;65;1;land;false;plains;4
9882;175;36;1;land;false;plains;4
9883;140;41;1;land;false;plains;4
9884;150;19;1;land;false;plains;4
9885;150;32;1;land;false;plains;4
9886;143;131;1;land;true;forest;4
9887;98;77;1;land;false;plains;4
9888;149;74;1;land;true;plains;4
9889;115;62;1;land;false;plains;4
9890;234;33;1;land;false;plains;4
9891;229;38;1;land;true;plains;4
9892;221;44;1;land;true;plains;4
9893;233;77;1;land;true;plains;4
9894;242;63;1;land;false;plains;4
9895;223;12;1;land;true;plains;4
9896;244;34;1;land;true;plains;4
9897;236;13;1;land;true;plains;4
9898;234;55;1;land;true;plains;4
9899;244;58;1;land;false;plains;4
9900;226;52;1;land;true;plains;4
9901;224;23;1;land;false;urban;4
9902;239;10;1;land;true;plains;4
9903;229;35;1;land;false;urban;4
9904;216;34;1;land;false;plains;4
9905;220;39;1;land;true;plains;4
9906;134;171;1;land;false;plains;4
9907;173;227;1;land;true;plains;4
9908;177;178;1;land;false;plains;4
9909;174;208;1;land;false;plains;4
9910;129;177;1;land;true;forest;4
9911;127;222;1;land;false;plains;4
9912;140;172;1;land;false;plains;4
9913;55;156;1;land;false;forest;4
9914;21;139;1;land;true;forest;4
9915;9;144;1;land;false;forest;4
9916;39;115;1;land;true;plains;4
9917;182;200;1;land;false;plains;4
9918;165;225;1;land;false;plains;4
9919;172;240;1;land;false;plains;4
9920;141;207;1;land;false;forest;4
9921;124;237;1;land;false;urban;4
9922;140;214;1;land;false;plains;4
9923;161;218;1;land;false;plains;4
9924;191;218;1;land;false;plains;4
9925;133;205;1;land;false;urban;4
9926;234;50;1;land;false;plains;4
9927;186;81;1;land;false;plains;4
9928;247;100;1;land;false;urban;4
9929;90;222;1;land;false;plains;3
9930;106;236;1;land;true;forest;3
9931;95;254;1;land;true;plains;3
9932;155;252;1;land;true;plains;3
9933;113;224;1;land;true;plains;3
9934;84;232;1;land;true;plains;3
9935;102;214;1;land;false;plains;3
9936;87;218;1;land;true;plains;3
9937;234;30;1;land;true;urban;3
9938;241;54;1;land;false;plains;3
9939;254;36;1;land;false;plains;3
9940;216;73;1;land;false;plains;3
9941;223;22;1;land;true;plains;3
9942;200;36;1;land;false;plains;3
9943;243;52;1;land;false;plains;3
9944;241;73;1;land;true;plains;3
9945;227;15;1;land;true;plains;3
9946;249;66;1;land;false;plains;3
9947;238;38;1;land;false;plains;3
9948;251;28;1;land;true;plains;3
9949;217;33;1;land;true;plains;3
9950;227;76;1;land;false;plains;3
9951;229;19;1;land;false;plains;3
9952;226;74;1;land;true;plains;3
9953;228;51;1;land;true;plains;3
9954;252;63;1;land;true;urban;3
9955;200;69;1;land;true;plains;3
9956;238;80;1;land;true;forest;3
9957;215;29;1;land;false;plains;3
9958;210;43;1;land;true;plains;3
9959;212;33;1;land;true;plains;3
9960;231;61;1;land;true;plains;3
9961;251;13;1;land;true;plains;3
9962;209;74;1;land;true;plains;3
9963;241;25;1;land;false;plains;3
9964;247;88;1;land;true;plains;3
9965;251;51;1;land;true;urban;3
9966;233;88;1;land;true;plains;3
9967;240;25;1;land;true;plains;3
9968;214;70;1;land;true;plains;3
9969;213;59;1;land;true;plains;3
9970;212;18;1;land;true;plains;3
9971;222;83;1;land;true;plains;3
9972;240;84;1;land;true;plains;3
9973;215;64;1;land;true;plains;3
9974;243;85;1;land;true;plains;3
9975;200;27;1;land;true;plains;3
9976;227;14;1;land;true;plains;3
9977;227;60;1;land;true;plains;3
9978;229;31;1;land;true;urban;3
9979;203;12;1;land;false;plains;3
9980;199;50;1;land;false;plains;3
9981;231;64;1;land;true;plains;3
9982;222;84;1;land;true;plains;3
9983;245;75;1;land;false;plains;3
9984;254;51;1;land;false;plains;3
9985;245;64;1;land;false;plains;3
9986;200;75;1;land;true;plains;3
9987;251;12;1;land;false;plains;3
9988;236;54;1;land;false;plains;3
9989;216;80;1;land;true;plains;3
9990;241;37;1;land;true;plains;3
9991;254;67;1;land;false;plains;3
9992;171;242;1;land;true;plains;3
9993;244;246;1;land;false;urban;3
9994;239;217;1;land;true;plains;3
9995;206;234;1;land;true;plains;3
9996;184;241;1;land;true;forest;3
9997;230;241;1;land;true;forest;3
9998;226;103;1;land;false;urban;1
9999;240;100;1;land;true;forest;1
10000;240;109;1;land;true;urban;1
10001;195;143;1;land;true;plains;1
10002;218;137;1;land;false;plains;1
10003;234;141;1;land;true;plains;1
10004;201;124;1;land;false;plains;1
10005;233;109;1;land;false;forest;1
10006;200;147;1;land;true;plains;1
10007;215;77;1;land;true;plains;1
10008;247;85;1;land;false;plains;1
10009;231;91;1;land;true;plains;1
10010;218;118;1;land;false;forest;1
10011;218;93;1;land;true;plains;1
10012;205;80;1;land;true;plains;1
10013;253;91;1;land;true;plains;1
10014;194;139;1;land;false;urban;1
10015;219;107;1;land;true;plains;1
10016;245;145;1;land;true;plains;1
10017;251;106;1;land;true;forest;1
10018;211;151;1;land;false;plains;1
10019;193;113;1;land;true;urban;1
10020;253;127;1;land;false;urban;1
10021;215;150;1;land;true;urban;1
10022;71;125;1;land;true;forest;1
10023;92;125;1;land;false;forest;1
10024;36;150;1;land;true;forest;1
10025;41;188;1;land;true;forest;1
10026;35;153;1;land;true;plains;1
10027;70;133;1;land;true;forest;1
10028;47;180;1;land;true;forest;1
10029;35;128;1;land;true;forest;1
10030;78;124;1;land;false;forest;1
10031;88;129;1;land;false;forest;1
10032;71;159;1;land;false;forest;1
10033;44;170;1;land;false;forest;1
10034;86;194;1;land;true;forest;1
10035;104;171;1;land;true;forest;1
10036;61;167;1;land;true;forest;1
10037;102;136;1;land;true;urban;1
10038;103;121;1;land;false;urban;1
10039;75;180;1;land;false;forest;1
10040;220;221;1;land;false;urban;1
10041;205;236;1;land;false;forest;1
10042;217;215;1;land;true;urban;1
10043;226;241;1;land;true;forest;1
10044;223;224;1;land;true;forest;1
10045;217;225;1;land;false;urban;1
10046;156;9;1;land;true;plains;2
10047;200;8;1;land;true;plains;2
10048;131;0;1;land;true;plains;2
10049;107;40;1;land;true;plains;2
10050;110;1;1;land;true;plains;2
10051;135;41;1;land;true;plains;2
10052;170;200;1;land;true;plains;2
10053;172;184;1;land;true;plains;2
10054;159;213;1;land;true;plains;2
10055;150;157;1;land;false;plains;2
10056;188;203;1;land;true;plains;2
10057;121;141;1;land;true;urban;2
10058;185;171;1;land;false;plains;2
10059;122;185;1;land;true;plains;2
10060;55;249;1;land;true;plains;2
10061;45;212;1;land;true;plains;2
10062;31;243;1;land;true;plains;2
10063;1;198;1;land;true;plains;2
10064;19;248;1;land;true;plains;2
10065;2;238;1;land;true;plains;2
10066;58;226;1;land;true;plains;2
10067;45;241;1;land;true;plains;2
10068;3;229;1;land;true;plains;2
10069;1;202;1;land;true;plains;2
10070;38;216;1;land;true;plains;2
10071;34;195;1;land;false;plains;2
10072;178;244;1;land;true;plains;2
10073;235;226;1;land;false;plains;2
10074;214;208;1;land;true;plains;2
10075;184;230;1;land;false;plains;2
10076;199;249;1;land;true;plains;2
10077;188;224;1;land;false;plains;2
10078;202;236;1;land;true;plains;2
10079;195;196;1;land;false;plains;2
10080;241;242;1;land;true;urban;2
10081;241;212;1;land;false;plains;2
10082;206;249;1;land;true;plains;2
10083;238;252;1;land;false;plains;2
10084;214;207;1;land;false;plains;2
10085;174;230;1;land;false;plains;2
10086;231;198;1;land;true;plains;2
10087;253;229;1;land;false;urban;2
10088;18;145;1;land;true;plains;1
10089;26;101;1;land;true;plains;1
10090;0;95;1;land;true;plains;1
10091;47;132;1;land;true;plains;1
10092;50;97;1;land;true;plains;1
10093;23;101;1;land;true;plains;1
10094;18;115;1;land;true;plains;1
10095;23;129;1;land;true;plains;1
10096;26;93;1;land;true;plains;1
10097;5;109;1;land;true;plains;1
10098;14;119;1;land;false;plains;1
10099;60;59;1;land;true;forest;1
10100;69;29;1;land;false;urban;1
10101;73;22;1;land;true;forest;1
10102;69;56;1;land;false;forest;1
10103;67;42;1;land;true;forest;1
10104;99;21;1;land;true;urban;1
10105;87;86;1;land;true;urban;1
10106;46;68;1;land;true;forest;1
10107;96;77;1;land;true;urban;1
10108;107;62;1;land;true;forest;1
10109;17;39;1;land;true;urban;1
10110;39;41;1;land;true;plains;1
10111;74;170;1;land;true;urban;1
10112;70;181;1;land;true;plains;1
10113;27;152;1;land;true;plains;1
10114;94;200;1;land;false;urban;1
10115;64;205;1;land;false;plains;1
10116;38;146;1;land;false;plains;1
10117;164;117;1;land;false;plains;1
10118;161;146;1;land;true;urban;1
10119;71;35;1;land;true;plains;1
10120;85;2;1;land;true;plains;1
10121;75;13;1;land;false;urban;1
10122;16;15;1;land;true;plains;1
10123;12;20;1;land;true;plains;1
10124;74;253;1;land;true;plains;4
10125;52;220;1;land;true;plains;4
10126;21;228;1;land;true;plains;4
10127;4;223;1;land;true;plains;4
10128;60;92;1;land;true;plains;4
10129;220;241;1;land;false;plains;4
10130;247;244;1;land;true;plains;4
10131;203;252;1;land;true;plains;4
10132;219;217;1;land;true;plains;4
10133;233;216;1;land;true;plains;4
10134;249;222;1;land;true;plains;4
10135;198;229;1;land;false;plains;4
10136;202;231;1;land;true;plains;4
10137;201;242;1;land;true;plains;4
10138;229;241;1;land;true;plains;4
10139;186;219;1;land;true;plains;4
10140;226;209;1;land;false;plains;4
10141;0;150;1;land;true;plains;4
10142;12;194;1;land;true;plains;4
10143;47;185;1;land;true;urban;4
10144;9;148;1;land;true;plains;4
10145;6;153;1;land;true;plains;4
10146;44;140;1;land;true;plains;4
10147;42;155;1;land;true;plains;4
10148;173;96;1;land;false;plains;4
10149;144;68;1;land;true;plains;4
10150;138;110;1;land;true;plains;4
10151;127;61;1;land;true;forest;4
10152;112;49;1;land;true;forest;4
10153;86;38;1;land;true;forest;4
10154;171;81;1;land;true;forest;4
10155;156;83;1;land;true;forest;4
10156;157;21;1;land;true;plains;4
10157;130;158;1;land;true;forest;4
10158;103;160;1;land;true;plains;4
10159;234;16;1;land;true;forest;4
10160;230;13;1;land;true;urban;4
10161;242;18;1;land;true;forest;4
10162;238;17;1;land;true;forest;4
10163;237;16;1;land;false;forest;4
10164;11;168;1;land;true;plains;4
10165;38;163;1;land;true;plains;4
10166;44;97;1;land;false;plains;4
10167;25;133;1;land;true;forest;4
10168;45;88;1;land;true;forest;4
10169;57;93;1;land;true;forest;4
10170;9;123;1;land;true;forest;4
10171;37;117;1;land;true;forest;4
10172;43;90;1;land;true;forest;4
10173;52;44;1;land;true;plains;7
10174;93;19;1;land;true;urban;7
10175;46;26;1;land;true;plains;7
10176;149;27;1;land;true;plains;7
10177;134;26;1;land;true;urban;7
10178;203;18;1;land;true;plains;7
10179;47;45;1;land;true;plains;7
10180;30;17;1;land;true;plains;7
10181;25;41;1;land;true;plains;7
10182;1;17;1;land;true;plains;7
10183;8;12;1;land;true;plains;7
10184;12;28;1;land;false;plains;7
10185;38;25;1;land;true;plains;7
10186;14;27;1;land;false;plains;7
10187;6;37;1;land;true;urban;7
10188;34;10;1;land;true;plains;7
10189;8;41;1;land;false;urban;7
10190;6;7;1;land;true;plains;7
10191;29;28;1;land;false;plains;7
10192;32;45;1;land;true;plains;7
10193;31;54;1;land;false;plains;7
10194;97;84;1;land;true;plains;7
10195;198;109;1;land;false;plains;5
10196;204;90;1;land;false;plains;5
10197;219;109;1;land;false;forest;5
10198;165;120;1;land;false;plains;5
10199;151;129;1;land;false;plains;5
10200;218;77;1;land;false;plains;5
10201;58;33;1;land;false;plains;5
10202;16;67;1;land;false;plains;5
10203;20;49;1;land;false;plains;5
10204;16;5;1;land;false;plains;5
10205;29;42;1;land;false;plains;5
10206;35;48;1;land;false;plains;5
10207;56;27;1;land;false;plains;5
10208;70;25;1;land;false;plains;5
10209;49;52;1;land;false;forest;5
10210;43;3;1;land;false;plains;5
10211;84;67;1;land;false;forest;5
10212;86;53;1;land;false;plains;5
10213;24;58;1;land;false;plains;5
10214;43;13;1;land;false;plains;5
10215;38;33;1;land;false;plains;5
10216;246;229;1;land;true;plains;4
10217;254;164;1;land;false;plains;4
10218;192;185;1;land;true;plains;4
10219;52;150;1;land;true;plains;4
10220;146;114;1;land;true;plains;4
10221;6;84;1;land;true;forest;4
10222;15;114;1;land;false;plains;4
10223;49;121;1;land;true;plains;4
10224;15;90;1;land;true;urban;4
10225;31;57;1;land;true;plains;4
10226;44;110;1;land;true;plains;4
10227;47;116;1;land;false;forest;4
10228;12;123;1;land;true;urban;4
10229;46;36;1;land;true;plains;3
10230;98;28;1;land;true;plains;3
10231;38;91;1;land;true;plains;3
10232;242;195;1;land;true;plains;3
10233;220;235;1;land;true;plains;3
10234;223;246;1;land;true;plains;3
10235;245;231;1;land;true;urban;3
10236;222;213;1;land;true;urban;3
10237;229;220;1;land;true;plains;3
10238;221;246;1;land;true;plains;3
10239;249;226;1;land;true;plains;3
10240;222;224;1;land;true;plains;3
10241;241;222;1;land;true;plains;3
10242;222;219;1;land;true;plains;3
10243;25;222;1;land;true;plains;2
10244;2;213;1;land;true;plains;2
10245;53;137;1;land;true;plains;2
10246;37;129;1;land;true;plains;2
10247;43;162;1;land;true;plains;2
10248;98;105;1;land;true;plains;2
10249;63;163;1;land;true;plains;2
10250;145;32;1;land;true;plains;5
10251;69;126;1;land;true;plains;5
10252;99;131;1;land;true;plains;5
10253;58;102;1;land;true;plains;5
10254;113;142;1;land;true;forest;5
10255;79;130;1;land;true;plains;5
10256;78;121;1;land;true;plains;5
10257;63;139;1;land;false;plains;5
10258;10;110;1;land;true;plains;5
10259;25;113;1;land;true;forest;5
10260;20;127;1;land;true;urban;5
10261;60;108;1;land;false;forest;5
10262;10;133;1;land;true;plains;5
10263;46;97;1;land;true;forest;5
10264;41;148;1;land;true;plains;5
10265;29;149;1;land;true;plains;5
10266;34;143;1;land;true;plains;5
10267;37;98;1;land;true;forest;5
10268;10;108;1;land;true;plains;5
10269;157;223;1;land;true;forest;5
10270;110;248;1;land;true;plains;5
10271;163;226;1;land;true;forest;5
10272;100;235;1;land;true;forest;5
10273;167;212;1;land;true;forest;5
10274;121;243;1;land;true;forest;5
10275;138;239;1;land;true;urban;5
10276;113;247;1;land;true;urban;5
10277;94;218;1;land;true;forest;5
10278;165;222;1;land;true;plains;5
10279;148;244;1;land;true;urban;5
10280;24;124;1;land;true;plains;1
10281;22;139;1;land;true;plains;1
10282;4;174;1;land;true;plains;1
10283;5;112;1;land;true;urban;1
10284;1;105;1;land;true;plains;1
10285;168;55;1;land;true;urban;1
10286;152;63;1;land;true;plains;1
10287;160;145;1;land;true;plains;1
10288;202;19;1;land;true;plains;6
10289;132;36;1;land;true;plains;6
10290;156;29;1;land;true;plains;6
10291;178;25;1;land;true;desert;6
10292;159;17;1;land;true;plains;6
10293;175;29;1;land;true;plains;6
10294;218;132;1;land;true;plains;7
10295;178;94;1;land;true;plains;7
10296;158;123;1;land;true;urban;7
10297;173;75;1;land;true;urban;7
10298;220;126;1;land;true;urban;7
10299;206;67;1;land;true;plains;7
10300;208;91;1;land;true;urban;7
10301;57;184;1;land;true;plains;7
10302;86;198;1;land;true;plains;7
10303;15;249;1;land;true;plains;7
10304;13;212;1;land;true;plains;7
10305;64;240;1;land;true;plains;7
10306;197;110;1;land;false;plains;5
10307;226;117;1;land;false;plains;5
10308;215;100;1;land;false;plains;5
10309;81;233;1;land;true;forest;1
10310;62;120;1;land;true;forest;1
10311;147;60;1;land;true;plains;7
10312;147;41;1;land;true;urban;7
10313;120;50;1;land;true;plains;7
10314;105;75;1;land;true;plains;7
10315;225;161;1;land;true;forest;1
10316;37;127;1;land;true;forest;1
10317;6;170;1;land;true;forest;1
10318;166;86;1;land;false;plains;5
10319;84;215;1;land;false;plains;5
10320;114;53;1;land;false;plains;5
10321;14;248;1;land;false;plains;5
10322;3;224;1;land;false;plains;5
10323;39;205;1;land;false;plains;5
10324;67;14;1;land;true;urban;7
10325;60;34;1;land;true;forest;7
10326;39;42;1;land;true;plains;7
10327;53;21;1;land;true;urban;7
10328;114;166;1;land;true;plains;7
10329;129;176;1;land;true;plains;7
10330;163;207;1;land;true;plains;7
10331;104;92;1;land;false;plains;5
10332;95;45;1;land;false;plains;5
10333;50;90;1;land;false;plains;5
10334;181;222;1;land;false;forest;5
10335;187;162;1;land;false;urban;5
10336;215;165;1;land;false;urban;5
10337;46;70;1;land;true;plains;1
10338;11;109;1;land;true;plains;1
10339;168;149;1;land;true;plains;7
10340;172;138;1;land;true;plains;7
10341;187;206;1;land;true;forest;7
10342;81;95;1;land;true;forest;1
10343;234;40;1;land;true;forest;1
10344;234;76;1;land;true;urban;1
10345;173;216;1;land;false;plains;5
10346;43;203;1;land;false;plains;5
10347;237;5;1;land;false;plains;5
10348;233;64;1;land;false;plains;5
10349;57;121;1;land;true;plains;1
10350;142;16;1;land;true;plains;1
10351;29;6;1;land;true;plains;1
10352;51;10;1;land;false;plains;5
10353;112;116;1;land;false;plains;5
10354;165;171;1;land;false;urban;5
10355;115;147;1;land;false;urban;5
10356;162;16;1;land;true;plains;2
10357;41;120;1;land;false;plains;5
10358;28;161;1;land;false;plains;5
10359;192;22;1;land;false;plains;5
10360;42;148;1;land;false;plains;5
10361;77;194;1;land;true;forest;1
10362;222;169;1;land;true;forest;1
10363;157;125;1;land;true;plains;1
10364;149;219;1;land;true;plains;7
10365;229;106;1;land;false;plains;5
10366;94;202;1;land;true;forest;5
10367;223;10;1;land;true;plains;1
10368;209;216;1;land;false;plains;5
10369;38;57;1;land;true;plains;7
10370;70;108;1;land;true;plains;6
10371;172;25;1;land;true;forest;7
10372;90;170;1;land;false;plains;5
10373;161;23;1;land;true;plains;1
10374;185;145;1;land;false;plains;5
10375;109;254;1;land;true;plains;3
10376;37;109;1;land;true;plains;5
10377;152;222;1;land;true;plains;5
10378;136;61;1;land;true;plains;7
10379;238;210;1;land;true;plains;2
10380;163;97;1;land;false;plains;5
10381;24;245;1;land;true;plains;7
10382;199;74;1;land;true;plains;1
10383;48;238;1;land;false;plains;5
10384;246;124;1;land;true;forest;7
10385;53;254;1;land;true;jungle;1
10386;122;24;1;land;true;plains;4
10387;219;198;1;land;true;plains;7
10388;147;107;1;land;true;plains;1
10389;246;227;1;land;true;forest;7
10390;12;9;1;land;false;plains;6
10391;250;25;1;land;false;urban;6
10392;151;192;1;land;true;plains;1
10393;42;87;1;land;true;plains;4
10394;186;145;1;land;true;forest;5
10395;177;14;1;land;true;plains;5
10396;60;143;1;land;true;plains;3
10397;232;60;1;land;false;desert;5
10398;39;131;1;land;true;plains;7
10399;217;165;1;land;true;plains;7
10400;93;85;1;land;false;plains;5
10401;64;222;1;land;true;forest;7
10402;145;84;1;land;false;forest;5
10403;126;176;1;land;true;plains;6
10404;37;59;1;land;false;plains;5
10405;240;148;1;land;true;forest;7
10406;70;82;1;land;false;plains;5
10407;70;138;1;land;false;plains;6
10408;180;23;1;land;true;plains;6
10409;133;124;1;land;true;plains;7
10410;193;20;1;land;true;plains;7
10411;230;155;1;land;true;plains;7
10412;121;208;1;land;true;forest;5
10413;66;104;1;land;true;forest;7
10414;136;241;1;land;true;plains;7
10415;66;90;1;land;true;plains;6
10416;163;215;1;land;true;plains;6
10417;57;161;1;land;false;plains;5
10418;192;5;1;land;true;plains;1
10419;225;100;1;land;true;plains;7
10420;28;231;1;land;true;plains;7
10421;216;117;1;land;true;plains;6
10422;121;217;1;land;false;forest;5
10423;148;44;1;land;true;forest;7
10424;239;210;1;land;true;plains;7
10425;135;63;1;land;true;forest;7
10426;12;176;1;land;true;plains;1
10427;88;9;1;land;true;plains;1
10428;24;46;1;land;false;plains;5
10429;123;195;1;land;true;forest;7
10430;44;58;1;land;true;plains;1
10431;178;219;1;land;true;forest;5
10432;87;202;1;land;false;forest;5
10433;173;120;1;land;true;plains;1
10434;113;237;1;land;false;plains;5
10435;212;86;1;land;true;plains;7
10436;6;221;1;land;true;forest;5
10437;111;90;1;land;false;plains;5
10438;43;192;1;land;false;forest;6
10439;163;91;1;land;false;forest;5
10440;214;173;1;land;true;forest;5
10441;58;54;1;land;true;plains;6
10442;241;193;1;land;true;plains;7
10443;57;79;1;land;true;forest;6
10444;121;192;1;land;true;plains;7
10445;219;17;1;land;true;forest;7
10446;141;165;1;land;true;plains;5
10447;11;51;1;land;true;forest;7
10448;191;40;1;land;false;forest;6
10449;100;176;1;land;true;plains;1
10450;9;58;1;land;true;forest;7
10451;106;118;1;land;true;plains;6
10452;159;220;1;land;true;plains;7
10453;244;83;1;land;false;forest;6
10454;212;5;1;land;false;plains;5
10455;70;122;1;land;true;plains;5
10456;46;189;1;land;true;plains;6
10457;146;107;1;land;true;plains;2
10458;137;252;1;land;true;plains;3
10459;191;72;1;land;true;plains;7
10460;235;187;1;land;true;plains;7
10461;68;88;1;land;true;plains;5
10462;61;168;1;land;true;plains;5
10463;164;67;1;land;true;forest;5
10464;71;121;1;land;true;plains;5
10465;43;69;255;sea;false;ocean;0
10466;40;51;255;sea;false;ocean;0
10467;31;54;255;sea;false;ocean;0
10468;45;13;255;sea;false;ocean;0
10469;57;57;255;sea;false;ocean;0
10470;64;39;255;sea;false;ocean;0
10471;44;47;255;sea;false;ocean;0
10472;62;1;255;sea;false;ocean;0
10473;55;59;255;sea;false;ocean;0
10474;18;40;255;sea;false;ocean;0
10475;36;57;255;sea;false;ocean;0
10476;54;7;255;sea;false;ocean;0
10477;39;57;255;sea;false;ocean;0
10478;74;43;255;sea;false;ocean;0
10479;86;35;255;sea;false;ocean;0
10480;49;67;255;sea;false;ocean;0
10481;87;78;255;sea;false;ocean;0
10482;64;36;255;sea;false;ocean;0
10483;32;26;255;sea;false;ocean;0
10484;69;56;255;sea;false;ocean;0
10485;35;9;255;sea;false;ocean;0
10486;47;73;255;sea;false;ocean;0
10487;52;56;255;sea;false;ocean;0
10488;86;78;255;sea;false;ocean;0
10489;28;19;255;sea;false;ocean;0
10490;39;2;255;sea;false;ocean;0
10491;80;7;255;sea;false;ocean;0
10492;53;35;255;sea;false;ocean;0
10493;16;25;255;sea;false;ocean;0
10494;80;47;255;sea;false;ocean;0
10495;27;8;255;sea;false;ocean;0
10496;76;37;255;sea;false;ocean;0
10497;62;62;255;sea;false;ocean;0
10498;48;29;255;sea;false;ocean;0
10499;85;37;255;sea;false;ocean;0
10500;93;72;255;sea;false;ocean;0
10501;30;68;255;sea;false;ocean;0
10502;88;25;255;sea;false;ocean;0
10503;30;76;255;sea;false;ocean;0
10504;81;27;255;sea;false;ocean;0
10505;63;63;255;sea;false;ocean;0
10506;61;47;255;sea;false;ocean;0
10507;23;33;255;sea;false;ocean;0
10508;76;33;255;sea;false;ocean;0
10509;79;63;255;sea;false;ocean;0
10510;17;44;255;sea;false;ocean;0
10511;49;52;255;sea;false;ocean;0
10512;85;6;255;sea;false;ocean;0
10513;33;60;255;sea;false;ocean;0
10514;65;61;255;sea;false;ocean;0
10515;21;61;255;sea;false;ocean;0
10516;36;15;255;sea;false;ocean;0
10517;44;63;255;sea;false;ocean;0
10518;84;42;255;sea;false;ocean;0
10519;92;107;255;sea;false;ocean;0
10520;79;72;255;sea;false;ocean;0
10521;90;77;255;sea;false;ocean;0
10522;32;70;255;sea;false;ocean;0
10523;45;74;255;sea;false;ocean;0
10524;81;65;255;sea;false;ocean;0
10525;90;56;255;sea;false;ocean;0
10526;33;93;255;sea;false;ocean;0
10527;81;86;255;sea;false;ocean;0
10528;40;71;255;sea;false;ocean;0
10529;76;65;255;sea;false;ocean;0
10530;60;124;255;sea;false;ocean;0
10531;43;115;255;sea;false;ocean;0
10532;75;87;255;sea;false;ocean;0
10533;88;59;255;sea;false;ocean;0
10534;78;79;255;sea;false;ocean;0
10535;32;87;255;sea;false;ocean;0
10536;22;103;255;sea;false;ocean;0
10537;67;59;255;sea;false;ocean;0
10538;52;108;255;sea;false;ocean;0
10539;63;92;255;sea;false;ocean;0
10540;75;97;255;sea;false;ocean;0
10541;90;73;255;sea;false;ocean;0
10542;57;79;255;sea;false;ocean;0
10543;69;19;255;sea;false;ocean;0
10544;98;48;255;sea;false;ocean;0
10545;48;37;255;sea;false;ocean;0
10546;45;43;255;sea;false;ocean;0
10547;49;31;255;sea;false;ocean;0
10548;85;59;255;sea;false;ocean;0
10549;45;17;255;sea;false;ocean;0
10550;67;34;255;sea;false;ocean;0
10551;102;16;255;sea;false;ocean;0
10552;121;22;255;sea;false;ocean;0
10553;96;39;255;sea;false;ocean;0
10554;105;67;255;sea;false;ocean;0
10555;85;74;255;sea;false;ocean;0
10556;94;36;255;sea;false;ocean;0
10557;120;48;255;sea;false;ocean;0
10558;73;58;255;sea;false;ocean;0
10559;64;55;255;sea;false;ocean;0
10560;98;83;255;sea;false;ocean;0
10561;118;20;255;sea;false;ocean;0
10562;120;60;255;sea;false;ocean;0
10563;82;71;255;sea;false;ocean;0
10564;60;30;255;sea;false;ocean;0
10565;83;57;255;sea;false;ocean;0
10566;90;76;255;sea;false;ocean;0
10567;80;31;255;sea;false;ocean;0
10568;55;57;255;sea;false;ocean;0
10569;76;23;255;sea;false;ocean;0
10570;83;28;255;sea;false;ocean;0
10571;51;48;255;sea;false;ocean;0
10572;59;27;255;sea;false;ocean;0
10573;98;89;255;sea;false;ocean;0
10574;102;19;255;sea;false;ocean;0
10575;117;80;255;sea;false;ocean;0
10576;48;52;255;sea;false;ocean;0
10577;87;59;255;sea;false;ocean;0
10578;68;30;255;sea;false;ocean;0
10579;49;44;255;sea;false;ocean;0
10580;101;15;255;sea;false;ocean;0
10581;44;84;255;sea;false;ocean;0
10582;91;52;255;sea;false;ocean;0
10583;6;17;255;sea;false;ocean;0
10584;2;45;255;sea;false;ocean;0
10585;24;55;255;sea;false;ocean;0
10586;1;11;255;sea;false;ocean;0
10587;6;13;255;sea;false;ocean;0
10588;66;46;255;sea;false;ocean;0
10589;26;37;255;sea;false;ocean;0
10590;14;26;255;sea;false;ocean;0
10591;33;25;255;sea;false;ocean;0
10592;50;31;255;sea;false;ocean;0
10593;17;52;255;sea;false;ocean;0
10594;1;7;255;sea;false;ocean;0
10595;65;20;255;sea;false;ocean;0
10596;32;45;255;sea;false;ocean;0
10597;59;6;255;sea;false;ocean;0
10598;10;31;255;sea;false;ocean;0
10599;48;2;255;sea;false;ocean;0
10600;51;2;255;sea;false;ocean;0
10601;27;40;255;sea;false;ocean;0
10602;39;15;255;sea;false;ocean;0
10603;66;9;255;sea;false;ocean;0
10604;60;8;255;sea;false;ocean;0
10605;83;8;255;sea;false;ocean;0
10606;12;32;255;sea;false;ocean;0
10607;54;4;255;sea;false;ocean;0
10608;60;36;255;sea;false;ocean;0
10609;86;20;255;sea;false;ocean;0
10610;86;2;255;sea;false;ocean;0
10611;38;29;255;sea;false;ocean;0
10612;49;41;255;sea;false;ocean;0
10613;54;20;255;sea;false;ocean;0
10614;44;6;255;sea;false;ocean;0
10615;47;30;255;sea;false;ocean;0
10616;86;33;255;sea;false;ocean;0
10617;10;22;255;sea;false;ocean;0
10618;25;36;255;sea;false;ocean;0
10619;20;40;255;sea;false;ocean;0
10620;56;79;255;sea;false;ocean;0
10621;32;122;255;sea;false;ocean;0
10622;13;134;255;sea;false;ocean;0
10623;32;105;255;sea;false;ocean;0
10624;21;88;255;sea;false;ocean;0
10625;58;79;255;sea;false;ocean;0
10626;54;99;255;sea;false;ocean;0
10627;18;71;255;sea;false;ocean;0
10628;21;119;255;sea;false;ocean;0
10629;29;112;255;sea;false;ocean;0
10630;64;116;255;sea;false;ocean;0
10631;7;89;255;sea;false;ocean;0
10632;66;109;255;sea;false;ocean;0
10633;63;87;255;sea;false;ocean;0
10634;8;83;255;sea;false;ocean;0
10635;11;101;255;sea;false;ocean;0
10636;37;82;255;sea;false;ocean;0
10637;45;93;255;sea;false;ocean;0
10638;0;82;255;sea;false;ocean;0
10639;75;91;255;sea;false;ocean;0
10640;19;92;255;sea;false;ocean;0
10641;47;97;255;sea;false;ocean;0
10642;42;108;255;sea;false;ocean;0
10643;67;104;255;sea;false;ocean;0
10644;70;107;255;sea;false;ocean;0
10645;43;102;255;sea;false;ocean;0
10646;30;125;255;sea;false;ocean;0
10647;12;80;255;sea;false;ocean;0
10648;51;75;255;sea;false;ocean;0
10649;7;112;255;sea;false;ocean;0
10650;144;53;255;sea;false;ocean;0
10651;70;37;255;sea;false;ocean;0
10652;134;57;255;sea;false;ocean;0
10653;113;49;255;sea;false;ocean;0
10654;129;38;255;sea;false;ocean;0
10655;127;15;255;sea;false;ocean;0
10656;70;16;255;sea;false;ocean;0
10657;136;51;255;sea;false;ocean;0
10658;135;21;255;sea;false;ocean;0
10659;132;36;255;sea;false;ocean;0
10660;137;18;255;sea;false;ocean;0
10661;102;34;255;sea;false;ocean;0
10662;146;15;255;sea;false;ocean;0
10663;128;42;255;sea;false;ocean;0
10664;132;43;255;sea;false;ocean;0
10665;41;44;255;sea;false;ocean;0
10666;36;30;255;sea;false;ocean;0
10667;18;6;255;sea;false;ocean;0
10668;46;25;255;sea;false;ocean;0
10669;57;29;255;sea;false;ocean;0
10670;49;21;255;sea;false;ocean;0
10671;77;53;255;sea;false;ocean;0
10672;56;23;255;sea;false;ocean;0
10673;49;7;255;sea;false;ocean;0
10674;25;2;255;sea;false;ocean;0
10675;80;45;255;sea;false;ocean;0
10676;60;42;255;sea;false;ocean;0
10677;33;12;255;sea;false;ocean;0
10678;70;43;255;sea;false;ocean;0
10679;64;26;255;sea;false;ocean;0
10680;12;28;255;sea;false;ocean;0
10681;20;26;255;sea;false;ocean;0
10682;7;36;255;sea;false;ocean;0
10683;12;17;255;sea;false;ocean;0
10684;68;58;255;sea;false;ocean;0
10685;63;50;255;sea;false;ocean;0
10686;46;15;255;sea;false;ocean;0
10687;61;37;255;sea;false;ocean;0
10688;65;29;255;sea;false;ocean;0
10689;81;24;255;sea;false;ocean;0
10690;85;26;255;sea;false;ocean;0
10691;70;53;255;sea;false;ocean;0
10692;52;74;255;sea;false;ocean;0
10693;46;30;255;sea;false;ocean;0
10694;103;5;255;sea;false;ocean;0
10695;77;3;255;sea;false;ocean;0
10696;112;3;255;sea;true;ocean;0
10697;70;48;255;sea;true;ocean;0
10698;101;9;255;sea;false;ocean;0
10699;57;13;255;sea;false;ocean;0
10700;102;32;255;sea;true;ocean;0
10701;86;63;255;sea;true;ocean;0
10702;101;32;255;sea;true;ocean;0
10703;59;29;255;sea;true;ocean;0
10704;64;33;255;sea;true;ocean;0
10705;118;45;255;sea;true;ocean;0
10706;28;6;255;sea;false;ocean;0
10707;12;21;255;sea;false;ocean;0
10708;39;54;255;sea;false;ocean;0
10709;21;28;255;sea;false;ocean;0
10710;57;5;255;sea;false;ocean;0
10711;24;23;255;sea;false;ocean;0
10712;24;53;255;sea;false;ocean;0
10713;27;45;255;sea;false;ocean;0
10714;28;44;255;sea;false;ocean;0
10715;16;31;255;sea;false;ocean;0
10716;63;33;255;sea;false;ocean;0
10717;36;13;255;sea;true;ocean;0
10718;10;0;255;sea;false;ocean;0
10719;14;51;255;sea;true;ocean;0
10720;49;43;255;sea;false;ocean;0
10721;27;11;255;sea;false;ocean;0
10722;40;27;255;sea;false;ocean;0
10723;41;4;255;sea;false;ocean;0
10724;41;68;255;sea;false;ocean;0
10725;45;85;255;sea;false;ocean;0
10726;9;81;255;sea;false;ocean;0
10727;43;57;255;sea;false;ocean;0
10728;1;71;255;sea;false;ocean;0
10729;51;69;255;sea;false;ocean;0
10730;22;25;255;sea;false;ocean;0
10731;10;50;255;sea;false;ocean;0
10732;22;57;255;sea;false;ocean;0
10733;40;17;255;sea;false;ocean;0
10734;17;56;255;sea;false;ocean;0
10735;12;62;255;sea;false;ocean;0
10736;34;17;255;sea;false;ocean;0
10737;43;75;255;sea;false;ocean;0
10738;4;56;255;sea;false;ocean;0
10739;12;68;255;sea;false;ocean;0
10740;26;90;255;sea;false;ocean;0
10741;2;51;255;sea;false;ocean;0
10742;37;28;255;sea;false;ocean;0
10743;54;48;255;sea;false;ocean;0
10744;45;44;255;sea;false;ocean;0
10745;7;87;255;sea;false;ocean;0
10746;17;72;255;sea;false;ocean;0
10747;56;42;255;sea;false;ocean;0
10748;39;18;255;sea;false;ocean;0
10749;55;29;255;sea;false;ocean;0
10750;38;76;255;sea;false;ocean;0
10751;14;90;255;sea;false;ocean;0
10752;45;30;255;sea;false;ocean;0
10753;40;25;255;sea;false;ocean;0
10754;10;35;255;sea;false;ocean;0
10755;32;22;255;sea;false;ocean;0
10756;52;82;255;sea;false;ocean;0
10757;53;37;255;sea;false;ocean;0
10758;49;54;255;sea;false;ocean;0
10759;40;47;255;sea;false;ocean;0
10760;53;22;255;sea;false;ocean;0
10761;9;21;255;sea;false;ocean;0
10762;40;38;255;sea;false;ocean;0
10763;10;41;255;sea;false;ocean;0
10764;56;91;255;sea;false;ocean;0
10765;29;52;255;sea;false;ocean;0
10766;17;46;255;sea;false;ocean;0
10767;2;50;255;sea;false;ocean;0
10768;1;22;255;sea;false;ocean;0
10769;0;29;255;sea;false;ocean;0
10770;52;63;255;sea;false;ocean;0
10771;6;32;255;sea;false;ocean;0
10772;2;67;255;sea;false;ocean;0
10773;25;27;255;sea;false;ocean;0
10774;17;38;255;sea;false;ocean;0
10775;53;58;255;sea;false;ocean;0
10776;51;51;255;sea;false;ocean;0
10777;32;64;255;sea;false;ocean;0
10778;41;38;255;sea;false;ocean;0
10779;37;80;255;sea;false;ocean;0
10780;8;15;255;sea;false;ocean;0
10781;50;92;255;sea;false;ocean;0
10782;20;46;255;sea;false;ocean;0
10783;34;92;255;sea;false;ocean;0
10784;34;33;255;sea;false;ocean;0
10785;17;58;255;sea;false;ocean;0
10786;31;33;255;sea;false;ocean;0
10787;7;78;255;sea;false;ocean;0
10788;6;35;255;sea;false;ocean;0
10789;36;94;255;sea;false;ocean;0
10790;24;73;255;sea;false;ocean;0
10791;20;63;255;sea;false;ocean;0
10792;0;94;255;sea;false;ocean;0
10793;41;28;255;sea;false;ocean;0
10794;103;133;255;sea;false;ocean;0
10795;81;127;255;sea;false;ocean;0
10796;62;106;255;sea;false;ocean;0
10797;96;60;255;sea;false;ocean;0
10798;83;103;255;sea;false;ocean;0
10799;47;67;255;sea;false;ocean;0
10800;89;135;255;sea;false;ocean;0
10801;79;89;255;sea;false;ocean;0
10802;72;91;255;sea;false;ocean;0
10803;84;136;255;sea;false;ocean;0
10804;51;126;255;sea;false;ocean;0
10805;113;7;255;sea;false;ocean;0
10806;78;80;255;sea;false;ocean;0
10807;73;18;255;sea;false;ocean;0
10808;83;79;255;sea;false;ocean;0
10809;109;13;255;sea;false;ocean;0
10810;83;65;255;sea;false;ocean;0
10811;92;50;255;sea;false;ocean;0
10812;115;27;255;sea;false;ocean;0
10813;80;9;255;sea;false;ocean;0
10814;95;76;255;sea;false;ocean;0
10815;105;77;255;sea;false;ocean;0
10816;112;26;255;sea;false;ocean;0
10817;89;52;255;sea;false;ocean;0
10818;140;76;255;sea;false;ocean;0
10819;82;40;255;sea;false;ocean;0
10820;136;76;255;sea;false;ocean;0
10821;91;38;255;sea;false;ocean;0
10822;115;6;255;sea;false;ocean;0
10823;80;71;255;sea;false;ocean;0
10824;89;58;255;sea;false;ocean;0
10825;76;17;255;sea;false;ocean;0
10826;76;79;255;sea;false;ocean;0
10827;106;56;255;sea;false;ocean;0
10828;116;20;255;sea;false;ocean;0
10829;79;40;255;sea;false;ocean;0
10830;76;31;255;sea;false;ocean;0
10831;138;9;255;sea;false;ocean;0
10832;67;80;255;sea;false;ocean;0
10833;68;31;255;sea;false;ocean;0
10834;84;41;255;sea;false;ocean;0
10835;87;15;255;sea;false;ocean;0
10836;69;11;255;sea;false;ocean;0
10837;70;19;255;sea;false;ocean;0
10838;126;44;255;sea;false;ocean;0
10839;146;43;255;sea;false;ocean;0
10840;135;39;255;sea;false;ocean;0
10841;139;22;255;sea;false;ocean;0
10842;115;22;255;sea;false;ocean;0
10843;89;20;255;sea;false;ocean;0
10844;100;76;255;sea;false;ocean;0
10845;105;63;255;sea;false;ocean;0
10846;146;66;255;sea;false;ocean;0
10847;72;73;255;sea;false;ocean;0
10848;91;53;255;sea;false;ocean;0
10849;127;30;255;sea;false;ocean;0
10850;120;61;255;sea;false;ocean;0
10851;140;11;255;sea;false;ocean;0
10852;105;42;255;sea;false;ocean;0
10853;96;16;255;sea;false;ocean;0
10854;118;55;255;sea;false;ocean;0
10855;145;63;255;sea;false;ocean;0
10856;146;10;255;sea;false;ocean;0
10857;147;7;255;sea;false;ocean;0
10858;115;29;255;sea;false;ocean;0
10859;92;23;255;sea;false;ocean;0
10860;122;3;255;sea;false;ocean;0
10861;133;38;255;sea;false;ocean;0
10862;91;12;255;sea;false;ocean;0
10863;83;23;255;sea;false;ocean;0
10864;108;14;255;sea;false;ocean;0
10865;89;11;255;sea;false;ocean;0
10866;92;35;255;sea;false;ocean;0
10867;106;11;255;sea;false;ocean;0
10868;149;16;255;sea;false;ocean;0
10869;122;0;255;sea;false;ocean;0
10870;106;40;255;sea;false;ocean;0
10871;94;21;255;sea;false;ocean;0
10872;118;30;255;sea;false;ocean;0
10873;152;14;255;sea;false;ocean;0
10874;48;133;255;sea;false;ocean;0
10875;21;139;255;sea;false;ocean;0
10876;43;136;255;sea;false;ocean;0
10877;43;68;255;sea;false;ocean;0
10878;62;79;255;sea;false;ocean;0
10879;22;118;255;sea;false;ocean;0
10880;5;103;255;sea;false;ocean;0
10881;11;71;255;sea;false;ocean;0
10882;23;120;255;sea;false;ocean;0
10883;69;119;255;sea;false;ocean;0
10884;26;113;255;sea;false;ocean;0
10885;22;63;255;sea;false;ocean;0
10886;43;98;255;sea;false;ocean;0
10887;24;133;255;sea;false;ocean;0
10888;28;100;255;sea;false;ocean;0
10889;5;125;255;sea;false;ocean;0
10890;43;80;255;sea;false;ocean;0
10891;8;110;255;sea;false;ocean;0
10892;22;144;255;sea;false;ocean;0
10893;15;124;255;sea;false;ocean;0
10894;27;79;255;sea;false;ocean;0
10895;24;105;255;sea;false;ocean;0
10896;0;131;255;sea;false;ocean;0
10897;35;138;255;sea;false;ocean;0
10898;4;118;255;sea;false;ocean;0
10899;37;113;255;sea;false;ocean;0
10900;43;135;255;sea;false;ocean;0
10901;36;89;255;sea;false;ocean;0
10902;33;87;255;sea;false;ocean;0
10903;23;108;255;sea;false;ocean;0
10904;6;127;255;sea;false;ocean;0
10905;41;75;255;sea;false;ocean;0
10906;35;124;255;sea;false;ocean;0
10907;43;128;255;sea;false;ocean;0
10908;16;112;255;sea;false;ocean;0
10909;16;123;255;sea;false;ocean;0
10910;9;88;255;sea;false;ocean;0
10911;0;78;255;sea;false;ocean;0
10912;38;95;255;sea;false;ocean;0
10913;15;99;255;sea;false;ocean;0
10914;11;107;255;sea;false;ocean;0
10915;8;78;255;sea;false;ocean;0
10916;42;117;255;sea;false;ocean;0
10917;42;113;255;sea;false;ocean;0
10918;33;101;255;sea;false;ocean;0
10919;1;116;255;sea;false;ocean;0
10920;2;75;255;sea;false;ocean;0
10921;40;114;255;sea;false;ocean;0
10922;8;103;255;sea;false;ocean;0
10923;2;84;255;sea;false;ocean;0
10924;12;119;255;sea;false;ocean;0
10925;36;76;255;sea;false;ocean;0
10926;10;79;255;sea;false;ocean;0
10927;11;92;255;sea;false;ocean;0
10928;10;109;255;sea;false;ocean;0
10929;31;66;255;sea;false;ocean;0
10930;47;41;255;sea;false;ocean;0
10931;14;42;255;sea;false;ocean;0
10932;6;55;255;sea;false;ocean;0
10933;41;57;255;sea;false;ocean;0
10934;79;24;255;sea;false;ocean;0
10935;18;48;255;sea;false;ocean;0
10936;23;48;255;sea;false;ocean;0
10937;15;56;255;sea;false;ocean;0
10938;79;65;255;sea;false;ocean;0
10939;75;75;255;sea;false;ocean;0
10940;31;67;255;sea;false;ocean;0
10941;87;28;255;sea;false;ocean;0
10942;131;36;255;sea;false;ocean;0
10943;82;59;255;sea;false;ocean;0
10944;97;58;255;sea;false;ocean;0
10945;106;16;255;sea;false;ocean;0
10946;147;70;255;sea;false;ocean;0
10947;149;8;255;sea;false;ocean;0
10948;152;9;255;sea;false;ocean;0
10949;127;79;255;sea;false;ocean;0
10950;146;73;255;sea;false;ocean;0
10951;90;20;255;sea;false;ocean;0
10952;84;67;255;sea;false;ocean;0
10953;120;69;255;sea;false;ocean;0
10954;155;44;255;sea;false;ocean;0
10955;118;23;255;sea;false;ocean;0
10956;135;78;255;sea;false;ocean;0
10957;105;60;255;sea;false;ocean;0
10958;115;76;255;sea;false;ocean;0
10959;147;24;255;sea;false;ocean;0
10960;98;16;255;sea;false;ocean;0
10961;135;33;255;sea;false;ocean;0
10962;154;37;255;sea;false;ocean;0
10963;89;24;255;sea;false;ocean;0
10964;123;24;255;sea;false;ocean;0
10965;117;79;255;sea;false;ocean;0
10966;127;23;255;sea;false;ocean;0
10967;111;39;255;sea;false;ocean;0
10968;95;61;255;sea;false;ocean;0
10969;146;18;255;sea;false;ocean;0
10970;154;56;255;sea;false;ocean;0
10971;88;78;255;sea;false;ocean;0
10972;155;78;255;sea;false;ocean;0
10973;90;29;255;sea;false;ocean;0
10974;89;82;255;sea;false;ocean;0
10975;141;34;255;sea;false;ocean;0
10976;85;10;255;sea;false;ocean;0
10977;158;54;255;sea;false;ocean;0
10978;139;65;255;sea;false;ocean;0
10979;122;6;255;sea;false;ocean;0
10980;150;75;255;sea;false;ocean;0
10981;111;3;255;sea;false;ocean;0
10982;128;10;255;sea;false;ocean;0
10983;120;5;255;sea;false;ocean;0
10984;102;25;255;sea;false;ocean;0
10985;139;44;255;sea;false;ocean;0
10986;102;73;255;sea;false;ocean;0
10987;154;52;255;sea;false;ocean;0
10988;96;21;255;sea;false;ocean;0
10989;111;60;255;sea;false;ocean;0
10990;150;43;255;sea;false;ocean;0
10991;130;78;255;sea;false;ocean;0
10992;81;36;255;sea;false;ocean;0
10993;97;74;255;sea;false;ocean;0
10994;126;77;255;sea;false;ocean;0
10995;104;70;255;sea;false;ocean;0
10996;142;68;255;sea;false;ocean;0
10997;151;64;255;sea;false;ocean;0
10998;103;9;255;sea;false;ocean;0
10999;147;69;255;sea;false;ocean;0
11000;140;52;255;sea;false;ocean;0
11001;75;69;255;sea;false;ocean;0
11002;78;19;255;sea;false;ocean;0
11003;128;86;255;sea;false;ocean;0
11004;95;70;255;sea;false;ocean;0
11005;103;25;255;sea;false;ocean;0
11006;53;91;255;sea;false;ocean;0
11007;107;73;255;sea;false;ocean;0
11008;107;36;255;sea;false;ocean;0
11009;57;77;255;sea;false;ocean;0
11010;108;66;255;sea;false;ocean;0
11011;118;31;255;sea;false;ocean;0
11012;65;63;255;sea;false;ocean;0
11013;106;146;255;sea;false;ocean;0
11014;76;112;255;sea;false;ocean;0
11015;92;95;255;sea;false;ocean;0
11016;97;139;255;sea;false;ocean;0
11017;54;143;255;sea;false;ocean;0
11018;39;95;255;sea;false;ocean;0
11019;52;132;255;sea;false;ocean;0
11020;70;124;255;sea;false;ocean;0
11021;94;132;255;sea;false;ocean;0
11022;108;125;255;sea;false;ocean;0
11023;30;86;255;sea;false;ocean;0
11024;53;94;255;sea;false;ocean;0
11025;71;79;255;sea;false;ocean;0
11026;60;142;255;sea;false;ocean;0
11027;74;143;255;sea;false;ocean;0
11028;48;112;255;sea;false;ocean;0
11029;86;101;255;sea;false;ocean;0
11030;69;141;255;sea;false;ocean;0
11031;64;119;255;sea;false;ocean;0
11032;48;130;255;sea;false;ocean;0
11033;64;140;255;sea;false;ocean;0
11034;77;138;255;sea;false;ocean;0
11035;40;83;255;sea;false;ocean;0
11036;22;35;255;sea;false;ocean;0
11037;10;61;255;sea;false;ocean;0
11038;43;50;255;sea;false;ocean;0
11039;38;38;255;sea;false;ocean;0
11040;39;17;255;sea;false;ocean;0
11041;15;61;255;sea;false;ocean;0
11042;43;40;255;sea;false;ocean;0
11043;25;28;255;sea;false;ocean;0
11044;23;83;255;sea;false;ocean;0
11045;46;88;255;sea;false;ocean;0
11046;19;13;255;sea;false;ocean;0
11047;6;46;255;sea;false;ocean;0
11048;30;69;255;sea;false;ocean;0
11049;34;30;255;sea;false;ocean;0
11050;10;26;255;sea;false;ocean;0
11051;60;56;255;sea;false;ocean;0
11052;70;104;255;sea;false;ocean;0
11053;31;52;255;sea;false;ocean;0
11054;21;110;255;sea;false;ocean;0
11055;51;46;255;sea;false;ocean;0
11056;43;92;255;sea;false;ocean;0
11057;84;89;255;sea;false;ocean;0
11058;26;76;255;sea;false;ocean;0
11059;12;65;255;sea;false;ocean;0
11060;46;95;255;sea;false;ocean;0
11061;68;70;255;sea;false;ocean;0
11062;55;74;255;sea;false;ocean;0
11063;67;83;255;sea;false;ocean;0
11064;74;57;255;sea;false;ocean;0
11065;33;95;255;sea;false;ocean;0
11066;34;64;255;sea;false;ocean;0
11067;21;105;255;sea;false;ocean;0
11068;56;75;255;sea;false;ocean;0
11069;15;92;255;sea;false;ocean;0
11070;8;10;255;sea;false;ocean;0
11071;37;43;255;sea;false;ocean;0
11072;46;47;255;sea;false;ocean;0
11073;23;9;255;sea;false;ocean;0
11074;58;41;255;sea;false;ocean;0
11075;50;37;255;sea;false;ocean;0
11076;78;37;255;sea;false;ocean;0
11077;64;17;255;sea;false;ocean;0
11078;10;24;255;sea;false;ocean;0
11079;21;5;255;sea;false;ocean;0
11080;2;3;255;sea;false;ocean;0
11081;112;75;255;sea;false;ocean;0
11082;140;99;255;sea;false;ocean;0
11083;75;105;255;sea;false;ocean;0
11084;143;57;255;sea;false;ocean;0
11085;114;95;255;sea;false;ocean;0
11086;95;104;255;sea;false;ocean;0
11087;77;42;255;sea;false;ocean;0
11088;82;56;255;sea;false;ocean;0
11089;85;90;255;sea;false;ocean;0
11090;135;53;255;sea;false;ocean;0
11091;75;112;255;sea;false;ocean;0
11092;128;50;255;sea;false;ocean;0
11093;146;112;255;sea;false;ocean;0
11094;125;66;255;sea;false;ocean;0
11095;149;119;255;sea;false;ocean;0
11096;111;78;255;sea;false;ocean;0
11097;138;71;255;sea;false;ocean;0
11098;141;93;255;sea;false;ocean;0
11099;119;104;255;sea;false;ocean;0
11100;103;73;255;sea;false;ocean;0
11101;80;98;255;sea;false;ocean;0
11102;71;73;255;sea;false;ocean;0
11103;123;84;255;sea;false;ocean;0
11104;94;90;255;sea;false;ocean;0
11105;111;46;255;sea;false;ocean;0
11106;104;106;255;sea;false;ocean;0
11107;150;111;255;sea;false;ocean;0
11108;121;73;255;sea;false;ocean;0
11109;92;104;255;sea;false;ocean;0
11110;146;120;255;sea;false;ocean;0
11111;113;115;255;sea;false;ocean;0
11112;152;123;255;sea;false;ocean;0
11113;128;135;255;sea;false;ocean;0
11114;83;140;255;sea;false;ocean;0
11115;88;103;255;sea;false;ocean;0
11116;113;151;255;sea;false;ocean;0
11117;129;78;255;sea;false;ocean;0
11118;99;120;255;sea;false;ocean;0
11119;126;130;255;sea;false;ocean;0
11120;152;92;255;sea;false;ocean;0
11121;156;98;255;sea;false;ocean;0
11122;83;80;255;sea;false;ocean;0
11123;79;77;255;sea;false;ocean;0
11124;139;86;255;sea;false;ocean;0
11125;127;117;255;sea;false;ocean;0
11126;139;134;255;sea;false;ocean;0
11127;49;87;255;sea;false;ocean;0
11128;26;19;255;sea;false;ocean;0
11129;24;85;255;sea;false;ocean;0
11130;29;92;255;sea;false;ocean;0
11131;12;91;255;sea;false;ocean;0
11132;21;38;255;sea;false;ocean;0
11133;16;70;255;sea;false;ocean;0
11134;24;88;255;sea;false;ocean;0
11135;68;45;255;sea;false;ocean;0
11136;46;64;255;sea;false;ocean;0
11137;16;29;255;sea;false;ocean;0
11138;26;30;255;sea;false;ocean;0
11139;26;97;255;sea;false;ocean;0
11140;79;60;255;sea;false;ocean;0
11141;31;109;255;sea;false;ocean;0
11142;46;58;255;sea;false;ocean;0
11143;62;99;255;sea;false;ocean;0
11144;92;83;255;sea;false;ocean;0
11145;85;72;255;sea;false;ocean;0
11146;92;48;255;sea;false;ocean;0
11147;65;78;255;sea;false;ocean;0
11148;102;94;255;sea;false;ocean;0
11149;63;78;255;sea;false;ocean;0
11150;65;124;255;sea;false;ocean;0
11151;79;86;255;sea;false;ocean;0
11152;52;110;255;sea;false;ocean;0
11153;127;145;255;sea;false;ocean;0
11154;106;97;255;sea;false;ocean;0
11155;80;100;255;sea;false;ocean;0
11156;103;104;255;sea;false;ocean;0
11157;73;131;255;sea;false;ocean;0
11158;108;86;255;sea;false;ocean;0
11159;111;80;255;sea;false;ocean;0
11160;67;106;255;sea;false;ocean;0
11161;110;49;255;sea;false;ocean;0
11162;76;118;255;sea;false;ocean;0
11163;124;54;255;sea;false;ocean;0
11164;67;110;255;sea;false;ocean;0
11165;68;102;255;sea;false;ocean;0
11166;114;52;255;sea;false;ocean;0
11167;101;63;255;sea;false;ocean;0
11168;106;121;255;sea;false;ocean;0
11169;102;117;255;sea;false;ocean;0
11170;73;103;255;sea;false;ocean;0
11171;89;106;255;sea;false;ocean;0
11172;117;55;255;sea;false;ocean;0
11173;93;75;255;sea;false;ocean;0
11174;70;49;255;sea;false;ocean;0
11175;62;97;255;sea;false;ocean;0
11176;101;60;255;sea;false;ocean;0
11177;127;69;255;sea;false;ocean;0
11178;114;70;255;sea;false;ocean;0
11179;93;76;255;sea;false;ocean;0
11180;112;121;255;sea;false;ocean;0
11181;114;50;255;sea;false;ocean;0
11182;54;118;255;sea;false;ocean;0
11183;67;77;255;sea;false;ocean;0
11184;116;54;255;sea;false;ocean;0
11185;83;121;255;sea;false;ocean;0
11186;114;82;255;sea;false;ocean;0
11187;102;92;255;sea;false;ocean;0
11188;104;105;255;sea;false;ocean;0
11189;60;48;255;sea;false;ocean;0
11190;117;93;255;sea;false;ocean;0
11191;99;74;255;sea;false;ocean;0
11192;116;112;255;sea;false;ocean;0
11193;74;40;255;sea;false;ocean;0
11194;81;97;255;sea;false;ocean;0
11195;117;36;255;sea;false;ocean;0
11196;70;98;255;sea;false;ocean;0
11197;81;113;255;sea;false;ocean;0
11198;130;45;255;sea;false;ocean;0
11199;102;46;255;sea;false;ocean;0
11200;63;89;255;sea;false;ocean;0
11201;124;41;255;sea;false;ocean;0
11202;110;75;255;sea;false;ocean;0
11203;122;90;255;sea;false;ocean;0
11204;111;61;255;sea;false;ocean;0
11205;126;59;255;sea;false;ocean;0
11206;105;90;255;sea;false;ocean;0
11207;63;60;255;sea;false;ocean;0
11208;64;46;255;sea;false;ocean;0
11209;72;113;255;sea;false;ocean;0
11210;67;67;255;sea;false;ocean;0
11211;119;96;255;sea;false;ocean;0
11212;114;100;255;sea;false;ocean;0
11213;96;37;255;sea;false;ocean;0
11214;59;109;255;sea;false;ocean;0
11215;64;50;255;sea;false;ocean;0
11216;68;88;255;sea;false;ocean;0
11217;88;83;255;sea;false;ocean;0
11218;116;94;255;sea;false;ocean;0
11219;94;64;255;sea;false;ocean;0
11220;107;114;255;sea;false;ocean;0
11221;97;85;255;sea;false;ocean;0
11222;101;52;255;sea;false;ocean;0
11223;71;45;255;sea;false;ocean;0
11224;106;101;255;sea;false;ocean;0
11225;130;103;255;sea;false;ocean;0
11226;90;53;255;sea;false;ocean;0
11227;58;47;255;sea;false;ocean;0
11228;92;62;255;sea;false;ocean;0
11229;79;78;255;sea;false;ocean;0
11230;109;105;255;sea;false;ocean;0
11231;76;66;255;sea;false;ocean;0
11232;116;37;255;sea;false;ocean;0
11233;132;86;255;sea;false;ocean;0
11234;102;65;255;sea;false;ocean;0
11235;115;40;255;sea;false;ocean;0
11236;67;108;255;sea;false;ocean;0
11237;129;104;255;sea;false;ocean;0
11238;114;80;255;sea;false;ocean;0
11239;65;55;255;sea;false;ocean;0
11240;68;77;255;sea;false;ocean;0
11241;77;33;255;sea;false;ocean;0
11242;59;56;255;sea;false;ocean;0
11243;57;60;255;sea;false;ocean;0
11244;108;37;255;sea;false;ocean;0
11245;124;30;255;sea;false;ocean;0
11246;84;16;255;sea;false;ocean;0
11247;101;40;255;sea;false;ocean;0
11248;69;21;255;sea;false;ocean;0
11249;65;17;255;sea;false;ocean;0
11250;11;136;255;sea;false;ocean;0
11251;23;91;255;sea;false;ocean;0
11252;41;90;255;sea;false;ocean;0
11253;7;102;255;sea;false;ocean;0
11254;20;93;255;sea;true;ocean;0
11255;14;106;255;sea;false;ocean;0
11256;29;105;255;sea;false;ocean;0
11257;5;72;255;sea;false;ocean;0
11258;20;130;255;sea;false;ocean;0
11259;12;84;255;sea;false;ocean;0
11260;99;82;255;sea;false;ocean;0
11261;64;76;255;sea;false;ocean;0
11262;70;63;255;sea;false;ocean;0
11263;24;39;255;sea;false;ocean;0
11264;37;66;255;sea;false;ocean;0
11265;72;93;255;sea;false;ocean;0
11266;70;24;255;sea;false;ocean;0
11267;102;66;255;sea;false;ocean;0
11268;98;50;255;sea;false;ocean;0
11269;89;31;255;sea;false;ocean;0
11270;63;44;255;sea;false;ocean;0
11271;44;52;255;sea;false;ocean;0
11272;88;67;255;sea;false;ocean;0
11273;60;63;255;sea;false;ocean;0
11274;52;18;255;sea;false;ocean;0
11275;98;35;255;sea;false;ocean;0
11276;60;45;255;sea;false;ocean;0
11277;86;37;255;sea;false;ocean;0
11278;59;62;255;sea;false;ocean;0
11279;100;78;255;sea;false;ocean;0
11280;94;78;255;sea;false;ocean;0
11281;30;82;255;sea;false;ocean;0
11282;63;95;255;sea;false;ocean;0
11283;68;63;255;sea;false;ocean;0
11284;77;94;255;sea;false;ocean;0
11285;35;43;255;sea;false;ocean;0
11286;89;23;255;sea;false;ocean;0
11287;38;93;255;sea;false;ocean;0
11288;60;39;255;sea;false;ocean;0
11289;43;41;255;sea;false;ocean;0
11290;89;50;255;sea;false;ocean;0
11291;37;31;255;sea;false;ocean;0
11292;102;116;255;sea;false;ocean;0
11293;115;138;255;sea;false;ocean;0
11294;110;129;255;sea;false;ocean;0
11295;102;126;255;sea;false;ocean;0
11296;56;128;255;sea;false;ocean;0
11297;101;91;255;sea;false;ocean;0
11298;95;146;255;sea;false;ocean;0
11299;78;137;255;sea;false;ocean;0
11300;61;111;255;sea;false;ocean;0
11301;102;125;255;sea;false;ocean;0
11302;62;104;255;sea;false;ocean;0
11303;66;87;255;sea;false;ocean;0
11304;95;99;255;sea;false;ocean;0
11305;92;144;255;sea;false;ocean;0
11306;58;115;255;sea;false;ocean;0
11307;75;152;255;sea;false;ocean;0
11308;55;86;255;sea;false;ocean;0
11309;60;88;255;sea;false;ocean;0
11310;47;115;255;sea;false;ocean;0
11311;113;146;255;sea;false;ocean;0
11312;104;95;255;sea;false;ocean;0
11313;46;144;255;sea;false;ocean;0
11314;73;129;255;sea;false;ocean;0
11315;21;77;255;sea;false;ocean;0
11316;72;76;255;sea;false;ocean;0
11317;92;98;255;sea;false;ocean;0
11318;84;35;255;sea;false;ocean;0
11319;52;52;255;sea;false;ocean;0
11320;25;55;255;sea;false;ocean;0
11321;22;62;255;sea;false;ocean;0
11322;17;80;255;sea;false;ocean;0
11323;26;72;255;sea;false;ocean;0
11324;46;26;255;sea;false;ocean;0
11325;75;96;255;sea;false;ocean;0
11326;13;44;255;sea;false;ocean;0
11327;39;98;255;sea;false;ocean;0
11328;60;67;255;sea;false;ocean;0
11329;15;93;255;sea;false;ocean;0
11330;64;62;255;sea;false;ocean;0
11331;37;24;255;sea;false;ocean;0
11332;85;48;255;sea;false;ocean;0
11333;64;70;255;sea;false;ocean;0
11334;74;28;255;sea;false;ocean;0
11335;38;91;255;sea;false;ocean;0
11336;91;74;255;sea;false;ocean;0
11337;76;97;255;sea;false;ocean;0
11338;51;92;255;sea;false;ocean;0
11339;74;36;255;sea;false;ocean;0
11340;43;44;255;sea;false;ocean;0
11341;28;49;255;sea;false;ocean;0
11342;71;26;255;sea;false;ocean;0
11343;47;63;255;sea;false;ocean;0
11344;42;97;255;sea;false;ocean;0
11345;69;104;255;sea;false;ocean;0
11346;51;162;255;sea;false;ocean;0
11347;84;132;255;sea;false;ocean;0
11348;54;109;255;sea;false;ocean;0
11349;43;104;255;sea;false;ocean;0
11350;43;160;255;sea;false;ocean;0
11351;45;123;255;sea;false;ocean;0
11352;60;93;255;sea;false;ocean;0
11353;112;98;255;sea;false;ocean;0
11354;101;142;255;sea;false;ocean;0
11355;53;117;255;sea;false;ocean;0
11356;52;127;255;sea;false;ocean;0
11357;44;131;255;sea;false;ocean;0
11358;104;148;255;sea;false;ocean;0
11359;43;155;255;sea;false;ocean;0
11360;79;135;255;sea;false;ocean;0
11361;91;105;255;sea;false;ocean;0
11362;41;115;255;sea;false;ocean;0
11363;68;98;255;sea;false;ocean;0
11364;108;158;255;sea;false;ocean;0
11365;42;163;255;sea;false;ocean;0
11366;109;99;255;sea;false;ocean;0
11367;110;160;255;sea;false;ocean;0
11368;100;136;255;sea;false;ocean;0
11369;56;99;255;sea;false;ocean;0
11370;147;136;255;sea;false;ocean;0
11371;157;97;255;sea;true;ocean;0
11372;100;77;255;sea;true;ocean;0
11373;116;76;255;sea;false;ocean;0
11374;96;75;255;sea;true;ocean;0
11375;101;76;255;sea;true;ocean;0
11376;152;93;255;sea;true;ocean;0
11377;29;40;255;sea;false;ocean;0
11378;10;47;255;sea;false;ocean;0
11379;30;6;255;sea;false;ocean;0
11380;53;8;255;sea;false;ocean;0
11381;61;35;255;sea;false;ocean;0
11382;42;29;255;sea;false;ocean;0
11383;5;49;255;sea;false;ocean;0
11384;6;26;255;sea;false;ocean;0
11385;137;8;255;sea;false;ocean;0
11386;103;65;255;sea;false;ocean;0
11387;116;39;255;sea;false;ocean;0
11388;113;73;255;sea;false;ocean;0
11389;126;38;255;sea;false;ocean;0
11390;79;12;255;sea;false;ocean;0
11391;65;51;255;sea;false;ocean;0
11392;77;36;255;sea;false;ocean;0
11393;104;86;255;sea;false;ocean;0
11394;79;62;255;sea;false;ocean;0
11395;87;58;255;sea;false;ocean;0
11396;56;67;255;sea;false;ocean;0
11397;69;33;255;sea;false;ocean;0
11398;106;28;255;sea;false;ocean;0
11399;56;32;255;sea;false;ocean;0
11400;97;55;255;sea;false;ocean;0
11401;94;38;255;sea;false;ocean;0
11402;119;24;255;sea;false;ocean;0
11403;72;38;255;sea;false;ocean;0
11404;57;72;255;sea;false;ocean;0
11405;89;53;255;sea;false;ocean;0
11406;49;5;255;sea;false;ocean;0
11407;17;2;255;sea;false;ocean;0
11408;55;4;255;sea;false;ocean;0
11409;46;1;255;sea;false;ocean;0
11410;68;47;255;sea;false;ocean;0
11411;46;10;255;sea;false;ocean;0
11412;57;6;255;sea;false;ocean;0
11413;2;1;255;sea;false;ocean;0
11414;25;11;255;sea;false;ocean;0
11415;22;1;255;sea;false;ocean;0
11416;11;47;255;sea;false;ocean;0
11417;47;18;255;sea;false;ocean;0
11418;61;1;255;sea;false;ocean;0
11419;46;14;255;sea;false;ocean;0
11420;68;17;255;sea;false;ocean;0
11421;2;35;255;sea;false;ocean;0
11422;26;33;255;sea;false;ocean;0
11423;24;36;255;sea;false;ocean;0
11424;41;34;255;sea;false;ocean;0
11425;12;8;255;sea;false;ocean;0
11426;47;12;255;sea;false;ocean;0
11427;56;27;255;sea;false;ocean;0
11428;20;1;255;sea;false;ocean;0
11429;17;35;255;sea;false;ocean;0
11430;46;33;255;sea;false;ocean;0
11431;22;9;255;sea;false;ocean;0
11432;12;42;255;sea;false;ocean;0
11433;41;9;255;sea;false;ocean;0
11434;7;20;255;sea;false;ocean;0
11435;9;25;255;sea;false;ocean;0
11436;55;33;255;sea;false;ocean;0
11437;73;11;255;sea;false;ocean;0
11438;7;19;255;sea;false;ocean;0
11439;23;66;255;sea;false;ocean;0
11440;50;99;255;sea;false;ocean;0
11441;21;109;255;sea;false;ocean;0
11442;24;101;255;sea;false;ocean;0
11443;7;129;255;sea;false;ocean;0
11444;9;95;255;sea;false;ocean;0
11445;26;111;255;sea;true;ocean;0
11446;41;123;255;sea;true;ocean;0
11447;13;120;255;sea;false;ocean;0
11448;39;117;255;sea;false;ocean;0
11449;54;96;255;sea;false;ocean;0
11450;31;104;255;sea;false;ocean;0
11451;47;130;255;sea;false;ocean;0
11452;44;61;255;sea;false;ocean;0
11453;54;102;255;sea;false;ocean;0
11454;32;108;255;sea;false;ocean;0
11455;54;82;255;sea;false;ocean;0
11456;16;30;255;sea;false;ocean;0
11457;7;26;255;sea;false;ocean;0
11458;32;39;255;sea;false;ocean;0
11459;26;4;255;sea;false;ocean;0
11460;20;4;255;sea;false;ocean;0
11461;37;19;255;sea;false;ocean;0
11462;0;4;255;sea;false;ocean;0
11463;16;5;255;sea;false;ocean;0
11464;7;14;255;sea;false;ocean;0
11465;7;10;255;sea;false;ocean;0
11466;26;3;255;sea;false;ocean;0
11467;11;40;255;sea;false;ocean;0
11468;10;34;255;sea;false;ocean;0
11469;43;27;255;sea;false;ocean;0
11470;3;40;255;sea;false;ocean;0
11471;33;17;255;sea;false;ocean;0
11472;34;23;255;sea;false;ocean;0
11473;31;27;255;sea;false;ocean;0
11474;16;0;255;sea;false;ocean;0
11475;13;13;255;sea;false;ocean;0
11476;39;10;255;sea;false;ocean;0
11477;43;28;255;sea;false;ocean;0
11478;4;51;255;sea;false;ocean;0
11479;45;16;255;sea;false;ocean;0
11480;44;37;255;sea;false;ocean;0
11481;10;40;255;sea;false;ocean;0
11482;38;53;255;sea;false;ocean;0
11483;35;51;255;sea;false;ocean;0
11484;38;3;255;sea;false;ocean;0
11485;47;25;255;sea;false;ocean;0
11486;32;1;255;sea;false;ocean;0
11487;11;44;255;sea;false;ocean;0
11488;42;17;255;sea;false;ocean;0
11489;5;3;255;sea;false;ocean;0
11490;40;18;255;sea;false;ocean;0
11491;20;47;255;sea;false;ocean;0
11492;29;51;255;sea;false;ocean;0
11493;20;0;255;sea;false;ocean;0
11494;0;45;255;sea;false;ocean;0
11495;46;27;255;sea;false;ocean;0
11496;3;7;255;sea;false;ocean;0
11497;35;8;255;sea;false;ocean;0
11498;48;12;255;sea;false;ocean;0
11499;12;13;255;sea;false;ocean;0
11500;5;37;255;sea;false;ocean;0
11501;9;40;255;sea;false;ocean;0
11502;11;33;255;sea;false;ocean;0
11503;35;11;255;sea;false;ocean;0
11504;8;19;255;sea;false;ocean;0
11505;24;0;255;sea;false;ocean;0
11506;19;33;255;sea;false;ocean;0
11507;24;3;255;sea;false;ocean;0
11508;35;7;255;sea;false;ocean;0
11509;27;24;255;sea;false;ocean;0
11510;38;1;255;sea;false;ocean;0
11511;19;17;255;sea;false;ocean;0
11512;13;35;255;sea;false;ocean;0
11513;44;40;255;sea;false;ocean;0
11514;12;33;255;sea;false;ocean;0
11515;28;27;255;sea;false;ocean;0
11516;41;5;255;sea;false;ocean;0
11517;5;42;255;sea;false;ocean;0
11518;32;10;255;sea;false;ocean;0
11519;0;51;255;sea;false;ocean;0
11520;114;58;255;sea;false;ocean;0
11521;113;50;255;sea;false;ocean;0
11522;64;101;255;sea;false;ocean;0
11523;106;61;255;sea;false;ocean;0
11524;100;106;255;sea;false;ocean;0
11525;127;55;255;sea;false;ocean;0
11526;103;97;255;sea;false;ocean;0
11527;89;93;255;sea;false;ocean;0
11528;65;85;255;sea;false;ocean;0
11529;86;66;255;sea;false;ocean;0
11530;60;59;255;sea;false;ocean;0
11531;124;42;255;sea;false;ocean;0
11532;103;47;255;sea;false;ocean;0
11533;82;69;255;sea;false;ocean;0
11534;89;102;255;sea;false;ocean;0
11535;135;44;255;sea;false;ocean;0
11536;131;86;255;sea;false;ocean;0
11537;125;84;255;sea;false;ocean;0
11538;123;82;255;sea;false;ocean;0
11539;129;71;255;sea;false;ocean;0
11540;124;94;255;sea;false;ocean;0
11541;79;105;255;sea;false;ocean;0
11542;71;49;255;sea;false;ocean;0
11543;94;97;255;sea;false;ocean;0
11544;101;33;255;sea;false;ocean;0
11545;60;60;255;sea;false;ocean;0
11546;118;44;255;sea;false;ocean;0
11547;61;34;255;sea;false;ocean;0
11548;115;68;255;sea;false;ocean;0
11549;81;53;255;sea;false;ocean;0
11550;68;83;255;sea;false;ocean;0
11551;132;95;255;sea;false;ocean;0
11552;91;104;255;sea;false;ocean;0
11553;118;102;255;sea;false;ocean;0
11554;106;32;255;sea;false;ocean;0
11555;128;65;255;sea;false;ocean;0
11556;87;89;255;sea;false;ocean;0
11557;62;88;255;sea;false;ocean;0
11558;73;52;255;sea;false;ocean;0
11559;73;65;255;sea;false;ocean;0
11560;134;63;255;sea;false;ocean;0
11561;62;48;255;sea;false;ocean;0
11562;92;109;255;sea;false;ocean;0
11563;62;54;255;sea;false;ocean;0
11564;89;41;255;sea;false;ocean;0
11565;118;83;255;sea;false;ocean;0
11566;111;95;255;sea;false;ocean;0
11567;131;74;255;sea;false;ocean;0
11568;77;111;255;sea;false;ocean;0
11569;70;47;255;sea;false;ocean;0
11570;124;35;255;sea;false;ocean;0
11571;101;111;255;sea;false;ocean;0
11572;113;63;255;sea;false;ocean;0
11573;80;48;255;sea;false;ocean;0
11574;102;105;255;sea;false;ocean;0
11575;79;102;255;sea;false;ocean;0
11576;68;86;255;sea;false;ocean;0
11577;71;61;255;sea;false;ocean;0
11578;134;86;255;sea;false;ocean;0
11579;93;80;255;sea;false;ocean;0
11580;88;41;255;sea;false;ocean;0
11581;108;81;255;sea;false;ocean;0
11582;70;38;255;sea;false;ocean;0
11583;100;49;255;sea;false;ocean;0
11584;74;54;255;sea;false;ocean;0
11585;66;48;255;sea;false;ocean;0
11586;113;69;255;sea;false;ocean;0
11587;88;100;255;sea;false;ocean;0
11588;133;65;255;sea;false;ocean;0
11589;94;89;255;sea;false;ocean;0
11590;124;82;255;sea;false;ocean;0
11591;137;40;255;sea;false;ocean;0
11592;154;44;255;sea;false;ocean;0
11593;151;13;255;sea;false;ocean;0
11594;140;37;255;sea;false;ocean;0
11595;141;29;255;sea;false;ocean;0
11596;160;7;255;sea;false;ocean;0
11597;151;15;255;sea;false;ocean;0
11598;150;7;255;sea;false;ocean;0
11599;145;50;255;sea;false;ocean;0
11600;117;14;255;sea;false;ocean;0
11601;124;10;255;sea;false;ocean;0
11602;152;78;255;sea;true;ocean;0
11603;89;97;255;sea;false;ocean;0
11604;132;109;255;sea;false;ocean;0
11605;147;132;255;sea;false;ocean;0
11606;162;139;255;sea;false;ocean;0
11607;131;144;255;sea;false;ocean;0
11608;120;122;255;sea;true;ocean;0
11609;129;140;255;sea;false;ocean;0
11610;116;113;255;sea;false;ocean;0
11611;98;97;255;sea;false;ocean;0
11612;88;125;255;sea;false;ocean;0
11613;31;23;255;sea;false;ocean;0
11614;51;60;255;sea;false;ocean;0
11615;32;17;255;sea;false;ocean;0
11616;13;34;255;sea;false;ocean;0
11617;19;34;255;sea;true;ocean;0
11618;29;83;255;sea;true;ocean;0
11619;69;60;255;sea;true;ocean;0
11620;61;103;255;sea;true;ocean;0
11621;32;77;255;sea;true;ocean;0
11622;92;105;255;sea;true;ocean;0
11623;32;63;255;sea;true;ocean;0
11624;55;107;255;sea;true;ocean;0
11625;60;55;255;sea;true;ocean;0
11626;102;47;255;sea;false;ocean;0
11627;39;22;255;sea;true;ocean;0
11628;70;15;255;sea;true;ocean;0
11629;103;41;255;sea;false;ocean;0
11630;110;46;255;sea;false;ocean;0
11631;57;28;255;sea;true;ocean;0
11632;46;28;255;sea;false;ocean;0
11633;40;66;255;sea;false;ocean;0
11634;19;63;255;sea;false;ocean;0
11635;26;50;255;sea;false;ocean;0
11636;10;5;255;sea;false;ocean;0
11637;19;36;255;sea;false;ocean;0
11638;2;16;255;sea;true;ocean;0
11639;1;39;255;sea;false;ocean;0
11640;11;30;255;sea;false;ocean;0
11641;8;23;255;sea;false;ocean;0
11642;33;66;255;sea;false;ocean;0
11643;7;35;255;sea;false;ocean;0
11644;7;30;255;sea;false;ocean;0
11645;29;34;255;sea;false;ocean;0
11646;21;29;255;sea;false;ocean;0
11647;19;51;255;sea;false;ocean;0
11648;29;30;255;sea;true;ocean;0
11649;21;65;255;sea;true;ocean;0
11650;3;29;255;sea;false;ocean;0
11651;20;36;255;sea;false;ocean;0
11652;32;62;255;sea;false;ocean;0
11653;31;21;255;sea;false;ocean;0
11654;5;53;255;sea;false;ocean;0
11655;30;22;255;sea;false;ocean;0
11656;28;58;255;sea;false;ocean;0
11657;33;22;255;sea;false;ocean;0
11658;8;0;255;sea;false;ocean;0
11659;10;48;255;sea;false;ocean;0
11660;75;9;255;sea;false;ocean;0
11661;29;22;255;sea;false;ocean;0
11662;79;27;255;sea;false;ocean;0
11663;46;3;255;sea;false;ocean;0
11664;78;38;255;sea;true;ocean;0
11665;43;13;255;sea;false;ocean;0
11666;59;3;255;sea;false;ocean;0
11667;26;38;255;sea;true;ocean;0
11668;91;39;255;sea;false;ocean;0
11669;77;21;255;sea;false;ocean;0
11670;49;35;255;sea;true;ocean;0
11671;83;11;255;sea;true;ocean;0
11672;85;8;255;sea;false;ocean;0
11673;78;10;255;sea;false;ocean;0
11674;91;27;255;sea;false;ocean;0
11675;76;13;255;sea;true;ocean;0
11676;87;32;255;sea;false;ocean;0
11677;42;14;255;sea;false;ocean;0
11678;126;10;255;sea;false;ocean;0
11679;73;22;255;sea;false;ocean;0
11680;99;16;255;sea;false;ocean;0
11681;76;16;255;sea;false;ocean;0
11682;107;11;255;sea;false;ocean;0
11683;128;18;255;sea;false;ocean;0
11684;118;26;255;sea;false;ocean;0
11685;81;33;255;sea;false;ocean;0
11686;144;16;255;sea;false;ocean;0
11687;126;37;255;sea;false;ocean;0
11688;134;18;255;sea;false;ocean;0
11689;111;32;255;sea;false;ocean;0
11690;106;35;255;sea;false;ocean;0
11691;127;29;255;sea;false;ocean;0
11692;99;20;255;sea;false;ocean;0
11693;150;20;255;sea;false;ocean;0
11694;77;24;255;sea;false;ocean;0
11695;72;37;255;sea;false;ocean;0
11696;74;37;255;sea;false;ocean;0
11697;135;24;255;sea;false;ocean;0
11698;102;37;255;sea;false;ocean;0
11699;139;9;255;sea;false;ocean;0
11700;148;21;255;sea;false;ocean;0
11701;83;36;255;sea;false;ocean;0
11702;88;0;255;sea;false;ocean;0
11703;142;4;255;sea;false;ocean;0
11704;23;43;255;sea;false;ocean;0
11705;21;103;255;sea;false;ocean;0
11706;1;60;255;sea;false;ocean;0
11707;29;56;255;sea;true;ocean;0
11708;37;53;255;sea;true;ocean;0
11709;28;69;255;sea;false;ocean;0
11710;26;52;255;sea;true;ocean;0
11711;41;50;255;sea;false;ocean;0
11712;54;58;255;sea;false;ocean;0
11713;80;14;255;sea;false;ocean;0
11714;107;23;255;sea;false;ocean;0
11715;89;30;255;sea;false;ocean;0
11716;47;33;255;sea;true;ocean;0
11717;66;56;255;sea;false;ocean;0
11718;78;2;255;sea;true;ocean;0
11719;97;54;255;sea;false;ocean;0
11720;102;2;255;sea;false;ocean;0
11721;93;22;255;sea;false;ocean;0
11722;44;38;255;sea;true;ocean;0
11723;72;42;255;sea;false;ocean;0
11724;89;54;255;sea;true;ocean;0
11725;93;67;255;sea;false;ocean;0
11726;82;39;255;sea;false;ocean;0
11727;44;60;255;sea;false;ocean;0
11728;107;49;255;sea;false;ocean;0
11729;83;41;255;sea;false;ocean;0
11730;85;7;255;sea;false;ocean;0
11731;54;64;255;sea;false;ocean;0
11732;67;72;255;sea;true;ocean;0
11733;35;40;255;sea;true;ocean;0
11734;51;100;255;sea;false;ocean;0
11735;81;100;255;sea;false;ocean;0
11736;50;73;255;sea;true;ocean;0
11737;32;139;255;sea;false;ocean;0
11738;13;105;255;sea;false;ocean;0
11739;18;145;255;sea;false;ocean;0
11740;47;80;255;sea;false;ocean;0
11741;37;103;255;sea;false;ocean;0
11742;29;102;255;sea;false;ocean;0
11743;9;111;255;sea;false;ocean;0
11744;27;100;255;sea;false;ocean;0
11745;32;121;255;sea;false;ocean;0
11746;24;131;255;sea;false;ocean;0
11747;49;99;255;sea;false;ocean;0
11748;43;149;255;sea;false;ocean;0
11749;48;80;255;sea;false;ocean;0
11750;8;84;255;sea;false;ocean;0
11751;21;150;255;sea;false;ocean;0
11752;23;127;255;sea;false;ocean;0
11753;24;93;255;sea;false;ocean;0
11754;26;83;255;sea;false;ocean;0
11755;39;104;255;sea;false;ocean;0
11756;21;74;255;sea;false;ocean;0
11757;16;120;255;sea;false;ocean;0
11758;5;146;255;sea;false;ocean;0
11759;48;106;255;sea;false;ocean;0
11760;14;93;255;sea;false;ocean;0
11761;99;58;255;sea;false;ocean;0
11762;89;76;255;sea;true;ocean;0
11763;102;6;255;sea;false;ocean;0
11764;121;54;255;sea;true;ocean;0
11765;128;14;255;sea;true;ocean;0
11766;76;39;255;sea;true;ocean;0
11767;99;55;255;sea;false;ocean;0
11768;72;50;255;sea;false;ocean;0
11769;94;19;255;sea;true;ocean;0
11770;75;71;255;sea;false;ocean;0
11771;136;70;255;sea;true;ocean;0
11772;83;56;255;sea;true;ocean;0
11773;142;21;255;sea;true;ocean;0
11774;93;25;255;sea;false;ocean;0
11775;89;1;255;sea;true;ocean;0
11776;66;4;255;sea;true;ocean;0
11777;83;0;255;sea;true;ocean;0
11778;100;5;255;sea;true;ocean;0
11779;145;43;255;sea;false;ocean;0
11780;102;9;255;sea;false;ocean;0
11781;117;24;255;sea;true;ocean;0
11782;86;16;255;sea;false;ocean;0
11783;101;1;255;sea;true;ocean;0
11784;109;28;255;sea;false;ocean;0
11785;93;33;255;sea;true;ocean;0
11786;120;6;255;sea;true;ocean;0
11787;87;20;255;sea;true;ocean;0
11788;84;50;255;sea;true;ocean;0
11789;65;38;255;sea;false;ocean;0
11790;53;41;255;sea;false;ocean;0
11791;81;38;255;sea;true;ocean;0
11792;112;30;255;sea;true;ocean;0
11793;107;31;255;sea;true;ocean;0
11794;100;26;255;sea;true;ocean;0
11795;107;38;255;sea;false;ocean;0
11796;60;6;255;sea;false;ocean;0
11797;77;5;255;sea;false;ocean;0
11798;86;25;255;sea;false;ocean;0
11799;32;79;255;sea;false;ocean;0
11800;83;25;255;sea;false;ocean;0
11801;71;14;255;sea;false;ocean;0
11802;47;23;255;sea;false;ocean;0
11803;84;32;255;sea;false;ocean;0
11804;84;30;255;sea;false;ocean;0
11805;85;19;255;sea;false;ocean;0
11806;23;6;255;sea;false;ocean;0
11807;34;20;255;sea;false;ocean;0
11808;43;5;255;sea;false;ocean;0
11809;48;59;255;sea;false;ocean;0
11810;55;66;255;sea;false;ocean;0
11811;71;34;255;sea;false;ocean;0
11812;86;51;255;sea;false;ocean;0
11813;79;10;255;sea;false;ocean;0
11814;22;56;255;sea;false;ocean;0
11815;58;23;255;sea;false;ocean;0
11816;95;83;255;sea;false;ocean;0
11817;41;72;255;sea;false;ocean;0
11818;91;36;255;sea;false;ocean;0
11819;115;36;255;sea;false;ocean;0
11820;74;29;255;sea;false;ocean;0
11821;106;27;255;sea;false;ocean;0
11822;72;23;255;sea;false;ocean;0
11823;94;5;255;sea;false;ocean;0
11824;67;43;255;sea;false;ocean;0
11825;124;37;255;sea;false;ocean;0
11826;84;0;255;sea;false;ocean;0
11827;93;109;255;sea;true;ocean;0
11828;70;137;255;sea;false;ocean;0
11829;69;85;255;sea;false;ocean;0
11830;92;131;255;sea;false;ocean;0
11831;68;104;255;sea;false;ocean;0
11832;110;87;255;sea;false;ocean;0
11833;93;131;255;sea;false;ocean;0
11834;111;86;255;sea;true;ocean;0
11835;89;144;255;sea;false;ocean;0
11836;87;108;255;sea;false;ocean;0
11837;48;66;255;sea;true;ocean;0
11838;45;64;255;sea;false;ocean;0
11839;52;7;255;sea;false;ocean;0
11840;90;5;255;sea;true;ocean;0
11841;41;22;255;sea;false;ocean;0
11842;51;32;255;sea;false;ocean;0
11843;88;47;255;sea;true;ocean;0
11844;39;71;255;sea;false;ocean;0
11845;64;12;255;sea;false;ocean;0
11846;75;32;255;sea;true;ocean;0
11847;74;32;255;sea;false;ocean;0
11848;51;57;255;sea;true;ocean;0
11849;102;38;255;sea;true;ocean;0
11850;67;35;255;sea;true;ocean;0
11851;69;4;255;sea;true;ocean;0
11852;74;52;255;sea;false;ocean;0
11853;54;54;255;sea;false;ocean;0
11854;43;36;255;sea;false;ocean;0
11855;53;115;255;sea;false;ocean;0
11856;0;118;255;sea;false;ocean;0
11857;39;49;255;sea;false;ocean;0
11858;26;110;255;sea;false;ocean;0
11859;70;59;255;sea;false;ocean;0
11860;28;124;255;sea;false;ocean;0
11861;36;54;255;sea;false;ocean;0
11862;64;48;255;sea;false;ocean;0
11863;41;62;255;sea;false;ocean;0
11864;45;115;255;sea;false;ocean;0
11865;48;89;255;sea;false;ocean;0
11866;35;70;255;sea;true;ocean;0
11867;13;139;255;sea;false;ocean;0
11868;31;82;255;sea;true;ocean;0
11869;46;133;255;sea;true;ocean;0
11870;40;87;255;sea;true;ocean;0
11871;52;91;255;sea;true;ocean;0
11872;47;106;255;sea;true;ocean;0
11873;38;96;255;sea;true;ocean;0
11874;51;119;255;sea;true;ocean;0
11875;29;62;255;sea;true;ocean;0
11876;30;117;255;sea;true;ocean;0
11877;22;87;255;sea;true;ocean;0
11878;4;8;255;sea;false;ocean;0
11879;35;60;255;sea;false;ocean;0
11880;35;10;255;sea;false;ocean;0
11881;30;50;255;sea;false;ocean;0
11882;20;32;255;sea;false;ocean;0
11883;16;19;255;sea;false;ocean;0
11884;24;11;255;sea;false;ocean;0
11885;19;42;255;sea;false;ocean;0
11886;4;36;255;sea;false;ocean;0
11887;28;82;255;sea;false;ocean;0
11888;100;79;255;sea;false;ocean;0
11889;91;97;255;sea;false;ocean;0
11890;74;100;255;sea;false;ocean;0
11891;106;109;255;sea;false;ocean;0
11892;51;83;255;sea;false;ocean;0
11893;29;80;255;sea;false;ocean;0
11894;106;91;255;sea;false;ocean;0
11895;34;35;255;sea;false;ocean;0
11896;91;43;255;sea;false;ocean;0
11897;25;69;255;sea;false;ocean;0
11898;74;0;255;sea;false;ocean;0
11899;30;35;255;sea;false;ocean;0
11900;60;27;255;sea;false;ocean;0
11901;51;27;255;sea;false;ocean;0
11902;17;69;255;sea;false;ocean;0
11903;72;61;255;sea;false;ocean;0
11904;30;29;255;sea;false;ocean;0
11905;20;50;255;sea;false;ocean;0
11906;32;13;255;sea;false;ocean;0
11907;5;52;255;sea;false;ocean;0
11908;41;53;255;sea;false;ocean;0
11909;29;42;255;sea;true;ocean;0
11910;0;55;255;sea;false;ocean;0
11911;52;40;255;sea;true;ocean;0
11912;41;59;255;sea;false;ocean;0
11913;50;88;255;sea;false;ocean;0
11914;29;78;255;sea;false;ocean;0
11915;55;126;255;sea;true;ocean;0
11916;34;96;255;sea;false;ocean;0
11917;55;88;255;sea;true;ocean;0
11918;38;16;255;sea;false;ocean;0
11919;19;11;255;sea;false;ocean;0
11920;9;32;255;sea;false;ocean;0
11921;2;4;255;sea;false;ocean;0
11922;13;71;255;sea;false;ocean;0
11923;26;70;255;sea;false;ocean;0
11924;19;49;255;sea;false;ocean;0
11925;33;5;255;sea;false;ocean;0
11926;0;68;255;sea;false;ocean;0
11927;18;26;255;sea;false;ocean;0
11928;26;23;255;sea;false;ocean;0
11929;1;34;255;sea;false;ocean;0
11930;34;22;255;sea;false;ocean;0
11931;18;25;255;sea;false;ocean;0
11932;59;80;255;sea;false;ocean;0
11933;31;103;255;sea;false;ocean;0
11934;34;56;255;sea;false;ocean;0
11935;27;83;255;sea;false;ocean;0
11936;18;111;255;sea;false;ocean;0
11937;34;57;255;sea;false;ocean;0
11938;58;60;255;sea;false;ocean;0
11939;72;82;255;sea;false;ocean;0
11940;40;96;255;sea;false;ocean;0
11941;27;112;255;sea;false;ocean;0
11942;63;72;255;sea;false;ocean;0
11943;70;89;255;sea;false;ocean;0
11944;43;118;255;sea;false;ocean;0
11945;21;130;255;sea;false;ocean;0
11946;12;122;255;sea;false;ocean;0
11947;36;20;255;sea;true;ocean;0
11948;30;24;255;sea;true;ocean;0
11949;1;93;255;sea;false;ocean;0
11950;46;73;255;sea;true;ocean;0
11951;68;43;255;sea;true;ocean;0
11952;60;53;255;sea;false;ocean;0
11953;55;15;255;sea;true;ocean;0
11954;101;43;255;sea;false;ocean;0
11955;93;15;255;sea;true;ocean;0
11956;116;16;255;sea;true;ocean;0
11957;126;45;255;sea;false;ocean;0
11958;60;16;255;sea;false;ocean;0
11959;59;68;255;sea;false;ocean;0
11960;79;66;255;sea;false;ocean;0
11961;39;73;255;sea;false;ocean;0
11962;39;16;255;sea;false;ocean;0
11963;82;145;255;sea;true;ocean;0
11964;52;114;255;sea;false;ocean;0
11965;40;100;255;sea;false;ocean;0
11966;56;88;255;sea;false;ocean;0
11967;37;154;255;sea;true;ocean;0
11968;75;86;255;sea;false;ocean;0
11969;44;144;255;sea;true;ocean;0
11970;91;144;255;sea;true;ocean;0
11971;92;81;255;sea;false;ocean;0
11972;80;151;255;sea;false;ocean;0
11973;18;103;255;sea;false;ocean;0
11974;85;103;255;sea;false;ocean;0
11975;31;110;255;sea;false;ocean;0
11976;15;120;255;sea;true;ocean;0
11977;4;83;255;sea;true;ocean;0
11978;20;29;255;sea;false;ocean;0
11979;15;64;255;sea;true;ocean;0
11980;15;67;255;sea;false;ocean;0
11981;16;15;255;sea;false;ocean;0
11982;15;20;255;sea;true;ocean;0
11983;39;33;255;sea;false;ocean;0
11984;34;81;255;sea;false;ocean;0
11985;37;30;255;sea;false;ocean;0
11986;10;72;255;sea;false;ocean;0
11987;6;30;255;sea;false;ocean;0
11988;1;43;255;sea;false;ocean;0
11989;10;51;255;sea;false;ocean;0
11990;31;26;255;sea;false;ocean;0
11991;18;47;255;sea;true;ocean;0
11992;14;56;255;sea;true;ocean;0
11993;25;39;255;sea;false;ocean;0
11994;19;62;255;sea;false;ocean;0
11995;33;7;255;sea;false;ocean;0
11996;20;71;255;sea;false;ocean;0
11997;11;70;255;sea;false;ocean;0
11998;14;3;255;sea;false;ocean;0
11999;2;53;255;sea;false;ocean;0
12000;32;40;255;sea;true;ocean;0
12001;39;36;255;sea;false;ocean;0
12002;23;30;255;sea;false;ocean;0
12003;39;46;255;sea;false;ocean;0
12004;104;42;255;sea;false;ocean;0
12005;76;38;255;sea;false;ocean;0
12006;84;8;255;sea;false;ocean;0
12007;68;12;255;sea;false;ocean;0
12008;89;7;255;sea;false;ocean;0
12009;68;37;255;sea;false;ocean;0
12010;52;25;255;sea;false;ocean;0
12011;57;37;255;sea;false;ocean;0
12012;71;1;255;sea;false;ocean;0
12013;81;22;255;sea;false;ocean;0
12014;105;32;255;sea;false;ocean;0
12015;120;38;255;sea;false;ocean;0
12016;85;29;255;sea;false;ocean;0
12017;42;37;255;sea;false;ocean;0
12018;115;25;255;sea;false;ocean;0
12019;105;35;255;sea;false;ocean;0
12020;54;30;255;sea;false;ocean;0
12021;77;50;255;sea;false;ocean;0
12022;48;39;255;sea;false;ocean;0
12023;66;51;255;sea;false;ocean;0
12024;111;44;255;sea;false;ocean;0
12025;52;47;255;sea;false;ocean;0
12026;108;12;255;sea;false;ocean;0
12027;109;16;255;sea;false;ocean;0
12028;103;48;255;sea;false;ocean;0
12029;94;20;255;sea;false;ocean;0
12030;82;11;255;sea;false;ocean;0
12031;47;3;255;sea;false;ocean;0
12032;105;30;255;sea;false;ocean;0
12033;118;57;255;sea;false;ocean;0
12034;86;28;255;sea;false;ocean;0
12035;65;54;255;sea;false;ocean;0
12036;84;47;255;sea;false;ocean;0
12037;98;58;255;sea;false;ocean;0
12038;49;46;255;sea;false;ocean;0
12039;72;79;255;sea;false;ocean;0
12040;40;54;255;sea;false;ocean;0
12041;78;28;255;sea;false;ocean;0
12042;84;83;255;sea;false;ocean;0
12043;110;61;255;sea;false;ocean;0
12044;46;42;255;sea;false;ocean;0
12045;100;37;255;sea;false;ocean;0
12046;101;46;255;sea;false;ocean;0
12047;70;66;255;sea;false;ocean;0
12048;117;38;255;sea;false;ocean;0
12049;56;50;255;sea;false;ocean;0
12050;102;75;255;sea;false;ocean;0
12051;92;96;255;sea;false;ocean;0
12052;103;42;255;sea;true;ocean;0
12053;41;55;255;sea;false;ocean;0
12054;76;82;255;sea;false;ocean;0
12055;84;96;255;sea;false;ocean;0
12056;110;79;255;sea;false;ocean;0
12057;59;26;255;sea;false;ocean;0
12058;7;42;255;sea;false;ocean;0
12059;30;21;255;sea;false;ocean;0
12060;49;25;255;sea;false;ocean;0
12061;59;58;255;sea;false;ocean;0
12062;52;26;255;sea;false;ocean;0
12063;48;57;255;sea;false;ocean;0
12064;58;42;255;sea;false;ocean;0
12065;28;51;255;sea;false;ocean;0
12066;52;27;255;sea;false;ocean;0
12067;43;0;255;sea;false;ocean;0
12068;38;47;255;sea;false;ocean;0
12069;16;27;255;sea;false;ocean;0
12070;14;40;255;sea;false;ocean;0
12071;60;38;255;sea;false;ocean;0
12072;0;121;255;sea;false;ocean;0
12073;61;80;255;sea;true;ocean;0
12074;57;113;255;sea;false;ocean;0
12075;23;129;255;sea;false;ocean;0
12076;65;111;255;sea;false;ocean;0
12077;104;124;255;sea;false;ocean;0
12078;68;72;255;sea;false;ocean;0
12079;65;100;255;sea;false;ocean;0
12080;122;74;255;sea;false;ocean;0
12081;48;116;255;sea;false;ocean;0
12082;62;98;255;sea;false;ocean;0
12083;54;124;255;sea;false;ocean;0
12084;56;90;255;sea;false;ocean;0
12085;88;94;255;sea;false;ocean;0
12086;75;61;255;sea;false;ocean;0
12087;51;53;255;sea;false;ocean;0
12088;54;70;255;sea;false;ocean;0
12089;98;92;255;sea;false;ocean;0
12090;50;65;255;sea;false;ocean;0
12091;117;114;255;sea;false;ocean;0
12092;91;92;255;sea;false;ocean;0
12093;76;54;255;sea;false;ocean;0
12094;53;56;255;sea;true;ocean;0
12095;96;85;255;sea;true;ocean;0
12096;74;85;255;sea;false;ocean;0
12097;89;39;255;sea;true;ocean;0
12098;91;57;255;sea;true;ocean;0
12099;66;53;255;sea;true;ocean;0
12100;105;93;255;sea;false;ocean;0
12101;62;80;255;sea;true;ocean;0
12102;119;47;255;sea;true;ocean;0
12103;126;86;255;sea;true;ocean;0
12104;83;55;255;sea;false;ocean;0
12105;84;73;255;sea;false;ocean;0
12106;37;47;255;sea;false;ocean;0
12107;70;57;255;sea;false;ocean;0
12108;46;44;255;sea;false;ocean;0
12109;71;75;255;sea;false;ocean;0
12110;44;65;255;sea;false;ocean;0
12111;41;31;255;sea;false;ocean;0
12112;48;43;255;sea;false;ocean;0
12113;47;21;255;sea;false;ocean;0
12114;84;39;255;sea;false;ocean;0
12115;65;23;255;sea;false;ocean;0
12116;77;77;255;sea;false;ocean;0
12117;83;63;255;sea;false;ocean;0
12118;94;65;255;sea;false;ocean;0
12119;94;28;255;sea;false;ocean;0
12120;60;31;255;sea;false;ocean;0
12121;80;24;255;sea;false;ocean;0
12122;46;51;255;sea;false;ocean;0
12123;98;21;255;sea;false;ocean;0
12124;30;13;255;sea;false;ocean;0
12125;91;86;255;sea;false;ocean;0
12126;87;65;255;sea;false;ocean;0
12127;60;35;255;sea;false;ocean;0
12128;78;67;255;sea;false;ocean;0
12129;42;30;255;sea;false;ocean;0
12130;42;39;255;sea;false;ocean;0
12131;29;75;255;sea;false;ocean;0
12132;85;66;255;sea;false;ocean;0
12133;101;78;255;sea;false;ocean;0
12134;85;39;255;sea;false;ocean;0
12135;91;40;255;sea;false;ocean;0
12136;100;19;255;sea;false;ocean;0
12137;73;14;255;sea;false;ocean;0
12138;40;89;255;sea;false;ocean;0
12139;46;85;255;sea;false;ocean;0
12140;91;60;255;sea;false;ocean;0
12141;57;83;255;sea;false;ocean;0
12142;87;18;255;sea;false;ocean;0
12143;93;160;255;sea;false;ocean;0
12144;58;131;255;sea;false;ocean;0
12145;100;113;255;sea;false;ocean;0
12146;134;106;255;sea;false;ocean;0
12147;112;92;255;sea;false;ocean;0
12148;87;145;255;sea;false;ocean;0
12149;106;105;255;sea;false;ocean;0
12150;85;135;255;sea;false;ocean;0
12151;71;140;255;sea;false;ocean;0
12152;119;159;255;sea;false;ocean;0
12153;72;117;255;sea;false;ocean;0
12154;70;133;255;sea;false;ocean;0
12155;123;159;255;sea;false;ocean;0
12156;87;86;255;sea;false;ocean;0
12157;60;108;255;sea;false;ocean;0
12158;33;153;255;sea;false;ocean;0
12159;50;158;255;sea;false;ocean;0
12160;45;114;255;sea;false;ocean;0
12161;36;160;255;sea;false;ocean;0
12162;4;151;255;sea;false;ocean;0
12163;12;94;255;sea;false;ocean;0
12164;62;125;255;sea;false;ocean;0
12165;45;100;255;sea;false;ocean;0
12166;55;130;255;sea;false;ocean;0
12167;0;90;255;sea;false;ocean;0
12168;4;108;255;sea;false;ocean;0
12169;64;88;255;sea;false;ocean;0
12170;39;106;255;sea;false;ocean;0
12171;36;125;255;sea;false;ocean;0
12172;25;162;255;sea;false;ocean;0
12173;15;138;255;sea;false;ocean;0
12174;69;147;255;sea;false;ocean;0
12175;16;89;255;sea;false;ocean;0
12176;48;132;255;sea;false;ocean;0
12177;46;84;255;sea;false;ocean;0
12178;12;163;255;sea;false;ocean;0
12179;38;150;255;sea;false;ocean;0
12180;58;107;255;sea;false;ocean;0
12181;82;126;255;sea;true;ocean;0
12182;53;113;255;sea;false;ocean;0
12183;67;95;255;sea;false;ocean;0
12184;70;109;255;sea;false;ocean;0
12185;56;97;255;sea;false;ocean;0
12186;50;116;255;sea;false;ocean;0
12187;69;124;255;sea;false;ocean;0
12188;41;129;255;sea;false;ocean;0
12189;46;150;255;sea;false;ocean;0
12190;38;131;255;sea;false;ocean;0
12191;101;94;255;sea;true;ocean;0
12192;93;82;255;sea;false;ocean;0
12193;63;79;255;sea;false;ocean;0
12194;72;98;255;sea;false;ocean;0
12195;40;117;255;sea;false;ocean;0
12196;107;119;255;sea;false;ocean;0
12197;109;131;255;sea;false;ocean;0
12198;77;23;255;sea;false;ocean;0
12199;65;66;255;sea;false;ocean;0
12200;142;66;255;sea;false;ocean;0
12201;70;56;255;sea;false;ocean;0
12202;66;89;255;sea;false;ocean;0
12203;78;36;255;sea;false;ocean;0
12204;9;30;255;sea;false;ocean;0
12205;32;11;255;sea;false;ocean;0
12206;2;28;255;sea;false;ocean;0
12207;49;9;255;sea;false;ocean;0
12208;43;22;255;sea;false;ocean;0
12209;41;11;255;sea;false;ocean;0
12210;10;20;255;sea;false;ocean;0
12211;6;5;255;sea;false;ocean;0
12212;5;24;255;sea;false;ocean;0
12213;21;16;255;sea;false;ocean;0
12214;23;35;255;sea;false;ocean;0
12215;22;3;255;sea;false;ocean;0
12216;13;39;255;sea;false;ocean;0
12217;19;29;255;sea;false;ocean;0
12218;34;45;255;sea;false;ocean;0
12219;30;47;255;sea;false;ocean;0
12220;24;17;255;sea;false;ocean;0
12221;20;31;255;sea;false;ocean;0
12222;40;29;255;sea;false;ocean;0
12223;39;44;255;sea;false;ocean;0
12224;19;14;255;sea;false;ocean;0
12225;89;114;255;sea;false;ocean;0
12226;60;96;255;sea;false;ocean;0
12227;61;87;255;sea;false;ocean;0
12228;100;65;255;sea;false;ocean;0
12229;70;105;255;sea;false;ocean;0
12230;91;127;255;sea;false;ocean;0
12231;74;63;255;sea;false;ocean;0
12232;88;117;255;sea;false;ocean;0
12233;65;94;255;sea;false;ocean;0
12234;50;74;255;sea;true;ocean;0
12235;25;93;255;sea;true;ocean;0
12236;49;38;255;sea;true;ocean;0
12237;1;51;255;sea;false;ocean;0
12238;7;32;255;sea;true;ocean;0
12239;34;38;255;sea;false;ocean;0
12240;62;60;255;sea;true;ocean;0
12241;56;60;255;sea;true;ocean;0
12242;63;34;255;sea;true;ocean;0
12243;71;64;255;sea;true;ocean;0
12244;75;94;255;sea;false;ocean;0
12245;61;83;255;sea;true;ocean;0
12246;44;44;255;sea;false;ocean;0
12247;68;36;255;sea;true;ocean;0
12248;3;21;255;sea;true;ocean;0
12249;46;76;255;sea;true;ocean;0
12250;40;45;255;sea;false;ocean;0
12251;4;55;255;sea;false;ocean;0
12252;44;9;255;sea;true;ocean;0
12253;9;66;255;sea;true;ocean;0
12254;49;36;255;sea;true;ocean;0
12255;31;46;255;sea;true;ocean;0
12256;13;28;255;sea;true;ocean;0
12257;46;24;255;sea;true;ocean;0
12258;11;29;255;sea;true;ocean;0
12259;39;68;255;sea;false;ocean;0
12260;100;34;255;sea;true;ocean;0
12261;125;15;255;sea;true;ocean;0
12262;97;10;255;sea;false;ocean;0
12263;91;20;255;sea;true;ocean;0
12264;153;13;255;sea;true;ocean;0
12265;113;20;255;sea;true;ocean;0
12266;129;29;255;sea;true;ocean;0
12267;95;27;255;sea;true;ocean;0
12268;109;34;255;sea;false;ocean;0
12269;139;35;255;sea;true;ocean;0
12270;130;16;255;sea;false;ocean;0
12271;151;21;255;sea;true;ocean;0
12272;25;94;255;sea;false;ocean;0
12273;11;117;255;sea;false;ocean;0
12274;28;65;255;sea;false;ocean;0
12275;14;112;255;sea;false;ocean;0
12276;40;113;255;sea;false;ocean;0
12277;37;83;255;sea;false;ocean;0
12278;21;87;255;sea;false;ocean;0
12279;10;116;255;sea;false;ocean;0
12280;25;132;255;sea;false;ocean;0
12281;30;27;255;sea;false;ocean;0
12282;2;65;255;sea;false;ocean;0
12283;18;42;255;sea;false;ocean;0
12284;25;61;255;sea;false;ocean;0
12285;17;54;255;sea;false;ocean;0
12286;24;45;255;sea;false;ocean;0
12287;2;19;255;sea;false;ocean;0
12288;8;25;255;sea;false;ocean;0
12289;20;3;255;sea;false;ocean;0
12290;0;23;255;sea;false;ocean;0
12291;13;36;255;sea;false;ocean;0
12292;28;61;255;sea;false;ocean;0
12293;31;16;255;sea;false;ocean;0
12294;86;114;255;sea;false;ocean;0
12295;77;130;255;sea;false;ocean;0
12296;114;131;255;sea;true;ocean;0
12297;57;128;255;sea;true;ocean;0
12298;97;101;255;sea;false;ocean;0
12299;97;83;255;sea;false;ocean;0
12300;130;97;255;sea;false;ocean;0
12301;73;105;255;sea;false;ocean;0
12302;134;77;255;sea;false;ocean;0
12303;123;119;255;sea;true;ocean;0
12304;102;77;255;sea;false;ocean;0
12305;95;124;255;sea;false;ocean;0
12306;95;56;255;sea;false;ocean;0
12307;78;41;255;sea;false;ocean;0
12308;74;77;255;sea;false;ocean;0
12309;124;36;255;sea;false;ocean;0
12310;104;59;255;sea;false;ocean;0
12311;97;88;255;sea;false;ocean;0
12312;120;87;255;sea;false;ocean;0
12313;127;48;255;sea;false;ocean;0
12314;96;64;255;sea;false;ocean;0
12315;105;62;255;sea;false;ocean;0
12316;136;26;255;sea;false;ocean;0
12317;29;63;255;sea;false;ocean;0
12318;25;16;255;sea;true;ocean;0
12319;11;50;255;sea;false;ocean;0
12320;14;13;255;sea;true;ocean;0
12321;23;22;255;sea;false;ocean;0
12322;26;58;255;sea;false;ocean;0
12323;77;68;255;sea;true;ocean;0
12324;33;8;255;sea;false;ocean;0
12325;3;62;255;sea;true;ocean;0
12326;54;42;255;sea;true;ocean;0
12327;19;71;255;sea;false;ocean;0
12328;45;20;255;sea;true;ocean;0
12329;51;81;255;sea;false;ocean;0
12330;62;21;255;sea;false;ocean;0
12331;104;90;255;sea;false;ocean;0
12332;89;88;255;sea;false;ocean;0
12333;69;68;255;sea;false;ocean;0
12334;64;89;255;sea;false;ocean;0
12335;41;98;255;sea;false;ocean;0
12336;112;42;255;sea;false;ocean;0
12337;106;79;255;sea;false;ocean;0
12338;82;75;255;sea;false;ocean;0
12339;105;83;255;sea;false;ocean;0
12340;95;66;255;sea;false;ocean;0
12341;108;75;255;sea;false;ocean;0
12342;97;24;255;sea;false;ocean;0
12343;57;23;255;sea;false;ocean;0
12344;80;50;255;sea;false;ocean;0
12345;60;83;255;sea;true;ocean;0
12346;46;71;255;sea;false;ocean;0
12347;82;30;255;sea;false;ocean;0
12348;80;36;255;sea;false;ocean;0
12349;92;25;255;sea;false;ocean;0
12350;101;55;255;sea;false;ocean;0
12351;67;40;255;sea;false;ocean;0
12352;97;87;255;sea;false;ocean;0
12353;81;63;255;sea;false;ocean;0
12354;99;18;255;sea;false;ocean;0
12355;91;19;255;sea;false;ocean;0
12356;98;90;255;sea;true;ocean;0
12357;47;81;255;sea;false;ocean;0
12358;93;86;255;sea;false;ocean;0
12359;57;95;255;sea;false;ocean;0
12360;80;93;255;sea;false;ocean;0
12361;105;18;255;sea;false;ocean;0
12362;48;51;255;sea;false;ocean;0
12363;63;23;255;sea;false;ocean;0
12364;57;86;255;sea;false;ocean;0
12365;11;81;255;sea;false;ocean;0
12366;66;82;255;sea;true;ocean;0
12367;55;71;255;sea;true;ocean;0
12368;79;100;255;sea;true;ocean;0
12369;23;23;255;sea;true;ocean;0
12370;62;30;255;sea;true;ocean;0
12371;35;92;255;sea;true;ocean;0
12372;55;81;255;sea;true;ocean;0
12373;68;24;255;sea;false;ocean;0
12374;51;1;255;sea;false;ocean;0
12375;14;1;255;sea;false;ocean;0
12376;82;15;255;sea;false;ocean;0
12377;75;13;255;sea;false;ocean;0
12378;21;27;255;sea;false;ocean;0
12379;22;40;255;sea;false;ocean;0
12380;25;1;255;sea;false;ocean;0
12381;15;17;255;sea;false;ocean;0
12382;82;19;255;sea;false;ocean;0
12383;76;30;255;sea;false;ocean;0
12384;61;7;255;sea;false;ocean;0
12385;73;39;255;sea;false;ocean;0
12386;44;42;255;sea;false;ocean;0
12387;26;106;255;sea;true;ocean;0
12388;29;85;255;sea;true;ocean;0
12389;18;70;255;sea;false;ocean;0
12390;1;98;255;sea;true;ocean;0
12391;6;80;255;sea;true;ocean;0
12392;31;39;255;sea;true;ocean;0
12393;44;54;255;sea;true;ocean;0
12394;40;76;255;sea;false;ocean;0
12395;12;104;255;sea;false;ocean;0
12396;19;44;255;sea;false;ocean;0
12397;24;69;255;sea;true;ocean;0
12398;50;45;255;sea;false;ocean;0
12399;33;13;255;sea;false;ocean;0
12400;50;34;255;sea;false;ocean;0
12401;73;15;255;sea;false;ocean;0
12402;21;15;255;sea;false;ocean;0
12403;42;57;255;sea;false;ocean;0
12404;81;89;255;sea;false;ocean;0
12405;44;16;255;sea;false;ocean;0
12406;76;67;255;sea;false;ocean;0
12407;72;53;255;sea;false;ocean;0
12408;59;87;255;sea;false;ocean;0
12409;89;18;255;sea;false;ocean;0
12410;28;16;255;sea;false;ocean;0
12411;60;46;255;sea;false;ocean;0
12412;21;31;255;sea;false;ocean;0
12413;99;34;255;sea;false;ocean;0
12414;77;12;255;sea;false;ocean;0
12415;90;75;255;sea;false;ocean;0
12416;21;79;255;sea;false;ocean;0
12417;87;64;255;sea;false;ocean;0
12418;67;85;255;sea;false;ocean;0
12419;96;65;255;sea;false;ocean;0
12420;93;59;255;sea;false;ocean;0
12421;89;32;255;sea;false;ocean;0
12422;91;143;255;sea;false;ocean;0
12423;122;135;255;sea;false;ocean;0
12424;83;159;255;sea;false;ocean;0
12425;75;142;255;sea;false;ocean;0
12426;116;126;255;sea;false;ocean;0
12427;79;127;255;sea;false;ocean;0
12428;85;109;255;sea;false;ocean;0
12429;117;108;255;sea;false;ocean;0
12430;122;104;255;sea;false;ocean;0
12431;67;117;255;sea;false;ocean;0
12432;102;143;255;sea;false;ocean;0
12433;120;97;255;sea;false;ocean;0
12434;128;136;255;sea;false;ocean;0
12435;91;69;255;sea;false;ocean;0
12436;96;121;255;sea;true;ocean;0
12437;74;75;255;sea;false;ocean;0
12438;97;76;255;sea;true;ocean;0
12439;77;115;255;sea;true;ocean;0
12440;102;103;255;sea;false;ocean;0
12441;99;124;255;sea;false;ocean;0
12442;114;76;255;sea;false;ocean;0
12443;82;98;255;sea;false;ocean;0
12444;118;73;255;sea;false;ocean;0
12445;128;78;255;sea;false;ocean;0
12446;84;109;255;sea;false;ocean;0
12447;144;124;255;sea;true;ocean;0
12448;100;139;255;sea;false;ocean;0
12449;99;143;255;sea;false;ocean;0
12450;107;116;255;sea;false;ocean;0
12451;106;81;255;sea;false;ocean;0
12452;110;72;255;sea;false;ocean;0
12453;110;121;255;sea;true;ocean;0
12454;104;123;255;sea;false;ocean;0
12455;111;128;255;sea;true;ocean;0
12456;146;93;255;sea;false;ocean;0
12457;150;86;255;sea;true;ocean;0
12458;140;122;255;sea;false;ocean;0
12459;78;89;255;sea;true;ocean;0
12460;8;9;255;sea;false;ocean;0
12461;51;52;255;sea;false;ocean;0
12462;24;13;255;sea;false;ocean;0
12463;40;37;255;sea;false;ocean;0
12464;64;11;255;sea;false;ocean;0
12465;54;45;255;sea;false;ocean;0
12466;34;41;255;sea;false;ocean;0
12467;17;7;255;sea;false;ocean;0
12468;64;7;255;sea;false;ocean;0
12469;17;22;255;sea;false;ocean;0
12470;29;13;255;sea;false;ocean;0
12471;55;11;255;sea;false;ocean;0
12472;62;28;255;sea;false;ocean;0
12473;37;36;255;sea;false;ocean;0
12474;18;14;255;sea;false;ocean;0
12475;63;18;255;sea;false;ocean;0
12476;0;32;255;sea;false;ocean;0
12477;17;45;255;sea;false;ocean;0
12478;29;23;255;sea;false;ocean;0
12479;40;6;255;sea;false;ocean;0
12480;53;29;255;sea;true;ocean;0
12481;44;36;255;sea;false;ocean;0
12482;30;19;255;sea;true;ocean;0
12483;71;10;255;sea;false;ocean;0
12484;48;25;255;sea;true;ocean;0
12485;52;23;255;sea;false;ocean;0
12486;68;28;255;sea;false;ocean;0
12487;74;12;255;sea;true;ocean;0
12488;52;8;255;sea;true;ocean;0
12489;28;45;255;sea;false;ocean;0
12490;47;49;255;sea;false;ocean;0
12491;75;45;255;sea;false;ocean;0
12492;119;97;255;sea;false;ocean;0
12493;130;115;255;sea;false;ocean;0
12494;92;49;255;sea;false;ocean;0
12495;75;74;255;sea;false;ocean;0
12496;130;118;255;sea;false;ocean;0
12497;110;105;255;sea;false;ocean;0
12498;116;44;255;sea;false;ocean;0
12499;84;104;255;sea;false;ocean;0
12500;128;102;255;sea;false;ocean;0
12501;85;79;255;sea;false;ocean;0
12502;73;82;255;sea;false;ocean;0
12503;94;117;255;sea;false;ocean;0
12504;94;48;255;sea;false;ocean;0
12505;115;80;255;sea;false;ocean;0
12506;105;70;255;sea;false;ocean;0
12507;58;45;255;sea;false;ocean;0
12508;99;71;255;sea;false;ocean;0
12509;75;47;255;sea;false;ocean;0
12510;134;105;255;sea;false;ocean;0
12511;130;68;255;sea;false;ocean;0
12512;133;85;255;sea;false;ocean;0
12513;87;76;255;sea;false;ocean;0
12514;66;58;255;sea;false;ocean;0
12515;123;114;255;sea;false;ocean;0
12516;75;84;255;sea;false;ocean;0
12517;77;90;255;sea;false;ocean;0
12518;117;102;255;sea;false;ocean;0
12519;79;87;255;sea;false;ocean;0
12520;116;77;255;sea;false;ocean;0
12521;49;113;255;sea;false;ocean;0
12522;114;98;255;sea;false;ocean;0
12523;102;134;255;sea;false;ocean;0
12524;67;62;255;sea;false;ocean;0
12525;50;69;255;sea;false;ocean;0
12526;87;133;255;sea;false;ocean;0
12527;90;66;255;sea;false;ocean;0
12528;76;74;255;sea;false;ocean;0
12529;95;67;255;sea;false;ocean;0
12530;109;112;255;sea;false;ocean;0
12531;86;100;255;sea;false;ocean;0
12532;11;58;255;sea;false;ocean;0
12533;22;66;255;sea;false;ocean;0
12534;15;51;255;sea;false;ocean;0
12535;21;82;255;sea;false;ocean;0
12536;7;62;255;sea;false;ocean;0
12537;4;40;255;sea;false;ocean;0
12538;12;89;255;sea;false;ocean;0
12539;1;46;255;sea;false;ocean;0
12540;25;43;255;sea;false;ocean;0
12541;1;63;255;sea;false;ocean;0
12542;25;85;255;sea;false;ocean;0
12543;26;35;255;sea;false;ocean;0
12544;61;101;255;sea;false;ocean;0
12545;10;80;255;sea;false;ocean;0
12546;23;39;255;sea;false;ocean;0
12547;37;63;255;sea;false;ocean;0
12548;20;66;255;sea;false;ocean;0
12549;39;83;255;sea;true;ocean;0
12550;15;26;255;sea;false;ocean;0
12551;35;29;255;sea;false;ocean;0
12552;15;58;255;sea;false;ocean;0
12553;54;46;255;sea;false;ocean;0
12554;47;46;255;sea;false;ocean;0
12555;9;41;255;sea;false;ocean;0
12556;67;39;255;sea;false;ocean;0
12557;50;50;255;sea;true;ocean;0
12558;59;101;255;sea;false;ocean;0
12559;19;31;255;sea;false;ocean;0
12560;7;48;255;sea;false;ocean;0
12561;22;55;255;sea;false;ocean;0
12562;14;66;255;sea;false;ocean;0
12563;84;36;255;sea;false;ocean;0
12564;95;33;255;sea;false;ocean;0
12565;87;22;255;sea;false;ocean;0
12566;80;13;255;sea;false;ocean;0
12567;98;8;255;sea;false;ocean;0
12568;88;37;255;sea;false;ocean;0
12569;77;14;255;sea;false;ocean;0
12570;98;5;255;sea;false;ocean;0
12571;94;14;255;sea;false;ocean;0
12572;120;12;255;sea;false;ocean;0
12573;132;23;255;sea;false;ocean;0
12574;140;30;255;sea;false;ocean;0
12575;100;24;255;sea;false;ocean;0
12576;132;25;255;sea;false;ocean;0
12577;118;32;255;sea;false;ocean;0
12578;117;1;255;sea;false;ocean;0
12579;128;36;255;sea;false;ocean;0
12580;142;36;255;sea;false;ocean;0
12581;96;15;255;sea;false;ocean;0
12582;94;34;255;sea;false;ocean;0
12583;69;38;255;sea;false;ocean;0
12584;54;145;255;sea;false;ocean;0
12585;44;119;255;sea;false;ocean;0
12586;9;85;255;sea;true;ocean;0
12587;56;103;255;sea;true;ocean;0
12588;21;122;255;sea;false;ocean;0
12589;14;79;255;sea;false;ocean;0
12590;3;147;255;sea;true;ocean;0
12591;18;105;255;sea;false;ocean;0
12592;2;153;255;sea;false;ocean;0
12593;20;126;255;sea;false;ocean;0
12594;5;81;255;sea;false;ocean;0
12595;5;120;255;sea;false;ocean;0
12596;19;93;255;sea;false;ocean;0
12597;34;145;255;sea;false;ocean;0
12598;38;135;255;sea;false;ocean;0
12599;19;149;255;sea;false;ocean;0
12600;16;79;255;sea;false;ocean;0
12601;14;125;255;sea;false;ocean;0
12602;16;99;255;sea;false;ocean;0
12603;64;71;255;sea;false;ocean;0
12604;58;18;255;sea;false;ocean;0
12605;82;76;255;sea;false;ocean;0
12606;30;73;255;sea;false;ocean;0
12607;35;42;255;sea;false;ocean;0
12608;66;67;255;sea;false;ocean;0
12609;25;10;255;sea;false;ocean;0
12610;61;77;255;sea;false;ocean;0
12611;22;4;255;sea;false;ocean;0
12612;22;34;255;sea;false;ocean;0
12613;12;27;255;sea;false;ocean;0
12614;47;78;255;sea;false;ocean;0
12615;36;19;255;sea;false;ocean;0
12616;63;43;255;sea;false;ocean;0
12617;90;27;255;sea;false;ocean;0
12618;88;35;255;sea;false;ocean;0
12619;89;43;255;sea;false;ocean;0
12620;22;59;255;sea;false;ocean;0
12621;58;16;255;sea;false;ocean;0
12622;64;41;255;sea;false;ocean;0
12623;67;12;255;sea;false;ocean;0
12624;45;54;255;sea;false;ocean;0
12625;65;27;255;sea;false;ocean;0
12626;86;50;255;sea;false;ocean;0
12627;76;46;255;sea;false;ocean;0
12628;120;11;255;sea;false;ocean;0
12629;97;2;255;sea;false;ocean;0
12630;91;58;255;sea;false;ocean;0
12631;89;46;255;sea;false;ocean;0
12632;66;32;255;sea;false;ocean;0
12633;110;2;255;sea;false;ocean;0
12634;109;19;255;sea;false;ocean;0
12635;118;22;255;sea;false;ocean;0
12636;93;48;255;sea;false;ocean;0
12637;66;43;255;sea;false;ocean;0
12638;65;31;255;sea;false;ocean;0
12639;81;16;255;sea;false;ocean;0
12640;84;19;255;sea;false;ocean;0
12641;62;47;255;sea;false;ocean;0
12642;126;11;255;sea;false;ocean;0
12643;121;132;255;sea;false;ocean;0
12644;138;101;255;sea;false;ocean;0
12645;65;136;255;sea;true;ocean;0
12646;89;83;255;sea;true;ocean;0
12647;106;129;255;sea;true;ocean;0
12648;102;91;255;sea;true;ocean;0
12649;125;110;255;sea;false;ocean;0
12650;107;94;255;sea;false;ocean;0
12651;47;1;255;sea;false;ocean;0
12652;61;22;255;sea;false;ocean;0
12653;40;23;255;sea;false;ocean;0
12654;90;32;255;sea;true;ocean;0
12655;96;8;255;sea;false;ocean;0
12656;52;13;255;sea;false;ocean;0
12657;73;4;255;sea;false;ocean;0
12658;105;57;255;sea;false;ocean;0
12659;63;40;255;sea;false;ocean;0
12660;61;21;255;sea;false;ocean;0
12661;113;5;255;sea;false;ocean;0
12662;56;5;255;sea;false;ocean;0
12663;80;97;255;sea;false;ocean;0
12664;41;141;255;sea;false;ocean;0
12665;101;132;255;sea;false;ocean;0
12666;79;148;255;sea;false;ocean;0
12667;53;90;255;sea;false;ocean;0
12668;38;113;255;sea;false;ocean;0
12669;105;71;255;sea;false;ocean;0
12670;90;120;255;sea;false;ocean;0
12671;88;116;255;sea;false;ocean;0
12672;106;103;255;sea;false;ocean;0
12673;55;133;255;sea;false;ocean;0
12674;105;120;255;sea;false;ocean;0
12675;39;115;255;sea;false;ocean;0
12676;55;106;255;sea;false;ocean;0
12677;78;136;255;sea;false;ocean;0
12678;58;144;255;sea;false;ocean;0
12679;86;128;255;sea;false;ocean;0
12680;103;106;255;sea;false;ocean;0
12681;87;97;255;sea;false;ocean;0
12682;73;75;255;sea;false;ocean;0
12683;78;122;255;sea;false;ocean;0
12684;93;73;255;sea;false;ocean;0
12685;30;74;255;sea;false;ocean;0
12686;58;138;255;sea;false;ocean;0
12687;70;73;255;sea;false;ocean;0
12688;87;83;255;sea;false;ocean;0
12689;96;86;255;sea;false;ocean;0
12690;42;92;255;sea;false;ocean;0
12691;76;101;255;sea;false;ocean;0
12692;95;135;255;sea;false;ocean;0
12693;83;137;255;sea;false;ocean;0
12694;92;147;255;sea;false;ocean;0
12695;79;103;255;sea;false;ocean;0
12696;30;106;255;sea;false;ocean;0
12697;78;101;255;sea;false;ocean;0
12698;105;104;255;sea;false;ocean;0
12699;87;132;255;sea;false;ocean;0
12700;61;105;255;sea;false;ocean;0
12701;56;82;255;sea;false;ocean;0
12702;48;138;255;sea;false;ocean;0
12703;47;99;255;sea;false;ocean;0
12704;55;95;255;sea;false;ocean;0
12705;82;101;255;sea;false;ocean;0
12706;41;69;255;sea;false;ocean;0
12707;90;116;255;sea;false;ocean;0
12708;47;134;255;sea;false;ocean;0
12709;85;130;255;sea;false;ocean;0
12710;93;128;255;sea;false;ocean;0
12711;90;135;255;sea;false;ocean;0
12712;68;92;255;sea;false;ocean;0
12713;97;78;255;sea;false;ocean;0
12714;140;64;255;sea;false;ocean;0
12715;85;46;255;sea;false;ocean;0
12716;84;40;255;sea;false;ocean;0
12717;125;27;255;sea;false;ocean;0
12718;138;26;255;sea;false;ocean;0
12719;104;54;255;sea;false;ocean;0
12720;86;76;255;sea;false;ocean;0
12721;114;38;255;sea;false;ocean;0
12722;108;23;255;sea;false;ocean;0
12723;86;85;255;sea;false;ocean;0
12724;106;82;255;sea;false;ocean;0
12725;153;80;255;sea;false;ocean;0
12726;142;78;255;sea;false;ocean;0
12727;93;26;255;sea;false;ocean;0
12728;130;59;255;sea;false;ocean;0
12729;131;68;255;sea;false;ocean;0
12730;87;14;255;sea;false;ocean;0
12731;128;48;255;sea;false;ocean;0
12732;78;88;255;sea;false;ocean;0
12733;137;39;255;sea;false;ocean;0
12734;148;22;255;sea;false;ocean;0
12735;147;18;255;sea;false;ocean;0
12736;148;24;255;sea;false;ocean;0
12737;144;27;255;sea;false;ocean;0
12738;46;125;255;sea;false;ocean;0
12739;79;116;255;sea;false;ocean;0
12740;46;106;255;sea;false;ocean;0
12741;106;89;255;sea;false;ocean;0
12742;71;78;255;sea;false;ocean;0
12743;103;99;255;sea;false;ocean;0
12744;68;80;255;sea;false;ocean;0
12745;33;49;255;sea;false;ocean;0
12746;90;115;255;sea;false;ocean;0
12747;95;109;255;sea;false;ocean;0
12748;87;52;255;sea;false;ocean;0
12749;66;115;255;sea;false;ocean;0
12750;77;96;255;sea;false;ocean;0
12751;44;80;255;sea;false;ocean;0
12752;66;122;255;sea;false;ocean;0
12753;42;124;255;sea;false;ocean;0
12754;96;101;255;sea;false;ocean;0
12755;100;53;255;sea;false;ocean;0
12756;58;126;255;sea;false;ocean;0
12757;61;117;255;sea;false;ocean;0
12758;27;48;255;sea;false;ocean;0
12759;37;50;255;sea;false;ocean;0
12760;87;69;255;sea;false;ocean;0
12761;87;51;255;sea;false;ocean;0
12762;43;103;255;sea;false;ocean;0
12763;33;113;255;sea;false;ocean;0
12764;59;104;255;sea;false;ocean;0
12765;30;78;255;sea;false;ocean;0
12766;65;71;255;sea;false;ocean;0
12767;42;75;255;sea;false;ocean;0
12768;116;72;255;sea;false;ocean;0
12769;99;78;255;sea;false;ocean;0
12770;79;119;255;sea;false;ocean;0
12771;89;84;255;sea;false;ocean;0
12772;97;84;255;sea;false;ocean;0
12773;153;72;255;sea;false;ocean;0
12774;87;117;255;sea;false;ocean;0
12775;105;106;255;sea;false;ocean;0
12776;151;104;255;sea;false;ocean;0
12777;152;80;255;sea;false;ocean;0
12778;114;107;255;sea;false;ocean;0
12779;84;94;255;sea;false;ocean;0
12780;89;112;255;sea;false;ocean;0
12781;56;41;255;sea;true;ocean;0
12782;7;65;255;sea;true;ocean;0
12783;3;32;255;sea;false;ocean;0
12784;18;53;255;sea;true;ocean;0
12785;57;18;255;sea;true;ocean;0
12786;98;158;255;sea;false;ocean;0
12787;96;92;255;sea;false;ocean;0
12788;40;106;255;sea;false;ocean;0
12789;61;142;255;sea;false;ocean;0
12790;53;149;255;sea;false;ocean;0
12791;75;160;255;sea;false;ocean;0
12792;81;126;255;sea;false;ocean;0
12793;36;87;255;sea;false;ocean;0
12794;100;83;255;sea;false;ocean;0
12795;71;92;255;sea;false;ocean;0
12796;39;118;255;sea;false;ocean;0
12797;59;115;255;sea;false;ocean;0
12798;88;145;255;sea;false;ocean;0
12799;38;120;255;sea;false;ocean;0
12800;65;108;255;sea;false;ocean;0
12801;68;133;255;sea;false;ocean;0
12802;37;100;255;sea;false;ocean;0
12803;81;109;255;sea;false;ocean;0
12804;82;153;255;sea;false;ocean;0
12805;87;121;255;sea;false;ocean;0
12806;32;89;255;sea;false;ocean;0
12807;23;81;255;sea;false;ocean;0
12808;30;97;255;sea;false;ocean;0
12809;48;140;255;sea;false;ocean;0
12810;83;141;255;sea;false;ocean;0
12811;27;96;255;sea;false;ocean;0
12812;25;104;255;sea;false;ocean;0
12813;61;93;255;sea;false;ocean;0
12814;51;112;255;sea;false;ocean;0
12815;35;125;255;sea;false;ocean;0
12816;78;107;255;sea;false;ocean;0
12817;75;92;255;sea;false;ocean;0
12818;82;143;255;sea;false;ocean;0
12819;66;144;255;sea;true;ocean;0
12820;74;111;255;sea;false;ocean;0
12821;13;126;255;sea;false;ocean;0
12822;3;98;255;sea;false;ocean;0
12823;75;161;255;sea;false;ocean;0
12824;70;155;255;sea;false;ocean;0
12825;70;160;255;sea;false;ocean;0
12826;7;130;255;sea;false;ocean;0
12827;23;37;255;sea;false;ocean;0
12828;31;53;255;sea;false;ocean;0
12829;17;68;255;sea;false;ocean;0
12830;34;88;255;sea;false;ocean;0
12831;23;62;255;sea;false;ocean;0
12832;41;77;255;sea;false;ocean;0
12833;17;71;255;sea;false;ocean;0
12834;20;51;255;sea;false;ocean;0
12835;53;26;255;sea;false;ocean;0
12836;47;69;255;sea;false;ocean;0
12837;7;82;255;sea;false;ocean;0
12838;49;66;255;sea;false;ocean;0
12839;68;39;255;sea;false;ocean;0
12840;40;44;255;sea;false;ocean;0
12841;31;25;255;sea;false;ocean;0
12842;22;49;255;sea;false;ocean;0
12843;36;43;255;sea;false;ocean;0
12844;3;49;255;sea;false;ocean;0
12845;11;86;255;sea;false;ocean;0
12846;43;60;255;sea;false;ocean;0
12847;15;53;255;sea;false;ocean;0
12848;9;70;255;sea;false;ocean;0
12849;67;74;255;sea;false;ocean;0
12850;68;103;255;sea;false;ocean;0
12851;14;33;255;sea;false;ocean;0
12852;20;77;255;sea;false;ocean;0
12853;57;61;255;sea;false;ocean;0
12854;51;86;255;sea;false;ocean;0
12855;21;78;255;sea;false;ocean;0
12856;10;62;255;sea;false;ocean;0
12857;67;76;255;sea;false;ocean;0
12858;10;89;255;sea;false;ocean;0
12859;35;33;255;sea;false;ocean;0
12860;56;94;255;sea;false;ocean;0
12861;40;81;255;sea;false;ocean;0
12862;104;48;255;sea;false;ocean;0
12863;90;63;255;sea;false;ocean;0
12864;155;108;255;sea;false;ocean;0
12865;108;58;255;sea;false;ocean;0
12866;122;86;255;sea;false;ocean;0
12867;121;66;255;sea;false;ocean;0
12868;107;93;255;sea;false;ocean;0
12869;153;84;255;sea;false;ocean;0
12870;102;36;255;sea;false;ocean;0
12871;85;36;255;sea;false;ocean;0
12872;119;57;255;sea;false;ocean;0
12873;59;52;255;sea;false;ocean;0
12874;42;46;255;sea;false;ocean;0
12875;83;51;255;sea;false;ocean;0
12876;106;26;255;sea;false;ocean;0
12877;40;26;255;sea;false;ocean;0
12878;112;19;255;sea;false;ocean;0
12879;49;63;255;sea;false;ocean;0
12880;70;14;255;sea;false;ocean;0
12881;49;34;255;sea;false;ocean;0
12882;74;19;255;sea;false;ocean;0
12883;50;24;255;sea;false;ocean;0
12884;113;38;255;sea;false;ocean;0
12885;51;34;255;sea;false;ocean;0
12886;66;36;255;sea;false;ocean;0
12887;112;15;255;sea;false;ocean;0
12888;84;7;255;sea;false;ocean;0
12889;72;6;255;sea;false;ocean;0
12890;80;54;255;sea;false;ocean;0
12891;78;69;255;sea;false;ocean;0
12892;123;64;255;sea;false;ocean;0
12893;105;79;255;sea;false;ocean;0
12894;91;75;255;sea;false;ocean;0
12895;80;77;255;sea;false;ocean;0
12896;115;98;255;sea;false;ocean;0
12897;129;76;255;sea;false;ocean;0
12898;134;117;255;sea;false;ocean;0
12899;66;85;255;sea;false;ocean;0
12900;139;104;255;sea;false;ocean;0
12901;97;86;255;sea;false;ocean;0
12902;111;125;255;sea;false;ocean;0
12903;80;91;255;sea;false;ocean;0
12904;76;115;255;sea;false;ocean;0
12905;128;98;255;sea;false;ocean;0
12906;68;118;255;sea;false;ocean;0
12907;77;88;255;sea;false;ocean;0
12908;114;91;255;sea;false;ocean;0
12909;9;86;255;sea;false;ocean;0
12910;26;114;255;sea;false;ocean;0
12911;23;130;255;sea;false;ocean;0
12912;11;77;255;sea;false;ocean;0
12913;45;112;255;sea;false;ocean;0
12914;28;72;255;sea;false;ocean;0
12915;20;129;255;sea;false;ocean;0
12916;35;75;255;sea;false;ocean;0
12917;39;132;255;sea;false;ocean;0
12918;47;112;255;sea;false;ocean;0
12919;23;116;255;sea;false;ocean;0
12920;9;83;255;sea;false;ocean;0
12921;32;141;255;sea;false;ocean;0
12922;34;124;255;sea;false;ocean;0
12923;35;90;255;sea;false;ocean;0
12924;1;138;255;sea;false;ocean;0
12925;35;139;255;sea;false;ocean;0
12926;15;101;255;sea;false;ocean;0
12927;53;100;255;sea;false;ocean;0
12928;14;139;255;sea;false;ocean;0
12929;25;111;255;sea;false;ocean;0
12930;54;125;255;sea;false;ocean;0
12931;41;82;255;sea;false;ocean;0
12932;48;109;255;sea;false;ocean;0
12933;10;131;255;sea;false;ocean;0
12934;3;118;255;sea;false;ocean;0
12935;25;95;255;sea;false;ocean;0
12936;13;74;255;sea;false;ocean;0
12937;37;119;255;sea;false;ocean;0
12938;2;139;255;sea;false;ocean;0
12939;25;100;255;sea;false;ocean;0
12940;3;100;255;sea;false;ocean;0
12941;11;79;255;sea;false;ocean;0
12942;12;95;255;sea;false;ocean;0
12943;49;119;255;sea;false;ocean;0
12944;30;85;255;sea;false;ocean;0
12945;11;112;255;sea;false;ocean;0
12946;2;97;255;sea;false;ocean;0
12947;36;124;255;sea;false;ocean;0
12948;99;59;255;sea;false;ocean;0
12949;58;117;255;sea;false;ocean;0
12950;93;41;255;sea;false;ocean;0
12951;59;88;255;sea;false;ocean;0
12952;60;71;255;sea;false;ocean;0
12953;74;118;255;sea;false;ocean;0
12954;57;73;255;sea;true;ocean;0
12955;52;64;255;sea;false;ocean;0
12956;70;60;255;sea;false;ocean;0
12957;86;74;255;sea;false;ocean;0
12958;106;78;255;sea;false;ocean;0
12959;94;57;255;sea;false;ocean;0
12960;69;49;255;sea;false;ocean;0
12961;38;74;255;sea;false;ocean;0
12962;114;65;255;sea;false;ocean;0
12963;41;95;255;sea;false;ocean;0
12964;64;122;255;sea;false;ocean;0
12965;59;48;255;sea;false;ocean;0
12966;39;113;255;sea;false;ocean;0
12967;110;73;255;sea;true;ocean;0
12968;61;118;255;sea;false;ocean;0
12969;41;54;255;sea;false;ocean;0
12970;113;71;255;sea;false;ocean;0
12971;100;99;255;sea;false;ocean;0
12972;32;32;255;sea;true;ocean;0
12973;75;24;255;sea;false;ocean;0
12974;73;29;255;sea;true;ocean;0
12975;97;28;255;sea;true;ocean;0
12976;54;55;255;sea;true;ocean;0
12977;63;35;255;sea;true;ocean;0
12978;70;35;255;sea;true;ocean;0
12979;55;3;255;sea;false;ocean;0
12980;35;16;255;sea;true;ocean;0
12981;82;53;255;sea;true;ocean;0
12982;56;22;255;sea;true;ocean;0
12983;91;47;255;sea;false;ocean;0
12984;9;20;255;sea;false;ocean;0
12985;9;17;255;sea;false;ocean;0
12986;32;19;255;sea;true;ocean;0
12987;6;9;255;sea;false;ocean;0
12988;26;16;255;sea;false;ocean;0
12989;51;19;255;sea;false;ocean;0
12990;63;21;255;sea;false;ocean;0
12991;13;5;255;sea;false;ocean;0
12992;1;13;255;sea;false;ocean;0
12993;9;3;255;sea;false;ocean;0
12994;25;23;255;sea;false;ocean;0
12995;8;24;255;sea;false;ocean;0
12996;22;22;255;sea;false;ocean;0
12997;67;6;255;sea;true;ocean;0
12998;44;81;255;sea;false;ocean;0
12999;35;69;255;sea;false;ocean;0
13000;12;49;255;sea;false;ocean;0
13001;1;88;255;sea;false;ocean;0
13002;0;109;255;sea;false;ocean;0
13003;14;49;255;sea;false;ocean;0
13004;11;82;255;sea;false;ocean;0
13005;11;55;255;sea;false;ocean;0
13006;28;90;255;sea;false;ocean;0
13007;8;61;255;sea;false;ocean;0
13008;41;32;255;sea;false;ocean;0
13009;20;98;255;sea;false;ocean;0
13010;59;83;255;sea;false;ocean;0
13011;17;96;255;sea;false;ocean;0
13012;0;102;255;sea;false;ocean;0
13013;10;70;255;sea;false;ocean;0
13014;27;63;255;sea;false;ocean;0
13015;34;55;255;sea;false;ocean;0
13016;45;66;255;sea;false;ocean;0
13017;1;102;255;sea;false;ocean;0
13018;9;69;255;sea;false;ocean;0
13019;0;54;255;sea;false;ocean;0
13020;47;76;255;sea;false;ocean;0
13021;4;47;255;sea;false;ocean;0
13022;32;101;255;sea;false;ocean;0
13023;32;94;255;sea;false;ocean;0
13024;4;73;255;sea;false;ocean;0
13025;58;49;255;sea;false;ocean;0
13026;12;59;255;sea;false;ocean;0
13027;15;94;255;sea;false;ocean;0
13028;28;110;255;sea;false;ocean;0
13029;43;45;255;sea;false;ocean;0
13030;27;103;255;sea;false;ocean;0
13031;38;102;255;sea;false;ocean;0
13032;44;34;255;sea;false;ocean;0
13033;74;80;255;sea;false;ocean;0
13034;49;96;255;sea;false;ocean;0
13035;64;63;255;sea;true;ocean;0
13036;30;57;255;sea;true;ocean;0
13037;76;60;255;sea;false;ocean;0
13038;25;84;255;sea;false;ocean;0
13039;21;58;255;sea;false;ocean;0
13040;86;53;255;sea;false;ocean;0
13041;29;49;255;sea;false;ocean;0
13042;16;48;255;sea;false;ocean;0
13043;7;51;255;sea;false;ocean;0
13044;3;9;255;sea;false;ocean;0
13045;22;28;255;sea;false;ocean;0
13046;18;17;255;sea;false;ocean;0
13047;8;38;255;sea;false;ocean;0
13048;6;10;255;sea;false;ocean;0
13049;8;50;255;sea;false;ocean;0
13050;33;10;255;sea;false;ocean;0
13051;18;10;255;sea;false;ocean;0
13052;27;14;255;sea;false;ocean;0
13053;6;7;255;sea;false;ocean;0
13054;29;43;255;sea;false;ocean;0
13055;27;3;255;sea;false;ocean;0
13056;28;13;255;sea;false;ocean;0
13057;15;47;255;sea;false;ocean;0
13058;110;9;255;sea;false;ocean;0
13059;43;24;255;sea;true;ocean;0
13060;120;71;255;sea;false;ocean;0
13061;96;31;255;sea;false;ocean;0
13062;84;12;255;sea;false;ocean;0
13063;106;68;255;sea;true;ocean;0
13064;95;31;255;sea;true;ocean;0
13065;110;71;255;sea;true;ocean;0
13066;69;13;255;sea;true;ocean;0
13067;89;74;255;sea;true;ocean;0
13068;92;15;255;sea;false;ocean;0
13069;79;31;255;sea;false;ocean;0
13070;76;28;255;sea;true;ocean;0
13071;85;12;255;sea;false;ocean;0
13072;85;61;255;sea;false;ocean;0
13073;138;20;255;sea;false;ocean;0
13074;144;39;255;sea;false;ocean;0
13075;122;27;255;sea;false;ocean;0
13076;127;41;255;sea;false;ocean;0
13077;80;75;255;sea;false;ocean;0
13078;143;16;255;sea;false;ocean;0
13079;76;53;255;sea;false;ocean;0
13080;127;14;255;sea;false;ocean;0
13081;138;4;255;sea;false;ocean;0
13082;93;19;255;sea;false;ocean;0
13083;137;0;255;sea;false;ocean;0
13084;88;27;255;sea;false;ocean;0
13085;68;26;255;sea;false;ocean;0
13086;132;19;255;sea;false;ocean;0
13087;82;38;255;sea;false;ocean;0
13088;130;4;255;sea;false;ocean;0
13089;142;7;255;sea;false;ocean;0
13090;93;35;255;sea;false;ocean;0
13091;67;11;255;sea;false;ocean;0
13092;67;47;255;sea;false;ocean;0
13093;135;17;255;sea;false;ocean;0
13094;123;19;255;sea;false;ocean;0
13095;133;21;255;sea;false;ocean;0
13096;111;23;255;sea;false;ocean;0
13097;90;41;255;sea;false;ocean;0
13098;125;36;255;sea;false;ocean;0
13099;116;33;255;sea;false;ocean;0
13100;142;17;255;sea;false;ocean;0
13101;124;38;255;sea;false;ocean;0
13102;116;52;255;sea;false;ocean;0
13103;70;2;255;sea;false;ocean;0
13104;144;34;255;sea;false;ocean;0
13105;85;42;255;sea;false;ocean;0
13106;1;15;255;sea;true;ocean;0
13107;19;39;255;sea;true;ocean;0
13108;44;67;255;sea;false;ocean;0
13109;60;89;255;sea;false;ocean;0
13110;69;63;255;sea;false;ocean;0
13111;70;84;255;sea;false;ocean;0
13112;92;118;255;sea;false;ocean;0
13113;29;116;255;sea;false;ocean;0
13114;53;103;255;sea;false;ocean;0
13115;44;7;255;sea;true;ocean;0
13116;5;22;255;sea;false;ocean;0
13117;48;47;255;sea;true;ocean;0
13118;76;7;255;sea;false;ocean;0
13119;31;40;255;sea;true;ocean;0
13120;46;32;255;sea;false;ocean;0
13121;8;45;255;sea;true;ocean;0
13122;28;112;255;sea;true;ocean;0
13123;66;131;255;sea;false;ocean;0
13124;44;97;255;sea;false;ocean;0
13125;60;133;255;sea;false;ocean;0
13126;12;121;255;sea;false;ocean;0
13127;39;94;255;sea;false;ocean;0
13128;29;126;255;sea;false;ocean;0
13129;62;61;255;sea;true;ocean;0
13130;66;100;255;sea;false;ocean;0
13131;6;130;255;sea;false;ocean;0
13132;72;87;255;sea;false;ocean;0
13133;34;133;255;sea;false;ocean;0
13134;44;103;255;sea;false;ocean;0
13135;60;91;255;sea;false;ocean;0
13136;17;144;255;sea;false;ocean;0
13137;20;90;255;sea;false;ocean;0
13138;6;116;255;sea;false;ocean;0
13139;32;100;255;sea;false;ocean;0
13140;37;131;255;sea;false;ocean;0
13141;51;79;255;sea;false;ocean;0
13142;20;141;255;sea;false;ocean;0
13143;5;105;255;sea;false;ocean;0
13144;25;77;255;sea;false;ocean;0
13145;18;87;255;sea;false;ocean;0
13146;3;102;255;sea;false;ocean;0
13147;6;70;255;sea;false;ocean;0
13148;35;83;255;sea;false;ocean;0
13149;44;71;255;sea;false;ocean;0
13150;32;119;255;sea;false;ocean;0
13151;34;90;255;sea;false;ocean;0
13152;39;141;255;sea;false;ocean;0
13153;46;115;255;sea;false;ocean;0
13154;10;94;255;sea;false;ocean;0
13155;13;99;255;sea;false;ocean;0
13156;22;100;255;sea;false;ocean;0
13157;49;70;255;sea;false;ocean;0
13158;41;96;255;sea;false;ocean;0
13159;20;143;255;sea;false;ocean;0
13160;27;139;255;sea;false;ocean;0
13161;29;76;255;sea;false;ocean;0
13162;42;84;255;sea;false;ocean;0
13163;50;130;255;sea;false;ocean;0
13164;43;93;255;sea;false;ocean;0
13165;100;11;255;sea;false;ocean;0
13166;97;3;255;sea;false;ocean;0
13167;101;4;255;sea;false;ocean;0
13168;70;46;255;sea;false;ocean;0
13169;98;24;255;sea;false;ocean;0
13170;114;0;255;sea;false;ocean;0
13171;76;48;255;sea;false;ocean;0
13172;58;12;255;sea;false;ocean;0
13173;51;0;255;sea;false;ocean;0
13174;104;0;255;sea;false;ocean;0
13175;45;50;255;sea;false;ocean;0
13176;80;53;255;sea;false;ocean;0
13177;120;0;255;sea;false;ocean;0
13178;47;32;255;sea;false;ocean;0
13179;123;41;255;sea;false;ocean;0
13180;49;20;255;sea;false;ocean;0
13181;53;31;255;sea;false;ocean;0
13182;114;53;255;sea;false;ocean;0
13183;71;48;255;sea;false;ocean;0
13184;87;13;255;sea;false;ocean;0
13185;104;18;255;sea;false;ocean;0
13186;114;26;255;sea;false;ocean;0
13187;66;8;255;sea;false;ocean;0
13188;92;56;255;sea;false;ocean;0
13189;47;42;255;sea;false;ocean;0
13190;102;15;255;sea;false;ocean;0
13191;50;53;255;sea;false;ocean;0
13192;110;39;255;sea;false;ocean;0
13193;90;11;255;sea;false;ocean;0
13194;122;39;255;sea;false;ocean;0
13195;76;4;255;sea;false;ocean;0
13196;121;15;255;sea;false;ocean;0
13197;103;44;255;sea;false;ocean;0
13198;83;45;255;sea;false;ocean;0
13199;65;25;255;sea;false;ocean;0
13200;80;0;255;sea;false;ocean;0
13201;80;57;255;sea;false;ocean;0
13202;48;10;255;sea;false;ocean;0
13203;117;32;255;sea;false;ocean;0
13204;52;15;255;sea;false;ocean;0
13205;67;55;255;sea;false;ocean;0
13206;100;0;255;sea;false;ocean;0
13207;74;17;255;sea;false;ocean;0
13208;134;79;255;sea;false;ocean;0
13209;83;13;255;sea;false;ocean;0
13210;85;5;255;sea;true;ocean;0
13211;100;4;255;sea;true;ocean;0
13212;107;64;255;sea;true;ocean;0
13213;86;31;255;sea;true;ocean;0
13214;85;56;255;sea;true;ocean;0
13215;13;94;255;sea;false;ocean;0
13216;42;100;255;sea;false;ocean;0
13217;5;74;255;sea;false;ocean;0
13218;8;59;255;sea;false;ocean;0
13219;42;68;255;sea;false;ocean;0
13220;20;48;255;sea;false;ocean;0
13221;18;35;255;sea;false;ocean;0
13222;60;72;255;sea;false;ocean;0
13223;59;57;255;sea;false;ocean;0
13224;64;81;255;sea;false;ocean;0
13225;10;78;255;sea;false;ocean;0
13226;127;2;255;sea;false;ocean;0
13227;128;62;255;sea;false;ocean;0
13228;147;39;255;sea;false;ocean;0
13229;116;13;255;sea;false;ocean;0
13230;119;29;255;sea;false;ocean;0
13231;144;11;255;sea;false;ocean;0
13232;80;12;255;sea;true;ocean;0
13233;87;26;255;sea;false;ocean;0
13234;130;36;255;sea;false;ocean;0
13235;140;18;255;sea;false;ocean;0
13236;81;3;255;sea;false;ocean;0
13237;122;21;255;sea;false;ocean;0
13238;131;41;255;sea;false;ocean;0
13239;122;23;255;sea;false;ocean;0
13240;106;48;255;sea;false;ocean;0
13241;95;52;255;sea;false;ocean;0
13242;96;6;255;sea;false;ocean;0
13243;149;63;255;sea;true;ocean;0
13244;133;45;255;sea;false;ocean;0
13245;81;51;255;sea;false;ocean;0
13246;110;27;255;sea;true;ocean;0
13247;22;5;255;sea;false;ocean;0
13248;6;50;255;sea;false;ocean;0
13249;69;35;255;sea;false;ocean;0
13250;54;23;255;sea;false;ocean;0
13251;28;47;255;sea;false;ocean;0
13252;50;44;255;sea;false;ocean;0
13253;31;8;255;sea;false;ocean;0
13254;54;15;255;sea;false;ocean;0
13255;11;26;255;sea;false;ocean;0
13256;59;18;255;sea;false;ocean;0
13257;45;48;255;sea;false;ocean;0
13258;65;1;255;sea;false;ocean;0
13259;21;54;255;sea;false;ocean;0
13260;3;19;255;sea;false;ocean;0
13261;68;9;255;sea;false;ocean;0
13262;51;30;255;sea;false;ocean;0
13263;20;49;255;sea;false;ocean;0
13264;18;50;255;sea;false;ocean;0
13265;38;34;255;sea;false;ocean;0
13266;40;55;255;sea;false;ocean;0
13267;19;91;255;sea;false;ocean;0
13268;12;87;255;sea;false;ocean;0
13269;15;104;255;sea;false;ocean;0
13270;17;43;255;sea;false;ocean;0
13271;11;48;255;sea;false;ocean;0
13272;27;34;255;sea;false;ocean;0
13273;18;36;255;sea;false;ocean;0
13274;24;110;255;sea;false;ocean;0
13275;34;43;255;sea;false;ocean;0
13276;14;109;255;sea;false;ocean;0
13277;14;62;255;sea;false;ocean;0
13278;35;104;255;sea;false;ocean;0
13279;39;59;255;sea;false;ocean;0
13280;17;100;255;sea;false;ocean;0
13281;36;62;255;sea;false;ocean;0
13282;27;72;255;sea;false;ocean;0
13283;23;70;255;sea;false;ocean;0
13284;6;64;255;sea;false;ocean;0
13285;25;83;255;sea;false;ocean;0
13286;20;54;255;sea;false;ocean;0
13287;25;37;255;sea;false;ocean;0
13288;38;85;255;sea;false;ocean;0
13289;8;52;255;sea;false;ocean;0
13290;15;40;255;sea;false;ocean;0
13291;3;48;255;sea;false;ocean;0
13292;35;13;255;sea;false;ocean;0
13293;14;64;255;sea;false;ocean;0
13294;9;22;255;sea;false;ocean;0
13295;29;50;255;sea;false;ocean;0
13296;28;52;255;sea;false;ocean;0
13297;25;67;255;sea;false;ocean;0
13298;14;5;255;sea;false;ocean;0
13299;1;10;255;sea;false;ocean;0
13300;9;54;255;sea;false;ocean;0
13301;15;32;255;sea;false;ocean;0
13302;4;26;255;sea;false;ocean;0
13303;25;19;255;sea;false;ocean;0
13304;39;65;255;sea;false;ocean;0
13305;27;44;255;sea;false;ocean;0
13306;6;60;255;sea;false;ocean;0
13307;13;25;255;sea;false;ocean;0
13308;96;115;255;sea;false;ocean;0
13309;136;74;255;sea;false;ocean;0
13310;87;73;255;sea;true;ocean;0
13311;154;122;255;sea;false;ocean;0
13312;152;53;255;sea;false;ocean;0
13313;149;77;255;sea;false;ocean;0
13314;90;94;255;sea;true;ocean;0
13315;100;69;255;sea;true;ocean;0
13316;38;109;255;sea;true;ocean;0
13317;63;103;255;sea;false;ocean;0
13318;34;128;255;sea;false;ocean;0
13319;41;147;255;sea;false;ocean;0
13320;83;96;255;sea;true;ocean;0
13321;45;72;255;sea;true;ocean;0
13322;48;98;255;sea;true;ocean;0
13323;18;100;255;sea;true;ocean;0
13324;86;103;255;sea;false;ocean;0
13325;54;92;255;sea;false;ocean;0
13326;42;105;255;sea;true;ocean;0
13327;50;78;255;sea;false;ocean;0
13328;17;118;255;sea;false;ocean;0
13329;34;135;255;sea;false;ocean;0
13330;69;70;255;sea;false;ocean;0
13331;25;71;255;sea;false;ocean;0
13332;46;127;255;sea;false;ocean;0
13333;29;109;255;sea;true;ocean;0
13334;27;92;255;sea;false;ocean;0
13335;66;133;255;sea;true;ocean;0
13336;30;140;255;sea;true;ocean;0
13337;57;144;255;sea;false;ocean;0
13338;71;127;255;sea;false;ocean;0
13339;25;135;255;sea;true;ocean;0
13340;31;80;255;sea;false;ocean;0
13341;27;125;255;sea;false;ocean;0
13342;18;102;255;sea;false;ocean;0
13343;30;100;255;sea;false;ocean;0
13344;17;104;255;sea;false;ocean;0
13345;38;130;255;sea;false;ocean;0
13346;20;133;255;sea;false;ocean;0
13347;12;115;255;sea;false;ocean;0
13348;15;84;255;sea;false;ocean;0
13349;9;113;255;sea;false;ocean;0
13350;42;107;255;sea;false;ocean;0
13351;24;97;255;sea;false;ocean;0
13352;87;75;255;sea;false;ocean;0
13353;71;37;255;sea;false;ocean;0
13354;57;106;255;sea;false;ocean;0
13355;51;89;255;sea;false;ocean;0
13356;51;108;255;sea;false;ocean;0
13357;66;80;255;sea;false;ocean;0
13358;35;82;255;sea;false;ocean;0
13359;86;43;255;sea;false;ocean;0
13360;50;90;255;sea;false;ocean;0
13361;20;83;255;sea;false;ocean;0
13362;62;103;255;sea;false;ocean;0
13363;96;55;255;sea;false;ocean;0
13364;46;41;255;sea;false;ocean;0
13365;156;74;255;sea;true;ocean;0
13366;84;85;255;sea;true;ocean;0
13367;88;105;255;sea;false;ocean;0
13368;84;92;255;sea;false;ocean;0
13369;104;122;255;sea;true;ocean;0
13370;108;90;255;sea;false;ocean;0
13371;151;120;255;sea;false;ocean;0
13372;90;54;255;sea;false;ocean;0
13373;158;120;255;sea;false;ocean;0
13374;100;122;255;sea;false;ocean;0
13375;122;55;255;sea;false;ocean;0
13376;125;60;255;sea;false;ocean;0
13377;139;73;255;sea;false;ocean;0
13378;114;73;255;sea;false;ocean;0
13379;91;98;255;sea;false;ocean;0
13380;108;35;255;sea;false;ocean;0
13381;90;106;255;sea;false;ocean;0
13382;127;92;255;sea;true;ocean;0
13383;137;57;255;sea;false;ocean;0
13384;141;39;255;sea;false;ocean;0
13385;140;67;255;sea;false;ocean;0
13386;129;56;255;sea;false;ocean;0
13387;129;53;255;sea;false;ocean;0
13388;145;30;255;sea;false;ocean;0
13389;146;33;255;sea;false;ocean;0
13390;104;77;255;sea;false;ocean;0
13391;136;94;255;sea;true;ocean;0
13392;106;29;255;sea;false;ocean;0
13393;97;92;255;sea;false;ocean;0
13394;155;39;255;sea;false;ocean;0
13395;131;32;255;sea;false;ocean;0
13396;132;62;255;sea;true;ocean;0
13397;104;65;255;sea;false;ocean;0
13398;96;62;255;sea;false;ocean;0
13399;145;106;255;sea;false;ocean;0
13400;96;30;255;sea;false;ocean;0
13401;130;39;255;sea;false;ocean;0
13402;122;53;255;sea;false;ocean;0
13403;135;43;255;sea;true;ocean;0
13404;87;29;255;sea;false;ocean;0
13405;45;147;255;sea;false;ocean;0
13406;64;111;255;sea;false;ocean;0
13407;104;79;255;sea;false;ocean;0
13408;64;150;255;sea;false;ocean;0
13409;42;89;255;sea;false;ocean;0
13410;80;111;255;sea;false;ocean;0
13411;40;147;255;sea;false;ocean;0
13412;91;134;255;sea;false;ocean;0
13413;68;116;255;sea;false;ocean;0
13414;69;135;255;sea;false;ocean;0
13415;94;142;255;sea;false;ocean;0
13416;101;92;255;sea;false;ocean;0
13417;45;125;255;sea;false;ocean;0
13418;71;111;255;sea;false;ocean;0
13419;56;80;255;sea;false;ocean;0
13420;73;100;255;sea;false;ocean;0
13421;111;104;255;sea;false;ocean;0
13422;49;51;255;sea;false;ocean;0
13423;64;66;255;sea;false;ocean;0
13424;85;64;255;sea;false;ocean;0
13425;57;97;255;sea;false;ocean;0
13426;86;89;255;sea;false;ocean;0
13427;71;60;255;sea;false;ocean;0
13428;48;77;255;sea;false;ocean;0
13429;44;83;255;sea;false;ocean;0
13430;45;56;255;sea;false;ocean;0
13431;110;112;255;sea;false;ocean;0
13432;100;48;255;sea;false;ocean;0
13433;52;19;255;sea;false;ocean;0
13434;28;14;255;sea;false;ocean;0
13435;23;13;255;sea;false;ocean;0
13436;16;39;255;sea;false;ocean;0
13437;48;44;255;sea;false;ocean;0
13438;15;10;255;sea;false;ocean;0
13439;14;58;255;sea;false;ocean;0
13440;18;12;255;sea;false;ocean;0
13441;0;26;255;sea;false;ocean;0
13442;21;10;255;sea;false;ocean;0
13443;54;41;255;sea;false;ocean;0
13444;3;37;255;sea;false;ocean;0
13445;62;18;255;sea;false;ocean;0
13446;7;52;255;sea;false;ocean;0
13447;34;54;255;sea;false;ocean;0
13448;42;9;255;sea;false;ocean;0
13449;26;13;255;sea;false;ocean;0
13450;20;34;255;sea;false;ocean;0
13451;2;7;255;sea;false;ocean;0
13452;1;23;255;sea;false;ocean;0
13453;34;2;255;sea;false;ocean;0
13454;17;23;255;sea;false;ocean;0
13455;54;11;255;sea;false;ocean;0
13456;14;138;255;sea;false;ocean;0
13457;66;136;255;sea;false;ocean;0
13458;74;123;255;sea;false;ocean;0
13459;39;96;255;sea;false;ocean;0
13460;58;72;255;sea;false;ocean;0
13461;39;80;255;sea;false;ocean;0
13462;48;94;255;sea;false;ocean;0
13463;12;109;255;sea;false;ocean;0
13464;86;130;255;sea;false;ocean;0
13465;81;112;255;sea;false;ocean;0
13466;48;118;255;sea;false;ocean;0
13467;62;137;255;sea;false;ocean;0
13468;24;80;255;sea;false;ocean;0
13469;79;70;255;sea;false;ocean;0
13470;30;95;255;sea;false;ocean;0
13471;46;105;255;sea;false;ocean;0
13472;54;78;255;sea;false;ocean;0
13473;18;142;255;sea;false;ocean;0
13474;2;25;255;sea;false;ocean;0
13475;15;1;255;sea;true;ocean;0
13476;42;51;255;sea;true;ocean;0
13477;12;23;255;sea;true;ocean;0
13478;38;28;255;sea;true;ocean;0
13479;44;62;255;sea;true;ocean;0
13480;11;57;255;sea;true;ocean;0
13481;3;72;255;sea;false;ocean;0
13482;8;69;255;sea;false;ocean;0
13483;15;4;255;sea;false;ocean;0
13484;29;17;255;sea;true;ocean;0
13485;29;41;255;sea;true;ocean;0
13486;24;20;255;sea;true;ocean;0
13487;10;14;255;sea;true;ocean;0
13488;25;8;255;sea;false;ocean;0
13489;46;72;255;sea;true;ocean;0
13490;22;13;255;sea;true;ocean;0
13491;20;33;255;sea;true;ocean;0
13492;32;27;255;sea;false;ocean;0
13493;38;43;255;sea;true;ocean;0
13494;3;70;255;sea;true;ocean;0
13495;25;33;255;sea;true;ocean;0
13496;31;41;255;sea;true;ocean;0
13497;13;38;255;sea;false;ocean;0
13498;24;24;255;sea;false;ocean;0
13499;50;56;255;sea;true;ocean;0
13500;12;50;255;sea;false;ocean;0
13501;67;84;255;sea;false;ocean;0
13502;89;147;255;sea;false;ocean;0
13503;42;114;255;sea;false;ocean;0
13504;53;127;255;sea;false;ocean;0
13505;109;106;255;sea;false;ocean;0
13506;105;103;255;sea;false;ocean;0
13507;31;95;255;sea;false;ocean;0
13508;53;102;255;sea;false;ocean;0
13509;81;154;255;sea;false;ocean;0
13510;101;143;255;sea;false;ocean;0
13511;88;143;255;sea;false;ocean;0
13512;80;134;255;sea;false;ocean;0
13513;98;99;255;sea;false;ocean;0
13514;44;26;255;sea;true;ocean;0
13515;97;32;255;sea;true;ocean;0
13516;3;4;255;sea;false;ocean;0
13517;31;12;255;sea;false;ocean;0
13518;35;39;255;sea;false;ocean;0
13519;61;13;255;sea;false;ocean;0
13520;35;41;255;sea;false;ocean;0
13521;27;7;255;sea;false;ocean;0
13522;10;18;255;sea;false;ocean;0
13523;57;40;255;sea;false;ocean;0
13524;29;39;255;sea;false;ocean;0
13525;10;23;255;sea;false;ocean;0
13526;74;42;255;sea;false;ocean;0
13527;58;27;255;sea;false;ocean;0
13528;45;1;255;sea;false;ocean;0
13529;15;35;255;sea;false;ocean;0
13530;45;34;255;sea;false;ocean;0
13531;25;12;255;sea;false;ocean;0
13532;11;15;255;sea;false;ocean;0
13533;74;31;255;sea;false;ocean;0
13534;18;30;255;sea;false;ocean;0
13535;19;37;255;sea;false;ocean;0
13536;67;26;255;sea;false;ocean;0
13537;22;24;255;sea;false;ocean;0
13538;20;35;255;sea;false;ocean;0
13539;33;24;255;sea;false;ocean;0
13540;63;41;255;sea;false;ocean;0
13541;5;1;255;sea;false;ocean;0
13542;69;32;255;sea;false;ocean;0
13543;124;157;255;sea;false;ocean;0
13544;76;143;255;sea;true;ocean;0
13545;90;157;255;sea;true;ocean;0
13546;97;161;255;sea;false;ocean;0
13547;81;108;255;sea;false;ocean;0
13548;110;85;255;sea;true;ocean;0
13549;118;140;255;sea;true;ocean;0
13550;112;152;255;sea;false;ocean;0
13551;68;136;255;sea;false;ocean;0
13552;48;84;255;sea;false;ocean;0
13553;92;122;255;sea;false;ocean;0
13554;54;150;255;sea;false;ocean;0
13555;87;91;255;sea;true;ocean;0
13556;56;134;255;sea;false;ocean;0
13557;88;112;255;sea;true;ocean;0
13558;46;163;255;sea;false;ocean;0
13559;105;114;255;sea;true;ocean;0
13560;116;88;255;sea;false;ocean;0
13561;94;127;255;sea;false;ocean;0
13562;37;49;255;sea;true;ocean;0
13563;99;72;255;sea;true;ocean;0
13564;106;33;255;sea;true;ocean;0
13565;39;23;255;sea;true;ocean;0
13566;69;26;255;sea;false;ocean;0
13567;95;47;255;sea;false;ocean;0
13568;129;23;255;sea;false;ocean;0
13569;87;2;255;sea;false;ocean;0
13570;111;58;255;sea;false;ocean;0
13571;87;0;255;sea;false;ocean;0
13572;117;52;255;sea;false;ocean;0
13573;89;19;255;sea;false;ocean;0
13574;103;57;255;sea;false;ocean;0
13575;135;3;255;sea;false;ocean;0
13576;91;0;255;sea;false;ocean;0
13577;121;6;255;sea;false;ocean;0
13578;43;25;255;sea;false;ocean;0
13579;29;103;255;sea;false;ocean;0
13580;43;26;255;sea;false;ocean;0
13581;24;34;255;sea;false;ocean;0
13582;56;38;255;sea;false;ocean;0
13583;20;82;255;sea;false;ocean;0
13584;64;49;255;sea;false;ocean;0
13585;24;59;255;sea;false;ocean;0
13586;20;102;255;sea;false;ocean;0
13587;73;40;255;sea;false;ocean;0
13588;60;105;255;sea;false;ocean;0
13589;72;96;255;sea;false;ocean;0
13590;48;100;255;sea;false;ocean;0
13591;4;39;255;sea;false;ocean;0
13592;44;76;255;sea;false;ocean;0
13593;91;56;255;sea;false;ocean;0
13594;37;6;255;sea;false;ocean;0
13595;30;1;255;sea;false;ocean;0
13596;27;5;255;sea;false;ocean;0
13597;65;18;255;sea;false;ocean;0
13598;65;13;255;sea;false;ocean;0
13599;38;15;255;sea;false;ocean;0
13600;76;14;255;sea;false;ocean;0
13601;90;9;255;sea;false;ocean;0
13602;24;4;255;sea;false;ocean;0
13603;57;54;255;sea;false;ocean;0
13604;3;88;255;sea;false;ocean;0
13605;54;152;255;sea;false;ocean;0
13606;74;101;255;sea;false;ocean;0
13607;2;117;255;sea;false;ocean;0
13608;67;145;255;sea;false;ocean;0
13609;26;92;255;sea;false;ocean;0
13610;39;108;255;sea;false;ocean;0
13611;61;140;255;sea;false;ocean;0
13612;18;144;255;sea;false;ocean;0
13613;12;102;255;sea;false;ocean;0
13614;36;121;255;sea;false;ocean;0
13615;39;143;255;sea;false;ocean;0
13616;44;117;255;sea;false;ocean;0
13617;66;145;255;sea;false;ocean;0
13618;33;152;255;sea;false;ocean;0
13619;38;129;255;sea;false;ocean;0
13620;62;153;255;sea;false;ocean;0
13621;21;84;255;sea;false;ocean;0
13622;68;91;255;sea;false;ocean;0
13623;61;150;255;sea;false;ocean;0
13624;56;137;255;sea;false;ocean;0
13625;7;83;255;sea;false;ocean;0
13626;53;120;255;sea;false;ocean;0
13627;16;145;255;sea;false;ocean;0
13628;52;101;255;sea;false;ocean;0
13629;19;136;255;sea;false;ocean;0
13630;10;115;255;sea;false;ocean;0
13631;36;98;255;sea;false;ocean;0
13632;27;97;255;sea;false;ocean;0
13633;20;96;255;sea;false;ocean;0
13634;2;113;255;sea;false;ocean;0
13635;54;141;255;sea;false;ocean;0
13636;13;149;255;sea;false;ocean;0
13637;27;93;255;sea;false;ocean;0
13638;17;111;255;sea;false;ocean;0
13639;26;108;255;sea;false;ocean;0
13640;35;100;255;sea;false;ocean;0
13641;12;135;255;sea;false;ocean;0
13642;33;121;255;sea;false;ocean;0
13643;31;134;255;sea;false;ocean;0
13644;87;96;255;sea;true;ocean;0
13645;91;63;255;sea;true;ocean;0
13646;117;94;255;sea;false;ocean;0
13647;101;137;255;sea;true;ocean;0
13648;91;108;255;sea;true;ocean;0
13649;76;124;255;sea;false;ocean;0
13650;105;128;255;sea;false;ocean;0
13651;122;73;255;sea;true;ocean;0
13652;77;72;255;sea;true;ocean;0
13653;88;98;255;sea;false;ocean;0
13654;78;131;255;sea;true;ocean;0
13655;117;111;255;sea;true;ocean;0
13656;124;59;255;sea;false;ocean;0
13657;89;66;255;sea;false;ocean;0
13658;108;51;255;sea;false;ocean;0
13659;84;75;255;sea;false;ocean;0
13660;73;67;255;sea;false;ocean;0
13661;103;52;255;sea;false;ocean;0
13662;55;25;255;sea;false;ocean;0
13663;119;28;255;sea;false;ocean;0
13664;55;46;255;sea;false;ocean;0
13665;119;49;255;sea;false;ocean;0
13666;109;4;255;sea;false;ocean;0
13667;108;71;255;sea;false;ocean;0
13668;40;119;255;sea;false;ocean;0
13669;67;113;255;sea;false;ocean;0
13670;50;146;255;sea;true;ocean;0
13671;42;153;255;sea;false;ocean;0
13672;81;136;255;sea;false;ocean;0
13673;24;156;255;sea;false;ocean;0
13674;86;102;255;sea;false;ocean;0
13675;19;157;255;sea;false;ocean;0
13676;17;139;255;sea;false;ocean;0
13677;29;108;255;sea;false;ocean;0
13678;47;166;255;sea;false;ocean;0
13679;19;1;255;sea;false;ocean;0
13680;20;62;255;sea;false;ocean;0
13681;60;13;255;sea;false;ocean;0
13682;28;68;255;sea;false;ocean;0
13683;57;19;255;sea;false;ocean;0
13684;52;44;255;sea;false;ocean;0
13685;65;5;255;sea;false;ocean;0
13686;59;71;255;sea;false;ocean;0
13687;46;6;255;sea;false;ocean;0
13688;27;17;255;sea;false;ocean;0
13689;19;10;255;sea;true;ocean;0
13690;61;15;255;sea;false;ocean;0
13691;64;64;255;sea;true;ocean;0
13692;47;55;255;sea;true;ocean;0
13693;34;44;255;sea;false;ocean;0
13694;14;60;255;sea;true;ocean;0
13695;69;72;255;sea;false;ocean;0
13696;55;34;255;sea;false;ocean;0
13697;3;24;255;sea;false;ocean;0
13698;1;3;255;sea;false;ocean;0
13699;29;60;255;sea;false;ocean;0
13700;27;67;255;sea;false;ocean;0
13701;49;47;255;sea;false;ocean;0
13702;55;44;255;sea;false;ocean;0
13703;24;21;255;sea;true;ocean;0
13704;31;19;255;sea;false;ocean;0
13705;63;8;255;sea;true;ocean;0
13706;21;53;255;sea;false;ocean;0
13707;19;5;255;sea;false;ocean;0
13708;64;60;255;sea;false;ocean;0
13709;66;11;255;sea;false;ocean;0
13710;47;9;255;sea;false;ocean;0
13711;94;50;255;sea;false;ocean;0
13712;54;53;255;sea;false;ocean;0
13713;27;20;255;sea;false;ocean;0
13714;43;53;255;sea;false;ocean;0
13715;19;18;255;sea;false;ocean;0
13716;50;19;255;sea;false;ocean;0
13717;69;34;255;sea;false;ocean;0
13718;114;28;255;sea;true;ocean;0
13719;75;30;255;sea;false;ocean;0
13720;94;87;255;sea;true;ocean;0
13721;72;77;255;sea;true;ocean;0
13722;113;99;255;sea;true;ocean;0
13723;124;87;255;sea;false;ocean;0
13724;101;69;255;sea;false;ocean;0
13725;81;80;255;sea;false;ocean;0
13726;120;55;255;sea;false;ocean;0
13727;61;100;255;sea;false;ocean;0
13728;43;76;255;sea;false;ocean;0
13729;76;75;255;sea;false;ocean;0
13730;95;41;255;sea;false;ocean;0
13731;73;33;255;sea;false;ocean;0
13732;78;95;255;sea;false;ocean;0
13733;56;25;255;sea;false;ocean;0
13734;63;65;255;sea;false;ocean;0
13735;72;100;255;sea;false;ocean;0
13736;94;86;255;sea;false;ocean;0
13737;86;75;255;sea;false;ocean;0
13738;98;40;255;sea;false;ocean;0
13739;30;37;255;sea;false;ocean;0
13740;73;50;255;sea;false;ocean;0
13741;43;54;255;sea;false;ocean;0
13742;99;81;255;sea;false;ocean;0
13743;78;92;255;sea;false;ocean;0
13744;29;57;255;sea;false;ocean;0
13745;71;95;255;sea;false;ocean;0
13746;57;101;255;sea;false;ocean;0
13747;47;29;255;sea;false;ocean;0
13748;83;43;255;sea;false;ocean;0
13749;37;69;255;sea;false;ocean;0
13750;42;27;255;sea;false;ocean;0
13751;10;91;255;sea;false;ocean;0
13752;0;73;255;sea;false;ocean;0
13753;17;141;255;sea;false;ocean;0
13754;36;73;255;sea;false;ocean;0
13755;47;126;255;sea;false;ocean;0
13756;39;130;255;sea;false;ocean;0
13757;30;62;255;sea;false;ocean;0
13758;36;128;255;sea;false;ocean;0
13759;3;120;255;sea;false;ocean;0
13760;19;117;255;sea;false;ocean;0
13761;20;127;255;sea;false;ocean;0
13762;20;89;255;sea;false;ocean;0
13763;48;81;255;sea;false;ocean;0
13764;16;71;255;sea;false;ocean;0
13765;31;127;255;sea;false;ocean;0
13766;10;75;255;sea;false;ocean;0
13767;136;109;255;sea;true;ocean;0
13768;89;75;255;sea;false;ocean;0
13769;137;103;255;sea;false;ocean;0
13770;90;64;255;sea;true;ocean;0
13771;118;75;255;sea;false;ocean;0
13772;107;109;255;sea;false;ocean;0
13773;133;55;255;sea;true;ocean;0
13774;146;97;255;sea;false;ocean;0
13775;147;40;255;sea;false;ocean;0
13776;151;80;255;sea;false;ocean;0
13777;135;47;255;sea;false;ocean;0
13778;106;102;255;sea;false;ocean;0
13779;147;42;255;sea;false;ocean;0
13780;74;60;255;sea;false;ocean;0
13781;92;91;255;sea;false;ocean;0
13782;106;58;255;sea;false;ocean;0
13783;83;98;255;sea;false;ocean;0
13784;134;76;255;sea;false;ocean;0
13785;114;64;255;sea;false;ocean;0
13786;117;37;255;sea;false;ocean;0
13787;134;93;255;sea;false;ocean;0
13788;128;33;255;sea;false;ocean;0
13789;139;97;255;sea;false;ocean;0
13790;96;72;255;sea;false;ocean;0
13791;86;86;255;sea;false;ocean;0
13792;76;34;255;sea;false;ocean;0
13793;83;86;255;sea;false;ocean;0
13794;128;73;255;sea;false;ocean;0
13795;37;111;255;sea;false;ocean;0
13796;35;93;255;sea;false;ocean;0
13797;25;110;255;sea;false;ocean;0
13798;16;134;255;sea;false;ocean;0
13799;57;96;255;sea;false;ocean;0
13800;3;112;255;sea;false;ocean;0
13801;58;69;255;sea;false;ocean;0
13802;47;104;255;sea;false;ocean;0
13803;26;142;255;sea;false;ocean;0
13804;64;141;255;sea;false;ocean;0
13805;29;123;255;sea;false;ocean;0
13806;61;127;255;sea;false;ocean;0
13807;0;99;255;sea;false;ocean;0
13808;23;135;255;sea;false;ocean;0
13809;35;144;255;sea;false;ocean;0
13810;34;70;255;sea;false;ocean;0
13811;51;128;255;sea;false;ocean;0
13812;30;133;255;sea;false;ocean;0
13813;33;98;255;sea;false;ocean;0
13814;0;88;255;sea;false;ocean;0
13815;53;126;255;sea;false;ocean;0
13816;50;114;255;sea;false;ocean;0
13817;53;104;255;sea;false;ocean;0
13818;38;142;255;sea;false;ocean;0
13819;11;96;255;sea;false;ocean;0
13820;28;97;255;sea;false;ocean;0
13821;14;136;255;sea;false;ocean;0
13822;17;102;255;sea;false;ocean;0
13823;34;83;255;sea;false;ocean;0
13824;97;105;255;sea;true;ocean;0
13825;85;137;255;sea;true;ocean;0
13826;65;143;255;sea;false;ocean;0
13827;49;123;255;sea;false;ocean;0
13828;105;53;255;sea;false;ocean;0
13829;126;31;255;sea;false;ocean;0
13830;139;18;255;sea;false;ocean;0
13831;162;0;255;sea;false;ocean;0
13832;135;45;255;sea;false;ocean;0
13833;88;39;255;sea;false;ocean;0
13834;159;68;255;sea;false;ocean;0
13835;98;2;255;sea;false;ocean;0
13836;129;63;255;sea;false;ocean;0
13837;111;56;255;sea;false;ocean;0
13838;93;68;255;sea;false;ocean;0
13839;137;21;255;sea;false;ocean;0
13840;87;63;255;sea;false;ocean;0
13841;125;26;255;sea;false;ocean;0
13842;108;46;255;sea;false;ocean;0
13843;133;37;255;sea;false;ocean;0
13844;146;59;255;sea;false;ocean;0
13845;114;15;255;sea;false;ocean;0
13846;160;60;255;sea;false;ocean;0
13847;129;51;255;sea;false;ocean;0
13848;84;60;255;sea;false;ocean;0
13849;157;0;255;sea;false;ocean;0
13850;127;19;255;sea;false;ocean;0
13851;97;108;255;sea;false;ocean;0
13852;68;33;255;sea;false;ocean;0
13853;83;108;255;sea;false;ocean;0
13854;29;59;255;sea;false;ocean;0
13855;58;63;255;sea;false;ocean;0
13856;23;85;255;sea;false;ocean;0
13857;69;102;255;sea;false;ocean;0
13858;45;105;255;sea;false;ocean;0
13859;97;79;255;sea;false;ocean;0
13860;88;34;255;sea;false;ocean;0
13861;108;47;255;sea;false;ocean;0
13862;67;23;255;sea;false;ocean;0
13863;98;49;255;sea;false;ocean;0
13864;95;85;255;sea;false;ocean;0
13865;86;68;255;sea;false;ocean;0
13866;113;85;255;sea;false;ocean;0
13867;113;31;255;sea;false;ocean;0
13868;127;54;255;sea;false;ocean;0
13869;50;66;255;sea;false;ocean;0
13870;111;50;255;sea;false;ocean;0
13871;61;24;255;sea;false;ocean;0
13872;58;70;255;sea;false;ocean;0
13873;79;55;255;sea;false;ocean;0
13874;71;27;255;sea;true;ocean;0
13875;55;28;255;sea;false;ocean;0
13876;51;24;255;sea;false;ocean;0
13877;58;54;255;sea;false;ocean;0
13878;39;4;255;sea;false;ocean;0
13879;51;18;255;sea;false;ocean;0
13880;65;43;255;sea;false;ocean;0
13881;13;54;255;sea;false;ocean;0
13882;32;53;255;sea;true;ocean;0
13883;45;21;255;sea;false;ocean;0
13884;123;74;255;sea;true;ocean;0
13885;116;8;255;sea;false;ocean;0
13886;87;54;255;sea;true;ocean;0
13887;117;20;255;sea;false;ocean;0
13888;71;12;255;sea;false;ocean;0
13889;71;51;255;sea;true;ocean;0
13890;109;3;255;sea;true;ocean;0
13891;134;70;255;sea;true;ocean;0
13892;132;4;255;sea;true;ocean;0
13893;85;3;255;sea;true;ocean;0
13894;24;15;255;sea;true;ocean;0
13895;62;50;255;sea;false;ocean;0
13896;25;25;255;sea;true;ocean;0
13897;11;54;255;sea;true;ocean;0
13898;10;53;255;sea;false;ocean;0
13899;57;12;255;sea;false;ocean;0
13900;77;51;255;sea;true;ocean;0
13901;58;2;255;sea;false;ocean;0
13902;56;37;255;sea;true;ocean;0
13903;53;39;255;sea;false;ocean;0
13904;28;48;255;sea;true;ocean;0
13905;94;44;255;sea;false;ocean;0
13906;137;53;255;sea;false;ocean;0
13907;140;72;255;sea;false;ocean;0
13908;119;27;255;sea;false;ocean;0
13909;130;77;255;sea;true;ocean;0
13910;90;81;255;sea;false;ocean;0
13911;89;89;255;sea;false;ocean;0
13912;140;27;255;sea;true;ocean;0
13913;66;73;255;sea;false;ocean;0
13914;73;31;255;sea;false;ocean;0
13915;61;82;255;sea;false;ocean;0
13916;106;63;255;sea;true;ocean;0
13917;137;25;255;sea;true;ocean;0
13918;82;78;255;sea;true;ocean;0
13919;86;65;255;sea;true;ocean;0
13920;134;84;255;sea;true;ocean;0
13921;121;79;255;sea;true;ocean;0
13922;91;30;255;sea;true;ocean;0
13923;93;60;255;sea;true;ocean;0
13924;109;70;255;sea;true;ocean;0
13925;65;62;255;sea;true;ocean;0
13926;72;56;255;sea;false;ocean;0
13927;69;23;255;sea;true;ocean;0
13928;76;57;255;sea;true;ocean;0
13929;74;69;255;sea;true;ocean;0
13930;136;57;255;sea;false;ocean;0
13931;67;38;255;sea;true;ocean;0
13932;136;41;255;sea;true;ocean;0
13933;129;26;255;sea;true;ocean;0
13934;105;36;255;sea;true;ocean;0
13935;112;74;255;sea;false;ocean;0
13936;73;48;255;sea;true;ocean;0
13937;91;85;255;sea;true;ocean;0
13938;117;50;255;sea;true;ocean;0
13939;71;41;255;sea;true;ocean;0
13940;57;45;255;sea;true;ocean;0
13941;48;73;255;sea;false;ocean;0
13942;51;94;255;sea;false;ocean;0
13943;77;103;255;sea;false;ocean;0
13944;70;39;255;sea;true;ocean;0
13945;65;48;255;sea;false;ocean;0
13946;61;49;255;sea;false;ocean;0
13947;57;63;255;sea;false;ocean;0
13948;79;50;255;sea;false;ocean;0
13949;112;112;255;sea;false;ocean;0
13950;90;71;255;sea;false;ocean;0
13951;57;109;255;sea;false;ocean;0
13952;61;81;255;sea;true;ocean;0
13953;89;38;255;sea;false;ocean;0
13954;72;88;255;sea;true;ocean;0
13955;97;96;255;sea;false;ocean;0
13956;119;56;255;sea;false;ocean;0
13957;119;55;255;sea;false;ocean;0
13958;105;109;255;sea;false;ocean;0
13959;87;85;255;sea;true;ocean;0
13960;46;70;255;sea;false;ocean;0
13961;51;82;255;sea;false;ocean;0
13962;84;88;255;sea;true;ocean;0
13963;120;57;255;sea;false;ocean;0
13964;76;58;255;sea;false;ocean;0
13965;95;98;255;sea;false;ocean;0
13966;100;104;255;sea;false;ocean;0
13967;115;51;255;sea;true;ocean;0
13968;97;50;255;sea;false;ocean;0
13969;109;76;255;sea;false;ocean;0
13970;84;101;255;sea;true;ocean;0
13971;71;88;255;sea;true;ocean;0
13972;93;85;255;sea;false;ocean;0
13973;69;53;255;sea;true;ocean;0
13974;76;108;255;sea;false;ocean;0
13975;82;73;255;sea;false;ocean;0
13976;127;62;255;sea;false;ocean;0
13977;133;84;255;sea;false;ocean;0
13978;102;99;255;sea;true;ocean;0
13979;40;4;255;sea;false;ocean;0
13980;37;27;255;sea;false;ocean;0
13981;7;22;255;sea;false;ocean;0
13982;19;30;255;sea;false;ocean;0
13983;10;12;255;sea;false;ocean;0
13984;22;0;255;sea;false;ocean;0
13985;46;16;255;sea;true;ocean;0
13986;7;21;255;sea;true;ocean;0
13987;6;15;255;sea;false;ocean;0
13988;75;3;255;sea;false;ocean;0
13989;22;18;255;sea;false;ocean;0
13990;54;22;255;sea;false;ocean;0
13991;38;23;255;sea;false;ocean;0
13992;6;8;255;sea;true;ocean;0
13993;82;16;255;sea;false;ocean;0
13994;35;25;255;sea;false;ocean;0
13995;64;0;255;sea;false;ocean;0
13996;80;16;255;sea;true;ocean;0
13997;53;43;255;sea;true;ocean;0
13998;27;39;255;sea;false;ocean;0
13999;58;30;255;sea;false;ocean;0
14000;42;21;255;sea;true;ocean;0
14001;98;32;255;sea;true;ocean;0
14002;94;37;255;sea;true;ocean;0
14003;41;3;255;sea;true;ocean;0
14004;40;10;255;sea;true;ocean;0
14005;81;6;255;sea;true;ocean;0
14006;36;27;255;sea;false;ocean;0
14007;88;19;255;sea;false;ocean;0
14008;26;43;255;sea;true;ocean;0
14009;44;5;255;sea;false;ocean;0
14010;34;32;255;sea;false;ocean;0
14011;0;35;255;sea;false;ocean;0
14012;43;4;255;sea;false;ocean;0
14013;41;24;255;sea;false;ocean;0
14014;12;1;255;sea;false;ocean;0
14015;32;38;255;sea;false;ocean;0
14016;23;18;255;sea;false;ocean;0
14017;22;20;255;sea;false;ocean;0
14018;8;29;255;sea;false;ocean;0
14019;42;43;255;sea;false;ocean;0
14020;25;21;255;sea;false;ocean;0
14021;2;15;255;sea;false;ocean;0
14022;37;20;255;sea;false;ocean;0
14023;30;41;255;sea;false;ocean;0
14024;11;28;255;sea;false;ocean;0
14025;29;35;255;sea;false;ocean;0
14026;2;34;255;sea;false;ocean;0
14027;14;22;255;sea;false;ocean;0
14028;30;5;255;sea;false;ocean;0
14029;16;122;255;sea;false;ocean;0
14030;42;112;255;sea;false;ocean;0
14031;69;80;255;sea;false;ocean;0
14032;64;118;255;sea;false;ocean;0
14033;22;80;255;sea;false;ocean;0
14034;56;119;255;sea;false;ocean;0
14035;76;61;255;sea;true;ocean;0
14036;78;64;255;sea;true;ocean;0
14037;66;94;255;sea;false;ocean;0
14038;18;97;255;sea;false;ocean;0
14039;71;65;255;sea;false;ocean;0
14040;85;106;255;sea;false;ocean;0
14041;69;120;255;sea;false;ocean;0
14042;7;69;255;sea;false;ocean;0
14043;11;38;255;sea;false;ocean;0
14044;21;22;255;sea;false;ocean;0
14045;16;34;255;sea;false;ocean;0
14046;29;69;255;sea;false;ocean;0
14047;55;23;255;sea;false;ocean;0
14048;55;39;255;sea;false;ocean;0
14049;48;22;255;sea;false;ocean;0
14050;122;26;255;sea;false;ocean;0
14051;143;41;255;sea;false;ocean;0
14052;121;7;255;sea;false;ocean;0
14053;73;30;255;sea;false;ocean;0
14054;111;38;255;sea;false;ocean;0
14055;109;24;255;sea;false;ocean;0
14056;103;37;255;sea;false;ocean;0
14057;107;34;255;sea;false;ocean;0
14058;90;38;255;sea;false;ocean;0
14059;113;36;255;sea;false;ocean;0
14060;148;32;255;sea;false;ocean;0
14061;121;5;255;sea;false;ocean;0
14062;84;26;255;sea;false;ocean;0
14063;132;12;255;sea;false;ocean;0
14064;75;7;255;sea;false;ocean;0
14065;122;42;255;sea;false;ocean;0
14066;82;10;255;sea;false;ocean;0
14067;133;7;255;sea;false;ocean;0
14068;88;17;255;sea;false;ocean;0
14069;82;108;255;sea;true;ocean;0
14070;110;54;255;sea;true;ocean;0
14071;76;103;255;sea;false;ocean;0
14072;80;95;255;sea;false;ocean;0
14073;108;64;255;sea;true;ocean;0
14074;72;55;255;sea;true;ocean;0
14075;115;91;255;sea;false;ocean;0
14076;113;94;255;sea;false;ocean;0
14077;42;76;255;sea;false;ocean;0
14078;103;92;255;sea;false;ocean;0
14079;50;71;255;sea;false;ocean;0
14080;70;50;255;sea;false;ocean;0
14081;84;65;255;sea;false;ocean;0
14082;117;54;255;sea;true;ocean;0
14083;103;105;255;sea;true;ocean;0
14084;42;45;255;sea;true;ocean;0
14085;111;34;255;sea;false;ocean;0
14086;40;39;255;sea;true;ocean;0
14087;82;77;255;sea;false;ocean;0
14088;38;84;255;sea;false;ocean;0
14089;78;85;255;sea;false;ocean;0
14090;105;61;255;sea;true;ocean;0
14091;159;88;255;sea;true;ocean;0
14092;126;32;255;sea;true;ocean;0
14093;122;36;255;sea;true;ocean;0
14094;102;56;255;sea;true;ocean;0
14095;96;41;255;sea;false;ocean;0
14096;141;14;255;sea;true;ocean;0
14097;122;50;255;sea;false;ocean;0
14098;161;39;255;sea;true;ocean;0
14099;107;53;255;sea;true;ocean;0
14100;83;69;255;sea;false;ocean;0
14101;96;51;255;sea;true;ocean;0
14102;156;55;255;sea;true;ocean;0
14103;82;67;255;sea;true;ocean;0
14104;145;11;255;sea;false;ocean;0
14105;110;41;255;sea;false;ocean;0
14106;109;92;255;sea;false;ocean;0
14107;99;136;255;sea;true;ocean;0
14108;67;92;255;sea;true;ocean;0
14109;90;95;255;sea;false;ocean;0
14110;68;140;255;sea;false;ocean;0
14111;103;123;255;sea;false;ocean;0
14112;56;130;255;sea;true;ocean;0
14113;108;132;255;sea;true;ocean;0
14114;75;128;255;sea;true;ocean;0
14115;54;115;255;sea;false;ocean;0
14116;126;94;255;sea;false;ocean;0
14117;96;67;255;sea;true;ocean;0
14118;81;132;255;sea;false;ocean;0
14119;77;110;255;sea;false;ocean;0
14120;31;43;255;sea;false;ocean;0
14121;58;77;255;sea;false;ocean;0
14122;3;63;255;sea;false;ocean;0
14123;6;71;255;sea;false;ocean;0
14124;52;55;255;sea;false;ocean;0
14125;50;36;255;sea;false;ocean;0
14126;75;48;255;sea;false;ocean;0
14127;19;57;255;sea;false;ocean;0
14128;16;63;255;sea;false;ocean;0
14129;42;24;255;sea;false;ocean;0
14130;57;64;255;sea;false;ocean;0
14131;8;42;255;sea;false;ocean;0
14132;28;75;255;sea;false;ocean;0
14133;51;15;255;sea;false;ocean;0
14134;65;58;255;sea;false;ocean;0
14135;14;52;255;sea;false;ocean;0
14136;55;24;255;sea;false;ocean;0
14137;31;47;255;sea;false;ocean;0
14138;85;127;255;sea;true;ocean;0
14139;122;105;255;sea;false;ocean;0
14140;89;133;255;sea;true;ocean;0
14141;97;99;255;sea;false;ocean;0
14142;127;91;255;sea;false;ocean;0
14143;161;142;255;sea;false;ocean;0
14144;115;129;255;sea;true;ocean;0
14145;85;82;255;sea;false;ocean;0
14146;116;147;255;sea;true;ocean;0
14147;52;116;255;sea;true;ocean;0
14148;79;147;255;sea;true;ocean;0
14149;74;78;255;sea;true;ocean;0
14150;94;94;255;sea;true;ocean;0
14151;69;87;255;sea;true;ocean;0
14152;77;92;255;sea;true;ocean;0
14153;92;149;255;sea;true;ocean;0
14154;93;116;255;sea;true;ocean;0
14155;75;100;255;sea;true;ocean;0
14156;88;144;255;sea;true;ocean;0
14157;67;129;255;sea;true;ocean;0
14158;69;138;255;sea;false;ocean;0
14159;49;121;255;sea;false;ocean;0
14160;31;85;255;sea;false;ocean;0
14161;11;45;255;sea;false;ocean;0
14162;45;4;255;sea;false;ocean;0
14163;25;59;255;sea;false;ocean;0
14164;6;20;255;sea;false;ocean;0
14165;24;41;255;sea;false;ocean;0
14166;5;41;255;sea;false;ocean;0
14167;40;48;255;sea;false;ocean;0
14168;1;14;255;sea;false;ocean;0
14169;40;70;255;sea;false;ocean;0
14170;21;13;255;sea;false;ocean;0
14171;25;38;255;sea;false;ocean;0
14172;12;19;255;sea;false;ocean;0
14173;10;32;255;sea;false;ocean;0
14174;28;50;255;sea;false;ocean;0
14175;21;24;255;sea;false;ocean;0
14176;10;64;255;sea;false;ocean;0
14177;46;54;255;sea;false;ocean;0
14178;25;52;255;sea;false;ocean;0
14179;37;48;255;sea;false;ocean;0
14180;16;46;255;sea;false;ocean;0
14181;78;84;255;sea;true;ocean;0
14182;93;53;255;sea;true;ocean;0
14183;68;59;255;sea;false;ocean;0
14184;107;58;255;sea;false;ocean;0
14185;102;82;255;sea;true;ocean;0
14186;53;45;255;sea;false;ocean;0
14187;88;46;255;sea;false;ocean;0
14188;96;112;255;sea;true;ocean;0
14189;91;110;255;sea;false;ocean;0
14190;59;95;255;sea;false;ocean;0
14191;74;49;255;sea;false;ocean;0
14192;105;113;255;sea;false;ocean;0
14193;38;101;255;sea;true;ocean;0
14194;46;91;255;sea;false;ocean;0
14195;80;108;255;sea;true;ocean;0
14196;110;131;255;sea;false;ocean;0
14197;94;128;255;sea;true;ocean;0
14198;126;125;255;sea;true;ocean;0
14199;137;123;255;sea;false;ocean;0
14200;100;133;255;sea;false;ocean;0
14201;88;96;255;sea;false;ocean;0
14202;82;87;255;sea;false;ocean;0
14203;78;113;255;sea;false;ocean;0
14204;120;96;255;sea;true;ocean;0
14205;121;88;255;sea;false;ocean;0
14206;64;157;255;sea;true;ocean;0
14207;101;139;255;sea;false;ocean;0
14208;91;151;255;sea;true;ocean;0
14209;55;103;255;sea;true;ocean;0
14210;112;124;255;sea;true;ocean;0
14211;78;115;255;sea;true;ocean;0
14212;73;101;255;sea;true;ocean;0
14213;76;76;255;sea;true;ocean;0
14214;139;12;255;sea;true;ocean;0
14215;101;26;255;sea;false;ocean;0
14216;118;43;255;sea;true;ocean;0
14217;79;26;255;sea;false;ocean;0
14218;146;58;255;sea;true;ocean;0
14219;144;23;255;sea;true;ocean;0
14220;99;7;255;sea;true;ocean;0
14221;124;6;255;sea;true;ocean;0
14222;94;26;255;sea;true;ocean;0
14223;97;15;255;sea;true;ocean;0
14224;136;61;255;sea;true;ocean;0
14225;93;18;255;sea;false;ocean;0
14226;89;51;255;sea;true;ocean;0
14227;67;22;255;sea;false;ocean;0
14228;122;24;255;sea;false;ocean;0
14229;122;59;255;sea;true;ocean;0
14230;83;66;255;sea;true;ocean;0
14231;95;80;255;sea;true;ocean;0
14232;121;52;255;sea;true;ocean;0
14233;69;59;255;sea;true;ocean;0
14234;118;89;255;sea;true;ocean;0
14235;109;66;255;sea;true;ocean;0
14236;50;98;255;sea;false;ocean;0
14237;73;43;255;sea;true;ocean;0
14238;64;47;255;sea;true;ocean;0
14239;85;25;255;sea;false;ocean;0
14240;121;30;255;sea;true;ocean;0
14241;137;12;255;sea;true;ocean;0
14242;129;7;255;sea;true;ocean;0
14243;107;22;255;sea;true;ocean;0
14244;127;6;255;sea;true;ocean;0
14245;67;0;255;sea;false;ocean;0
14246;19;25;255;sea;false;ocean;0
14247;33;4;255;sea;false;ocean;0
14248;29;6;255;sea;true;ocean;0
14249;22;17;255;sea;false;ocean;0
14250;85;14;255;sea;false;ocean;0
14251;52;34;255;sea;false;ocean;0
14252;81;0;255;sea;false;ocean;0
14253;67;19;255;sea;true;ocean;0
14254;49;39;255;sea;true;ocean;0
14255;92;21;255;sea;false;ocean;0
14256;17;31;255;sea;true;ocean;0
14257;33;23;255;sea;false;ocean;0
14258;20;18;255;sea;true;ocean;0
14259;36;31;255;sea;false;ocean;0
14260;61;11;255;sea;false;ocean;0
14261;19;85;255;sea;false;ocean;0
14262;30;72;255;sea;false;ocean;0
14263;50;89;255;sea;false;ocean;0
14264;32;106;255;sea;false;ocean;0
14265;11;62;255;sea;false;ocean;0
14266;58;86;255;sea;false;ocean;0
14267;17;107;255;sea;false;ocean;0
14268;42;93;255;sea;false;ocean;0
14269;16;80;255;sea;false;ocean;0
14270;9;98;255;sea;false;ocean;0
14271;32;102;255;sea;false;ocean;0
14272;24;91;255;sea;false;ocean;0
14273;36;85;255;sea;false;ocean;0
14274;14;120;255;sea;false;ocean;0
14275;33;62;255;sea;false;ocean;0
14276;16;91;255;sea;false;ocean;0
14277;90;8;255;sea;false;ocean;0
14278;162;29;255;sea;true;ocean;0
14279;92;17;255;sea;false;ocean;0
14280;125;31;255;sea;true;ocean;0
14281;155;11;255;sea;false;ocean;0
14282;143;19;255;sea;true;ocean;0
14283;154;70;255;sea;true;ocean;0
14284;140;69;255;sea;false;ocean;0
14285;107;39;255;sea;false;ocean;0
14286;52;37;255;sea;false;ocean;0
14287;39;27;255;sea;false;ocean;0
14288;99;9;255;sea;false;ocean;0
14289;33;6;255;sea;true;ocean;0
14290;65;32;255;sea;false;ocean;0
14291;40;1;255;sea;false;ocean;0
14292;77;6;255;sea;false;ocean;0
14293;66;24;255;sea;false;ocean;0
14294;108;41;255;sea;true;ocean;0
14295;97;38;255;sea;false;ocean;0
14296;75;37;255;sea;false;ocean;0
14297;57;50;255;sea;false;ocean;0
14298;51;39;255;sea;false;ocean;0
14299;72;22;255;sea;false;ocean;0
14300;71;0;255;sea;false;ocean;0
14301;94;15;255;sea;false;ocean;0
14302;52;9;255;sea;false;ocean;0
14303;66;47;255;sea;false;ocean;0
14304;83;16;255;sea;false;ocean;0
14305;41;36;255;sea;false;ocean;0
14306;70;22;255;sea;false;ocean;0
14307;79;28;255;sea;false;ocean;0
14308;44;31;255;sea;false;ocean;0
14309;102;22;255;sea;false;ocean;0
14310;70;20;255;sea;true;ocean;0
14311;86;30;255;sea;false;ocean;0
14312;33;38;255;sea;false;ocean;0
14313;78;25;255;sea;false;ocean;0
14314;96;9;255;sea;false;ocean;0
14315;105;15;255;sea;false;ocean;0
14316;33;28;255;sea;false;ocean;0
14317;104;2;255;sea;false;ocean;0
14318;103;16;255;sea;false;ocean;0
14319;77;49;255;sea;false;ocean;0
14320;110;33;255;sea;false;ocean;0
14321;122;45;255;sea;false;ocean;0
14322;107;42;255;sea;true;ocean;0
14323;100;8;255;sea;false;ocean;0
14324;113;6;255;sea;true;ocean;0
14325;60;26;255;sea;true;ocean;0
14326;128;49;255;sea;false;ocean;0
14327;54;28;255;sea;false;ocean;0
14328;97;46;255;sea;true;ocean;0
14329;64;30;255;sea;false;ocean;0
14330;101;23;255;sea;false;ocean;0
14331;81;30;255;sea;false;ocean;0
14332;71;2;255;sea;false;ocean;0
14333;97;5;255;sea;false;ocean;0
14334;70;30;255;sea;false;ocean;0
14335;126;40;255;sea;false;ocean;0
14336;83;19;255;sea;false;ocean;0
14337;78;40;255;sea;false;ocean;0
14338;61;43;255;sea;false;ocean;0
14339;121;11;255;sea;false;ocean;0
14340;54;8;255;sea;true;ocean;0
14341;56;10;255;sea;false;ocean;0
14342;102;43;255;sea;false;ocean;0
14343;67;3;255;sea;false;ocean;0
14344;97;62;255;sea;false;ocean;0
14345;88;86;255;sea;false;ocean;0
14346;76;18;255;sea;false;ocean;0
14347;106;24;255;sea;false;ocean;0
14348;123;43;255;sea;false;ocean;0
14349;128;43;255;sea;false;ocean;0
14350;96;45;255;sea;false;ocean;0
14351;96;28;255;sea;false;ocean;0
14352;104;80;255;sea;false;ocean;0
14353;102;42;255;sea;false;ocean;0
14354;138;87;255;sea;false;ocean;0
14355;139;78;255;sea;false;ocean;0
14356;143;12;255;sea;false;ocean;0
14357;133;78;255;sea;false;ocean;0
14358;124;117;255;sea;true;ocean;0
14359;65;116;255;sea;true;ocean;0
14360;119;83;255;sea;true;ocean;0
14361;106;87;255;sea;false;ocean;0
14362;74;124;255;sea;true;ocean;0
14363;81;98;255;sea;true;ocean;0
14364;137;56;255;sea;true;ocean;0
14365;73;114;255;sea;true;ocean;0
14366;42;111;255;sea;false;ocean;0
14367;53;99;255;sea;true;ocean;0
14368;25;134;255;sea;false;ocean;0
14369;61;132;255;sea;false;ocean;0
14370;7;96;255;sea;false;ocean;0
14371;1;133;255;sea;true;ocean;0
14372;11;135;255;sea;true;ocean;0
14373;79;83;255;sea;true;ocean;0
14374;72;108;255;sea;false;ocean;0
14375;66;125;255;sea;false;ocean;0
14376;90;35;255;sea;true;ocean;0
14377;37;55;255;sea;true;ocean;0
14378;59;64;255;sea;false;ocean;0
14379;63;49;255;sea;true;ocean;0
14380;40;73;255;sea;false;ocean;0
14381;61;29;255;sea;true;ocean;0
14382;46;23;255;sea;true;ocean;0
14383;67;36;255;sea;true;ocean;0
14384;88;8;255;sea;false;ocean;0
14385;97;70;255;sea;true;ocean;0
14386;67;44;255;sea;true;ocean;0
14387;107;41;255;sea;true;ocean;0
14388;70;6;255;sea;true;ocean;0
14389;81;44;255;sea;false;ocean;0
14390;56;3;255;sea;true;ocean;0
14391;99;29;255;sea;true;ocean;0
14392;54;63;255;sea;true;ocean;0
14393;81;52;255;sea;true;ocean;0
14394;106;9;255;sea;true;ocean;0
14395;86;55;255;sea;true;ocean;0
14396;46;50;255;sea;true;ocean;0
14397;67;66;255;sea;true;ocean;0
14398;120;98;255;sea;false;ocean;0
14399;93;130;255;sea;false;ocean;0
14400;105;126;255;sea;false;ocean;0
14401;77;74;255;sea;false;ocean;0
14402;77;128;255;sea;false;ocean;0
14403;72;104;255;sea;false;ocean;0
14404;53;89;255;sea;false;ocean;0
14405;130;127;255;sea;false;ocean;0
14406;82;114;255;sea;false;ocean;0
14407;119;75;255;sea;false;ocean;0
14408;126;135;255;sea;false;ocean;0
14409;124;143;255;sea;false;ocean;0
14410;61;141;255;sea;false;ocean;0
14411;82;119;255;sea;false;ocean;0
14412;90;80;255;sea;false;ocean;0
14413;107;74;255;sea;false;ocean;0
14414;82;74;255;sea;false;ocean;0
14415;114;114;255;sea;false;ocean;0
14416;114;124;255;sea;false;ocean;0
14417;128;100;255;sea;false;ocean;0
14418;87;147;255;sea;false;ocean;0
14419;85;146;255;sea;false;ocean;0
14420;129;112;255;sea;false;ocean;0
14421;72;145;255;sea;false;ocean;0
14422;121;77;255;sea;false;ocean;0
14423;136;93;255;sea;false;ocean;0
14424;97;75;255;sea;false;ocean;0
14425;88;101;255;sea;false;ocean;0
14426;70;85;255;sea;true;ocean;0
14427;117;61;255;sea;true;ocean;0
14428;135;84;255;sea;false;ocean;0
14429;87;44;255;sea;true;ocean;0
14430;105;98;255;sea;false;ocean;0
14431;131;46;255;sea;false;ocean;0
14432;70;120;255;sea;false;ocean;0
14433;59;121;255;sea;false;ocean;0
14434;58;61;255;sea;false;ocean;0
14435;122;79;255;sea;false;ocean;0
14436;61;104;255;sea;true;ocean;0
14437;91;106;255;sea;true;ocean;0
14438;119;99;255;sea;false;ocean;0
14439;90;93;255;sea;false;ocean;0
14440;106;83;255;sea;false;ocean;0
14441;88;69;255;sea;false;ocean;0
14442;128;125;255;sea;true;ocean;0
14443;96;98;255;sea;false;ocean;0
14444;124;98;255;sea;false;ocean;0
14445;6;86;255;sea;true;ocean;0
14446;11;39;255;sea;true;ocean;0
14447;34;109;255;sea;true;ocean;0
14448;23;76;255;sea;true;ocean;1
14449;25;99;255;sea;true;ocean;1
14450;14;39;255;sea;true;ocean;0
14451;17;112;255;sea;true;ocean;0
14452;15;97;255;sea;true;ocean;1
14453;37;97;255;sea;true;ocean;1
14454;37;2;255;sea;false;ocean;0
14455;50;0;255;sea;false;ocean;0
14456;38;13;255;sea;false;ocean;0
14457;79;48;255;sea;true;ocean;0
14458;46;8;255;sea;false;ocean;0
14459;50;47;255;sea;true;ocean;0
14460;62;20;255;sea;false;ocean;0
14461;55;30;255;sea;false;ocean;0
14462;75;28;255;sea;false;ocean;0
14463;55;18;255;sea;false;ocean;0
14464;92;34;255;sea;false;ocean;0
14465;57;31;255;sea;false;ocean;0
14466;48;46;255;sea;true;ocean;0
14467;86;41;255;sea;false;ocean;0
14468;49;19;255;sea;true;ocean;0
14469;32;23;255;sea;false;ocean;0
14470;97;12;255;sea;false;ocean;0
14471;45;47;255;sea;false;ocean;0
14472;80;39;255;sea;true;ocean;0
14473;73;38;255;sea;false;ocean;0
14474;81;62;255;sea;false;ocean;0
14475;36;114;255;sea;false;ocean;0
14476;26;93;255;sea;false;ocean;0
14477;26;53;255;sea;false;ocean;0
14478;21;107;255;sea;false;ocean;0
14479;28;120;255;sea;false;ocean;0
14480;75;118;255;sea;false;ocean;0
14481;30;93;255;sea;false;ocean;0
14482;62;43;255;sea;false;ocean;0
14483;80;61;255;sea;false;ocean;0
14484;40;80;255;sea;false;ocean;0
14485;76;110;255;sea;false;ocean;0
14486;34;106;255;sea;false;ocean;0
14487;67;79;255;sea;false;ocean;0
14488;43;67;255;sea;false;ocean;0
14489;66;23;255;sea;false;ocean;0
14490;37;56;255;sea;true;ocean;0
14491;63;68;255;sea;true;ocean;0
14492;25;51;255;sea;false;ocean;0
14493;89;48;255;sea;false;ocean;0
14494;98;52;255;sea;false;ocean;0
14495;46;52;255;sea;false;ocean;0
14496;96;11;255;sea;false;ocean;0
14497;25;14;255;sea;false;ocean;0
14498;22;8;255;sea;false;ocean;0
14499;41;56;255;sea;false;ocean;0
14500;25;7;255;sea;false;ocean;0
14501;52;53;255;sea;false;ocean;0
14502;64;4;255;sea;false;ocean;0
14503;61;56;255;sea;false;ocean;0
14504;35;1;255;sea;false;ocean;0
14505;19;119;255;sea;false;ocean;0
14506;53;106;255;sea;true;ocean;0
14507;44;108;255;sea;false;ocean;0
14508;59;106;255;sea;true;ocean;0
14509;49;91;255;sea;true;ocean;0
14510;36;70;255;sea;false;ocean;0
14511;51;90;255;sea;false;ocean;0
14512;29;99;255;sea;true;ocean;0
14513;6;132;255;sea;false;ocean;0
14514;1;154;255;sea;false;ocean;0
14515;6;163;255;sea;false;ocean;0
14516;20;137;255;sea;false;ocean;0
14517;16;93;255;sea;false;ocean;0
14518;0;96;255;sea;false;ocean;0
14519;35;127;255;sea;false;ocean;0
14520;40;112;255;sea;false;ocean;0
14521;33;85;255;sea;false;ocean;0
14522;38;154;255;sea;false;ocean;0
14523;116;98;255;sea;false;ocean;0
14524;79;112;255;sea;false;ocean;0
14525;117;65;255;sea;true;ocean;0
14526;85;107;255;sea;false;ocean;0
14527;128;61;255;sea;true;ocean;0
14528;86;82;255;sea;true;ocean;0
14529;146;86;255;sea;false;ocean;0
14530;141;106;255;sea;false;ocean;0
14531;107;57;255;sea;true;ocean;0
14532;81;40;255;sea;false;ocean;0
14533;103;39;255;sea;true;ocean;0
14534;93;70;255;sea;false;ocean;0
14535;72;70;255;sea;false;ocean;0
14536;81;19;255;sea;true;ocean;0
14537;103;18;255;sea;false;ocean;0
14538;106;30;255;sea;false;ocean;0
14539;122;2;255;sea;true;ocean;0
14540;74;61;255;sea;false;ocean;0
14541;117;7;255;sea;false;ocean;0
14542;109;12;255;sea;false;ocean;0
14543;82;51;255;sea;true;ocean;0
14544;73;26;255;sea;true;ocean;0
14545;112;4;255;sea;false;ocean;0
14546;94;1;255;sea;false;ocean;0
14547;62;42;255;sea;false;ocean;0
14548;108;49;255;sea;false;ocean;0
14549;66;17;255;sea;false;ocean;0
14550;76;55;255;sea;false;ocean;0
14551;129;67;255;sea;false;ocean;0
14552;110;51;255;sea;false;ocean;0
14553;117;43;255;sea;false;ocean;0
14554;85;52;255;sea;true;ocean;0
14555;88;1;255;sea;false;ocean;0
14556;112;41;255;sea;false;ocean;0
14557;93;28;255;sea;false;ocean;0
14558;122;68;255;sea;false;ocean;0
14559;108;144;128;lake;false;lakes;0
14560;101;113;128;lake;false;lakes;0
14561;73;128;128;lake;false;lakes;0
14562;114;95;128;lake;false;lakes;0
14563;59;88;128;lake;false;lakes;0
14564;77;106;128;lake;false;lakes;0
14565;61;123;128;lake;false;lakes;0
14566;111;95;128;lake;false;lakes;0
14567;55;157;128;lake;false;lakes;0
14568;62;155;128;lake;false;lakes;0
14569;47;87;128;lake;false;lakes;0
14570;105;140;128;lake;false;lakes;0
14571;88;140;128;lake;false;lakes;0
14572;108;101;128;lake;false;lakes;0
14573;43;164;128;lake;false;lakes;0
14574;84;118;128;lake;false;lakes;0
14575;38;75;128;lake;false;lakes;0
14576;43;72;128;lake;false;lakes;0
14577;94;96;128;lake;false;lakes;0
14578;55;113;128;lake;false;lakes;0
14579;74;64;128;lake;false;lakes;0
14580;30;96;128;lake;false;lakes;0
14581;64;136;128;lake;false;lakes;0
14582;77;90;128;lake;false;lakes;0
14583;45;78;128;lake;false;lakes;0
14584;72;69;128;lake;false;lakes;0
14585;86;95;128;lake;false;lakes;0
14586;92;110;128;lake;false;lakes;0
14587;23;71;128;lake;false;lakes;0
14588;58;79;128;lake;false;lakes;0
14589;83;121;128;lake;false;lakes;0
14590;56;131;128;lake;false;lakes;0
14591;32;59;128;lake;false;lakes;0
14592;55;76;128;lake;false;lakes;0
14593;67;74;128;lake;false;lakes;0
14594;91;96;128;lake;false;lakes;0
14595;62;125;128;lake;false;lakes;0
14596;44;114;128;lake;false;lakes;0
14597;31;60;128;lake;false;lakes;0
14598;85;101;128;lake;false;lakes;0
14599;76;123;128;lake;false;lakes;0
14600;85;132;128;lake;false;lakes;0
14601;31;128;128;lake;false;lakes;0
14602;54;63;128;lake;false;lakes;0
14603;101;71;128;lake;false;lakes;0
14604;156;137;128;lake;false;lakes;0
14605;87;95;128;lake;false;lakes;0
14606;134;130;128;lake;false;lakes;0
14607;142;129;128;lake;false;lakes;0
14608;89;127;128;lake;false;lakes;0
14609;130;81;128;lake;false;lakes;0
14610;46;145;128;lake;false;lakes;0
14611;102;116;128;lake;false;lakes;0
14612;110;99;128;lake;false;lakes;0
14613;82;102;128;lake;false;lakes;0
14614;58;149;128;lake;false;lakes;0
14615;70;151;128;lake;false;lakes;0
14616;107;86;128;lake;false;lakes;0
14617;45;146;128;lake;false;lakes;0
14618;74;86;128;lake;false;lakes;0
14619;119;144;128;lake;false;lakes;0
14620;61;118;128;lake;false;lakes;0
14621;92;147;128;lake;false;lakes;0
14622;121;152;128;lake;false;lakes;0
14623;68;110;128;lake;false;lakes;0
14624;109;144;128;lake;false;lakes;0
14625;47;93;128;lake;false;lakes;0
14626;79;139;128;lake;false;lakes;0
14627;110;137;128;lake;false;lakes;0
14628;61;93;128;lake;false;lakes;0
14629;101;82;128;lake;false;lakes;0
14630;115;135;128;lake;false;lakes;0
14631;74;11;128;lake;false;lakes;0
14632;126;80;128;lake;false;lakes;0
14633;117;90;128;lake;false;lakes;0
14634;129;59;128;lake;false;lakes;0
14635;138;11;128;lake;false;lakes;0
14636;88;41;128;lake;false;lakes;0
14637;132;26;128;lake;false;lakes;0
14638;19;131;128;lake;false;lakes;0
14639;8;114;128;lake;false;lakes;0
14640;36;91;128;lake;false;lakes;0
14641;6;95;128;lake;false;lakes;0
14642;20;70;128;lake;false;lakes;0
14643;126;5;128;lake;false;lakes;0
14644;131;0;128;lake;false;lakes;0
14645;125;0;128;lake;false;lakes;0
14646;119;23;128;lake;false;lakes;0
14647;135;13;128;lake;false;lakes;0
14648;85;4;128;lake;false;lakes;0
14649;130;34;128;lake;false;lakes;0
14650;68;136;128;lake;false;lakes;0
14651;54;137;128;lake;false;lakes;0
14652;34;143;128;lake;false;lakes;0
14653;91;87;128;lake;false;lakes;0
14654;66;147;128;lake;false;lakes;0
14655;97;141;128;lake;false;lakes;0
14656;62;82;128;lake;false;lakes;0
14657;32;124;128;lake;false;lakes;0
14658;75;131;128;lake;false;lakes;0
14659;23;54;128;lake;false;lakes;0
14660;41;43;128;lake;false;lakes;0
14661;1;83;128;lake;false;lakes;0
14662;37;30;128;lake;false;lakes;0
14663;47;72;128;lake;false;lakes;0
14664;60;66;128;lake;false;lakes;0
14665;120;1;128;lake;false;lakes;0
14666;46;56;128;lake;false;lakes;0
14667;31;73;128;lake;false;lakes;0
14668;81;158;128;lake;false;lakes;0
14669;85;64;128;lake;false;lakes;0
14670;23;61;128;lake;false;lakes;0
14671;3;86;128;lake;false;lakes;0
14672;59;47;128;lake;false;lakes;0
14673;25;149;128;lake;false;lakes;0
14674;11;94;128;lake;false;lakes;0
14675;11;20;128;lake;false;lakes;1
14676;48;28;128;lake;false;lakes;0
14677;102;103;128;lake;false;lakes;0
14678;54;8;128;lake;false;lakes;0
14679;25;15;128;lake;false;lakes;0
14680;47;68;128;lake;false;lakes;0
14681;18;15;128;lake;false;lakes;0
14682;56;127;128;lake;false;lakes;0
14683;128;31;128;lake;false;lakes;0
14684;37;25;128;lake;false;lakes;0
14685;63;118;128;lake;false;lakes;0
14686;104;78;128;lake;false;lakes;0
14687;109;85;128;lake;false;lakes;0
14688;91;13;128;lake;false;lakes;0
14689;31;143;128;lake;false;lakes;0
14690;65;62;128;lake;false;lakes;0
14691;7;120;128;lake;false;lakes;0
14692;140;129;128;lake;false;lakes;0
14693;96;22;128;lake;false;lakes;0
14694;31;39;128;lake;false;lakes;1
14695;23;86;128;lake;false;lakes;0
14696;17;79;128;lake;false;lakes;0
14697;80;24;128;lake;false;lakes;0
14698;38;44;128;lake;false;lakes;0
14699;27;83;128;lake;false;lakes;0
14700;128;81;128;lake;false;lakes;0
14701;78;37;128;lake;false;lakes;0
14702;61;121;128;lake;false;lakes;0
14703;64;74;128;lake;false;lakes;0
14704;64;63;128;lake;false;lakes;0
14705;57;61;128;lake;false;lakes;0
14706;73;118;128;lake;false;lakes;0
14707;86;49;128;lake;false;lakes;0

14708;84;95;226;land;false;plains;1
14709;91;36;154;land;true;plains;1
14710;142;97;157;land;true;plains;1
14711;35;210;51;land;true;plains;1
14712;133;48;180;land;true;plains;1
14713;120;157;200;land;true;urban;1
14714;153;146;163;land;true;jungle;1
14715;61;95;46;land;true;plains;1
14716;216;124;150;land;true;urban;1
14717;189;118;104;land;true;jungle;1
14718;128;155;116;land;true;jungle;1
14719;137;150;145;land;true;plains;1
14720;220;213;67;land;true;plains;2
14721;144;176;56;land;true;urban;2
14722;207;32;198;land;true;plains;2
14723;153;220;189;land;true;plains;2
14724;112;229;122;land;true;plains;2
14725;152;58;191;land;false;plains;2
14726;111;139;53;land;false;plains;2
14727;154;208;93;land;true;plains;2
14728;153;207;137;land;true;plains;2
14729;141;214;74;land;true;plains;2
14730;167;85;201;land;false;jungle;2
14731;113;111;167;land;false;jungle;2
14732;229;171;109;land;false;jungle;2
14733;85;44;92;land;true;jungle;2
14734;224;205;199;land;false;jungle;2
14735;163;120;80;land;false;jungle;2
14736;68;219;186;land;true;plains;2
14737;152;179;205;land;true;plains;2
14738;156;70;49;land;true;plains;2
14739;75;224;111;land;true;plains;2
14740;208;201;105;land;true;plains;2
14741;72;56;120;land;true;plains;2
14742;67;59;166;land;true;plains;2
14743;133;68;223;land;true;plains;2
14744;50;183;144;land;false;plains;2
14745;209;142;165;land;false;plains;2
14746;109;68;40;land;false;plains;2
14747;178;179;128;land;false;plains;2
14748;107;86;139;land;false;plains;2
14749;195;86;158;land;true;plains;2
14750;218;68;41;land;false;plains;2
14751;122;118;38;land;false;plains;2
14752;188;203;199;land;false;plains;2
14753;67;70;130;land;false;plains;2
14754;198;51;217;land;false;plains;2
14755;228;204;60;land;false;plains;2
14756;172;126;196;land;true;plains;2
14757;97;72;206;land;false;plains;2
14758;125;110;78;land;true;plains;2
14759;222;128;162;land;true;plains;1
14760;95;136;215;land;true;plains;1
14761;35;63;215;land;true;plains;1
14762;72;213;201;land;true;plains;1
14763;126;85;98;land;true;plains;1
14764;37;47;122;land;true;plains;7
14765;186;216;214;land;true;plains;7
14766;197;31;92;land;true;plains;7
14767;172;227;107;land;true;mountain;7
14768;181;62;132;land;true;mountain;7
14769;122;93;207;land;true;mountain;7
14770;194;80;91;land;true;mountain;7
14771;205;91;213;land;true;plains;7
14772;69;173;101;land;false;plains;2
14773;95;102;82;land;true;plains;7
14774;150;108;159;land;true;plains;7
14775;82;174;193;land;true;plains;7
14776;164;226;223;land;true;plains;7
14777;95;94;108;land;true;plains;7
14778;194;86;169;land;true;plains;7
14779;41;89;69;land;true;plains;7
14780;110;204;193;land;true;plains;7
14781;46;86;176;land;true;plains;7
14782;124;216;82;land;false;plains;7
14783;30;193;85;land;false;plains;7
14784;165;144;37;land;false;hills;7
14785;112;81;190;land;false;hills;7
14786;118;40;94;land;false;hills;7
14787;177;96;77;land;false;hills;7
14788;38;79;81;land;false;hills;7
14789;125;210;160;land;false;hills;7
14790;88;32;44;land;false;hills;7
14791;139;56;213;land;false;hills;7
14792;121;119;181;land;false;hills;7
14793;157;195;104;land;false;hills;7
14794;208;54;69;land;false;hills;7
14795;228;65;124;land;false;hills;7
14796;122;114;126;land;false;hills;7
14797;63;108;176;land;false;hills;7